Price,Open,High,Low,Close,Volume,log_return,future_vol_10,return_5d,return_10d,return_20d,vol_5,vol_10,vol_20,hl_range,oc_range,vol_change,vol_ratio
2015-01-30,165.67338811674696,166.99500099265984,164.4839277056571,164.7482452392578,197729700.0,-0.0126548622050709,0.0072032743558505,-0.027300200093406897,0.002157844410465201,-0.030077582159364395,0.010537121582524362,0.010752171962900205,0.010603715718797013,0.01524188183829215,-0.005584136885262585,0.1390917669343159,1.2422134589977214
2015-02-02,165.24390342208943,166.87940563546837,163.4349329327051,166.78854370117188,163107000.0,0.0123082824448324,0.0067893988313043,-0.0173309753435298,0.0014371768700428018,-0.017233863555916495,0.013030099717360627,0.010658758411204963,0.011045186671345455,0.02065173438371521,0.009347638533670462,-0.17510116082712912,1.0114701434858584
2015-02-03,167.68062446617702,169.20875342530874,167.30892116918625,169.2004852294922,124212900.0,0.0143575102354274,0.0057908634113154,0.010304677884642602,0.013664287945976503,0.015348518249035803,0.013672950279771594,0.01157399839019461,0.010748293455629797,0.011228290826386749,0.009064021368919326,-0.23845757692802882,0.781280181439453
2015-02-04,168.44057206127013,169.64655660572535,168.10190370106497,168.55621337890625,134306700.0,-0.0038150102405127,0.0054872314022424,0.0193969774508548,0.0048138128830008025,0.0209970686876075,0.0116376830223666,0.01160061944152027,0.010537453902790601,0.009164022338281152,0.0006865407557156358,0.08126209113546179,0.8651321996802005
2015-02-05,169.21701022264207,170.40647086465165,169.14267208350574,170.25778198242188,97953200.0,0.0100443484187478,0.0050274190488881,0.020240268653424,9.70649939624011e-05,0.018657353639835506,0.011739750823498837,0.011037736538692128,0.01041730258540347,0.007422854723177283,0.006150515000888136,-0.27067525298440065,0.6365786758894231
2015-02-06,170.6212406255758,171.18293601095024,169.26657983067707,169.78697204589844,125672000.0,-0.0027691074883044,0.0047870832214214,0.030126023370190505,0.002825823276783601,-0.0017012328834647965,0.008649099008800294,0.010919546662165191,0.009672048675643566,0.011286826999630581,-0.004889593913504316,0.28298003536382677,0.8224759660142921
2015-02-09,169.14271042465256,169.8613378071158,168.62231812482196,169.02706909179688,87219000.0,-0.0044856714068428,0.0040692472124104,0.013332069518515302,-0.003998905825014499,0.0018589385570004042,0.008857507086865163,0.010989782900363471,0.009549812822583418,0.007330303299650452,-0.0006836909055398067,-0.3059790565917627,0.5844611887220481
2015-02-10,170.05952712324256,171.0837749758462,169.06830163446324,170.8277130126953,96164200.0,0.0105966481276784,0.0033880462224812,0.009571207410766301,0.0198758852954089,0.020319991227394002,0.007700645944111075,0.010461845318065956,0.009632039045114001,0.011798280886855805,0.004517158799906847,0.10256022196998371,0.6549884564688728
2015-02-11,170.6625165467923,171.35636432033186,170.0182275279404,170.9268341064453,91087800.0,0.0005800718519472,0.0035305327645042,0.013966289503226202,0.033363266954081004,0.0237168358516956,0.007111471820355094,0.009110336177975662,0.009590758459390426,0.007828711035261572,0.0015487733627820499,-0.052788875693865256,0.6476438869426357
2015-02-12,171.719840560346,172.62845989396322,170.9599101194834,172.5706329345703,97545900.0,0.0095710247330142,0.0028009922659699,0.0134929658174926,0.0337332344709166,0.0393433741161978,0.00699298091440208,0.00913750960129674,0.009606288893519608,0.009668793270941148,0.004954537410750307,0.07089972531996591,0.7179216564042977
2015-02-13,172.69454368851316,173.3305646226638,172.43846907159076,173.281005859375,93670400.0,0.0041079691064516,0.0031489417389194,0.0203700424122486,0.0504960657824391,0.0526539101929043,0.0062896518566131245,0.007203274355850504,0.009246041692356712,0.005148259306602829,0.0033959507830173823,-0.03973001428045664,0.7111032833822166
2015-02-17,172.9671293090362,173.72707241390395,172.71933547479566,173.55360412597656,76968200.0,0.0015719211110111,0.0035334182309944,0.0264276349301025,0.039759704448617796,0.0411968813186606,0.004579637482767321,0.006789398831304354,0.008917093024756548,0.005806488111746828,0.0033906720848243493,-0.17830819554523092,0.615844726367156
2015-02-18,173.1818717963169,173.64443701478808,172.91754161207228,173.57009887695312,80652900.0,9.50367309767236e-05,0.0038366226484838,0.015926023533400824,0.025497230944167126,0.039161518890143625,0.0038912957615408004,0.005790863411315459,0.008927853419915897,0.004187906830836723,0.0022417304802712246,0.04787301768782437,0.6585901027878059
2015-02-19,172.9753918948121,173.80966051892923,172.83497119197804,173.4462127685547,91462500.0,-0.0007140074371382,0.0038393184180381,0.014631944244315423,0.028598233747541627,0.033412046630542425,0.0041427931617914835,0.005487231402242416,0.008916105040559967,0.00561954805119793,0.0027218951122763894,0.13402617884787782,0.7565827350983911
2015-02-20,173.03325388638092,174.56138345641074,172.41374394241674,174.48704528808594,140896400.0,0.0059829613882347,0.0054375271180272,0.011043880899535924,0.024536846717028524,0.024633911710990927,0.0027958697514283014,0.00502741904888815,0.008441203076669377,0.012308303521606116,0.00840180352072454,0.5404827114937816,1.1818583381187657
2015-02-23,174.2392074282766,174.4622344970703,173.85923585195994,174.4622344970703,74411100.0,-0.0001422028500687,0.0057410853207344,0.006793708943015624,0.027163751355264224,0.029989574632047825,0.002719141728696699,0.004787083221421398,0.008300255934043361,0.0034563276507873757,0.0012800050693844707,-0.4718736603632172,0.6356625509527344
2015-02-24,174.38785846833633,175.1560571033271,174.090493287688,174.9578094482422,72472300.0,0.002836558989931,0.007204202380444,0.008058346821935524,0.03448598175203803,0.03048707592702353,0.0028014979665813215,0.004069247212410446,0.00830364928731053,0.006090404418068204,0.0032682950803558427,-0.02605525250937024,0.6243100621469012
2015-02-25,174.8339377101534,175.31302682594247,174.4704899254886,174.8091583251953,73061700.0,-0.0008500009760396,0.0071636368274715,0.0071133091149192,0.023039332648320022,0.04291521794372893,0.002956965948980128,0.0033880462224812513,0.007570239348023851,0.004819752629244426,-0.0001417309778789896,0.008132762448549213,0.6463653455735886
2015-02-26,174.7182261234912,174.87517056775698,173.99958643679824,174.6025848388672,72697900.0,-0.0011824073714571,0.0087918772003456,0.0066449091806003,0.021276853424915726,0.05464012037899672,0.0030476113915119045,0.00353053276450421,0.006753050193850524,0.005014726052118755,-0.0006618730466178336,-0.004979353067338987,0.6716122281670295
2015-02-27,174.50347369283446,174.76780386009438,173.95831477978405,174.00787353515625,108076000.0,-0.00341189924942,0.0088813764045497,-0.0027499514570544004,0.008293929442481522,0.04202716391339813,0.002253635246120811,0.0028009922659699552,0.006705907319225533,0.0046520255886397036,-0.00284005898100676,0.48664541891856583,1.029605198288742
2015-03-02,174.1070098663145,175.16430544173227,174.05745110558516,175.1064910888672,87491400.0,0.0062937609649822,0.0098541543221835,0.0036860123579964994,0.010479721301012122,0.06097578708345122,0.003830855058161579,0.003148941738919458,0.005786974261534868,0.006321035441144074,0.0057406144837023575,-0.19046411784299933,0.8796953642284225
2015-03-03,174.67698803921306,175.15607714083993,173.52883035557673,174.38787841796875,110325800.0,-0.0041123047825926,0.0098287769531864,-0.0032628514145271004,0.004795495407408423,0.044555199856026226,0.004127798540934031,0.003533418230994437,0.005564708455334882,0.009331192053171549,-0.0016551099517436462,0.2609902230390644,1.1395243304110112
2015-03-04,173.79320701450573,173.86755779639384,172.6863521299743,173.6527862548828,114497200.0,-0.0042241802798543,0.0106302805988207,-0.0066370307183418,0.0004762783965774004,0.025973509340744525,0.004432699095218508,0.003836622648483846,0.00495020656069696,0.006802111799610301,-0.0008079761115818094,0.03780983233296298,1.1885732650843757
2015-03-05,173.97484964121526,174.12353853152536,173.33882872209776,173.8426971435547,76873000.0,0.0010930266242422,0.0107225694607833,-0.0043615967226425,0.0022833124579578,0.030881546205499426,0.004566104336337472,0.0038393184180381774,0.004802819476293559,0.004513907240978917,-0.0007596069083152277,-0.3286036689106808,0.8225234885383251
2015-03-06,172.98366399574914,173.4131943420877,171.067320134475,171.39772033691406,188128000.0,-0.0141641450957406,0.0098864322239244,-0.015113842568963101,-0.0178637940260175,0.006673052691011027,0.007591084290149071,0.00543752711802728,0.005541544093399327,0.013686729339231839,-0.009168170116191145,1.4472571644140335,1.9202870794887161
2015-03-09,171.5959539499552,172.46325756122909,171.4390094552801,172.1080780029297,89818900.0,0.0041359341359618,0.0099165491021797,-0.017271669397983504,-0.013585657039987,0.013578094315277227,0.006964486728656047,0.005741085320734398,0.005553148713672287,0.0059511913550714555,0.0029844762722310036,-0.5225649557747916,0.933901097809922
2015-03-10,170.74514307546252,170.82773680839537,169.27482842335175,169.31613159179688,157121300.0,-0.0163550712973716,0.0082425345093336,-0.029514435912762503,-0.0327772873272896,0.0017086944247484276,0.009083437336721904,0.007204202380444061,0.006658398383714773,0.009171650512235412,-0.008369265783648565,0.7493122271593173,1.5763970605534832
2015-03-11,169.57223785067123,169.7457061618348,168.8370866347127,168.91969299316406,110145700.0,-0.0023441560671897,0.0098071967753229,-0.0276344117000979,-0.0342714424184397,-0.011232109770119672,0.009208351474054107,0.007163636827471582,0.006195903549722544,0.005379002951176658,-0.00384818214218421,-0.2989766505241491,1.0973942270924584
2015-03-12,169.54738756835224,171.13333067656885,169.49782881558852,171.0672607421875,93993500.0,0.0126334042440329,0.0089503692920644,-0.016094034080307202,-0.020455630802949702,0.000821222621966029,0.012232249368750496,0.00879187720034566,0.006863081664568578,0.009560577832862847,0.008964297212910668,-0.14664394524706825,0.9351144383147655
2015-03-13,170.79474969819526,171.75291541326115,168.98577880740035,170.01829528808594,162410900.0,-0.0061507662378894,0.0087478307618124,-0.008080655222456004,-0.0231944977914191,-0.014900568348937573,0.010891106536159816,0.008881376404549715,0.00660978418750756,0.016275522591095562,-0.004546125753170785,0.7278950140169267,1.5652741785500415
2015-03-16,170.74513950639326,172.380641590183,170.0430234693745,172.28977966308594,136099200.0,0.0132717740697674,0.0085661562669333,0.0010551847113495962,-0.0162164846866339,-0.005736763385621773,0.012711565176244981,0.009854154322183558,0.007250466750969614,0.013567944223851915,0.009046466336658697,-0.16200698352142617,1.2854075306529233
2015-03-17,171.5546219127697,172.15760780310515,170.96814720565243,171.77764892578125,94510400.0,-0.0029769229689458,0.0089972650909762,0.014433333039775396,-0.0150811028729871,-0.010285607465578672,0.009304135271053188,0.009828776953186463,0.007260430120198869,0.006924420056340649,0.0013000350006597207,-0.305577108462063,0.885282744820132
2015-03-18,171.30683124757832,174.51176564005567,170.67079772450302,173.8426971435547,228808500.0,0.0119499492173751,0.0079248185100055,0.028727438324340195,0.0010930266242423006,0.0015693050208197053,0.009489270640971123,0.010630280598820678,0.00777824858356713,0.022094502551239664,0.014803063471015083,1.4209875315309213,2.0041898098705047
2015-03-19,173.42971522233455,173.8509773639673,172.66151648881646,173.04974365234375,117917300.0,-0.0045717621895622,0.0080320930366595,0.011522271890745096,-0.0045717621895621,-0.002288449731604295,0.009486618582851993,0.01072256946078337,0.007846468727123631,0.006873520006712435,-0.002190925410352443,-0.4846463308836866,1.0210366330823184
2015-03-20,173.9964219067773,175.08332706439776,173.813886863184,174.57720947265625,177715100.0,0.0087880162167281,0.0077727051663576,0.026461054345362594,0.0183803991229066,0.0005166050968891042,0.008454231229827634,0.009886432223924402,0.007985039519226663,0.007271511585322935,0.003337928214352135,0.5071164282085834,1.5146763674993242
2015-03-23,174.58551785943564,175.15801303387462,174.23704528808594,174.23704528808594,71784500.0,-0.001950403618899,0.0077830059524409,0.011238876656696194,0.012294061368045802,-0.001291595671941195,0.007555382183913594,0.009916549102179673,0.007997269442052621,0.005285717192150189,-0.0019959992994967035,-0.596069776850701,0.6125091650900536
2015-03-24,174.112585767895,174.56891073329592,173.1916180726312,173.25799560546875,77805300.0,-0.0056349136418422,0.007747126677008,0.008580885983799793,0.0230142190235752,-0.009763068303714394,0.008089523008426852,0.008242534509333575,0.008059625734840899,0.007949374318060325,-0.004908261850556253,0.08387325954767388,0.6623752554823569
2015-03-25,173.46537261303482,173.69768758352507,170.67758030693514,170.71905517578125,159521700.0,-0.0147625344978126,0.0059665520614644,-0.018131597731387908,0.0105958405929523,-0.023675601825487395,0.008453816033477916,0.00980719677532294,0.008669798956309017,0.01769051072523958,-0.015832078736429025,1.0502677838142134,1.309840912517157
2015-03-26,170.05537123840853,171.2252389858429,169.3584133966899,170.3125762939453,153067200.0,-0.0023838203662938,0.0059113857594733,-0.015943655908119508,-0.004421384017374398,-0.024877014820324093,0.00844926840986353,0.008950369292064416,0.00867395008065324,0.010961172860957782,0.0015124782808312411,-0.04046157983521992,1.216696768016068
2015-03-27,170.19635140623822,170.87669876838024,170.00551130618186,170.7024688720703,118939000.0,0.00228666009633,0.0062937877341827,-0.022445012028517605,0.004016042316845002,-0.019178455474574096,0.006396179558329835,0.008747830761812358,0.008692559381867613,0.0051035434223934565,0.0029737268845678676,-0.2229622022222919,0.9413551916780779
2015-03-30,171.73129641311075,173.08371141679822,171.7147115290507,172.78501892089844,96180400.0,0.0121260636337767,0.0051173061754416,-0.008368544775841905,0.002870331880854303,-0.013346152805779592,0.009920068061792457,0.008566156266933331,0.00903957918119392,0.007923139959108684,0.006135879305615238,-0.1913468248429867,0.7586213451322729
2015-03-31,171.96370781276786,172.66066580079868,171.21698248443536,171.27505493164062,126768700.0,-0.008777383941224,0.0040190610794362,-0.011511015075223705,-0.0029301290914238963,-0.01801123196441099,0.010325054881496579,0.008997265090976224,0.0091920532836138,0.008429034321078006,-0.004004640804076156,0.3180304926991362,0.9934439238373268
2015-04-01,171.24186786965754,171.26675786924957,169.68202704069807,170.66937255859375,137303600.0,-0.0035425815295732,0.0036415118698082,-0.0002910621069843059,-0.018422659838372196,-0.017329633214129895,0.007866515151269534,0.00792481851000547,0.009180338335529475,0.009285384980292433,-0.0033431970708211987,0.08310332124570174,1.066472091747439
2015-04-02,170.60296489926685,171.73135776912642,170.42042982765565,171.2833251953125,86900900.0,0.0035908668097081,0.0056313017966467,0.005683625069017594,-0.010260030839101897,-0.014831793028663994,0.007878708524433273,0.008032093036659494,0.009225279769054984,0.007653564291654947,0.00398797463131646,-0.36708942809948175,0.6723629688749848
2015-04-06,170.39548636758687,172.950963908092,170.26274398824668,172.43655395507812,114368200.0,0.0067103077653454,0.0059541116413573,0.010107272738032995,-0.012337739290484599,0.006042659832422007,0.008278359352949306,0.0077727051663576035,0.008797692852080949,0.015589617503871242,0.011978413460366832,0.31607612809533614,0.9108720707947574
2015-04-07,172.4614980599821,173.20822323643148,171.947087945549,171.9802703857422,81236300.0,-0.0026496024818185,0.0058730481324483,-0.004668393377562206,-0.013036938153404096,-0.0007428767853582931,0.00612732652676054,0.007783005952440887,0.008772868241893418,0.007333023073250415,-0.0027903484525719047,-0.2896950376066074,0.6492158128332013
2015-04-08,172.20428539278765,173.00079052443866,171.8143252715886,172.56105041503906,89351900.0,0.0033713261331595,0.0059578206032452,0.007480316696821293,-0.004030698378402396,0.018983520645172808,0.00440646242112722,0.007747126677007993,0.007907982309195604,0.006875626046529136,0.002071754610738341,0.09990115256357068,0.7339482623887689
2015-04-09,172.39515667132295,173.55673222499155,171.90563644943578,173.3244171142578,85548900.0,0.0044139925512432,0.0058759882832145,0.015436890777637692,0.015145828670653401,0.025741669263605705,0.003468883063205945,0.005966552061464443,0.007904238664372934,0.009526042568297513,0.005390293212857059,-0.04256204960386967,0.7098811877614246
2015-04-10,173.57327279212356,174.31170543599447,173.37415285413942,174.2702178955078,72722900.0,0.0054419891457712,0.0056984385194274,0.017288013113700793,0.022971638182718405,0.018550254165344005,0.0036310453086770204,0.005911385759473274,0.007514901728591755,0.005379878404795474,0.0040152789203838635,-0.149925948784847,0.608824531200992
2015-04-13,174.1291290766868,174.75970915796125,173.4321841386416,173.48196411132812,74436600.0,-0.0045334302700596,0.0056616239446555,0.006044275078295792,0.016151547816328802,0.020167590133173804,0.004492497831996584,0.006293787734182658,0.007443083290116884,0.0076522365083885975,-0.0037165807282805107,0.023564791833109,0.6469972489192245
2015-04-14,173.2829265980501,173.9964694196096,172.66065132320944,173.81393432617188,75099900.0,0.0019117433718239,0.0057030651945809,0.010605620931938193,0.005937227554376003,0.008807559435230306,0.003942566729430788,0.0051173061754416025,0.006869317722951353,0.007685333754044339,0.003064397275292521,0.008910938973569538,0.6705386231430865
2015-04-15,174.2785640233061,175.0999592812793,174.19558892280122,174.59384155273438,99529300.0,0.0044769869286725,0.0057563550318185,0.011711281727451194,0.019191598424272503,0.016261469332848607,0.004059492482376499,0.004019061079436237,0.006876356214984572,0.005179852567737445,0.0018090436491438508,0.32529204433028536,0.8866728296785995
2015-04-16,174.26188088326768,175.05009331004587,174.0627483359927,174.54397583007812,68934900.0,-0.0002856506543411,0.0065936526455981,0.007011638521866893,0.022448529299504603,0.004025869461132406,0.004003573150932214,0.0036415118698082147,0.00635813990966871,0.005656711836416352,0.0016187989328510235,-0.3073908889141188,0.6612039924942903
2015-04-17,173.35750980416844,173.5981172194862,171.75618231527255,172.53610229492188,191113200.0,-0.0115702171409161,0.0063639431095393,-0.010000567764820407,0.007287445348880402,-0.0029725854902214934,0.006288867436852817,0.005631301796646752,0.006811099309596865,0.010675649210303605,-0.004738228590007228,1.7723721946358086,1.770937093218201
2015-04-20,173.45713954843745,174.44448491317723,173.3741771160743,174.11260986328125,92189500.0,0.0090957697643404,0.005797394576333,0.003628632269579592,0.009672907347875402,-0.0026648319426091933,0.0077095610906168545,0.005954111641357315,0.006832665148656955,0.006147215861868828,0.0037788603948513645,-0.5176183539389221,0.8895153514113667
2015-04-21,174.79284723472975,174.9504922150478,173.60638265269577,173.9050750732422,72559800.0,-0.0011926682098221,0.0069719891741169,0.0005242206879335918,0.011129841619871803,-0.0019070965335322933,0.007715171037353229,0.0058730481324483635,0.00682415426194866,0.007728984112659987,-0.005078995940236443,-0.2129277195342203,0.6998511076167757
2015-04-22,174.24532765331014,174.94228541591448,173.324359960795,174.75975036621094,78264600.0,0.0049025708500909,0.006800933476978,0.0009498046093519919,0.012661086336803202,0.008630387958400806,0.007777560369901593,0.005957820603245212,0.0067805960251118725,0.009257998204558601,0.002952289853787786,0.07862204691854169,0.7547076656039247
2015-04-23,174.36148812213582,175.84665853711883,174.24533060310532,175.19949340820312,102585900.0,0.0025131113480008,0.0069059798093572,0.003748566611693892,0.010760205133560803,0.025906033804214204,0.007835272634243624,0.005875988283214492,0.0057678990106779324,0.009140026051802126,0.004806137496832436,0.31075735389946413,1.017161405396664
2015-04-24,175.6143689483349,175.87157401630265,175.15803125022026,175.60606384277344,61327400.0,0.0023179257466201,0.0082113677398362,0.01763670949923009,0.007636141734409702,0.030607779917128108,0.0037969886103008774,0.0056984385194274465,0.005705532960846377,0.004063315072771318,-4.729171998402558e-05,-0.4021849006539885,0.6370480271786826
2015-04-27,176.17021507638887,176.29466502117256,174.68504488080637,174.87588500976562,79358100.0,-0.004166718952674,0.0082483202167182,0.004374220782215692,0.008002853051795303,0.024154400868124107,0.0035595277830575756,0.005661623944655482,0.005841376049677061,0.009204357366233217,-0.0073470425523520745,0.29400724635317976,0.84164704172966
2015-04-28,174.8509904598969,175.48155793071655,173.68111036857317,175.43177795410156,86863500.0,0.0031737439383551,0.0082088723667865,0.008740632930392893,0.009264853618326501,0.015202081172702504,0.00345970280394503,0.005703065194580903,0.005276360541543308,0.01026294998055842,0.003321613979292063,0.09457635704483858,0.9258210695317859
2015-04-29,174.54399554046685,175.30731806756097,173.9051356170558,174.70994567871094,125684900.0,-0.0041230921610265,0.008121462687191,-0.00028503008072450816,0.0006647745286275019,0.019856372952900006,0.003745208484518844,0.005756355031818557,0.0049244739879196545,0.00802577349021537,0.0009507639476810916,0.44692419715991183,1.3403670711481825
2015-04-30,174.1374775440112,174.52743764078912,172.2623470377464,172.9593048095703,161304900.0,-0.0100708110519995,0.0079492186542392,-0.012868952480724807,-0.009120385869030898,0.013328143430473704,0.005433831838740171,0.006593652645598092,0.005431204167269372,0.013096089889680156,-0.006765762035016975,0.2834071555135105,1.6984991325597762
2015-05-01,173.73921654071185,174.87591442186115,173.63965656814003,174.8344268798828,103399700.0,0.0107830594313576,0.0072937470629176,-0.004403818795987309,0.013232890703242803,0.020520336052123205,0.008035094404125313,0.006363943109539264,0.005856482698956715,0.007071020712473744,0.00630376008927336,-0.35897979540609115,1.0793961877787361
2015-05-04,175.25757748874994,175.9130477655993,175.1497250669073,175.33226013183594,70927200.0,0.0028434091867257,0.0073022013443082,0.0026063093434123916,0.006980530125628103,0.016653437473503504,0.007929289874009425,0.00579739457633297,0.005721214025372759,0.00435357816136073,0.00042613075084178083,-0.3140482999467117,0.7575914072305892
2015-05-05,175.09168310540448,175.44846087846096,173.1833695584712,173.3244171142578,113326200.0,-0.0115177212709198,0.0059260135213824,-0.012085155865862509,-0.0033445229354695967,0.0077853186844022045,0.0093036038115735,0.006971989174116863,0.0063178415207900945,0.013068506778802962,-0.010093374852549596,0.5977819510709572,1.1900704284255432
2015-05-06,173.8719416972736,174.1789266667018,171.54877900859634,172.6107940673828,135060200.0,-0.0041257671152277,0.0056269939247398,-0.012087830820063707,-0.012372860900788197,0.0002882254360150058,0.009303726518514204,0.006800933476978002,0.006353904014165429,0.015237446025992613,-0.0072533130853657535,0.19178265926149463,1.3850640557847926
2015-05-07,172.5112715607244,173.72263947585762,172.1793965303919,173.2994842529297,88244900.0,0.0039819059373182,0.0056015180363889,0.00196488616925399,-0.010904066311470798,-0.00014386117790999436,0.008501803094477425,0.0069059798093572536,0.006338874180914047,0.008905063694323326,0.004569050387689242,-0.34662543073385055,0.903716337309164
2015-05-08,174.96719142130206,175.7802941151666,174.8842163328538,175.58116149902344,155877300.0,0.0130801740078043,0.0042285548053672,0.004262000745700691,-0.00014181805028659795,0.007494323684123106,0.009234154404487549,0.008211367739836184,0.006890549166057538,0.005103496153360309,0.0035090583139269957,0.766417096058809,1.5311450192722516
2015-05-11,175.5396205318406,175.8051179265287,174.66843307198295,174.74310302734375,75708100.0,-0.0047844820083884,0.0053648822348785,-0.003365890449413409,-0.0007595811060009967,0.007243271945794307,0.009450553011820044,0.008248320216718208,0.006900182916768648,0.006504891093572344,-0.00453753689385679,-0.514309652527982,0.743198242627283
2015-05-12,173.9134587041349,174.75975644947212,173.0920509518764,174.22044372558594,119727600.0,-0.0029954973660701,0.0059886521725081,0.005156333455436291,-0.006928822410426197,0.002336031207900306,0.007591363495367256,0.00820887236678654,0.006929367710566895,0.009572386925053014,0.0017651596589386214,0.5814371249575674,1.1501281083764587
2015-05-13,174.6269635497374,175.24923856234108,174.0212860823308,174.25360107421875,94667900.0,0.0001903002489148,0.0060299056757599,0.009472400819578789,-0.0026154300004848966,-0.0019506554718573936,0.007086990515271625,0.00812146268719101,0.006853281972025278,0.007046927423251779,-0.002138057422113508,-0.20930595785767026,0.9115278429452852
2015-05-14,175.26583815484017,176.1619157026827,174.99203562687012,176.07064819335938,95934000.0,0.0103736091209661,0.0054696442938814,0.01586410400322669,0.017828990172480703,0.008708604303449807,0.008066431147779262,0.007949218654239202,0.0072413666755469066,0.0066443787639597525,0.0045919390052965746,0.01337412153433215,0.9118660208811749
2015-05-15,176.26148986816406,176.40253736481634,175.7802622947641,176.26148986816406,76510100.0,0.0010833056247335,0.0055084884210711,0.0038672356201558894,0.008129236365856603,0.02136212706909941,0.005867169286510147,0.007293747062917618,0.006667237364642515,0.003530408545381492,0.0,-0.2024714908166031,0.7691305518743248
2015-05-18,176.0955698911435,177.0580124734228,176.02919235784495,176.80911254882812,74549700.0,0.0031020601321818,0.0053688021580962,0.01175377776072609,0.008387887311312703,0.015368417436940809,0.004994673529371166,0.0073022013443082776,0.006417436723207274,0.00581881838976892,0.004052019355885646,-0.025622760916532594,0.7561273950469652
2015-05-19,176.92528021508664,177.19908280806544,176.46894256012197,176.75103759765625,72114600.0,-0.0003285152564286,0.0054802847002345,0.01442075987036759,0.019577093325803905,0.016232570390334308,0.004386358619217211,0.005926013521382472,0.006406437750205682,0.004130896530324803,-0.0009848373122177284,-0.032664115348552736,0.7315943376931991
2015-05-20,176.85055102371675,177.3732660782015,176.31125108448646,176.6265411376953,76857500.0,-0.0007046087392258,0.0060331195389404,0.01352585088222699,0.022998251701805805,0.010625390801017607,0.004539349118163681,0.005626993924739846,0.006340336996785453,0.006012771279301238,-0.0012666620755475819,0.06576892889927977,0.7802674243946678
2015-05-21,176.48550322428738,177.34838570588087,176.31955308609574,177.14096069335938,64764600.0,0.0029082372777307,0.0058491232836745,0.006060479038991589,0.021924583042218303,0.011020516730747509,0.0017686638117885625,0.00560151803638892,0.0063474489856059765,0.00580798825837972,0.0037139450951900526,-0.15734183391341117,0.6703686827983979
2015-05-22,176.75930935079924,177.17415941398292,176.65145694332057,176.71783447265625,57433500.0,-0.0023914986890117,0.0060138650716136,0.0025856747252463895,0.006452910345402303,0.006311092295115708,0.002401413130791062,0.004228554805367269,0.006365778760140232,0.0029578365546530662,-0.00023464041749948473,-0.11319609786827989,0.5956860252827015
2015-05-26,176.228282326917,176.65143744720314,174.40294478240588,174.8177947998047,124308600.0,-0.0108100460798684,0.0051955249202962,-0.01132643148680381,0.00042734627392230357,-0.00033223483207869137,0.005147353494662397,0.0053648822348784965,0.006772316597951874,0.012861920992494788,-0.008003752340363544,1.1643918618924496,1.2599280887260453
2015-05-27,175.2741711023209,176.70954893500715,174.86761343770593,176.47723388671875,93214000.0,0.0094476226220781,0.0057785148614396,-0.00155029360829711,0.012870466262070503,0.005941643851644308,0.007421380783287823,0.005988652172508128,0.0070667734578770056,0.01043724143185271,0.006863890879252962,-0.25014037645022147,0.9417384335493433
2015-05-28,176.17016536698577,176.38588276381523,175.58937802151053,176.2780303955078,74974600.0,-0.0011294148241344,0.0059151018708961,-0.0019750996932057104,0.011550751189021304,0.008935321188536408,0.007429454111618185,0.006029905675759929,0.00699960638824436,0.004518457237794297,0.0006122775005480912,-0.19567232389984335,0.7773798318341409
2015-05-29,176.2116785599206,176.25315342904204,174.9173486699629,175.18284606933594,124919600.0,-0.0062322036066438,0.0060897399765047,-0.01111554057758021,-0.005055061538588597,0.012773928633892106,0.007537221414601284,0.00546964429388141,0.006743994460438933,0.007625202975355464,-0.005838616934999702,0.666158939160729,1.3201404117335833
2015-06-01,175.84664258087983,176.17851755936138,174.75143236349666,175.53965759277344,93338800.0,0.0020347234227329,0.0061215986273536,-0.006689318465835609,-0.0041036437405891964,0.004025592625267407,0.007768869161552125,0.005508488421071085,0.0063218996391864735,0.008129702515287746,-0.0017457540479636784,-0.25280900675314366,0.9916688756567872
2015-06-02,175.08336818147808,176.05411605389597,174.46109293042386,175.36546325683594,91531000.0,-0.0009928287727718,0.0064699657910631,0.0031278988412609906,-0.008198532645542798,0.0001893546657699076,0.005756356725300938,0.005368802158096186,0.00629565888913949,0.00908401856264597,0.0016112042982030156,-0.019368151293995606,0.9619335736056635
2015-06-03,175.8964556652323,176.45235332192888,175.3405580085357,175.830078125,87820900.0,0.0026459056820192,0.0064218467641499,-0.00367381809879791,-0.005224111707094997,0.014352981618708908,0.0035193457137737377,0.0054802847002345285,0.00569910149158013,0.0063231235818639805,-0.0003773671276164882,-0.040533808217980805,0.9354802715762367
2015-06-04,175.1247685850004,175.78022595277886,174.02955861123456,174.3448486328125,151882800.0,-0.0084828369190882,0.0066207173718402,-0.01102724019375171,-0.013002339886957398,0.009995911814848409,0.004965015206159342,0.00603311953894039,0.0059707905574549755,0.0100414056123412,-0.004453510251517311,0.7294607547861613,1.6035092429444333
2015-06-05,174.1955130192715,174.71822807219536,173.39070300390694,174.04617309570312,121704700.0,-0.0017145999273997,0.0068106971798679,-0.00650963651450761,-0.017625177092087798,0.004299405950130507,0.004431419830423583,0.005849123283674477,0.005931683012392351,0.007627430380548813,-0.0008573121143013649,-0.19869333459746596,1.2626017336813082
2015-06-08,173.9383617105217,174.0877143403882,172.90123638724768,172.9759063720703,89063300.0,-0.0061683113578073,0.0064179925562056,-0.014712671295047811,-0.021401989760883398,-0.014949079415481095,0.0044056902591052514,0.006013865071613593,0.005257676155522634,0.006859209343227354,-0.005533312657348995,-0.2682016388849403,0.9571419720703511
2015-06-09,172.9510040283203,173.49031675404825,172.32043643447227,172.9510040283203,105034700.0,-0.0001439745972014,0.0063903943577424,-0.01386381711947741,-0.010735918278216398,-0.010308572004294093,0.004514612404516503,0.005195524920296188,0.005171836124611295,0.006764229708573509,0.0,0.17932638920857413,1.1112710460086148
2015-06-10,173.71435575987715,175.4069515395513,173.65628331951808,175.02528381347656,134551300.0,0.0119221017455182,0.0060173040472652,-0.0045876210559784095,-0.008261439154776298,0.004609027107294208,0.007919823631846474,0.005778514861439569,0.0058292572920064884,0.01000237326796108,0.007546457791959857,0.2810176065624026,1.4124814282269536
2015-06-11,175.46499965066585,175.97111729320704,175.23268460099652,175.58946228027344,73876400.0,0.0032182271853352,0.0060024847462569,0.007113443048444991,-0.003913797145306698,0.007636954043714608,0.006770929191195943,0.0059151018708960695,0.0058673554796813895,0.0042054499320229545,0.0007093302359751826,-0.4509425029709858,0.7840904248479623
2015-06-12,174.76796945409845,175.4649142639513,173.97145205697055,174.24525451660156,135382400.0,-0.0076848541012605,0.0054257332993382,0.0011431888745841914,-0.005366447639923398,-0.010421509178511992,0.007895535072676806,0.006089739976504718,0.005633650416131839,0.008571035183276449,-0.002990908111650135,0.8325527502693688,1.4074235441733485
2015-06-15,173.1086665631017,173.78072176679095,172.4034162583637,173.49862670898438,124384200.0,-0.0042941313720682,0.0086951506935804,0.003017368860323292,-0.011695302434724497,-0.015798946175313692,0.007552977372565549,0.006121598627353591,0.005681171089623183,0.007938423113500757,0.0022526899064323823,-0.08123803389510009,1.2616903767455938
2015-06-16,173.34926288666625,174.52744835364663,173.17503292818068,174.44447326660156,85308200.0,0.0054368020950811,0.008468783519526,0.008598145552605792,-0.005265671566871597,-0.013464204212414392,0.00782245547570388,0.006469965791063111,0.005788330043958613,0.007752698610285393,0.0063179407959256546,-0.3141556564258161,0.8606272481788714
2015-06-17,174.7264862060547,175.3321762043976,173.70595894807167,174.7264862060547,126708600.0,0.0016153290708948,0.0089647956894166,-0.0017086271220176077,-0.006296248177995996,-0.011520359885090993,0.005464379121057771,0.006421846764149899,0.00581069884442408,0.00930721661974095,0.0,0.48530387465683256,1.2440342322809685
2015-06-18,175.32397960472704,177.00827030886364,174.75978944147187,176.54364013671875,165867900.0,0.0103462834110751,0.0080419198379567,0.005419429103722293,0.012532872152167304,-0.0004694677347900911,0.007260099687449719,0.006620717371840199,0.006302439885491841,0.012736119328062515,0.006956609898665696,0.30905005658652995,1.5603239046539434
2015-06-19,176.30179312772805,176.37682630299184,175.38467857961558,175.75985717773438,130478700.0,-0.0044494832328567,0.0080062474811906,0.008654799972126093,0.009797988846710301,-0.007827188245377491,0.006373186766037739,0.006810697179867894,0.0063369511799183055,0.005644905152448828,-0.0030739105960258,-0.21335773829656013,1.1906163024626237
2015-06-22,176.67703289958004,177.24396738249402,176.45192057404458,176.6603546142578,70696000.0,0.005110373163445,0.0081274234119906,0.01805930450763929,0.021076673367962602,-0.00032531639292079136,0.005474938458554748,0.006417992556205615,0.006433615072089228,0.004483444008582996,-9.439984953623447e-05,-0.4581797642067249,0.6412199796040601
2015-06-23,176.8687332929665,177.1188566072924,176.39351044536755,176.7853546142578,68476800.0,0.0007073222390185,0.0093346439651671,0.01332982465157669,0.021927970204182502,0.011192051925966107,0.005489356588894347,0.006390394357742407,0.005910837743383318,0.004102976536192933,-0.000471415592549017,-0.031390743464976834,0.6372261796621641
2015-06-24,176.51862399503057,176.89380272943305,175.47645377624346,175.50146484375,92307300.0,-0.0072889213211328,0.0093789663761011,0.004425574259549092,0.0027169471375315026,-0.005544492017244792,0.007118127081640529,0.006017304047265203,0.005769333110640692,0.008075995003525824,-0.005762333334918822,0.3480083765596522,0.8593487656938609
2015-06-25,176.00167167480106,176.12672698393885,174.89280128717357,174.96783447265625,97107400.0,-0.003045235542844,0.0105340424974226,-0.00896594469437001,-0.0035465155906476975,-0.007460312735954392,0.004815036872743193,0.006002484746256901,0.005800050019004569,0.007052300215546871,-0.005874019219857379,0.05200130433887673,0.8948172283881478
2015-06-26,175.3263076494394,175.56809817200963,174.384194782506,174.93446350097656,104174800.0,-0.000190744513392,0.0112157837630531,-0.004707205974905308,0.003947593997220802,-0.0014188536427025924,0.0045995347049426075,0.005425733299338246,0.005633775970051244,0.006767696689434884,-0.0022349421128877024,0.07277921147101041,0.969204857877127
2015-06-29,173.45875114834269,174.9427999864751,171.19098855307968,171.26602172851562,202621300.0,-0.0211933791980067,0.0084182496952008,-0.03101095833635701,-0.012951653828717699,-0.024646956263442193,0.008940944248217201,0.008695150693580426,0.007319028764254333,0.021906338429129042,-0.012641215305140922,0.9450126134151446,1.79391952655419
2015-06-30,172.8001770178951,172.85021188107152,171.14938274364292,171.62461853027344,182925100.0,0.0020916110875509,0.0084669892874422,-0.029626669487824612,-0.0162968448362479,-0.021562516403119493,0.009225297648184085,0.008468783519526003,0.007356740925766289,0.009910169951105144,-0.006802993538021186,-0.09720695701784565,1.5565624312874962
2015-07-01,173.1919998852783,173.44212326454112,172.2165301557765,173.000244140625,135979900.0,0.0079833643218393,0.0084676625353522,-0.014354383844852513,-0.0099288095853034,-0.016225057763299394,0.011015539484462421,0.00896479568941664,0.007591993267341252,0.007084343232304295,-0.0011071859253333003,-0.25663618606741234,1.1338594718652468
2015-07-02,173.47541370625456,173.6421583216005,172.4248984581577,172.84176635742188,104373700.0,-0.0009164750925856,0.0084116992948071,-0.01222562339459411,-0.0211915680889641,-0.008658695936796794,0.011048205750875515,0.008041919837956686,0.007375008482635806,0.007042625686465173,-0.0036526637135198595,-0.23243288162441655,0.8879004018123687
2015-07-06,171.55783748282298,173.12525230369525,171.35773628956693,172.34988403320312,117975400.0,-0.0028499105154137,0.0082410435182077,-0.014884789396615812,-0.0195919953715211,-0.009794006524810793,0.010976324409065173,0.008006247481190576,0.007389747206953171,0.010255394275680554,0.004616790244044969,0.13031731173657723,1.005203695456222
2015-07-07,172.55003385811443,173.55884744416352,170.17388081547682,173.4337921142578,173820200.0,0.0062693048052787,0.0083958755125188,0.012577894606669589,-0.0184330637296874,0.002643609638275207,0.004602563295930075,0.008127423411990655,0.0074100277867219285,0.019517341963304874,0.005121750696786782,0.4733597004121197,1.4294128702847964
2015-07-08,172.09976241238823,172.3832295642684,170.29055704167047,170.5240020751953,164020100.0,-0.016919863461219,0.0055250425280929,-0.006433579942100313,-0.036060249429924904,-0.014132279225742395,0.009874256865074928,0.00933464396516713,0.008334728053694332,0.012272011547530564,-0.009156086650585,-0.05638067382272027,1.3168827728964303
2015-07-09,172.61663716190128,172.87510592034906,170.7240662449723,170.8324432373047,144113100.0,0.0018071505623343,0.0062077216820245,-0.012609793701605311,-0.0269641775464578,-0.024247230408926294,0.008746603520003008,0.009378966376101076,0.0078190222926855,0.012591517364115228,-0.010336164311457157,-0.12136927120517549,1.1526293215921395
2015-07-10,172.82515438619453,173.40043434338125,170.87421492236402,172.9835662841797,129456900.0,0.0125133853960389,0.0063513323471284,0.0008200667870191889,-0.0114055566075749,-0.014952072198222595,0.011106575277187837,0.010534042497422558,0.008354170394052009,0.014603811652646381,0.0009166020915634438,-0.10169929034903835,1.0128942507133698
2015-07-13,174.24246353034553,175.00115350121004,174.2007741926102,174.8927764892578,106069400.0,0.0109764829582515,0.0053413091601611,0.014646460260684389,-0.00023832913593140222,0.003709264861289404,0.011863978970098454,0.011215783763053115,0.008577717715471184,0.00457640003587572,0.00373223005308935,-0.1806585821226987,0.8395335722327865
2015-07-14,174.85114022385267,175.96001079082825,174.79277258894697,175.65151977539062,81709600.0,0.0043289506011639,0.0066949817093306,0.01270610605656959,0.0252840006632392,0.012332346834521503,0.01175868138852081,0.008418249695200847,0.008557395771325237,0.006645192728043845,0.0045774911762844345,-0.22965907226777937,0.6578368550172322
2015-07-15,175.6931533625977,176.15171062773106,175.11787358650312,175.59310913085938,97914100.0,-0.0003325923886811,0.007105310614469,0.02929337712910749,0.0228597971870072,0.006562952350759303,0.005647207886120199,0.008466989287442162,0.008483277506443163,0.005887685720385994,-0.0005694258986396863,0.19831819027384778,0.7843178876867127
2015-07-16,176.6436231738465,177.00213623046875,176.4018453575481,177.00213623046875,106683300.0,0.007992363020255,0.0065465105895233,0.03547858958702819,0.0228687958854229,0.012939986300119503,0.0051973605329410635,0.008467662535352182,0.00865236195717368,0.003391432926770065,0.0020295839169321237,0.08956013485289649,0.8614708424799871
2015-07-17,176.99384029452227,177.2106198337727,176.58531772618835,177.15225219726562,89030000.0,0.0008477431351542,0.0065271072116329,0.02381294732614349,0.024633014113162696,0.0034414460241986022,0.004757069794955591,0.008411699294807071,0.008347256259134003,0.0035297440468781815,0.0008950136483831956,-0.16547388391622686,0.7419373481702469
2015-07-20,177.37731254025718,177.73581287041966,176.92710075231818,177.24391174316406,70446800.0,0.0005172716709068,0.0065469441026784,0.013353736038798792,0.0280001962994832,0.008408200927962102,0.0034659083519983113,0.008241043518207746,0.008276103864659667,0.004562707458597221,-0.0007520736174353777,-0.20872964169381103,0.6021348251797982
2015-07-21,177.11057464556754,177.36904355357132,176.24349459620916,176.54364013671875,77965000.0,-0.0039587176951053,0.0064878261573159,0.005066067742529592,0.0177721737990992,-0.0006608899305881981,0.004344915421053444,0.008395875512518797,0.008254034400095287,0.006375471563237902,-0.003201020097096597,0.10672166798208016,0.6643318835591897
2015-07-22,175.8599302436575,176.56027815967445,175.82658640089568,176.22677612304688,88667900.0,-0.0017964323780088,0.0066272862634196,0.003602227753201892,0.0328956048823094,-0.0031646445476154984,0.004504650684941454,0.005525042528092897,0.008261198295390513,0.004163338710040802,0.0020860117417373886,0.13727826588853964,0.7490863350685001
2015-07-23,176.36019849648346,176.4602427588005,174.87614923703148,175.23464965820312,90509100.0,-0.0056457353629481,0.0068893497034418,-0.010035870630001208,0.025442718957027,-0.0015214585894307983,0.002811380506576822,0.006207721682024463,0.008194450975302055,0.00903984186266127,-0.006382102355723878,0.020765124695633963,0.7652224537996893
2015-07-24,175.3346636099752,175.3930185080703,173.08357920770112,173.4170684814453,117755000.0,-0.0104264373185215,0.0060533990979914,-0.02131005108367691,0.0025028962424666,-0.008902660365108298,0.004151127936101754,0.006351332347128424,0.008495886058077103,0.01331725487342254,-0.010936771366530776,0.3010293992537767,0.986962299682924
2015-07-27,172.53330165520254,173.04188104088917,171.9663546525979,172.40823364257812,132361100.0,-0.0058343776143293,0.0068289057753333,-0.027661700368913005,-0.0143079643301142,-0.014546293466045596,0.003181570630619462,0.005341309160161158,0.008580296376922487,0.006238254203804259,-0.0007248920146114836,0.1240380450936267,1.0964319455333982
2015-07-28,173.24196436651047,174.66765824861352,172.41657402795545,174.5259246826172,123544800.0,0.0122081800873099,0.0065374142353552,-0.01149480258649781,-0.006428734843968203,0.018855265819271,0.008666972050902846,0.006694981709330612,0.007579377324232438,0.01289827986731349,0.007411370107708834,-0.06660793843508406,1.058054344146767
2015-07-29,174.65099030361242,175.95161625375798,174.5092567292299,175.7265167236328,105791300.0,0.006855608134788,0.006076360561576,-0.0028427620737010084,0.0007594656795008991,0.0236192628665081,0.009605306473409818,0.007105310614469034,0.007691414733094508,0.00820797880377099,0.006158146702464759,-0.1437009084963511,0.936957958347731
2015-07-30,175.21795021419427,175.9349636396938,174.6009810316665,175.76821899414062,91304400.0,0.0002372853216042,0.0060641019976574,0.003040258610851292,-0.0069956120191499,0.015873183866273004,0.009178742439535,0.006546510589523353,0.007524056612929061,0.0075894414568299625,0.0031404817786857848,-0.1369384817087984,0.8249734629759271
2015-07-31,176.26850059816078,176.29351166566732,175.21799759747296,175.50146484375,103266900.0,-0.0015188000214201,0.0062346126708496,0.01194789590795269,-0.009362155175724201,0.015270858937438502,0.007139530807273125,0.00652710721163289,0.007532462723560264,0.006128234138398232,-0.0043515191415816005,0.13101778227555294,0.9335264384757145
2015-08-03,175.46816045652577,175.52651538656335,173.9590869540209,174.9095458984375,113965700.0,-0.0033784298447802,0.00641746710435,0.01440384367750179,-0.013257856691411201,0.014742339608072003,0.006486943183229596,0.0065469441026784385,0.0075467205321017635,0.008961365856227086,-0.0031835665036601835,0.1036033811414887,1.0321135076080377
2015-08-04,174.8344463902207,175.293003760113,174.08408903716236,174.56765747070312,81820800.0,-0.0019565713214234,0.0064624638701773,0.00023909226876849248,-0.0112557103177293,0.006516463481369902,0.004018486881153372,0.006487826157315942,0.007452920401244316,0.006925193019523326,-0.001525951693307178,-0.2820576717380756,0.7732090503130488
2015-08-05,175.45977068172783,176.17678428147403,174.85947963441458,175.14295959472656,85786800.0,0.0032901640094887,0.0068463737034407,-0.0033263518565308076,-0.0061691139302318,0.026726490952077603,0.0025601402918335446,0.006627286263419662,0.006267400099705825,0.007521310877169324,-0.0018056052721962324,0.048471782236301664,0.8418055090812212
2015-08-06,175.32632990270608,175.43471964877418,173.12526747125386,173.70889282226562,116030800.0,-0.0082216840221694,0.0091980713796812,-0.011785321200304408,-0.008745062589453099,0.0166976563675739,0.0041288988019763,0.006889349703441814,0.0066190743140110055,0.013294956521790075,-0.00922529480505306,0.3525484107112049,1.154489545862286
2015-08-07,173.55047160996344,173.7005379686232,172.4749451523665,173.37538146972656,117858000.0,-0.0019217894896859,0.0128590534764084,-0.012188310668570207,-0.00024041476061750127,0.002262481481849104,0.0041123447804628215,0.0060533990979913885,0.006040320036711919,0.007069012946746978,-0.0010088715899912518,0.01574754289378344,1.1794759299163644
2015-08-10,174.48422711234036,175.6431193648447,174.48422711234036,175.55975341796875,80270700.0,0.0125203813828633,0.0160534784472889,0.003710500559073293,0.018114344236575097,0.003806379906460905,0.007745145263982906,0.006828905775333325,0.0061943613720140695,0.0066011271372959,0.00616403169173519,-0.3189202260347197,0.8138229672180834
2015-08-11,174.22577025574114,174.64263815361645,173.21694434529155,173.97564697265625,126081400.0,-0.0090641307814527,0.016049049201303,-0.0033970589009560065,-0.0031579666321874984,-0.009586701476155694,0.008926434859067658,0.006537414235355251,0.006442376077646601,0.008194789518724826,-0.0014356273628048262,0.5707026349589577,1.2501539993551982
2015-08-12,172.6750373934088,174.36752020008473,171.21599961373644,174.18409729003906,172123700.0,0.001197440805408,0.0220918278389726,-0.005489782105036707,-0.008816133961567498,-0.008056668282066594,0.008740911033310416,0.00607636056157599,0.00645328547430875,0.01809304428693392,0.008739305457291761,0.3651791620334166,1.646121591085963
2015-08-13,174.02565530078417,174.70932470561127,173.42536455764736,173.96730041503906,89383300.0,-0.0012454173928424,0.0242449234809518,0.0014864845242902928,-0.010298836676014098,-0.017294448695163993,0.007828708280344772,0.006064101997657465,0.006143960535129285,0.007380468311577678,-0.0003353234650617664,-0.480703122231279,0.8619563459048339
2015-08-14,173.77557948836994,174.67601584894675,173.63384590223302,174.60098266601562,72786500.0,0.0036359185837374,0.0241357784543573,0.007044192597713593,-0.005144118070856599,-0.01450627324658079,0.00782941760026423,0.006234612670849645,0.006216071297853323,0.005968866445083161,0.004749822616479454,-0.185681217856132,0.7074480492972804
2015-08-17,174.0090013897043,175.576416015625,173.55044416331853,175.576416015625,79072600.0,0.0055710955428082,0.0238584851415493,9.4906757658492e-05,0.0038054073167318016,-0.009452449374679393,0.005687675356071746,0.00641746710435004,0.006370057419396155,0.011538974870783173,0.009007664048426811,0.08636354268992186,0.7653375345017276
2015-08-18,175.30128558356714,175.65145309465998,174.83439556877664,175.06784057617188,71692700.0,-0.0029008077931836,0.0249683915667832,0.006258229745927591,0.0028611708449716015,-0.008394539472757694,0.0034577281704157668,0.006462463870177314,0.006343924836848949,0.004667090901414536,-0.0013316788101019167,-0.09333068597719063,0.6960207973162122
2015-08-19,174.32586652045595,175.09290215490807,172.87517394473667,173.68389892578125,172946000.0,-0.0079365850150509,0.026488952109334,-0.002875796074531308,-0.008365578179567998,-0.014534692109799793,0.005374897694810713,0.006846373703440751,0.006558983504766626,0.012768761087745288,-0.0036825722280254135,1.4123237093874272,1.613037712658689
2015-08-20,172.17478180084714,173.6588305616013,169.99873077406508,170.05709838867188,194327900.0,-0.0211027206907029,0.0260378753954451,-0.022733099372391808,-0.021246614848101496,-0.02999167743755459,0.010696110697159995,0.009198071379681236,0.007935341827353615,0.021522769835640238,-0.012299614322292396,0.1236333884565124,1.7287648658660393
2015-08-21,168.1895379121759,170.0320998308811,164.67951693145798,164.93797302246094,346588500.0,-0.0305647713835894,0.0247337704008741,-0.05693378933971861,-0.049889596742005,-0.050130011502622494,0.014436758376330863,0.012859053476408438,0.010107949284726091,0.032452095786906554,-0.019332741679882828,0.7835241362665886,2.798449368610199
2015-08-24,156.31719117881585,164.6462069534633,152.07346461980424,157.9929962158203,507244300.0,-0.0430187778520552,0.0215388100278411,-0.10552366273458201,-0.1054287559769235,-0.0873144117403484,0.016389788790090797,0.01605347844728893,0.01357683398415281,0.07957784607416733,0.010720542151294562,0.4635347104707743,3.557253721579652
2015-08-25,162.937051181498,162.953729466756,155.8419610598146,156.13377380371094,369833100.0,-0.0118375401281665,0.0216780177052755,-0.11446039506956492,-0.1082021653236373,-0.1113601319558248,0.014256802308514768,0.016049049201303,0.013087764616116736,0.04554919946969452,-0.04175402297055679,-0.27089747484594706,2.3874251922599345
2015-08-26,160.14401536953736,162.4034328471312,157.05084915471605,162.12831115722656,339257000.0,0.0376749017430063,0.018225170239591,-0.06884890831150772,-0.071724704386039,-0.08054083834760649,0.030990468134005463,0.022091827838972566,0.01609611516731885,0.03301449114105924,0.012390695856541257,-0.08267540141755836,2.036575908491464
2015-08-27,164.26267427664732,166.26363563658603,162.75361411543824,166.13858032226562,274143900.0,0.0244341953942623,0.0163356678554066,-0.023311992226542514,-0.0460450915989343,-0.0563439282749484,0.03475876214531238,0.02424492348095179,0.01729800196214873,0.021127070631874082,0.011420160142157135,-0.191928537952054,1.5600820217929217
2015-08-28,165.49659854882236,166.61380175279606,165.0130301347587,166.14691162109375,160414400.0,5.014542633887573e-05,0.0163450848115248,0.007302924583385762,-0.04963086475633282,-0.054774982827189414,0.031608965117313835,0.024135778454357312,0.017307755034442193,0.009634675736182177,0.003929464883107805,-0.41485329420060046,0.8982704554261962
2015-08-31,165.1714418279935,166.02185612224434,164.2543271261738,164.80459594726562,163298800.0,-0.0081119016158995,0.0167290233215006,0.042209800819541454,-0.06331386191504053,-0.05950845459830872,0.021598770147515697,0.02385848514154931,0.017349276627836755,0.010724998207186703,-0.0022210006564567387,0.017980929392872547,0.9019638210981107
2015-09-01,161.0111258010714,162.38679812081975,159.01849685471262,159.88558959960938,256000400.0,-0.0303020106655657,0.0128770858311659,0.023745330282142256,-0.09071506478742263,-0.08785389394245102,0.026868556421188853,0.02496839156678317,0.01838832831202627,0.02106694714978462,-0.006990425014806787,0.5676808402756175,1.3490956646456964
2015-09-02,162.2616905798971,162.96203846399754,160.4274739883416,162.92034912109375,160269300.0,0.0188029312263801,0.0119270283563346,0.0048733597655160575,-0.06397554854599163,-0.07234112672555962,0.021965014869981366,0.026488952109333982,0.019044905646845234,0.015557077365284038,0.0040592362796338715,-0.37394902507964833,0.8283457462125577
2015-09-03,163.62902429870644,165.12141887676557,162.54517766608922,163.03707885742188,152087800.0,0.0007162269136926,0.013320252326919,-0.01884460871505364,-0.04215660094159612,-0.06340321578969763,0.017797869682472215,0.026037875395445116,0.019036033180663953,0.015801566298481805,-0.0036176066185175247,-0.05104845407074221,0.7788031191390652
2015-09-04,160.78596281128029,161.62803143495745,159.7521257835405,160.56918334960938,207081000.0,-0.0152527539881369,0.0121566551147168,-0.034147508129529415,-0.02684458354614362,-0.07673418028814862,0.018286019549298708,0.024733770400874065,0.019222499868411392,0.011682849798971223,-0.0013482486771892602,0.36158850348285654,1.0367259703132239
2015-09-08,163.362203403593,164.7545407372646,162.72022324123685,164.60446166992188,116025700.0,0.0248204954088157,0.0101718215653468,-0.0012151111048142142,0.04099468971472728,-0.06443406626219622,0.02302543838689175,0.021538810027841124,0.019956138537813615,0.012358823542141384,0.007604318749667026,-0.4397086164351147,0.5757158824403448
2015-09-09,166.18027845850835,166.30533377944414,162.0366092008,162.4034423828125,149347700.0,-0.0134617695697914,0.0092426614939997,0.015625129990960086,0.03937046027310238,-0.06883170505053492,0.018269900128085163,0.021678017705275537,0.02004791612525579,0.02628469271348344,-0.022727342322024387,0.2871949921439818,0.7368055143403506
2015-09-10,162.21165920366735,164.42939981290357,161.9532031029294,163.2871856689453,158611100.0,0.0054269013533743,0.0090836567096313,0.0022491001179542856,0.007122459883470378,-0.06460224450256861,0.01627018197143831,0.018225170239591002,0.020121597395816215,0.015164672597116784,0.006630389397149106,0.06202572922113969,0.7851233983069054
2015-09-11,162.89535429755907,164.09593625077846,162.18667356295515,164.02923583984375,119691200.0,0.0045341534577882,0.0088834909557315,0.006067026662049885,-0.012777582053003722,-0.058822673651938016,0.016375063205116582,0.016335667855406622,0.02019297635771797,0.011639770666782212,0.006960797299433323,-0.24537942174286664,0.5880591292955332
2015-09-14,164.2042918267338,164.25431394794666,162.93700962820373,163.4205780029297,79452000.0,-0.0037175683855668,0.0116962163539953,0.017602212264619985,-0.016545295864909396,-0.06617616062124222,0.01413452137098077,0.016345084811524822,0.020133777765744387,0.008060822791358106,-0.004772797440831028,-0.33619180023259854,0.38972033401600936
2015-09-15,163.92082498705662,165.90512061114862,163.37890171043026,165.46324157714844,113806200.0,0.0124219540070386,0.010418250159485,0.005203670862842881,0.0039885597580287015,-0.05932530215701182,0.009923944072202054,0.016729023321500624,0.020349923844446338,0.015267553546269031,0.009409521884809995,0.4323893671650807,0.5535160825841859
2015-09-16,165.76337869686665,167.0890157322511,165.42154392267057,166.89724731445312,99581600.0,0.0086292726346682,0.0121550335717023,0.02729471306730248,0.0429198430582626,-0.04779522172916002,0.0059916428433805635,0.01287708583116593,0.02051453102734363,0.009991008458269198,0.006840284183999353,-0.12498967543068829,0.48106961341788745
2015-09-17,166.76385473905836,169.15667265027344,166.14688560631092,166.52206420898438,276046600.0,-0.0022505190962568,0.0123217726490174,0.01961729261767138,0.0218663927356257,-0.042109155810365916,0.0069145743200449555,0.01192702835633463,0.020472972231084557,0.01807440388311095,-0.0014498977038658848,1.7720643171027581,1.30115268087064
2015-09-18,164.01882514913947,166.50788340610833,163.3902721133118,163.80091857910156,223657500.0,-0.0164760390782045,0.0125929099030115,-0.0013928999183213178,0.0046741267437286,-0.037482474197867516,0.01138778147984087,0.01332025232691907,0.02027216986182953,0.019032929240204503,-0.0013285460973139673,-0.18978353654781477,1.0469783049636225
2015-09-21,164.63054336180713,165.669742422647,163.59972040089897,164.64730834960938,105726200.0,0.0051538816448501,0.0137515447575883,0.0074785501120955816,0.0250807623767156,-0.001763821169428018,0.011409105367193025,0.01215665511471688,0.019154091268134315,0.012572461964289025,0.0001018340063751297,-0.5272852464147189,0.5244906966650609
2015-09-22,162.4851128142571,162.97119523935484,161.37885361480554,162.51025390625,153890900.0,-0.013064560238569,0.0129707060109459,-0.01800796413351202,-0.012804293270669103,0.02819039644405818,0.010992917286850208,0.010171821565346881,0.016624637947569066,0.009798407092932773,0.00015472858748386928,0.45556068410668304,0.8367677821765209
2015-09-23,162.67782322819664,163.14714054084763,161.67214144566768,162.2504119873047,92790600.0,-0.0016002059466012,0.0130382061076161,-0.02823744271478142,-0.000942729647478903,0.03842773062562348,0.008900280262481677,0.009242661493999717,0.01635064275605217,0.009090880430524669,-0.0026273479224786797,-0.39703647194213565,0.5456377064912091
2015-09-24,161.03521979257945,162.12471385357648,159.70269094597663,161.6637725830078,159378800.0,-0.0036221942332138,0.0129405531905924,-0.02960911785173842,-0.009991825234067003,-0.0028693653505966216,0.008789853128549418,0.009083656709631295,0.014042551468340313,0.01498185319383316,0.003903200748494412,0.7176179483697702,0.9895304125037403
2015-09-25,163.12202764694086,163.42373351263564,160.7502868003842,161.62188720703125,155054800.0,-0.000259123007424,0.0129104686490749,-0.01339220178095792,-0.014785101699279202,-0.02756268375228292,0.006654380350483112,0.008883490955731571,0.012798305005661937,0.016541365519552768,-0.00919643080428413,-0.027130333519891026,0.9996400633534916
2015-09-28,160.72518850580386,160.83414178262998,157.25557652045333,157.56565856933594,178515900.0,-0.0254173263525581,0.007878325393322,-0.043963409778366117,-0.036484859666270505,-0.053030155531179894,0.010558350109500724,0.011696216353995368,0.013870735533732236,0.022711581284077357,-0.01965796379423022,0.1513084406287326,1.1442175004112567
2015-09-29,157.78349409278962,159.0154584188091,156.6604702066107,157.65777587890625,159045600.0,0.0005844572587297,0.0087516124329788,-0.03031439228106742,-0.04832235641457941,-0.0443337966565507,0.010935466247413494,0.010418250159485085,0.013826791340371332,0.014937342602163799,-0.0007967767135987082,-0.10906759565954627,1.0208118846457719
2015-09-30,159.54347975454826,160.76706833242253,158.76408031426854,160.59945678710938,163452000.0,0.0184867106508805,0.0082157924281238,-0.010227475683585719,-0.038464918398367104,0.004454924659895505,0.01565573156956854,0.012155033571702365,0.012882570018928797,0.012471947653030644,0.00661874138752457,0.02770526188715694,1.0812060476019199
2015-10-01,160.97664858788315,161.32026070161675,159.08261309189504,161.0185546875,131079000.0,0.002606185739944,0.0089313489635125,-0.003999095710427919,-0.033608213562166304,-0.011741820826540595,0.015746438767487516,0.012321772649017406,0.012140823645077757,0.013896830797323107,0.00026032409038491346,-0.19805814551060863,0.8755170034807878
2015-10-02,159.04064658051715,163.44889292368572,158.49589306831552,163.4237518310547,211003300.0,0.0148269270550237,0.0082646237098884,0.011086954352019781,-0.0023052474289381036,0.0023688793147905052,0.017249539113657723,0.012592909903011509,0.012621056132501932,0.030307711087740417,0.027559654369982173,0.6097414536272019,1.3821609761991345
2015-10-05,164.64730088545105,166.5581001942391,164.53834765158405,166.33181762695312,126320800.0,0.0176381626733531,0.006806121900788,0.054142443377930984,0.010179033599564898,0.035259795976280504,0.008566708505720184,0.013751544757588295,0.012655571473737156,0.012142911509479989,0.010231061987915837,-0.4013325857936819,0.8499361223087475
2015-10-06,166.1977325448011,166.7592381565138,165.09986240936743,165.76193237304688,110274500.0,-0.0034320779195847,0.0066315774778228,0.050125908199616584,0.0198115159185492,0.0070072226478801024,0.009858385357982663,0.012970706010945948,0.0114674277064952,0.010010596060209619,-0.002622178805217823,-0.12702816954927454,0.743408652156419
2015-10-07,166.6922504584011,167.4716628280082,165.5021916464763,167.1196746826172,124307300.0,0.0081575539777989,0.0068608320643376,0.03979675152653499,0.0295692758429493,0.028626546195470406,0.008650192365369642,0.01303820610761618,0.01111031671804113,0.011784795448364728,0.0025641517409517984,0.12725335412992123,0.845143256117181
2015-10-08,166.73412628130978,168.91311473391343,166.4324203846099,168.628173828125,153055200.0,0.0089859655263487,0.0081555966465682,0.04617653131293968,0.0421774356025118,0.032185610368444806,0.008117274200050312,0.012940553190592391,0.01120577438946587,0.014711031335914114,0.011359687360100623,0.2312647768876004,1.042564191640016
2015-10-09,168.77063532913212,169.20642276618494,168.10017639559013,168.72872924804688,107069200.0,0.0005961367441004,0.0085985865192232,0.03194574100201639,0.0430326953540362,0.028247593654757003,0.008161288349018194,0.012910468649074941,0.011186256590116855,0.006556360469997571,-0.00024830196914007075,-0.30045369252400445,0.7324707166869391
2015-10-12,168.80411205225855,169.08905287462173,168.3767008187138,168.88792419433594,56395600.0,0.0009430515732216,0.0087559993783501,0.015250629901884883,0.0693930732798159,0.0329082136135454,0.005333873006411445,0.007878325393322085,0.011122126420763793,0.004217898107908763,0.0004965053342506549,-0.4732789635114487,0.3888746152495701
2015-10-13,168.1588314648313,169.4243260345395,167.6559968652406,167.8236083984375,88038700.0,-0.0063218466702443,0.0083554108109039,0.012360861151225283,0.06248676935084191,0.014164412936262503,0.006283819624061384,0.008751612432978836,0.01095471306095421,0.010536832011743016,-0.0019934906984883346,0.5610916454475172,0.612510432015817
2015-10-14,167.76490977995587,168.34318034427724,166.72571077201667,167.01902770996094,99106200.0,-0.0048057335010531,0.0082094056388362,-0.000602426327626718,0.0391943251989083,0.0007294068005412021,0.006020393218829809,0.0082157924281238,0.01085489141007553,0.00968434312208674,-0.004445995714915887,0.12571176085062596,0.6896242433613119
2015-10-15,167.68111857892492,169.59191797003,167.31236557573996,169.5835418701172,134142200.0,0.0152379334796055,0.0074488765111695,0.0056495416256300834,0.051826072938569806,0.0182178593764035,0.008516406191956512,0.00893134896351251,0.01135389231936153,0.013442061471011986,0.011345483065207622,0.3535197596114068,0.9818979533136188
2015-10-16,169.98581547086303,170.37132068160702,169.22316836151683,170.3545684814453,114580100.0,0.0045362841648106,0.0077848436198075,0.009589689046340284,0.041535430048356706,0.0392301826194186,0.008636119348797109,0.008264623709888392,0.010608012647116135,0.006739780038333665,0.0021693163606670987,-0.14583106583908723,0.8735813131528958
2015-10-19,169.7092526096829,170.43836975097656,169.3991706600181,170.43836975097656,76523900.0,0.0004918016884679,0.0082981566119663,0.009138439161586583,0.0243890690634715,0.0345681026630364,0.008651198838842963,0.006806121900787983,0.01058536915381776,0.006097213277015177,0.004296272183642097,-0.3321362086435603,0.590001343857726
2015-10-20,170.0026262672648,170.83230797669893,169.7512025297619,170.22052001953125,78448500.0,-0.0012789906130964,0.0081404853437192,0.014181295218734482,0.0265421563699598,0.046353672288509,0.00770589748681042,0.006631577477822795,0.010032102115984076,0.006351205170874635,0.0012817081538723238,0.025150312516743156,0.6229576306860265
2015-10-21,170.6395196068124,170.79036614497844,168.9968959484565,169.16452026367188,102038000.0,-0.0062230389582405,0.007757551509464,0.012763989761547084,0.0121615634339204,0.0417308392768697,0.008074535645954572,0.006860832064337614,0.010179297718106925,0.010601928783449939,-0.008643949224301721,0.3007004595371485,0.8073170754864173
2015-10-22,170.1115694105604,172.23188703797183,169.16455831386938,172.02236938476562,174911700.0,0.0167527888488652,0.0064726768702943,0.014278845130806786,0.019928386756436902,0.0621058223589487,0.008675549324820979,0.008155596646568246,0.010589210175278833,0.017830987534195052,0.011232627979544097,0.7141819714224114,1.375436651283488
2015-10-23,173.6900805551726,174.2767272443333,172.8939162778874,173.90797424316406,144442300.0,0.0109017527265747,0.0057660853330595,0.020644313692570887,0.030234002738911202,0.0732666980929474,0.00941900351581224,0.00859858651922327,0.010696121639564056,0.007951394825129805,0.0012544970173022341,-0.17419875285644126,1.140596584739907
2015-10-26,173.73202980492053,173.79068809444453,173.11185298629266,173.48060607910156,69033000.0,-0.0024604630311619,0.0066085000143191,0.017692048972941087,0.026830488134527705,0.0962235614143436,0.009789258610151903,0.008755999378350175,0.00839548283230517,0.003913031684027814,-0.0014471927030455134,-0.5220721353786253,0.569751473124857
2015-10-27,172.81010415201033,173.48056299169156,172.4664922383321,173.1453399658203,77905800.0,-0.0019344554073758,0.0065693624340968,0.017036584178661687,0.031217879397396203,0.09370464874823811,0.009873921669698082,0.008355410810903914,0.008480689097840529,0.005856760300679361,0.0019399086381841494,0.12852983355786374,0.6652567518426518
2015-10-28,173.48054217738942,175.13991769585508,172.8184723049507,175.11477661132812,135906700.0,0.0113102680799027,0.0055931196271054,0.034569891216804885,0.047333880978352005,0.08652820617726031,0.008634333081770137,0.008209405638836265,0.008004455647026556,0.013256707605303328,0.009420275112281145,0.7445004094688714,1.1743519996267144
2015-10-29,174.61198147797265,175.3830047490535,174.49465212776337,175.01425170898438,90525500.0,-0.0005742163429757,0.007031711946481,0.017242886024963988,0.0315217311557708,0.0833478040943406,0.0070255368712299135,0.00744887651116953,0.00807173794317275,0.005075887321263911,0.0023037951210837914,-0.3339143691959263,0.7961685616517119
2015-10-30,175.20700293085025,175.5254737879926,174.10075660741566,174.25997924804688,131076900.0,-0.0043190912276662,0.0076164465531747,0.002022042070723087,0.022666355763294004,0.0642017858116507,0.006242689778941307,0.007784843619807503,0.00787391514825651,0.008175814014926303,-0.005405170266950702,0.44795554843662844,1.1948113080061316
2015-11-02,174.58682573847673,176.514377360471,174.46110751012557,176.32162475585938,86270800.0,0.0117614230182905,0.0083528360723892,0.016243928120175485,0.033935977093116604,0.05832504615658811,0.0076845069208167395,0.008298156611966296,0.007402707395954527,0.01164502569204687,0.009936597506969359,-0.34183063529882074,0.8010094091967414
2015-11-03,175.9696437316192,177.3859847602942,175.74336114194094,176.83285522460938,95246100.0,0.0028952249218905,0.0081795046840603,0.02107360844944179,0.0381101926281035,0.06465234899806331,0.0071554252429212855,0.008140485343719205,0.007250767169662843,0.00928913134534215,0.004905456842924109,0.10403635992711324,0.8905567525969909
2015-11-04,177.12618784722594,177.25189329467037,175.76012897461092,176.29649353027344,96224500.0,-0.0030377656724942,0.0100287580966188,0.006725574697044886,0.041295465913849805,0.053457029347770205,0.006439701497057717,0.007757551509464055,0.007282621029108963,0.008461678903462033,-0.0046841990280292265,0.010272336610107846,0.9116740312341288
2015-11-05,176.3551115211073,176.81605270300022,175.2321004873585,176.12045288085938,78408700.0,-0.000999047666969,0.010028516618349,0.006300743373051585,0.0235436293980156,0.04347201615445251,0.006474067324867359,0.006472676870294331,0.007168414717673857,0.008993573373975003,-0.0013306029988239343,-0.18514827304896364,0.7701116302239991
2015-11-06,175.77690939553904,176.26299181489833,174.70418019003608,176.0283203125,110471500.0,-0.0005232593578336,0.0101254784623265,0.010096575242884187,0.0121186173136073,0.042352620052518504,0.005848614137423592,0.005766085333059498,0.007185728660358278,0.008855459292544023,0.001430284090359279,0.4089189082333975,1.0832149701472773
2015-11-09,175.4165348072266,175.56739414738445,173.43868791009058,174.38571166992188,131008700.0,-0.009375313339462,0.0096327361768933,-0.011040161114868314,0.005203767005307201,0.032034255139834905,0.004538769462927129,0.006608500014319171,0.007631113360572932,0.0122068844798655,-0.005876430853212075,0.18590496191325356,1.2392573690005126
2015-11-10,173.90795700910348,174.8214633216322,173.6397811726082,174.78793334960938,75874600.0,0.0023038500375469,0.0096171895180006,-0.011631535999211913,0.009442072450229901,0.0406599518476261,0.0043773741028676596,0.006569362434096808,0.0073999786695832116,0.006760662057033468,0.005060011949078486,-0.4208430432482728,0.7218776510115354
2015-11-11,175.05615355217398,175.1064357313411,174.03370661597697,174.1007537841797,67846000.0,-0.0039392532884702,0.0095020702935817,-0.012533023615187914,-0.005807448918143001,0.041526432060209006,0.004432225797722457,0.005593119627105486,0.007360263153594402,0.006161542049920771,-0.00545767600057284,-0.10581406689458661,0.6552366125505249
2015-11-12,173.06154914702296,173.53086655626646,171.65359691929245,171.67034912109375,121315200.0,-0.0140581134130884,0.0079591389557737,-0.025592089361307316,-0.0192913459882557,0.012230385167515104,0.0066263732009808635,0.007031711946481015,0.007516560831834392,0.01093531670777816,-0.00803875865428274,0.7880965716475548,1.1789285873069206
2015-11-13,171.259685447527,171.5278613165477,169.65896796963872,169.74276733398438,153577100.0,-0.0112919051779902,0.0068503749656771,-0.03636073518146392,-0.026264159938579702,-0.003597804175285696,0.006508436916341536,0.0076164465531747124,0.007904815996668658,0.01101015010101584,-0.008857415039498044,0.26593452428055175,1.464692756104929
2015-11-16,169.55839847536257,172.38269144815004,169.44105635054686,172.3240203857422,117645200.0,0.0150923862868466,0.00591620197313,-0.011893035555155316,-0.022933196670023595,0.011002780423093004,0.011677482408875235,0.008352836072389198,0.008612624175884112,0.017070371797375777,0.016310733854810952,-0.2339665223526164,1.1004253717466208
2015-11-17,172.63411865075938,173.51408230141928,171.70386003645876,172.1983184814453,121123700.0,-0.0007297170354066,0.0071254284533931,-0.014926602628108817,-0.0265581386273207,0.011552054000782802,0.011449970625883333,0.00817950468406032,0.008607358663067288,0.010512427072019116,-0.0025244150618667213,0.02956771716993134,1.1107924792695698
2015-11-18,172.67599358057856,175.07287507507408,172.63410029724014,174.93040466308594,121342500.0,0.0157413801554638,0.0067262353500467,0.0047540308158251846,-0.0077789927993626995,0.033516473114487105,0.01411312486186529,0.01002875809661879,0.009082126676355813,0.013941400195872155,0.013055729611049624,0.001806417736578414,1.1030351704526473
2015-11-19,174.81308872002745,175.1986067021689,174.4862417997517,174.77957153320312,88220500.0,-0.0008626184524469,0.0094255558744671,0.017949525776466687,-0.0076425635848406,0.015901065813175002,0.01161806565230634,0.010028516618349,0.008369207830600483,0.0040757904151393545,-0.00019173156352157388,-0.27296289428683274,0.8348421902171755
2015-11-20,175.53384851339226,176.09535416536397,175.03939003018522,175.41651916503906,94011500.0,0.0036376667308855,0.0095671362409927,0.03287909768534238,-0.0034816374961215008,0.0086369798174858,0.008274560062338988,0.01012547846232651,0.008059404068797618,0.006019753100819771,-0.0006684143790321067,0.06564233936556696,0.9113904784432835
2015-11-23,175.47520813820526,175.97804277333833,174.75446698536746,175.2154083251953,64931200.0,-0.0011471337669504,0.0097732047040089,0.016639577631545385,0.004746542076390099,0.0099503090816973,0.007215280194110906,0.009632736176893366,0.008039924590402316,0.006983265910609571,-0.001480549963532903,-0.30932705041404507,0.6307267838331967
2015-11-24,174.2096893297508,175.85231293454058,173.82418410838238,175.45004272460938,98874400.0,0.0013382238468473,0.0099544942841053,0.018707518513799287,0.003780915885690499,0.0132229883359204,0.006979976507715501,0.009617189518000599,0.008021104228429877,0.01155958012128612,0.007119887531116508,0.5227563944605982,0.9507605000294966
2015-11-25,175.57578858457168,175.77693012980754,175.16512939186023,175.42494201660156,51980100.0,-0.0001430749363288,0.0100456449709577,0.002823063422006686,0.007577094237831899,0.0017696453196888993,0.001969138250828984,0.009502070293581731,0.00761960160244697,0.0034875356429612332,-0.000859153583681387,-0.47428151270703034,0.5208492873181209
2015-11-27,175.51703860144005,175.82713327610182,175.03934522967256,175.62599182128906,37317800.0,0.0011454168457586,0.0114415081672864,0.004831098720212186,0.0227806244966789,0.0034892785084231995,0.0018030477952347983,0.007959138955773748,0.007621432132875964,0.004485600555246298,0.000620755800788217,-0.2820752557228632,0.3841716479639607
2015-11-30,175.78526418784404,175.9025935308499,174.78795837832422,174.89691162109375,112822700.0,-0.0041599635541492,0.0117685814392256,-0.002966531564822514,0.029912566120519905,0.0036484061819401998,0.0022351982014092307,0.006850374965677149,0.007616575708509365,0.006373097970651991,-0.0050536236404946444,2.0232945136101272,1.1724806402950398
2015-12-01,175.52546763035855,176.6820088811428,175.2489028622171,176.56466674804688,97858400.0,0.0094904692138867,0.0118825382632349,0.007671071416014585,0.02431064904756,0.001377452377536401,0.004968111527277847,0.005916201973130005,0.007449976665668166,0.008116607050099605,0.005920503341867119,-0.13263554231550923,1.0108814604862433
2015-12-02,176.5143660168775,176.83283682937392,174.51137847141774,174.76280212402344,108441300.0,-0.0102575550311802,0.0126923763817945,-0.003924707462012915,0.0147828110517864,-0.011775327575534301,0.007260225932172269,0.007125428453393094,0.007761368414707007,0.013283480979600635,-0.00992306707028353,0.10814503404919762,1.1126203742521144
2015-12-03,175.0142618268885,175.28243773375337,171.59493269576072,172.315673828125,166224200.0,-0.0141015304429373,0.01284980931694,-0.017883162968621417,-0.015060099546614702,-0.0228390923459774,0.009338032112287502,0.0067262353500467,0.008319333235794408,0.02139970761841854,-0.015419246240816278,0.5328495693061592,1.6463585093274866
2015-12-04,172.31565756611263,175.9696450663858,172.31565756611263,175.6763153076172,192913900.0,0.0193150765760074,0.0118780006535434,0.0002864967616273868,0.005117595481839597,-0.0025249681030010025,0.014004469516733776,0.009425555874467082,0.009494739055573369,0.020799545424634292,0.019502915689569095,0.1605644665457857,1.8081718511172904
2015-12-07,175.34949288008443,175.76852814381505,173.6482107323735,174.61199951171875,102027100.0,-0.0060768174449331,0.0124586119941955,-0.0016303571291565152,-0.004596888693979003,-0.008078526190100504,0.014173989227391685,0.009567136240992749,0.00958771384518121,0.012143022343084916,-0.004205848310436935,-0.4711262381819039,0.9600941696311502
2015-12-08,173.05315446089486,174.5616708891859,172.458118874404,173.43865966796875,103372400.0,-0.0067423764774895,0.012876773779164,-0.017863202820532716,-0.010192131404518103,-0.005445589328128003,0.01318817014420078,0.009773204704008952,0.009475465344021494,0.01212850709760416,0.002227669343993403,0.013185712423464002,0.9855691880297835
2015-12-09,172.8017509958119,174.88853826661926,171.11722117910855,172.08938598632812,162401500.0,-0.0078099625017826,0.013275155226304,-0.015415610291135112,-0.019340317753148005,-0.015559401867457502,0.012920719803313812,0.009954494284105308,0.009599808628426756,0.02191487328457507,-0.004122440920757954,0.5710334673471835,1.4870252522299794
2015-12-10,172.1564097185433,173.84092651795578,171.92175104363824,172.53353881835938,116128900.0,0.0025776177147805,0.0132839822517488,0.0012635378665826875,-0.016619625102038703,-0.009042530864206803,0.011432189813581408,0.010045644970957722,0.009597458452113608,0.011123492205987956,0.0021906189867263036,-0.2849271712391819,1.0403346947785148
2015-12-11,170.4216620739042,171.08373222295276,168.8796024470076,169.189697265625,211173300.0,-0.0195710910521732,0.0113685427888189,-0.037622629761597914,-0.0373361329999705,-0.014555508503291601,0.007905095336598498,0.01144150816728645,0.010076040484682166,0.013027564985146236,-0.0072289214486416275,0.8184388209997684,1.8185878266578832
2015-12-14,169.34889219017325,170.17019760312135,167.5721742429756,170.0444793701172,182385200.0,0.0050394917281407,0.0116548175557293,-0.026506320588524108,-0.028136677717680598,0.001775888402839299,0.009759691895100118,0.011768581439225647,0.00983369623677985,0.015278492837694113,0.004107420904547876,-0.1363245258751935,1.5514250238112879
2015-12-15,171.55299458177075,172.73467682022866,170.01932433805823,171.82955932617188,154069600.0,0.0104430051822145,0.011695594602227,-0.009320938928820112,-0.027184141749352797,-0.002873492701792801,0.011913690506577417,0.011882538263234918,0.009509970187118785,0.015802592364309507,0.0016121242597680408,-0.15525163225963512,1.2905704181929774
2015-12-16,172.9526108886259,174.64551693695873,171.63684680850224,174.34381103515625,197017000.0,0.0145262237674274,0.0111127352752527,0.013015247340389889,-0.0024003629507451975,0.0123824481010412,0.013240623063557352,0.012692376381794523,0.010056619744945426,0.01725710887351081,0.00804382275226947,0.2787532387959728,1.599479767413493
2015-12-17,174.65382030404936,174.72086745296608,171.67029251090398,171.6870574951172,173092500.0,-0.015355888664267,0.0109407903039288,-0.004918259038657611,-0.003654721172074899,-0.0187148207186896,0.015487552084679803,0.012849809316940013,0.009999322887567375,0.01776822893099474,-0.016986532580664022,-0.12143368338772798,1.3763369126137281
2015-12-18,170.94691963686665,171.08179917599455,168.46832640071943,168.62850952148438,251393500.0,-0.0179752595741944,0.0092464159927636,-0.0033224275606788135,-0.0409450573222767,-0.0358274618404371,0.015018068946314038,0.011878000653543469,0.010700320769373294,0.015498404052145996,-0.01356216374244796,0.45236506492193485,1.8771660257766052
2015-12-21,169.8003255285047,170.19656384250655,168.6874827238922,170.01951599121094,99094300.0,0.0082151035171318,0.0097029611699746,-0.0001468157716877118,-0.026653136360211795,-0.0312500250541908,0.01538233095493974,0.0124586119941955,0.01087016167297667,0.008875928800387586,0.0012908718639026132,-0.6058199595454934,0.7385398718764572
2015-12-22,170.9047326303982,171.85739236404658,169.9183562341986,171.56231689453125,111026200.0,0.0090333340123077,0.0113018732721247,-0.0015564869415945135,-0.010877425870414598,-0.0210695572749327,0.01515362142546822,0.012876773779163988,0.011125988967849106,0.011302226298564207,0.0038476656205603957,0.12040954928790049,0.8134936866355075
2015-12-23,172.5655446669815,173.72896882744485,172.47280777210335,173.6868133544922,110987200.0,0.0123071897343926,0.0096807195182002,-0.003775520974629314,0.009239726365760603,-0.0101005913873874,0.014634021405926855,0.013275155226304002,0.011513690410949694,0.007232334056228482,0.006497639431292686,-0.00035126843934130125,0.8096152239221767
2015-12-24,173.43393705200427,173.94820307781427,173.18101701464653,173.40020751953125,48539600.0,-0.0016514930427571,0.0098795840016753,0.009928874646880586,0.005010615608223003,-0.0116090094938157,0.01231540543397468,0.013283982251748823,0.01151613484086097,0.004424366464967053,-0.0001944805788667761,-0.5626558738304958,0.3545253444252329
2015-12-28,172.70886132378988,173.04607937608148,171.93324951228385,173.00393676757812,65899900.0,-0.0022879109926726,0.0108936978772902,0.025616223228402388,0.0222937956677236,-0.0150423373322469,0.006657322205974456,0.011368542788818888,0.01151464351025138,0.006432396190455817,0.0017085136311277627,0.35765230863047903,0.47635003424629435
2015-12-29,174.0998986396959,175.1790118238626,174.06618198070987,174.8502197265625,92640700.0,0.0106153700452651,0.010795960370498,0.028016489756535687,0.027869673984848,-0.0002670037328326002,0.007013047662379339,0.011654817555729266,0.011755948334650714,0.006364474948290086,0.004309715816775976,0.4057790679500273,0.674563283828476
2015-12-30,174.60577723904296,174.69008820124438,173.46764356955748,173.6109619140625,63317700.0,-0.0071127752671194,0.0135306450558055,0.011870380477108589,0.010313893535514103,-0.0168702482138387,0.008580870465797705,0.011695594602227046,0.01163511013813299,0.007041287129622658,-0.00569749375256077,-0.3165239468181912,0.46691955374083843
2015-12-31,172.9365137681449,173.57723329901134,171.87425231933594,171.87425231933594,114877900.0,-0.0100538266296395,0.0142982590495819,-0.010490635886923514,-0.0142661568615528,-0.016666519812297997,0.007910568260491304,0.011112735275252679,0.01162652046625236,0.00990829607515224,-0.006142493714387711,0.8143094269059046,0.8451308413435736
2016-01-04,169.02472259585497,169.47996830831684,167.42290449220576,169.47154235839844,222353500.0,-0.0140780972350757,0.0144247495360329,-0.02291724007924211,-0.012988365432361499,-0.016643086604436398,0.00952292579775273,0.010940790303928768,0.0116251140874203,0.012138107598978496,0.0026435172067214934,0.9355637594350175,1.602714141241114
2016-01-05,169.7919106364143,170.2134397222684,168.6537898230363,169.75819396972656,110845800.0,0.0016900150479587,0.0142222170510987,-0.01893931403861081,0.006676909189791602,-0.0342681481324851,0.009920515768714507,0.009246415992763652,0.010644100315136672,0.009187479336109226,-0.0001985764019107089,-0.5014883957302223,0.823323159193949
2016-01-06,167.2121593520333,168.66222047693086,166.58830452056264,167.61683654785156,152112600.0,-0.0126943963502435,0.0147349904162885,-0.042249080434119415,-0.014232590677583697,-0.0408857270377955,0.006262401969558134,0.009702961169974586,0.010886963987274999,0.012372957270173426,0.0024201421558482203,0.37229015443074975,1.1092060744018741
2016-01-07,164.67458789447326,166.45344151506174,163.20766174470162,163.59547424316406,213436100.0,-0.0242838794963061,0.0154176841391653,-0.05942018466330612,-0.0475498041861975,-0.0584272300566121,0.009311702791720364,0.01130187327212472,0.011940942280409133,0.01984027850022106,-0.006553006539179665,0.4031454330541979,1.4963307888094228
2016-01-08,164.55650127523245,165.11292267031985,161.51306122906905,161.79969787597656,209817200.0,-0.0110376228813909,0.0157493324758304,-0.06040398091505751,-0.070894616801981,-0.0616548904362204,0.009273677958410572,0.00968071951820025,0.012031953811236925,0.022248876162983794,-0.016752929102721605,-0.01695542600337996,1.4469110447120581
2016-01-11,162.71870840434448,163.05593950609295,160.02936272818832,161.9599609375,187941300.0,0.0009900126235652,0.0165190556813317,-0.045335871056416614,-0.0682531111356587,-0.0632424955274357,0.01078716431607877,0.009879584001675304,0.011997833057459158,0.018687191330409043,-0.0046629393404417204,-0.10426170971683923,1.264737319664386
2016-01-12,163.4015244612569,164.0169532623226,161.14212210067134,163.26663208007812,172330500.0,0.0080354940310097,0.0164558442620445,-0.03899039207336562,-0.057929706111976405,-0.0356359104442528,0.012591492916551343,0.010893697877290186,0.011591826247144605,0.01760819786030269,-0.0008255270666753813,-0.08306210502960232,1.1750427854999472
2016-01-13,163.93268573198264,164.27834272629687,158.81532848192018,159.1947021484375,221168900.0,-0.0252566491143628,0.0145677016362832,-0.05155264483748491,-0.0938017252716043,-0.0659320512867563,0.014861430769934306,0.010795960370497975,0.012590063465120404,0.03431655809301261,-0.028902006713239507,0.2833996303614277,1.4883696359509306
2016-01-14,159.80165137355536,162.9293894456111,158.20827221925188,161.80812072753906,240795600.0,0.0162831983810614,0.0156932367547836,-0.010985566960117411,-0.0704057516234235,-0.0600918580879094,0.016326992572922094,0.013530645055805535,0.01298697860867564,0.02917725763782199,0.012555998869456882,0.08874077684520754,1.574502531804486
2016-01-15,157.45792698560197,159.13560396722897,156.40410461461312,158.33470153808594,324846400.0,-0.0217000366531744,0.0135834331764966,-0.021647980731900912,-0.0820519616469584,-0.0963181185085112,0.01834226499178615,0.014298259049581851,0.012939420878689411,0.017251425783998582,0.00556831001950215,0.34905455083066306,2.0388804404457357
2016-01-19,160.14735061786772,160.27380420958087,156.97744336907945,158.5455322265625,195244400.0,0.0013306650091809,0.0151693986483573,-0.02130732834628521,-0.06664319940270179,-0.0796315648350633,0.01836757911504619,0.01442474953603286,0.012760776014362048,0.02079125658231039,-0.010002153548748748,-0.39896394111186084,1.2169805096461639
2016-01-20,155.99105620650136,158.07341096946286,152.61039748829143,156.5137481689453,286547800.0,-0.0128979677848384,0.0143867907519655,-0.04224079016213331,-0.0812311822354989,-0.07455427304570729,0.01721339475810384,0.01422221705109872,0.012515885960061547,0.034904368115154336,0.0033507816098893293,0.46763645973969026,1.7667286223578866
2016-01-21,156.98588434296087,159.2284095391439,155.66227669927426,157.3905487060547,195772900.0,0.0055864339935502,0.0143625698902318,-0.011397707054220312,-0.0629503518917052,-0.07718294256928888,0.015078039346654358,0.01473499041628847,0.01239710831137041,0.02265785886883096,0.0025777117782753043,-0.31678798441307177,1.1721165757651648
2016-01-22,159.99559332480396,160.82178680616093,159.2368460469932,160.6194610595703,168319600.0,0.0203076835388188,0.014387631907189,-0.0073732218964629136,-0.018358788856580304,-0.0659085930427778,0.016368851581164055,0.01541768413916527,0.013241763441687891,0.009867675739366984,0.003899280735187799,-0.1402303383154665,0.990757654757102
2016-01-25,160.11359294935863,160.30749271059665,157.99752174755105,158.19142150878906,130371700.0,-0.0152321431239498,0.014216437268199,-0.0009053283672383148,-0.0225533090991392,-0.09344792590112021,0.014522334162252274,0.01574933247583042,0.01296283013270886,0.014602378188486404,-0.012005048448182178,-0.22545146257476845,0.7630367506822365
2016-01-26,158.84907315996082,160.6279270214324,158.5118549222809,160.34971618652344,141036800.0,0.0135513279200299,0.0132706105676006,0.011315334543610684,-0.009991993802674503,-0.0782451049383332,0.015811523818355877,0.016519055681331746,0.01358033856543748,0.013196606451676203,0.00944697376390398,0.08180533045131733,0.8037023802729669
2016-01-27,159.82695436366987,161.49620578116728,157.70244437337146,158.60452270507812,185681700.0,-0.0109433309555386,0.0129400969272473,0.013269971372910487,-0.0289708187892228,-0.0869005249011992,0.01536070467440096,0.01645584426204453,0.01366350889685381,0.02391962942223429,-0.007648469955888835,0.3165478797023189,1.0231921335055132
2016-01-28,160.14732966105083,160.3496553813156,157.78676430027338,159.43072509765625,143798800.0,0.0051956772521336,0.0131739492214017,0.012879214631493885,0.0014815075772735952,-0.09232021769433071,0.015343039169795002,0.014567701636283207,0.013402436826096912,0.01607526453556796,-0.004474658209482884,-0.2255628853031828,0.7813841656774304
2016-01-29,160.1978876241089,163.4520920768119,160.0798600165619,163.31719970703125,210529300.0,0.0240848177821163,0.0123480597131659,0.016656348874791387,0.009283126978328496,-0.061122624645095,0.016484840635303793,0.015693236754783662,0.014835448635032786,0.020648358325389714,0.01947161806678482,0.4640546374517729,1.0999932912360135
2016-02-01,162.31395785495897,164.04222935059738,161.7322457690278,163.2581787109375,136061600.0,-0.000361454050959,0.0139465496752843,0.03152703794778219,0.03062170958054389,-0.0514302520664145,0.013339868020181923,0.013583433176496603,0.014752906275282,0.014149267128966355,0.0058172499054102815,-0.35371656106774685,0.7069948460806506
2016-02-02,161.83345580102923,161.84188175187165,159.7932436610134,160.31594848632812,182564900.0,-0.0181863200433557,0.0137555251388355,-0.00021061001560341436,0.011104724528007294,-0.0555384748746945,0.016261104025735107,0.015169398648357323,0.014948848705092825,0.012778754142685667,-0.009376969101907141,0.3417812226226944,0.9585411873531509
2016-02-03,161.36980602725322,161.68173350831097,157.73622650318634,161.27706909179688,205054900.0,0.0059772657644001,0.0137538861834511,0.016709986704335288,0.029979958077245798,-0.05125122415825311,0.01514784943765002,0.014386790751965485,0.015046693534999423,0.024464153691179075,-0.0005746857961809896,0.12318906865448942,1.0506387582417835
2016-02-04,160.77960135882586,162.49943406698162,160.1473078410555,161.52992248535156,139531800.0,0.0015665921238712,0.0137499591146475,0.013080901576072886,0.0259601162075668,-0.0369902356841384,0.015123749973471561,0.01436256989023182,0.014878249357014853,0.014561551133904813,0.004666768173228319,-0.31953930386447726,0.7172300196856617
2016-02-05,161.01567798450176,161.58895134209288,157.8204804460133,158.45277404785156,180788300.0,-0.0192338106621231,0.0125223683818589,-0.030237726868166514,-0.0135813779933751,-0.031940166849955404,0.011791206999357531,0.014387631907189032,0.014515910703946975,0.02378292787061921,-0.01591710800296657,0.2956781178197372,0.9371628937025731
2016-02-08,156.61493026107567,156.9099929217756,154.1110463004901,156.31985473632812,191526700.0,-0.0135523343628521,0.0123966146058956,-0.043428607180059614,-0.0119015692322774,-0.034454878331416604,0.01167605036569689,0.014216437268199052,0.014612557750862488,0.017905253468963406,-0.0018840829814606907,0.059397649073529735,0.9975572629375883
2016-02-09,154.5831537838088,157.60130371702277,154.44826138293897,156.32827758789062,184513100.0,5.388070929404439e-05,0.0123329775685508,-0.025188406427409868,-0.025399016443013258,-0.03539101024568776,0.01078075711198132,0.01327061056760065,0.014604908270654963,0.02016936655821023,0.011289223704948207,-0.03661943739436846,0.961886030228133
2016-02-10,157.15450639185042,158.7816027941018,156.06695394221933,156.19342041015625,148214100.0,-0.0008630260680684,0.0124299890038453,-0.03202869825987837,-0.015318711555543055,-0.04428953034476586,0.009376028807976871,0.0129400969272473,0.014424918628549045,0.017380046129689228,-0.006115548346401141,-0.19672857916321385,0.7775432458759963
2016-02-11,153.72324244853974,155.2070332423687,152.66941960703548,154.16163635253906,219058900.0,-0.0130934749766606,0.0110370442741046,-0.04668876536041017,-0.03360786378433726,-0.03212635620706366,0.00851210727702739,0.013173949221401682,0.013637218848651305,0.01646073365185472,0.0028518387786809984,0.4779896109749342,1.1498372302378477
2016-02-12,155.9320298374662,157.35678720240546,155.0889717482724,157.33993530273438,127632400.0,0.0204070190195821,0.0106878914124997,-0.007047935678704972,-0.037285662546871455,-0.028002535568542958,0.013805472796787246,0.01234805971316596,0.013949538635242922,0.014413476462727675,0.009028969011278176,-0.41736035376786795,0.6904467536021041
2016-02-16,159.14409084927416,160.02086566659136,158.18300507119434,159.99557495117188,120250700.0,0.0167375005892003,0.0117197788716484,0.023241899273347424,-0.02018670790671216,0.010435001673831736,0.01379075758399458,0.01394654967528433,0.013650174293715976,0.011486946410598569,0.005350397224011,-0.057835627944001655,0.6886223978671556
2016-02-17,161.15903893571564,162.98004807787112,161.03257246348142,162.60910034179688,136009500.0,0.0162030049131049,0.0109579647402309,0.03939102347715828,0.014202617049748446,0.025307341577755736,0.014326383653038214,0.013755525138835474,0.014094429641911524,0.011976424506969155,0.008997704476629722,0.13104954898391452,0.7923040032878319
2016-02-18,162.8788033190904,162.9378235539374,161.6310810787867,161.94300842285156,102343000.0,-0.0041046897319508,0.0106595747734392,0.03614935981327588,0.004120661553397544,0.03410061963064334,0.014883380338747384,0.01375388618345109,0.013762606394117957,0.008069150300941873,-0.00574534486482902,-0.24753050338395477,0.6299851523241778
2016-02-19,161.16746278651044,162.01894708663167,160.56045974704102,161.86720275878906,114793000.0,-0.0004682104691554,0.0105536366211304,0.048774624320781085,0.002085858960370945,0.02804597516793774,0.011184840441033449,0.0137499591146475,0.013739306106572119,0.009010394414265951,0.004341695030624934,0.12164974644088988,0.7246847997058661
2016-02-22,163.44373597191037,164.35424063261036,163.37628975288987,164.21092224121094,103640300.0,0.0143754497102782,0.0099702086583467,0.04274305501147719,0.035695119332772245,0.02211374133939714,0.010012602022657427,0.012522368381858872,0.013368721577123644,0.005955455741756082,0.00469388603202521,-0.09715487878180729,0.6679142225071426
2016-02-23,163.55332530829386,163.82311016395872,162.01895288581227,162.13699340820312,111455300.0,-0.0127100965144933,0.009678923406374,0.01329545790778359,0.03653735718113105,0.02463578794885364,0.012373877066607425,0.012396614605895579,0.013217541693948082,0.011127363596808678,-0.008659756060728142,0.07540503066857207,0.722683341864741
2016-02-24,160.71220733876964,163.15707125544148,159.60780302749964,162.8788604736328,150812200.0,0.0045651210238819,0.0096856460896379,0.001657574018560589,0.0410485974957189,0.01564958105270564,0.010069243097879394,0.012332977568550767,0.012926242655924814,0.021790846384981927,0.013481571628818592,0.35311824561057215,0.9747867059027513
2016-02-25,163.3256295149316,164.86000131333842,162.5668824290666,164.8515625,110728300.0,0.0120387105585728,0.0091781928022751,0.01780097430908419,0.053950334122360104,0.03863162256681704,0.010849139060648355,0.012429989003845314,0.012850284966237755,0.013910204122401447,0.009342887516186822,-0.2657868527877718,0.7334682848260119
2016-02-26,165.71994908705076,165.81267313539044,164.312030636082,164.4722137451172,129833700.0,-0.0023038052520315,0.0100078780460631,0.01596537952620809,0.0647400038469892,0.031132140062651942,0.011048753771493496,0.011037044274104575,0.01285943993409015,0.00912398796816822,-0.007529180094535005,0.17254306261362262,0.8640194693316102
2016-02-29,164.4891468311837,165.4333682483584,162.98850370858017,163.18240356445312,125918100.0,-0.0078730271137782,0.0093447105943042,-0.00628309729784831,0.03645995771362891,-0.0008257048332425566,0.009832523169642714,0.01068789141249968,0.011859420503966156,0.014982403043307058,-0.007944252200856042,-0.03015857978321501,0.8622369442606624
2016-03-01,164.40476411830258,167.1025604717824,163.93265361565753,167.01824951171875,141799700.0,0.0232344695389495,0.0067613910022299,0.02966146875559449,0.04295692666337811,0.022770218756665943,0.01221620834647462,0.011719778871648406,0.012949478979857479,0.018979404139321032,0.015896652432380576,0.12612642662174856,0.9690839359338485
2016-03-02,166.7063516447515,167.81918190324672,166.29324844973772,167.7686004638672,102415000.0,0.0044825667951306,0.0068252710154734,0.029578914526843192,0.031236488545403805,0.04543910559515225,0.012218573662651732,0.010957964740230955,0.012135486906602384,0.009095465118561578,0.006371975684401813,-0.277748824574382,0.7196312149130157
2016-03-03,167.59156085410075,168.44305800594853,167.0182873607036,168.4261932373047,95172200.0,0.0039119797473666,0.0069359103358621,0.02145218371563699,0.03925315802472121,0.04337381957811875,0.01173126594524938,0.01065957477343918,0.012111060388396148,0.008459317507921692,0.004980157586398638,-0.07072010935898065,0.6955922927933678
2016-03-04,168.6200687052301,169.74977648835898,167.79387525766805,168.97415161132812,129293600.0,0.003248122677703,0.0069483409627767,0.02700411164537149,0.0429694911715796,0.04505535013195054,0.011201874989098281,0.010553636621130378,0.012112497163993253,0.011575150471474845,0.002099885908106299,0.35852276189895793,0.9485268146874579
2016-03-07,168.05520140505269,169.51370120479942,167.9793292621422,169.10902404785156,100219000.0,0.0007978654567197,0.0069345586176679,0.03567500421586939,0.02939190691802111,0.06508702625079334,0.009108831846468572,0.009970208658346743,0.011021317763352106,0.009073270638845745,0.006270693403049849,-0.2248726928479059,0.75761951185291
2016-03-08,168.03831996159568,168.54414702278072,167.10252510475314,167.2626953125,123974900.0,-0.0109780173056032,0.0052586041946679,0.0014625173713166892,0.031123986126911203,0.06766134330804224,0.0064550939842672,0.009678923406373972,0.010828042874262691,0.008618908808889932,-0.004615760555526505,0.23703988265698128,0.9617625850585534
2016-03-09,168.0720787159687,168.43458755741102,167.2880279218925,168.0889434814453,94801200.0,0.0049276624609291,0.0061247286086492,0.0019076130371151892,0.03148652756395841,0.0725351250596773,0.006529957877952565,0.009685646089637958,0.010803991323847946,0.006821148445406692,0.00010034245786364233,-0.23531940739617452,0.7619557114026394
2016-03-10,168.57789636690103,169.5136913337756,166.4028050151373,168.2238006591797,156838700.0,0.0008019748719716,0.0061736429684004,-0.0012023918382798112,0.020249791877357204,0.0742001259997173,0.006251792262546166,0.009178192802275139,0.010773947561603396,0.01849254568288433,-0.0021004871655929975,0.6543957249486294,1.2562222423264302
2016-03-11,169.67388925834564,170.98063204544795,168.20697621851687,170.9384765625,137964500.0,0.0160084659160746,0.0038590270578933,0.01155795140009179,0.03856206304546331,0.1033020668924525,0.009690616687626462,0.010007878046063123,0.010341612296347016,0.016226047421903565,0.007453046014810794,-0.12034147184336519,1.142139727661211
2016-03-14,170.4326625925799,171.17454512106875,170.10387038253248,170.71929931640625,73612000.0,-0.001283022320194,0.0045994840157012,0.00947706362317809,0.0451520678390475,0.0816120255526764,0.00981575347671959,0.009344710594304216,0.00978121020752435,0.006271550684799327,0.0016818180239990402,-0.46644245439950127,0.6233353002735242
2016-03-15,169.75822588499912,170.74460258765515,169.4968798608829,170.44110107421875,93169100.0,-0.0016308944621473,0.0044927505524939,0.018824186466633988,0.02028670383795071,0.06324363050132879,0.007325161530725828,0.0067613910022299595,0.00938454377635482,0.007320550729304022,0.004022633870374186,0.26567815030158126,0.7980929189748831
2016-03-16,169.96050122511295,171.83209105035002,169.9183457514907,171.4274139404297,129303200.0,0.0057701458862929,0.0045573406062478,0.01966666989199779,0.021574282929113005,0.05281077147451681,0.007368159714662713,0.006825271015473406,0.008898905172204373,0.011163589620061174,0.008630903679048403,0.3878335199116445,1.1108107214206342
2016-03-17,171.34316418983127,173.02084188245536,170.94692578129084,172.5150146484375,134278500.0,0.0063243394399222,0.0046131157155056,0.02518903445994839,0.023986642621668608,0.0632398006463898,0.007193248666327068,0.006935910335862179,0.008787712125062765,0.012021655653514433,0.006839201692971744,0.038477779358902175,1.1379425408020474
2016-03-18,173.01497108735393,173.531889532325,172.70143484267174,173.19293212890625,138372400.0,0.0039219136021123,0.0047709025759835,0.01310248214598609,0.024660433546077908,0.0676299247176575,0.0038289755335628776,0.006948340962776779,0.00874699729576261,0.00479496870596985,0.0010285875287779063,0.03048812728768935,1.1610361612817979
2016-03-21,172.9301931776387,173.667432449845,172.70138987818433,173.43862915039062,72926700.0,0.0014176266103696,0.0058816418712854,0.015803131076549688,0.025280194699727806,0.0546721016177489,0.0032937422027026963,0.006934558617667946,0.008361200442910185,0.005569938925330174,0.002940122620632512,-0.47296787509647875,0.6198908804978119
2016-03-22,172.66751604840624,173.91320443773537,172.5065197008016,173.34544372558594,97471900.0,-0.0005374262218835,0.0068426025206011,0.01689659931681349,0.03572078578344751,0.0668447719103587,0.002910014504203466,0.005258604194668006,0.00758484227986394,0.008114921896422224,0.003926202754834575,0.33657357319061476,0.8334832254188702
2016-03-23,172.96407640763144,173.1505068021916,172.0319244348305,172.201416015625,81052500.0,-0.0066215730672699,0.0076690904655051,0.004504880363250689,0.02417155025524851,0.055658077819206904,0.004936182945149458,0.00612472860864924,0.007896007688703648,0.006495779147713797,-0.004409357178938393,-0.1684526514821194,0.7143879554292074
2016-03-24,171.1761376031501,172.15913238773123,170.95581653642623,172.12522888183594,84360900.0,-0.0004425282571732,0.0076965303731483,-0.00226198733384471,0.02292704712610371,0.04317683900346091,0.003895434579630504,0.0061736429684004545,0.00761417030879885,0.006990932468889171,0.005544530283106328,0.04081798834089012,0.7522894153847964
2016-03-28,172.54044974078877,172.75230138022638,171.77778901097253,172.22691345214844,62408200.0,0.0005905848157578,0.0077561333279356,-0.005593316120199211,0.007509166025786908,0.046071229071250205,0.003179280841420478,0.00385902705789339,0.007552139940829459,0.005658304789423153,-0.0018171755615066958,-0.26022363440883156,0.5737755672954675
2016-03-29,171.82009741350487,173.930143763803,171.515030627081,173.81997680664062,92922900.0,0.0092072759704432,0.0077639951708459,0.0021963332398743894,0.01799946431642411,0.0631515321554716,0.005667623694458434,0.004599484015701293,0.007302389722840832,0.013894335858809824,0.011639379928430704,0.488953374716784,0.8674828300099923
2016-03-30,174.81994487938724,175.3029598090337,174.21828063922183,174.58267211914062,86365300.0,0.0043782476005663,0.0082779843588458,0.007112007062324189,0.02400860637913771,0.0442953102170884,0.005878280052979971,0.00449275055249395,0.005590422120556034,0.00621298297617787,-0.0013572407908623465,-0.07057033303954141,0.8276808719364641
2016-03-31,174.48943875381522,174.91314191454202,173.99794153572478,174.15895080566406,94584100.0,-0.0024300025814298,0.0082020864247615,0.01130357754816429,0.015808457911415007,0.037382740840528,0.0046053866286949055,0.004557340606247905,0.005656134710629136,0.005254971820762037,-0.00189402837507799,0.0951632194874561,0.9098597762734671
2016-04-01,173.16752418241117,175.53178263807487,172.8539749834099,175.34535217285156,114423500.0,0.0067890776393821,0.0079818051941853,0.01853518344471959,0.016273196110874907,0.0402598387325435,0.004679146715636301,0.004613115715505632,0.005746688117056395,0.015271620385040208,0.012576422748565208,0.20975407071590246,1.0906081088454982
2016-04-04,175.26902399778817,175.47240613852486,174.47246010955988,174.77752685546875,63497000.0,-0.003243580178425,0.0081164729616727,0.014701018450536792,0.009107702330337607,0.0337681358764155,0.005550592181568211,0.004770902575983562,0.005855554961043433,0.005721250591856035,-0.0028042441904943794,-0.4450702871350728,0.6248024337942576
2016-04-05,173.43868814815048,174.78606139030236,172.7777121074572,173.0319366455078,99662200.0,-0.0100377077084736,0.0070451445735417,-0.004543965228380012,-0.002347631988505592,0.022932562711222203,0.006676683387102713,0.005881641871285413,0.006416677158168747,0.01160681271781454,-0.0023452178229993194,0.5695576168952865,0.9809321375989258
2016-04-06,173.03190307804113,174.98094025112778,172.85394205681024,174.92161560058594,91839800.0,0.010861780379967,0.0064504582431691,0.0019395675510206888,0.00905157461334491,0.0447723603967924,0.008374048673126635,0.006842602520601178,0.006094991417470893,0.01215972186750379,0.010921179787825086,-0.0784891363024296,0.9184647723889526
2016-04-07,173.83692200157756,174.1928310839261,172.0997365590909,172.82850646972656,113859000.0,-0.0120381519673545,0.0050634377690418,-0.007668581834904012,0.0036349957132603087,0.027806545968508796,0.010105715090336406,0.007669090465505153,0.006836560944857158,0.012110817639923567,-0.005800928365734919,0.23975661967904993,1.1279241238995807
2016-04-08,174.00641968290486,174.4386052040037,172.7607312933758,173.2946014404297,95040600.0,0.0026932339493463,0.0051192926426165,-0.011764425524939812,0.006770757919779808,0.029697805045883503,0.009404054069202259,0.007696530373148301,0.006841072975324504,0.009682205312117888,-0.004090758512084409,-0.165278107132506,0.9712319816987695
2016-04-11,173.93020014726278,174.62507974786493,172.79467843595503,172.8878936767578,83757500.0,-0.0023496736924985,0.005061531616974,-0.010870519039013312,0.0038304994115235086,0.0113396654373104,0.009391376238125686,0.007756133327935617,0.00596535557554639,0.010587215061640638,-0.005992671023332756,-0.11871873704501024,0.8803108800938437
2016-04-12,173.05730624126355,174.77753990260072,172.6166513686354,174.49789428710938,115350600.0,0.0092693034299089,0.004415060851766,0.008436492099369187,0.003892526870989208,0.0218919911874133,0.00931873056894103,0.007763995170845955,0.006252848412889703,0.012383464813678068,0.008324341093333952,0.37719726591648506,1.1863404026409126
2016-04-13,175.41310699169452,176.34525910921872,175.2775188781648,176.26051330566406,96336400.0,0.0100504154275132,0.0032555389952041,0.007625127146915387,0.009564694697936109,0.0335733010770738,0.009124060251557991,0.008277984358845851,0.0065245279013838794,0.0060577392578125,0.00483091787439616,-0.1648383276723311,0.9891749373091835
2016-04-14,176.3198524369293,176.76897678579215,175.92157040221767,176.2689971923828,65212900.0,4.813149803213365e-05,0.004496494520223,0.01971141061230202,0.012042828777398042,0.027851286688813034,0.005522673421545819,0.008202086424761529,0.006460817832475632,0.004807461306707311,-0.00028842608386752235,-0.32307103026478046,0.6923831525326788
2016-04-15,176.2690118023422,176.40459993824712,175.75209334830146,176.07411193847656,75761600.0,-0.0011062244087073,0.0047827656358264,0.01591195225424842,0.004147526729308642,0.020420722840183536,0.005979962520320696,0.007981805194185348,0.006375372227567227,0.003705863302457869,-0.0011056955608520604,0.16175787305885803,0.8301704026833135
2016-04-18,176.0740908506917,177.34520037917224,175.4131149303134,177.31130981445312,82531000.0,0.007002003221404,0.0049522872018881,0.02526362916815092,0.014393110129137642,0.02350081245947523,0.005232942355602166,0.008116472961672746,0.006485386728410434,0.010896571972090516,0.007026695170106345,0.08935133365715608,0.9328885634990097
2016-04-19,177.73501501914237,178.12481470463754,177.0570873434698,177.87059020996094,88316100.0,0.0031492644062566,0.0053603353551518,0.019143590144498623,0.027580082243867845,0.025232450255362235,0.004687414160229354,0.007045144573541759,0.006500337490980121,0.006002832508215071,0.0007627939312012845,0.07009608510741416,0.9896725262977418
2016-04-20,177.91299661996968,178.73498198033556,177.43845103674758,178.0401153564453,81100300.0,0.0009526274801703,0.0053868122918284,0.010045802197155722,0.017670929344071145,0.026722503957416033,0.003197492582309148,0.006450458243169151,0.006487158371554494,0.0072822405276039125,0.000714499440123358,-0.08170424192191461,0.917225821745342
2016-04-21,178.057001050569,178.16716800323152,176.8113128010852,177.08248901367188,85695000.0,-0.0053932284354039,0.0053219299093222,0.004604442263719687,0.02431585287602174,0.027950848589282033,0.0046347567955590885,0.005063437769041786,0.006413247178716032,0.0076566305889321975,-0.005473034091034468,0.0566545376527583,0.9666530909971992
2016-04-22,176.72657993244698,177.35365229586503,176.18424043766717,177.08248901367188,99251700.0,0.0,0.0055880066562037,0.005710666672426988,0.02162261892667544,0.028393376846455234,0.004539217573458468,0.005119292642616528,0.006407325253909263,0.006603769038437084,0.0020138967288391976,0.15819709434622786,1.1102503322723773
2016-04-25,176.48083791459973,176.81980820538138,175.87070432158723,176.77743530273438,66166500.0,-0.0017241499562069,0.0056380150959946,-0.003015486505183912,0.02224814266296704,0.026078642074490534,0.0032041512008579346,0.005061531616974001,0.0064438907736011596,0.005368919863379594,0.0016806209197520264,-0.33334643134576036,0.7385997675916489
2016-04-26,177.1417847029803,177.54854898506105,176.56555469895437,177.04010009765625,75864200.0,0.0014847474581937,0.0070968912287741,-0.004680003453246812,0.014463586691251843,0.018356113562241032,0.0027744861548602167,0.004415060851766076,0.006170979685616878,0.00555238211887843,-0.0005740294730265737,0.14656510469799677,0.8549931920456225
2016-04-27,176.6588192206628,177.7943407317945,176.3029100722661,177.404541015625,77329400.0,0.0020564060173302,0.007594705411185,-0.0035762249160869123,0.0064695772810688425,0.016034271979004935,0.002997290852610596,0.003255538995204202,0.006124115490774476,0.00840694748279899,0.004221254269965056,0.01931345746742208,0.8759662692031862
2016-04-28,176.65035289468423,177.75197092687552,175.37924322948243,175.79446411132812,97216200.0,-0.009117172097062,0.0070947359830342,-0.0073001685777450125,-0.0026957263140252917,0.009347102463372734,0.004524110647103979,0.004496494520223001,0.006481940143750092,0.013497169603079616,-0.004845100897513478,0.25716997674881736,1.099599227807307
2016-04-29,175.17580955389846,175.5232491969226,173.74369101639255,174.84532165527344,142424100.0,-0.00541378823962,0.0074261619143204,-0.012713956817365013,-0.007003290144937992,-0.0028557634156293676,0.004730458866599011,0.004782765635826452,0.006429674573964587,0.01017789989279003,-0.0018866069434280983,0.46502434779388624,1.5858271971333453
2016-05-02,175.34532812902663,176.4130555222075,174.91315552639526,176.235107421875,62188000.0,0.0079172344061599,0.0076924494691126,-0.0030725724549982136,-0.006088058960182092,0.008305051168955531,0.006701859279659945,0.004952287201888133,0.006627671065001132,0.008510790033575653,0.005074439691906909,-0.5633604144242442,0.6929399141379833
2016-05-03,175.00640660086017,175.24367940351192,173.95561781026117,174.7013397216797,106422100.0,-0.0087410554157482,0.0077697671814816,-0.013298375328940114,-0.017978378782186895,0.00960170346168093,0.007422601110870683,0.005360335355151846,0.0065255932708282016,0.007372934834402431,-0.0017431754934335488,0.7112963915868014,1.181376317324605
2016-05-04,173.70982204814575,174.4385919831778,173.22679425067844,173.7267608642578,92243800.0,-0.0055941607314242,0.0075730130287704,-0.020948942077694516,-0.02452516699378139,-0.006854237649710269,0.006982900185958627,0.005386812291828413,0.006175763116008749,0.006975308389282596,9.751213784194994e-05,-0.13322702709305678,1.0237554985469464
2016-05-05,174.19286831503095,174.54877747344975,173.26919838505867,173.69290161132812,67619200.0,-0.0001949184614113,0.0076505069238949,-0.012026688442043814,-0.01932685701978879,0.004988995856232931,0.006534564523476661,0.005321929909322195,0.00552928265242982,0.007366904902391364,-0.0028701904305211035,-0.2669512747740228,0.7702261361482496
2016-05-06,172.9217931159395,174.37086412809265,172.7692661306596,174.3284912109375,89315000.0,0.0036525933138469,0.0078484449559463,-0.0029603068885769132,-0.015674263705941893,0.005948355220733531,0.006745554692912904,0.005588006656203758,0.005555697183310723,0.009187241777335908,0.008134880338968337,0.32085265723344847,1.0206835991693282
2016-05-09,174.20134033716386,174.90467627236418,174.02337930329685,174.47250366210938,74374900.0,0.0008257571593652,0.0078499215866742,-0.010051784135371613,-0.013124356590369793,0.00912378607259723,0.0050387080987731245,0.0056380150959946754,0.005521334382775627,0.0050512083598805435,0.0015566087173651292,-0.16727425404467333,0.8545308002038238
2016-05-10,175.1758212505375,176.65878218986694,175.10802719880667,176.64183044433594,77472200.0,0.0123569685150965,0.0079449419873852,0.011046239795473088,-0.0022521355334669934,0.01221145115778483,0.006588754215659359,0.007096891228774093,0.00581603235808403,0.008779092625792016,0.008368787332252587,0.04164442574040428,0.9099172288938847
2016-05-11,176.1842718141911,176.71812906590588,174.9894256591797,174.9894256591797,81727000.0,-0.0093985783117015,0.0075155942251851,0.0072418222151957885,-0.013707119862498694,-0.007237542581429871,0.007819853792977385,0.007594705411185039,0.005780446692213725,0.0098789021120232,-0.0067817980725971795,0.054920345620751654,0.9681967730486204
2016-05-12,175.65887101006464,175.82836263828253,174.03185223626025,175.04026794433594,89586300.0,0.0002905026998732,0.0075156593778268,0.007727243376480287,-0.004299445065563494,-0.0069951713795888045,0.007797332745010226,0.0070947359830342465,0.005781605451984439,0.010263412088660544,-0.0035216158578934647,0.0961652819753569,1.046199455496032
2016-05-13,174.74364193878978,175.29445080844502,173.19288700788638,173.514892578125,96474600.0,-0.0087526181046898,0.0066523133471796,-0.004677968042056413,-0.007638274930633294,-0.014641565075571305,0.008860387386497144,0.007426161914320432,0.006079407482504979,0.012111720033555094,-0.007031725715635434,0.0768901048486208,1.113178565774674
2016-05-16,173.68441173226154,175.70123005894357,173.62508708098525,175.2266845703125,77486800.0,0.0098170442073473,0.006269039251743,0.004313319005925686,-0.005738465129445893,-0.011826524089628004,0.01012884585563779,0.007692449469112671,0.006296600825156438,0.011848326543696186,0.00887974241711692,-0.1968165714084329,0.8966960898663371
2016-05-17,174.95551118991153,175.2436262299386,173.06578582235952,173.5911865234375,114924900.0,-0.0093774440324463,0.0049815756137175,-0.01742109354161711,-0.006374853746143992,-0.024353232528330902,0.008494673379534393,0.007769767181481638,0.006523860595134327,0.012545800574299553,-0.0077981234040297226,0.4831545501943557,1.3097733853588578
2016-05-18,173.24374681139082,174.81992305361686,172.557349774201,173.64202880859375,120062100.0,0.0002928422931601,0.0049148050739601,-0.007729672936755512,-0.00048785072155969206,-0.025013017715341104,0.007892080158657017,0.007573013028770406,0.006513969142059721,0.013030101611574222,0.002298968964441387,0.04470049571502788,1.338601349950163
2016-05-19,172.9217078869592,173.32845924429304,171.83702898047397,173.04034423828125,115430500.0,-0.0034711033569067,0.0048477348868741,-0.011491278993535413,-0.003764035617055092,-0.023090892636843906,0.007852444743179587,0.007650506923894895,0.006463618091698799,0.008618974207340509,0.0006860697408771396,-0.038576703222748865,1.2659771619498903
2016-05-20,173.65050185323304,174.65044803642593,173.59965954280523,174.13352966308594,104990400.0,0.006297645761915,0.0047682658775222,0.003558984873069388,-0.0011189831689869924,-0.016793246874928905,0.0076415344687909975,0.00784844495594636,0.006672835620405701,0.006034383473727141,0.002781609063595725,-0.09044489974486813,1.1478637232166606
2016-05-23,174.15042119992066,174.4300667617476,173.70977934224555,173.89620971679688,58682600.0,-0.0013637914018213,0.0045692617762962,-0.007621850736099211,-0.003308531730173492,-0.016432888320543303,0.005700274535191841,0.007849921586674245,0.006670807846370175,0.004142053588603797,-0.0014597236192265856,-0.4410669927917219,0.6442144601185739
2016-05-24,174.70981724921847,176.46395511860163,174.6843960856389,176.15040588378906,93537800.0,0.0128795836190765,0.0030387106758679,0.014635176915423587,-0.0027859166261934906,-0.005038052159660505,0.006646438478329448,0.007944941987385242,0.00733199894039263,0.010102497488065727,0.008245607815590753,0.5939614127526729,1.0169872061979184
2016-05-25,176.82831162377144,177.76046393971208,176.15038384221432,177.34523010253906,76621400.0,0.0067600764890102,0.0027382042311318,0.02110241111127369,0.013372738174518211,-0.00033438168798050494,0.00663492247582416,0.007515594225185121,0.007483804609140718,0.009078789976853772,0.0029232789366187163,-0.18085095009718,0.8333848615066816
2016-05-26,177.48075714495775,177.70956044017424,177.08247519529638,177.39601135253906,55280700.0,0.0002863002347207,0.0044036681803121,0.024859814702901085,0.01336853570936571,0.009069090643802196,0.0056917147653449875,0.00751565937782688,0.007170816617246765,0.003534945572319858,-0.00047749284926405105,-0.2785214052470981,0.6153018558328608
2016-05-27,177.55704249760646,178.16717607316846,177.50620018804196,178.15870666503906,64211200.0,0.0042901778189068,0.004829964111436,0.02285234675989289,0.026411331632962307,0.018773056702328997,0.005645437945392203,0.006652313347179622,0.007080659975847065,0.003710039758928103,0.003388568310044436,0.16154824378128363,0.7472276956672135
2016-05-31,178.42989685111044,178.54006382536642,177.2604718333041,177.81976318359375,109879400.0,-0.0019042926052026,0.0048315613109801,0.022311845556511587,0.01468999482041241,0.008951529690966497,0.005790780210364497,0.006269039251743025,0.006909710126332386,0.007196005489790053,-0.0034194587245982306,0.7112186036080932,1.244145743162327
2016-06-01,177.20957244558164,178.3620453430254,177.01467264884693,178.18409729003906,69936200.0,0.002046799341756,0.0047227297203034,0.011479061279191089,0.02611423819461471,0.019739384448470697,0.003378171694158902,0.004981575613717564,0.006567245090932984,0.007561688807645249,0.0054992787974627155,-0.36351854851773857,0.8085778188601717
2016-06-02,177.78583423166788,178.74339450363115,177.31128879947488,178.72645568847656,63044700.0,0.0030391862127695,0.0047168087305866,0.007758171002950389,0.028860582114224112,0.028372731392664396,0.0024239492975084175,0.004914805073960091,0.006393331405441866,0.008012835585194266,0.005290755930435869,-0.09853981200008011,0.7414154251716351
2016-06-03,178.16720579410213,178.5400667002992,176.98931134792298,178.192626953125,101757100.0,-0.0029913174126637,0.0047534831115277,0.00448055335556599,0.02934036805846711,0.025576332441411997,0.0031776919538502872,0.004847734886874102,0.006460699752998144,0.00870269089631956,0.00014268147109096523,0.6140468588160464,1.1731305782501895
2016-06-06,178.54851283883448,179.45524382712608,178.38750356574386,179.09933471679688,64887000.0,0.0050754554110384,0.0049675009452386,0.00526583094769759,0.028118177707590508,0.0269991945386035,0.0033990735166485914,0.004768265877522248,0.006495952619064584,0.0059617209805419135,0.0030849984085814654,-0.3623344218732648,0.7587490830919525
2016-06-07,179.25186150671053,179.93825857110662,179.22644035102138,179.37896728515625,60974800.0,0.0015601090694479,0.0050602996844817,0.008730232622348089,0.03104207817885971,0.0277335464486862,0.0029717341677274645,0.004569261776296268,0.006494909014116709,0.003968236805342217,0.0007090904238166907,-0.06029250851480261,0.7186324171049338
2016-06-08,179.51459018821174,180.09083333308234,179.38748438513582,179.96371459960938,66170900.0,0.003254541472919,0.0048320502649943,0.009937974753511089,0.02141703603270221,0.018631119406508696,0.0030503357354506803,0.0030387106758679137,0.0059845939828925086,0.003908282008466888,0.0025018824983905202,0.08521717168403997,0.7851007767610483
2016-06-09,179.2348678020025,179.83653185005488,178.96370456133056,179.7178955078125,73786900.0,-0.001366870716555,0.0066540701486425,0.0055319178241865895,0.013290088827137012,0.0266628270016552,0.003297048702754147,0.002738204231131888,0.005505201426913654,0.004856652067163679,0.002694942740402466,0.11509591074021963,0.8796059285713052
2016-06-10,178.3451058045161,178.6840630957541,177.47226556531416,178.01461791992188,113829200.0,-0.0095227042290374,0.0131975297859021,-0.0009994689921871101,0.003481084363378911,0.016849620072744598,0.005725746062156329,0.004403668180312182,0.0060165777501056525,0.006807292258353004,-0.001853080762173913,0.5426749192607361,1.3376176255128471
2016-06-13,177.41297323608163,178.26884889469594,176.55709757746737,176.64183044433594,117751200.0,-0.0077415444609167,0.0140079384420759,-0.013816468864142211,-0.00855063791644459,0.0178606937165177,0.005642002307749711,0.004829964111436008,0.005935412908175086,0.009690520715974888,-0.004346597532749406,0.03445513102086273,1.3666210589342507
2016-06-14,176.26052776899468,176.8876131477305,175.34532732316208,176.29441833496094,125059300.0,-0.0019686967421677,0.0156129376021815,-0.01734527467575781,-0.00861504205340969,0.006074952767002699,0.005166668132750679,0.0048315613109801625,0.0055770194726093075,0.00874835311937133,0.00019227541409995493,0.06206391102595976,1.4124464378982304
2016-06-15,176.29443297815249,177.41301570387913,175.86226034161066,176.04869079589844,109124500.0,-0.0013948198363106,0.01670225668804,-0.021994635984987413,-0.01205666123147629,0.014057576963138398,0.003922697695649566,0.004722729720303471,0.005114135841010448,0.008808673073668722,-0.0013939304724642219,-0.1274179529231333,1.2365257032237464
2016-06-16,176.04863269544754,176.74351196490105,174.21823225582534,176.5740203857422,149533100.0,0.0029795583882246,0.0172384480438187,-0.01764820688020781,-0.01211628905602119,0.016744293058202898,0.0050749537604785,0.004716808730586616,0.005138029215610122,0.014301535999231361,0.002984332694043333,0.3702981456959711,1.6665814984979845
2016-06-17,176.47010087336312,176.49565422401903,175.26052795098747,175.9164276123047,117055700.0,-0.0037311282620674,0.0171571761731076,-0.011856630913237812,-0.01285609990542489,0.016484268153042197,0.003887028005206047,0.0047534831115277456,0.005149820193367759,0.007021096834421936,-0.0031374904775271655,-0.21719204644322898,1.3034327830286505
2016-06-20,177.87560661878948,178.54853320660186,176.9641604201192,177.04934692382812,82789600.0,0.0064194507446612,0.017276079146752,0.0023043642923400894,-0.011512104571802087,0.0166060731357884,0.004146314762532886,0.004967500945238669,0.005156701259701971,0.008948763799531497,-0.004645154614888442,-0.2927332885113668,0.9334120218840458
2016-06-21,177.4327180900244,177.96083819196116,176.98977152195235,177.55197143554688,72461700.0,0.0028348729816132,0.0173564182619374,0.007107934016120989,-0.010237340659636789,0.020804737519222898,0.0039964332898882425,0.005060299684481762,0.005148135051575752,0.005469196777470401,0.0006721045972027247,-0.12474876071390606,0.8106730218241125
2016-06-22,177.73080065636066,178.45484700076446,177.11749417578338,177.26231384277344,95560500.0,-0.0016327282701917,0.0173450041853817,0.006870025582239889,-0.01512461040274749,0.006292425629954699,0.004039532469420359,0.004832050264994318,0.004352898896296802,0.007544484758149299,-0.0026359348624835728,0.318772537768228,1.067885050531227
2016-06-23,178.71895691353055,179.62187698505792,178.2589834234159,179.57077026367188,102731400.0,0.0129387589257049,0.017498682543299,0.016829226119720188,-0.00081898076048759,0.0124711080666494,0.006644544464767049,0.006654070148642544,0.005004855536173791,0.007589729440046465,0.004766217108985588,0.07504041942015793,1.1315120602749682
2016-06-24,173.4547347208247,179.6048273711775,172.67958155075527,173.12252807617188,333444400.0,-0.0365697949550539,0.0115492990705061,-0.016009440573266313,-0.02786607148650409,-0.0243849871231252,0.01939982346818972,0.013197529785902154,0.009709561164191817,0.04000199106019982,-0.0019152353793483957,2.2457885320359696,3.1847773015786904
2016-06-27,171.71701148787568,171.72553793794785,169.2126787224782,170.02191162109375,230775800.0,-0.0180722779460858,0.0082681866673071,-0.040501169264013315,-0.03819680497167319,-0.0467474428881178,0.019455089178852945,0.014007938442075906,0.010310706738465332,0.01477961982376572,-0.009871473141154774,-0.3079032066515437,2.041763755724594
2016-06-28,171.62333532467787,173.11400855868138,171.31668202520586,173.0884552001953,159382400.0,0.0178754449296164,0.0076756807240318,-0.025460597316010115,-0.01835266329988909,-0.02696770535329881,0.022493985560873817,0.015612937602181486,0.011259408488762087,0.010383861427365056,0.008536833716380839,-0.3093625934781723,1.3799005080568596
2016-06-29,174.48542967094025,176.26571631196322,174.383216236283,176.03573608398438,137328600.0,0.0168842547960268,0.0065851308393008,-0.006943614249791612,-7.358866755169044e-05,-0.012130249899028004,0.02462892329879492,0.016702256688040065,0.01196179376568221,0.010693851814168551,0.008885019316328178,-0.1383703595880097,1.1552602100200855
2016-06-30,176.5042289771642,178.48894240865778,175.9505425669414,178.43783569335938,165021900.0,0.0135532607834966,0.0059586059678327,-0.006329112391999915,0.01050011372772031,-0.001616175328300903,0.024719658522092895,0.017238448043818702,0.012355025535740494,0.014225681632221439,0.010955016360799789,0.2016571930391775,1.3311298663480984
2016-07-01,178.4378526432485,179.2981924246243,178.27600603100393,178.81265258789062,106055300.0,0.0020983430078005,0.0059517842330479,0.03233902557085448,0.016329584997588208,0.0034734850921632966,0.015084331505562792,0.01715717617310766,0.012344333610592758,0.0057165216153702006,0.0021004508801810086,-0.3573259064402967,0.854002227783584
2016-07-05,177.98640172520842,178.09714162296606,176.93016146096247,177.52642822265625,109803700.0,-0.0072191349226498,0.0050124063321704,0.04319216859429049,0.0026909993302772096,-0.008821105241524903,0.010859405326129203,0.01727607914675202,0.012393413350296291,0.006573557377834207,-0.002584318229334861,0.03534382534394798,0.8684799806884402
2016-07-06,177.0323816898715,178.71045513913478,176.37648172805586,178.59120178222656,96021500.0,0.0059799158638972,0.0049516026286133,0.031296639528571285,0.00583604221256121,-0.004401298447075602,0.009554466951058159,0.01735641826193746,0.012470142597987174,0.01306880399363096,0.008805282273645462,-0.1255167175605194,0.7490889295560036
2016-07-07,178.77003634904318,179.43444962093204,177.7137962745728,178.4804229736328,85593800.0,-0.0006204851042065,0.0053295645588639,0.013791899628337984,0.0068482853785464095,-0.008276325024201102,0.007718661261959138,0.017345004185381714,0.012443390397357323,0.009640571877249815,-0.001620033095730356,-0.10859755367287538,0.6627188422640069
2016-07-08,179.77516827919834,181.3850946161257,179.5451750888838,181.1380615234375,133971000.0,0.0147805913645268,0.0035250731675327,0.015019230209368184,0.008690117817368309,0.007871137056880698,0.008154964343612457,0.017498682543299036,0.012893992910687015,0.010157553369885412,0.007581098420236381,0.565195142638836,1.0136668080810969
2016-07-11,181.5980887568401,182.3476886582677,181.39364887527617,181.77696228027344,73633900.0,0.0035209422314844,0.0037946364637679,0.016441829433052082,0.04878085500390661,0.0209147835174025,0.008140277464508064,0.011549299070506149,0.012694357387705843,0.005248408659841911,0.000984996729083699,-0.4503743347440864,0.5657402312697022
2016-07-12,182.7394538213966,183.3953535137022,181.8024542609601,183.0972137451172,101275600.0,0.0072367808603368,0.0032201885469301,0.030897745216038684,0.07408991381032921,0.035893108838656,0.005666660747739666,0.00826818666730714,0.012590060014495214,0.008699745999190909,0.00195775962026373,0.37539367057836137,0.7830717703545359
2016-07-13,183.5146322808212,183.52314573341144,182.5861590406213,183.0716857910156,87324100.0,-0.0001394326726013,0.0032640731677425,0.024778396679540182,0.05607503620811151,0.0377223729082224,0.006341225578232332,0.007675680724031799,0.012567906451762112,0.005118140955230729,-0.0024136848615307076,-0.1377577619880801,0.6851935657444411
2016-07-14,184.33239401470564,184.56238724640937,183.70206048745476,184.0938873291016,91230900.0,0.005568082924483,0.0028050618126788,0.030966964708229683,0.044758864336567714,0.04468527566901599,0.005533225116942875,0.006585130839300845,0.012568677403754515,0.004673304320075667,-0.0012938945803797428,0.04473908119293535,0.7209093941674872
2016-07-15,184.65606748793812,184.85198088781613,183.4039010235686,183.8468475341797,107155400.0,-0.0013428240400456,0.0027681750603187,0.014843549303657284,0.02986277951302551,0.040362893240745795,0.0036581417946341846,0.005958605967832734,0.01259232708243528,0.007876555315849512,-0.004382309039540702,0.17455160477425968,0.861164183868857
2016-07-18,183.96612717664067,184.50277373745143,183.71058057636697,184.34092712402344,58725900.0,0.0026838473215204,0.0026957347355652,0.014006454393693284,0.030448283826745408,0.0467778688243336,0.0036456839569509614,0.005951784233047979,0.012519666110727187,0.004297435048438738,0.002037331291009314,-0.4519557577126304,0.4832835820158554
2016-07-19,183.9235254473303,184.18758548966144,183.6765053102707,184.1535186767578,54345700.0,-0.0010171576020161,0.0034222220318474,0.005752515931340385,0.036650261147379105,0.0393412604776563,0.00293451543917976,0.005012406332170428,0.012502517061251309,0.0027752941299364346,0.0012504829323390903,-0.07458719236316513,0.4525332312450832
2016-07-20,184.1535087713769,185.15864216846143,184.1535087713769,184.92013549804688,58159500.0,0.0041542814836188,0.0032622212964758,0.010046230087560483,0.03482462676710071,0.0406606689796619,0.0030869514387057784,0.00495160262861329,0.012510815348495448,0.005435500003162993,0.004162976485133042,0.07017666531114708,0.4871915723510207
2016-07-21,184.80938706527985,185.03085380551676,183.7786874330219,184.2216339111328,67777300.0,-0.0037844669905796,0.0030606903366516,0.0006936801724978839,0.03166064488072761,0.038508930259273995,0.0032219880914846604,0.0053295645588639405,0.01255317849539005,0.006797064741586709,-0.0031803208888920055,0.16536937215760106,0.5744427786899005
2016-07-22,184.3409212505255,185.0990345753437,184.07686120445751,185.0479278564453,62787500.0,0.0044752961520055,0.0037830922365097,0.006511800364548985,0.021355349668206312,0.0300454674855746,0.003583484963380691,0.003525073167532788,0.012302525819351366,0.005523830408299145,0.003835320997224321,-0.07362051896431399,0.5413149035815024
2016-07-25,184.84350426323465,184.8946109866342,183.9661375178333,184.5453643798828,55873100.0,-0.0027195503644898,0.0036435661289732,0.0011084026785387843,0.01511485707223211,0.0638957120761387,0.0038663087424847505,0.0037946364637679877,0.008543203346724284,0.00503113948118292,-0.0016129313526065678,-0.11012383038025086,0.547173893957472
2016-07-26,184.4431237250592,184.9882836903036,183.78722387702436,184.63052368164065,70080500.0,0.0004613481325415,0.0036430648842908,0.002586908413096384,0.00833942434443681,0.082429338154766,0.003803909106199998,0.003220188546930186,0.006976460679498414,0.006505207206963445,0.00101603113630198,0.2542797875900926,0.744924018929949
2016-07-27,185.0053141240369,185.0734607409088,183.6679611384984,184.43460083007807,84083900.0,-0.001061725191327,0.0037434749048069,-0.0026290982618494153,0.007417131825711109,0.0634921680338226,0.0032289352418073984,0.003264073167742578,0.0062597789474137,0.0076205852702514645,-0.0030848481118557645,0.199818779831765,0.9310332666740152
2016-07-28,184.23868801764283,184.93718114385536,183.7787145668885,184.64756774902344,65035700.0,0.0011540353921781,0.0039641796482816,0.0023094041209082844,0.0030030842934062104,0.0477619486299739,0.0026939497268005292,0.002805061812678833,0.0053717983749617,0.006273933586503858,0.00221929354675742,-0.22653801738501667,0.750142362304192
2016-07-29,184.38347666204223,185.3034234086294,184.1023767681707,184.94566345214844,79519400.0,0.0016131018784932,0.0039896711869162,-0.0005527901526040156,0.005959010211945011,0.0358217897249705,0.0017754461856479941,0.002768175060318806,0.004685248482654596,0.0064940513772547255,0.003049008513580891,0.22270383804587324,0.9647756561194287
2016-08-01,185.00528114651027,185.39710787663188,184.3408679974903,184.79232788085935,73311400.0,-0.0008294283177493,0.0040127944778556,0.0013373318941364842,0.0024457345726753106,0.0328940183994207,0.0011836656890106417,0.002695734735565303,0.004720747209633319,0.005715821058450859,-0.0011510658740724333,-0.0780689995145839,0.9074822718782791
2016-08-02,184.54530878477047,184.69864190641763,182.77354891834585,183.6083221435547,92295500.0,-0.0064278378111634,0.0037669288165395,-0.0055518540495684155,-0.0029649456364719893,0.0336853155109071,0.003197717518874187,0.003422222031847426,0.0046452614129191576,0.010484780676589608,-0.0050772715241900876,0.25895154096088735,1.1549919609641237
2016-08-03,183.54870710658165,184.204606918532,183.2505802812501,184.1449737548828,53993600.0,0.002918543481415,0.003725655371118,-0.001571585376826416,-0.004200683638675789,0.0306239431284249,0.0036729710573077667,0.0032622212964759133,0.004545633243033168,0.005180845384092856,0.0032485472532090996,-0.4149920635350586,0.6939276765826334
2016-08-04,184.25574059138555,184.65609389903167,182.5010071992208,184.34092712402344,46585500.0,0.0010635597570732,0.0037461725003821,-0.0016620610119313156,0.0006473431089770105,0.0323079879897046,0.00366414089452093,0.0030606903366516966,0.0045191987986637,0.011690766306936013,0.0004623276993404787,-0.13720329816867183,0.6141123439804256
2016-08-05,184.3408719822423,185.8911650309218,184.3408719822423,185.84857177734372,71892200.0,0.0081453039229824,0.0028771328099626,0.004870141032557885,0.00431735087995391,0.0256727005481602,0.005321100143133759,0.0037830922365097784,0.0036645960464754246,0.008341700094078874,0.008178868738597777,0.5432312629466249,0.9881501210993215
2016-08-08,186.03601136483036,186.13823779474345,185.4738244896835,185.7378845214844,39906500.0,-0.0005957550780276,0.0028662118720482,0.005103814272279585,0.00644114616641611,0.0215560032386482,0.005302293617434806,0.0036435661289733142,0.003647892133238425,0.0035771555532231715,-0.0016025222275987522,-0.4449119654148851,0.5615258971834847
2016-08-09,185.8059915214018,186.3426249240497,185.52489164495,185.84857177734372,51251700.0,0.0005957550780278,0.0029212677459231,0.012127407161470784,0.0065755531119024106,0.0149149774563392,0.003438389111978892,0.0036430648842908715,0.0033476573611584365,0.004399997650126531,0.00022916513936532235,0.28429453848370567,0.7474714608454985
2016-08-10,185.95932408260404,186.0359841455934,185.03936433382063,185.38861083984372,57941100.0,-0.0024779908608334,0.0033026876426313,0.006730872819222384,0.005159287442396011,0.012576419268107101,0.004039384003325044,0.00374347490480693,0.00342025618560816,0.005375841629417834,-0.0030690219249603547,0.13052054858668094,0.8635344192189246
2016-08-11,185.91674052230485,186.49598024514216,185.65268051536748,186.2489471435547,72504300.0,0.0046299832841419,0.0028945380623476,0.010297296346291085,0.00863523533435981,0.011638319627766,0.00428445287443106,0.003964179648281678,0.0033547600492952316,0.004527809379371669,0.001786856957133362,0.2513449002521526,1.0958720042997956
2016-08-12,185.9422775017856,186.30005044482607,185.68674396766605,186.08709716796875,61313500.0,-0.0008693758675942,0.0029290727639756,0.0012826165557144852,0.00615275758827241,0.012111767800217402,0.0026792641479123644,0.00398967118691623,0.0033421101197707993,0.0032958033442073162,0.0007788420585616856,-0.15434670771250814,0.9599855579818689
2016-08-15,186.45341923045171,186.97302588150868,186.44490577630452,186.623779296875,49813500.0,0.0028798864413192,0.0032458817480613,0.004758258075061285,0.009862072347340909,0.0123078069200162,0.0028483971090366854,0.004012794477855681,0.003348806942886522,0.0028298650214560075,0.0009136870062582464,-0.18756065140629719,0.785409903605237
2016-08-16,186.2063996367809,186.27453326544065,185.66123962402344,185.66123962402344,53213600.0,-0.0051709940971253,0.0028267733137082,-0.0010084911000918153,0.011118916061379009,0.008153970424907,0.003973742358425091,0.003766928816539538,0.0035764578559581246,0.0033032939059287553,-0.0029277189925849332,0.06825659710721,0.8397687975114478
2016-08-17,185.6953007652244,186.1467607777324,184.86052736442625,186.01046752929688,75134300.0,0.0018792283691596,0.0028758455858951,0.003348728129901185,0.01007960094912361,0.005878917310447801,0.003824728380023941,0.003725655371118092,0.003486060119503951,0.0069148442579101965,0.0016972253081995842,0.41193792564306864,1.1700299794263724
2016-08-18,185.98492511942837,186.46193851939623,185.87419822149027,186.4278717041016,52989300.0,0.0022414682141656,0.0027271252864771,0.0009602130599248851,0.011257509406216011,0.011904852515193002,0.003322650202061292,0.0037461725003821054,0.003373608758851406,0.0031526417832995176,0.0023816262763704586,-0.29473888756533306,0.8347886664165471
2016-08-19,185.95934477450407,186.33414467656132,185.473817990576,186.1552581787109,75443000.0,-0.0014633704651386,0.0031536309128521,0.000366218462380485,0.00164883501809501,0.0059661858980489015,0.003380208381585703,0.002877132809962689,0.003274005831668481,0.004621554579776583,0.001053528148555269,0.42374026454397407,1.1767911815299799
2016-08-22,185.91676580332864,186.37675226307763,185.5504923239354,186.14675903320312,61368800.0,-4.565726274022168e-05,0.0033023576145572,-0.0025593252416789363,0.0021989328333823885,0.00864007899979848,0.0030053438878277464,0.0028662118720483155,0.003197997073689418,0.0044387554391685765,0.0012370763275743413,-0.18655408719165467,0.9531704876679895
2016-08-23,186.76005207653185,187.0581919083206,186.4619122447431,186.52154541015625,53399200.0,0.0020113677435804,0.0032426259704083,0.004623036599026764,0.003614545498934988,0.010190098610837379,0.0016178939584515612,0.0029212677459232155,0.003217468122403081,0.0031968406773935235,-0.0012770753901795997,-0.12986403514489442,0.8402732974769394
2016-08-24,186.376801424045,186.47050143147675,185.15018787135403,185.5675811767578,71728900.0,-0.0051276226872016,0.0028411791608826,-0.0023838144573344365,0.0009649136725667874,0.00612420111496278,0.0030153489768107835,0.0033026876426313595,0.0034425494593047588,0.00711500118582179,-0.0043418507083724765,0.34325795142998405,1.1397833059625422
2016-08-25,185.18416599040268,185.85710562988723,185.0308458685778,185.4397125244141,69224800.0,-0.0006893053564048,0.0082860266129854,-0.005314588027904837,-0.004354374967979913,0.00428086036637988,0.002612844475815505,0.002894538062347727,0.003443331745596364,0.004455678614151402,0.0013799588784748436,-0.03491061482889046,1.0963438391276863
2016-08-26,185.627115791674,186.64928894848688,184.20458942381688,185.0904693603516,122506300.0,-0.0018851002404643,0.0097607754621352,-0.005736317803230537,-0.005370099340850013,0.0007826582474223793,0.0026357103222326506,0.0029290727639757004,0.0034573438429386636,0.013208132936928418,-0.002890991593731729,0.769688030879107,1.8763165129570223
2016-08-29,185.2182560579585,186.26598260806705,185.1841762527955,186.00192260742188,70502200.0,0.0049122811440863,0.0104795391799922,-0.0007783793964040138,-0.0033377046380829115,0.00652436770925798,0.0038202156534279104,0.0032458817480613736,0.0036161633944977608,0.005816103081659072,0.004231043775825948,-0.42450143380381256,1.0821454790984366
2016-08-30,185.9167334635116,186.19783336276384,185.1415933751172,185.6952667236328,58114500.0,-0.0016500310584328,0.0104971085697852,-0.004439778198417213,0.00018325840060958842,0.011302174461988581,0.003648014585201818,0.0028267733137082554,0.00328956108980319,0.005688028598050553,-0.0011912146677332727,-0.17570657369557263,0.9160351909338611
2016-08-31,185.3630581585093,185.4823114783603,184.3919916975407,185.16714477539065,85269500.0,-0.0028480767468329,0.0111736743502809,-0.0021602322580485133,-0.004544046715382911,0.005535554233740679,0.0030846423535562427,0.00287584558589519,0.0033249575822784107,0.005888300444131984,-0.0010569170851244005,0.46726720525858445,1.3117348344865372
2016-09-01,185.1586040200542,185.46525724706987,184.01717761857665,185.17564392089844,97844200.0,4.58988038579271e-05,0.0112027429794287,-0.0014250280977857863,-0.006739616125690584,0.004517893280525407,0.0030868356892247324,0.002727125286477154,0.003320066684075206,0.00782003290406699,9.202867419749511e-05,0.14747008015761787,1.4480833920518967
2016-09-02,186.0275074347612,186.43637418242807,185.43975417381776,186.01046752929688,79293900.0,0.0044981479115252,0.011033828615918,0.004958220054203714,-0.0007780977490267843,0.0008707372690682069,0.003545535989140441,0.0031536309128521326,0.0029406768859061064,0.0053578705642107925,-9.159884846756522e-05,-0.1895901852128179,1.167148268892495
2016-09-06,186.2915014671845,186.6492613693248,185.57598166290387,186.57260131835935,56702100.0,0.003017497372243,0.0109294022041382,0.0030634362823604134,0.0022850568859564373,0.004483989719338806,0.0030942667549870785,0.003302357614557279,0.0030095199622170413,0.005752611577674912,0.0015089247172360132,-0.28491220636139725,0.8244228327006329
2016-09-07,186.4107963440116,186.73448951712933,185.95082293799388,186.55560302734372,76554900.0,-9.11123352746014e-05,0.011712013912275,0.004622355005518612,0.00018257680710143635,0.0037971223060364054,0.0028804227632296983,0.0032426259704083464,0.0030089758381874766,0.004200713173008227,0.0007768148957686299,0.3501245985598418,1.0929685502903606
2016-09-08,186.22343021291192,186.49601672347936,185.8230768990411,186.12973022460935,74102900.0,-0.0022854292890255,0.0119161219565534,0.005185002463326012,0.0030247702052775367,0.003989683877844305,0.0027016370088097422,0.0028411791608826923,0.003000285535955218,0.0036154343727151975,-0.0005031589644517144,-0.03202930184743236,1.0458949980864822
2016-09-09,184.81789031099623,184.86899701764105,181.64914452265415,181.67469787597656,221589100.0,-0.0242261914072996,0.008756804665433,-0.019087087747831515,-0.020512115845617265,-0.024866490813597195,0.011711266796152526,0.008286026612985442,0.006097380447643432,0.01772317517316024,-0.017006970644078703,1.9902891789660053,2.82980521464509
2016-09-12,180.9165757453348,184.6815879202217,180.84842914064836,184.2812347412109,168110900.0,0.0142453268895558,0.0080440948687952,-0.009339908769800918,-0.0043816887155971665,-0.009751788056447198,0.014024333210638259,0.00976077546213524,0.007013966111635198,0.02080059201337722,0.018597848107695436,-0.24133948826905294,2.009807007076728
2016-09-13,183.0035456328748,183.26760564649985,181.010305854894,181.6321258544922,182828800.0,-0.0144796853926089,0.0065640406981068,-0.026837091534652815,-0.023773655252292365,-0.027111359890375296,0.014668713043815883,0.010479539179992246,0.007622990888378845,0.0124278663864464,-0.007493951953990121,0.08754875501826476,2.0247705160114404
2016-09-14,181.6832334317643,182.88429317458588,181.01030671634427,181.56398010253903,134185500.0,-0.0003752559657722,0.0066023799516634,-0.027121235165150418,-0.022498880159631765,-0.0223156217590222,0.014643690638468276,0.010497108569785224,0.007571912751880984,0.010321355905412855,-0.0006563804869207257,-0.26605928606433993,1.4222904307615518
2016-09-15,181.40214184170569,183.76165500904517,181.22325535365331,183.3783416748047,134427900.0,0.0099433604318347,0.0068380426659674,-0.014892445444290216,-0.009707442980964166,-0.014251489696347097,0.016233862947688547,0.011173674350280917,0.007945294568849884,0.013842417987906913,0.010894027011122421,0.0018064544976916785,1.381449169290901
2016-09-16,182.7636526591604,182.9434427794408,181.9845969733969,182.6694793701172,155236400.0,-0.0038730632996432,0.0070257522222268,0.005460682663366185,-0.013626405084465292,-0.020366021210155894,0.011408753977423445,0.011202742979428701,0.007943283678779299,0.005249075047184746,-0.000515273620728362,0.1547930154380155,1.515659427217028
2016-09-19,183.32010935228303,183.96219630356973,182.3783765984122,182.7037048339844,80250500.0,0.0001873452428746,0.0071212794313706,-0.008597298983315014,-0.017937207753115893,-0.018715305502142697,0.008788138744744574,0.011033828615918064,0.007946990855683934,0.008668788115690877,-0.003362448999602598,-0.48304328108613703,0.7816957510059825
2016-09-20,183.55985516954945,183.7139497963564,182.67805663625663,182.71229553222656,69665300.0,4.701873062578114e-05,0.0073881538408437,0.005929405139919666,-0.02090768639473311,-0.018622629508776696,0.005172465393278672,0.010929402204138261,0.007947564182394817,0.00566953174706872,-0.0046173474943092515,-0.13190198191911573,0.6758576049393807
2016-09-21,183.4143028791124,184.94674482420385,182.72940744279296,184.7669677734375,110284400.0,0.0111826372694661,0.0065751851566187,0.017487298375157966,-0.00963393678999241,-0.009451359982890994,0.0066670570795810515,0.011712013912274995,0.008379144644663604,0.012000723982924262,0.007374915004402015,0.5830607203299203,1.0411933782818634
2016-09-22,185.7771797979753,186.23092025195749,185.52891189540335,185.9312744140625,76678700.0,0.0062817156206376,0.0062004995881293,0.013825653563960864,-0.0010667918803293095,0.0019579783249482055,0.005943894272044664,0.011916121956553451,0.008433746116469487,0.00377563354398778,0.0008294593353972648,-0.3047185277337502,0.7222349273759182
2016-09-23,185.537451837607,185.674433526354,184.8183175666246,184.91249084472656,73630900.0,-0.0054944223295813,0.0060540797526189,0.012204294534022761,0.017664977197388992,-0.0028471386482282948,0.006421611015960814,0.008756804665433035,0.008525297668757715,0.004629843856509941,-0.003368381891045014,-0.0397476743867593,0.6920916454242497
2016-09-26,184.08207611232544,184.2618531667787,183.21739054421252,183.414306640625,89827300.0,-0.0081351260719627,0.0056239260924865,0.0038818232191854627,-0.004715475764129508,-0.009097164479726694,0.008029146605361784,0.008044094868795176,0.008705193155489578,0.005694553722096862,-0.00362756377917517,0.21996743215144732,0.8574989669943662
2016-09-27,183.25161760787776,184.64707769209988,182.88348096470668,184.55291748046875,78494800.0,0.0061886733341359,0.0067157411240913,0.010023477822695581,0.01595288296261529,-0.007820772289677093,0.008352932665922987,0.006564040698106821,0.008751169056729024,0.009556049026317064,0.007101164451249279,-0.12615875129275844,0.7464702574898632
2016-09-28,184.7755269776981,185.62308656236328,183.8166811905737,185.46897888183597,87411000.0,0.0049514003463773,0.0064508879778259,0.003792240899606783,0.02127953927476479,-0.001219340884866994,0.006995868939947885,0.006602379951663441,0.008825363820073446,0.00973966311067293,0.0037529423700226887,0.11358969001768271,0.8198410327571564
2016-09-29,185.26350574056917,185.66588132423692,183.2430713646201,183.79098510742188,128070600.0,-0.0090884768904711,0.0059173488319072,-0.011577951611501916,0.0022477019524589914,-0.007459741028505194,0.00733102338446429,0.0068380426659673975,0.009036868077662397,0.013182420009342315,-0.007948249857742186,0.46515427120156505,1.177557768399185
2016-09-30,184.62141895723136,185.87991058216204,184.37315105327025,185.1779022216797,117202900.0,0.0075178352105622,0.0051966533052858,0.001434305928641584,0.013638600462664392,1.219537819907926e-05,0.008180817975237637,0.007025752222226852,0.009207928012361009,0.008136821460953928,0.0030141858273619072,-0.08485710225453769,1.0681275349174282
2016-10-03,184.7669484862553,184.9552819748721,184.09916603466328,184.73269653320312,83512100.0,-0.0024071000124899,0.0052288026863048,0.007162331988114383,0.01104415520729989,-0.006893052545816021,0.007026176628100816,0.007121279431370595,0.009159745807603224,0.00463434982694,-0.00018537922140725817,-0.2874570509774076,0.7596266452971142
2016-10-04,184.8440172416814,185.0666027091873,183.2002760132762,183.79098510742188,119948100.0,-0.0051107351980722,0.0055985508742465,-0.004137076544093716,0.00588640127860191,-0.01502128511613122,0.006930463334087143,0.007388153840843702,0.009183010640807458,0.010154615009110792,-0.005696868905866167,0.4362960576970283,1.0605429765434593
2016-10-05,184.41599299134825,185.0323976977853,184.3475021280445,184.60433959960935,72816000.0,0.0044156684909509,0.0054548193829159,-0.004672808399520116,-0.0008805674999132892,-0.010514504289905718,0.006822080029781778,0.006575185156618689,0.009255069851659107,0.0037100729659242113,0.0010213138524809806,-0.3929374454451551,0.6448818591153306
2016-10-06,184.3816858625273,184.9552819748721,183.84234170323464,184.73269653320312,62927400.0,0.0006950667071212,0.0054459604563619,0.005110735198072184,-0.006467216413429689,-0.007534008293759019,0.005079097215167102,0.006200499588129361,0.009249237942690228,0.006024598203369051,0.00190371765522061,-0.13580257086354652,0.5600768920420315
2016-10-07,185.0066914120333,185.1779120165763,183.37150655256383,184.0991973876953,89788300.0,-0.0034351680476115,0.0053823236382162,-0.005842268060101517,-0.004407962131459889,0.013257015065929082,0.003770575253936106,0.006054079752618943,0.007413935381312725,0.009812131120856294,-0.004905195684608373,0.42685539208675394,0.8489424042326333
2016-10-10,185.05807495117188,185.52037193639265,184.9125367694673,185.05807495117188,51855000.0,0.0051949658956451,0.0052779927496584,0.0017597978480334829,0.00892212983614791,0.004206654072018382,0.00458992191363851,0.0056239260924865015,0.006791338434447137,0.003284564410851751,0.0,-0.422474865878962,0.5187985304360053
2016-10-11,184.6300040503036,184.6984949069336,181.99316485487475,182.72085571289065,130367400.0,-0.012710084822212,0.0033781303187903,-0.0058395517761063165,-0.00997662832019999,0.005976254642415281,0.007305742250453219,0.006715741124091304,0.0065986731519466265,0.014805808792345746,-0.010340401319022799,1.5140757882557132,1.339450384918579
2016-10-12,182.85787422815895,183.48284852195496,182.36132521512693,182.9606170654297,73866100.0,0.0013113127393306,0.0034354751263507,-0.008943907527726617,-0.013616715927246689,0.007662823347518081,0.0068289506663696785,0.006450887977825946,0.00660038205398777,0.006129861851236342,0.0005618726440106309,-0.43340052804612195,0.7832012227787553
2016-10-13,181.63354592151325,182.8577853439333,180.8202384585352,182.3612365722656,101357000.0,-0.0032813861257654,0.0033752520365922,-0.012920360360613217,-0.00780962516254099,-0.005561923210082019,0.006697652573796747,0.005917348831907246,0.006245091098469526,0.01117313593445985,0.0040063670345718925,0.37217207893742876,1.09386505497385
2016-10-14,183.3372581352872,183.79956814610816,182.37841228068805,182.45545959472656,93346200.0,0.0005165499580802,0.0035014051086394,-0.008968642354921518,-0.01481091041502299,-0.0011723099523586193,0.006804419107692608,0.005196653305285859,0.006188981432352837,0.007789056400815859,-0.004809707254975592,-0.07903548842211194,1.0422173840227769
2016-10-17,182.429765008528,182.68660243484825,181.6421398142282,181.82192993164065,58275700.0,-0.0034782850653326,0.0033153005891799,-0.017641893315899215,-0.01588209546786569,-0.0048379402605658196,0.005571160182033759,0.0052288026863048205,0.006235417232563397,0.005744425994228264,-0.0033318854346982593,-0.37570356372300107,0.6587336234175606
2016-10-18,183.41435765154043,183.474278998592,182.58392380979865,182.9606170654297,76869700.0,0.0062431212330178,0.0032781298310581,0.001311312739330583,-0.00452823903677569,0.0013581622418261993,0.00398387315848834,0.005598550874246558,0.006402222222143427,0.004866376180153344,-0.0024738553291055805,0.3190695264063752,0.8653917165241716
2016-10-19,183.22597713186872,183.75676495027773,182.866409926176,183.4485626220703,66519200.0,0.0026633931251405,0.0032723313292622,0.002663393125140483,-0.006280514402586089,-0.0071610819024993996,0.0041165604223267335,0.005454819382915951,0.005886429533588115,0.004853431454439786,0.0012148140437608329,-0.1346499335889173,0.7677812401963013
2016-10-20,183.097540097914,183.6625798404998,182.44689658612387,183.10610961914065,73639800.0,-0.0018684967263906,0.0033589347052011,0.004076282524515283,-0.008844077836097891,-0.0153112942495276,0.003827648778842879,0.0054459604563618985,0.005681107181855968,0.006639228242599574,4.680303854480384e-05,0.10704578527703279,0.8514622695913311
2016-10-21,183.10613816081155,183.27735878920384,182.14727912788103,183.19174194335935,89089100.0,0.0004675557086313,0.0032440431740745,0.004027288275066383,-0.00494135407985509,-0.009349316211315,0.003828667224114251,0.005382323638216179,0.005575349080063195,0.006168835174198065,0.0004675090819326428,0.20979551818445996,1.0209710301557366
2016-10-24,184.0649679745788,184.3389314065972,183.6197839291966,183.9707946777344,60146600.0,0.0042436459377202,0.0082473343995463,0.011749219278119182,-0.005892674037779989,0.003029455798367899,0.0031693774681344064,0.005277992749658369,0.005362372266293281,0.00390903066250465,-0.0005116307458211981,-0.32487139279664967,0.7012124140849652
2016-10-25,183.7910304787407,184.0478679666784,183.19175171575088,183.3544158935547,66542300.0,-0.0033560417034519,0.0083513371484263,0.0021500563416494826,0.003461369080980111,-0.0065152592392199015,0.003128520001607584,0.003378130318790381,0.0052196263143950514,0.004669188068121255,-0.002375603336292979,0.10633518769140737,0.7812189893989054
2016-10-26,182.532511363168,183.56840448294915,182.29278684752947,182.9862518310547,75705500.0,-0.0020099553169066,0.0089431435023126,-0.002523292100397617,0.00014010102474291096,-0.0134766149025038,0.002989479674141384,0.0034354751263507245,0.005079424470343842,0.0069711118876702,0.002485806306493663,0.13770488846943985,0.8949460500223129
2016-10-27,183.7054026478436,183.73964154554864,182.42122843952797,182.49827575683597,77220200.0,-0.0026702983428514,0.0088415639543333,-0.0033250937168584167,0.0007511888076569113,-0.007058436354884101,0.003100375746233349,0.003375252036592206,0.004709064430338791,0.007224249656897299,-0.006570992870153438,0.020007793357153636,0.9411389897322027
2016-10-28,182.4725829605429,183.1489089240173,181.24834322181863,181.9589080810547,140623200.0,-0.002959843259886,0.0088053430146679,-0.006752492685375717,-0.002725204410309289,-0.0175361148253323,0.0031655726577396143,0.0035014051086394264,0.004357018562182881,0.010445026969232217,-0.00281507978433824,0.8210675445026043,1.6897613689951947
2016-10-31,182.2927223320142,182.5153207899067,181.80474314219177,181.9674072265625,61272500.0,4.670805683386024e-05,0.0087920045649904,-0.010949430566262058,0.0007997887118571711,-0.01508230675600854,0.001343342598863963,0.0033153005891798995,0.004346193874799848,0.0039049720966250153,-0.0017845753867188896,-0.5642788672139447,0.7462358007698691
2016-11-01,182.2927891440418,182.34416708158656,179.44193411679908,180.6490478515625,122781800.0,-0.0072714029678834,0.0083262927090654,-0.014864791830693556,-0.012714735489044029,-0.017242974525819743,0.0026746103112805747,0.0032781298310581687,0.004484828811703024,0.016065586834270073,-0.009017039566937892,1.0038647027622507,1.4927796747616577
2016-11-02,180.3407925298216,180.7260551000355,179.12510963118194,179.56173706054688,103330800.0,-0.006037099048404,0.0078961508561136,-0.01889193556219096,-0.021415227662588528,-0.02769574206517464,0.002908271273019788,0.0032723313292622623,0.004446298512195478,0.008915849752075666,-0.004319907095594643,-0.15841924454601575,1.2334148879293747
2016-11-03,179.77580479671514,179.989833798208,178.4659483526424,178.73989868164062,88939300.0,-0.0045874187454494,0.0073262138836627,-0.020809055964788957,-0.02413414968164733,-0.03297822751774524,0.002851480690983434,0.0033589347052011727,0.0044730636131983395,0.008525715057497173,-0.005762210972972035,-0.1392759951534296,1.0454003404101366
2016-11-04,178.85117098823267,179.6901608899193,178.39743061851397,178.54296875,109122100.0,-0.0011023755658883,0.0074356729279219,-0.01895158827079126,-0.02570408095616693,-0.03064543503602204,0.0031523463769629464,0.003244043174074519,0.004454409737746307,0.007240443465547184,-0.0017232329904786862,0.22692780356940068,1.2682205129441833
2016-11-07,178.54299901440498,182.51537683425684,178.54299901440498,182.4811248779297,109794900.0,0.0218174488078769,0.0046068916199284,0.002819152480251781,-0.008130278086010231,-0.01402295212379024,0.01210362607877179,0.008247334399546367,0.006740029412181311,0.02176870524285276,0.02205701643449471,0.0061655704939695966,1.2344762738492387
2016-11-08,182.087386433232,183.86810998791535,181.8219924579765,183.30307006835935,106772100.0,0.0044941612306971,0.0045996155379491,0.014584716678832281,-0.0002800751518612296,0.0031812939291188565,0.011317707067755332,0.008351337148426372,0.006203179531940068,0.01116248368985735,0.00667637478323136,-0.02753133342259062,1.216627646735518
2016-11-09,181.81336513348813,185.86280353964403,181.7876826965184,185.24639892578125,258429000.0,0.0105459214120614,0.0037864653496863,0.03116773713929768,0.01227580157710677,0.012415902601849656,0.010432989636708901,0.008943143502312633,0.00662294459402673,0.021998380895697323,0.018882186080063854,1.4203794811565942,2.664522777618252
2016-11-10,186.03400745605103,186.8986799041712,184.2532846271845,185.70867919921875,172113300.0,0.002492380021212,0.0038241960579581,0.03824753590595908,0.01743847994117017,0.018189668748827055,0.008975903931695164,0.008841563954333357,0.006569520928982765,0.014244866144079521,-0.0017487569142923232,-0.33400160198739304,1.7121158848749234
2016-11-11,184.98954808289517,185.5203358261857,184.338904621336,185.28062438964844,100552700.0,-0.0023076406537117,0.0041889736483321,0.037042270818135686,0.01809068254734447,0.015365478137035156,0.009280708676674196,0.008805343014667935,0.006608647395482746,0.006376442268270331,0.0015734743382519916,-0.41577611956774985,0.9966864904979323
2016-11-14,185.80288643230247,186.00835901047284,184.68137636929268,185.4261932373047,94580000.0,0.0007853583922205,0.0041719759104255,0.016010180402479285,0.018829332882731108,0.019629121594588256,0.0048037152198563875,0.008792004564990474,0.006532784864203421,0.0071563926218445335,-0.00202738074865717,-0.059398703366493444,0.920914989118296
2016-11-15,185.81138220218224,186.8729705810547,185.60592275441377,186.8729705810547,91652600.0,0.0077721615692066,0.0038274948174347,0.019288180740988783,0.03387289741982111,0.021158161930777054,0.005229008557768073,0.008326292709065434,0.006606137282857918,0.006780262670953513,0.005713258070042899,-0.03095157538591664,0.8860344533399844
2016-11-16,186.25656357218344,186.7531123363409,186.1367078748552,186.5219573974609,65617700.0,-0.0018801181306458,0.0040138010986525,0.0068621411982815825,0.03802987833757931,0.016614650674990756,0.004082814428768293,0.007896150856113603,0.006626113361888427,0.0033047286769149653,0.0014248830762660228,-0.28406068131182316,0.6346234426723787
2016-11-17,186.6761750445668,187.5408478659994,186.5648757374313,187.48092651367188,69797200.0,0.0051281487872777,0.003711850989665,0.009497909964347283,0.04774544587030641,0.023611296188659057,0.004419818550580343,0.007326213883662797,0.006660711526881957,0.005205714238333171,0.004310948994497801,0.06369470432520496,0.6763022938662008
2016-11-18,187.54934800622104,187.720568602341,186.8815654737532,187.0613555908203,86265800.0,-0.0022404471719491,0.0039849445960901,0.009565103446109884,0.04660737426424561,0.02090329330807866,0.004403901684162043,0.007435672927921921,0.006703356425039691,0.0044851761388014,-0.0026019414121585685,0.2359492930948519,0.837020237528548
2016-11-21,187.6349631309889,188.49963568487823,187.4894249623122,188.4739532470703,72402600.0,0.00752315047609,0.0034049288842887,0.016302895529979385,0.03231307593245871,0.02418279784644846,0.004967387787142138,0.004606891619928475,0.006824726792582712,0.005359948709951157,0.004471395426958439,-0.1607033146391733,0.6983559708931054
2016-11-22,188.7821371419699,189.02184858031544,188.11436769753672,188.84207153320312,67429000.0,0.001951247117818,0.0051825300676653,0.010481981078590783,0.02977016181957961,0.029490086667718355,0.004280278338911904,0.004599615537949108,0.0067405391572369485,0.004805501631129671,0.000317479143633916,-0.06869366569708824,0.6501053339557135
2016-11-23,188.32840436105832,188.9961738326538,188.13150132797097,188.9448089599609,56620200.0,0.0005438909321378,0.0051659382916811,0.012905990141374384,0.01976813133965601,0.03204393291676276,0.0038309781047289005,0.00378646534968636,0.0066950923510376145,0.004576323157235091,0.0032730304331620415,-0.16029898115054353,0.5509631847544685
2016-11-25,189.2872072262068,189.68101317589492,189.2101468766675,189.6467742919922,37872300.0,0.0037083029180156,0.0053012124706154,0.011486144272112283,0.020984054236459607,0.03842253417762976,0.003642999717295117,0.0038241960579581875,0.006632488271216231,0.0024828595212616094,0.0018995846103624938,-0.3311168099017665,0.3757230207546336
2016-11-28,189.33862014822847,189.61257047886517,188.6537247266964,188.75645446777344,76572500.0,-0.0047056758475737,0.0048875014460021,0.009020915596487683,0.018586019042597608,0.03667670158994206,0.004481084908288325,0.004188973648332141,0.006711131210645945,0.0050798037866963365,-0.003074732878053465,1.0218603042329089,0.7845871015919518
2016-11-29,188.79070329643196,189.5783284459944,188.49105747219588,189.1245880126953,69886700.0,0.0019484103196476,0.0050434568893932,0.0034461754400452833,0.019749070970024707,0.038578403852755794,0.00321788580111423,0.004171975910425561,0.006697937001005446,0.005748966780171068,0.0017685442685125366,-0.08731333050377088,0.7129358624284033
2016-11-30,189.74096699542025,189.90363110303045,188.61088776147025,188.6708221435547,113291800.0,-0.0024021789314815,0.0060031968222501,-0.0009072506092542168,0.00957473046933661,0.043447627889157694,0.0033761242097717103,0.0038274948174347,0.006429012560459643,0.00685184559473951,-0.005640030557509459,0.6210781164370331,1.161346246360792
2016-12-01,188.97050173292385,188.97050173292385,187.61783673708024,187.9774169921875,79040500.0,-0.0036819815556917,0.0056094218896344,-0.005133123097083717,0.007772867044290709,0.04580274538187,0.0036656806918106736,0.0040138010986525315,0.006290814168036212,0.007195890961198966,-0.005255236831301313,-0.3023281473151631,0.8204531532153874
2016-12-02,188.0629920050704,188.55954083115392,187.71198132508655,188.0715484619141,74840300.0,0.0005006341212982,0.0057938573308658,-0.008340791893801117,0.003145352378311209,0.05089079824861759,0.0028108723019608377,0.0037118509896650396,0.0060979705240116824,0.004506580144625155,4.549782364117292e-05,-0.05313984602830191,0.782580930898454
2016-12-05,188.9019990580523,189.5440860882473,188.70509602651484,189.2016448974609,67837800.0,0.0059908831872007,0.0056997568465,0.0023557671409732833,0.011376682737461008,0.0579840570017066,0.003812975960146153,0.00398494459609019,0.0060809504935591336,0.0044343698078690395,0.0015862502297634576,-0.09356589965566675,0.7250072006108896
2016-12-06,189.390001773934,189.83518579680896,188.91057885543557,189.80093383789065,59877400.0,0.0031624557378633,0.0057112023188979,0.0035698125591889836,0.0070159879992343094,0.03932906393169299,0.003966143644454723,0.0034049288842886998,0.004150777053684856,0.0048714562287827945,0.0021697664085096485,-0.11734460728384466,0.6574690569581457
2016-12-07,189.64679191369916,192.34355168931395,189.5269362139672,192.28363037109372,110738100.0,0.0129957172169647,0.0046223281554918,0.018967708707635183,0.01806045809838101,0.047830619917960594,0.006257661336638919,0.005182530067665292,0.0048067473796008274,0.014648233289078732,0.013903944436848068,0.8494139692104199,1.213290658164502
2016-12-08,192.2579960253395,193.22539832109896,191.99258906506745,192.7545318603516,99714400.0,0.0024460002681767,0.0046762116133856,0.02509569053150358,0.01996256743441991,0.039730698774075895,0.004874815094561773,0.0051659382916811,0.004408246069465706,0.006395747192728374,0.002582653753171541,-0.09954749088163872,1.196546787072849
2016-12-09,192.97716425395544,193.93601025981903,192.9429122890048,193.91888427734372,88005800.0,0.0060224255798994,0.0043061255901175,0.030617481990104785,0.02227669009630371,0.0432607443327633,0.004169741003180216,0.005301212470615438,0.004499295311537885,0.005121202994309206,0.004879955755536929,-0.11742135539099674,1.112170552246013
2016-12-12,193.82467072858415,194.304106695277,193.27675697280105,193.69625854492188,102016100.0,-0.0011486948382896,0.0043294139639764,0.023477903964614483,0.02583367110558781,0.04441969014818539,0.005296683499412263,0.004887501446002169,0.004445831628563375,0.005303921357044099,-0.0006625172284806563,0.15919746198546014,1.2880342573141856
2016-12-13,194.3555264866505,195.48559321207836,194.33840050289157,194.98904418945312,110477500.0,0.0066521188357466,0.0045800995672307,0.026967567062497783,0.03053737962168681,0.050286450591711496,0.005274027003699446,0.005043456889393227,0.004538698768481107,0.005883370083460483,0.0032595816247404158,0.08294181016525815,1.3810064687391774
2016-12-14,194.68938860416048,195.39139709678585,192.94290423688423,193.3795318603516,142501800.0,-0.0082886291167223,0.003773207669812,0.005683220728810782,0.02465092943644601,0.03422565990578259,0.006125036430051943,0.006003196822250185,0.004960673695452158,0.012661592653299995,-0.006727930850263618,0.2898716933312213,1.726451723113353
2016-12-15,193.6192042449696,195.0317904674374,193.3880492594279,194.17567443847656,124972600.0,0.0041085434286572,0.0036085560291744,0.007345763889291282,0.03244145442079491,0.04021432146508559,0.00625758034343406,0.005609421889634473,0.004912995007425127,0.008465227236948761,0.0028740444196997113,-0.12301037600928555,1.4615307429642272
2016-12-16,194.63122666208196,194.6915143118284,193.47727268966827,193.7958984375,156420200.0,-0.0019577523139728,0.0044586527542798,-0.0006344140045809179,0.029983067985523908,0.03312842036383509,0.0058074087266432785,0.005793857330865813,0.0049318125941356355,0.00626556925069149,-0.004291850998977934,0.2516359586021255,1.7411135922115042
2016-12-19,193.9767864007674,194.6398849769576,193.8303904029604,194.2179107666016,90341100.0,0.0021752447232214,0.0047991500305864,0.0026895255569300822,0.026167429521544605,0.03754411225900559,0.005851281076164541,0.0056997568465000795,0.004846275908309377,0.004167970764395653,0.0012430578437154789,-0.4224460779362257,1.003311364739499
2016-12-20,194.75176579127523,195.11346536640212,194.51926153049288,194.9670562744141,89838800.0,0.0038498220461765,0.0046577785078749,-0.00011277123264001728,0.026854795829857805,0.033870783829092095,0.005219304833633277,0.005711202318897955,0.004688065859274778,0.0030477140459714645,0.0011054610070626795,-0.0055600385649499096,0.988165341056613
2016-12-21,194.8379146533777,195.010144436063,194.424560546875,194.424560546875,67909000.0,-0.0027863778011341,0.0046691005783675,0.005389480082948183,0.011072700811759009,0.029133158910139994,0.0032488592135898314,0.004622328155491809,0.004792879899604359,0.003011882282469242,-0.0021215280775206294,-0.24410165763567637,0.7467554121183441
2016-12-22,194.27814076185035,194.39870290898173,193.69254380414895,194.08868408203125,56219100.0,-0.0017290352551123,0.0047831262145689,-0.00044809860082131725,0.006897665288470007,0.026860232722889895,0.0029197139932216195,0.004676211613385681,0.004842353955538898,0.003638332178780302,-0.0009751826894994924,-0.17214065882283647,0.6183448089716207
2016-12-23,194.131711101736,194.38145539880816,193.9422675822742,194.3728485107422,36697800.0,0.0014630250645449,0.0047720134593524,0.002972678777696383,0.002338264773115508,0.024614954869419198,0.0027694476919421867,0.004306125590117528,0.004810554085203413,0.0022595121690037524,0.0012421330221512863,-0.3472360816875404,0.4038940582906894
2016-12-27,194.63982731069177,195.251244935664,194.62260039243824,194.8551177978516,42672500.0,0.0024780826438561,0.0047904080099701,0.0032755166983310826,0.005965042255261208,0.031798713360848996,0.002815587325601803,0.004329413963976431,0.004607897005912929,0.003226215201994002,0.001106096784684074,0.16280812473772266,0.478579226717579
2016-12-28,195.1134995195581,195.1307133002148,193.1328240999208,193.2447662353516,64095000.0,-0.008298692530396,0.0038929337155556,-0.008872997878241418,-0.008985769110881392,0.021551610510805393,0.004247266165957096,0.004580099567230692,0.005108444449892259,0.01033864584907195,-0.009577672938100277,0.5020212080379636,0.7211783510799054
2016-12-29,193.31364806068328,193.66672764527488,192.76250488924575,193.2017059326172,48696100.0,-0.00022285261227,0.0038903827261116,-0.0063094726893773165,-0.0009199926064290896,0.023730936830016893,0.004249322614250827,0.00377320766981208,0.005053257503630534,0.004680200682826751,-0.0005790699683601765,-0.24025118964037762,0.5685768193915869
2016-12-30,193.52892088429107,193.61504233520185,191.80659698838423,192.4955291748047,108998300.0,-0.0036618232262221,0.0038722324573097,-0.008242260660487116,-0.00869035926130839,0.023751095159486493,0.004388088254329248,0.00360855602917448,0.005052237231393929,0.009394739475613359,-0.005339727544413038,1.2383373617189055,1.2507911520866992
2017-01-03,193.7959119760837,194.476237389342,192.79697393302524,193.96815490722656,91366500.0,0.0076210672343155,0.0031955747686809,-0.0020842184907165166,0.0008884602869799101,0.030871528272503796,0.006034891804690324,0.004458652754279799,0.00524835871206506,0.008657418312402567,0.0008887851626309431,-0.1617621559235327,1.038612173644374
2017-01-04,194.2953338896128,195.2684509925048,194.2867270015498,195.1220550537109,78744400.0,0.0059312904812934,0.0028691817099224,0.0013689893467207833,0.00464450604505191,0.030811935566596494,0.006618401554342569,0.004799150030586462,0.005245717219922654,0.005031332776219308,0.004254971787267921,-0.1381480082962574,0.889615192883702
2017-01-05,194.8551141585779,195.12207225522397,194.17478887329776,194.9670562744141,78379000.0,-0.0007946839988753,0.003119163089121,0.008872997878241484,1.0993810029003015e-16,0.026854795829857895,0.004785524777361048,0.004657778507874955,0.005255941980550901,0.004858684333792888,0.0005744889802845972,-0.004640329979020752,0.8763284923150613
2017-01-06,195.0790604986911,196.12967937135485,194.53652414010315,195.66465759277344,71559900.0,0.0035716611590372,0.0029745997975612,0.012667511649548682,0.006358038960171409,0.017430739771930395,0.004689481253781987,0.004669100578367587,0.004528326993902536,0.008142273882529414,0.0030018449575538865,-0.08700162033197667,0.818002294090411
2017-01-09,195.4062886143,195.5440776992804,194.9843144691566,195.01876831054688,46939700.0,-0.0033064615893302,0.0034834827607262,0.013022873286440584,0.004780612625953511,0.011678277914423494,0.004573368593587768,0.004783126214568956,0.004605096481861036,0.0028703044069708626,-0.0019831516503443876,-0.3440502292485037,0.5532565259699849
2017-01-10,195.0359820909516,195.8713103507457,194.63123486650332,195.01876831054688,63771900.0,0.0,0.0043129166397618,0.005401806052125082,0.00331758756140861,0.0056558523345240945,0.003662829486315362,0.004772013459352415,0.004424105167584626,0.006358749442349458,-8.825951098956412e-05,0.3585919807753353,0.7625402415722952
2017-01-11,194.9326358857143,195.5699005126953,194.2695374492885,195.5699005126953,74650000.0,0.0028220612214802,0.0043409891523147,0.0022925767923118825,0.00366156613903271,0.009626608394293894,0.002794361385129493,0.004790408009970168,0.004445528845883377,0.006649096103223757,0.003269153079911356,0.17057826409437382,0.9074602103314071
2017-01-12,195.05322197351856,195.26851250549817,193.7270380782524,195.0790557861328,72113200.0,-0.0025129722066643,0.0042664140921503,0.0005742885845228824,0.00944728646276441,0.00046151735188299436,0.0030782523065156966,0.0038929337155556875,0.004243751329116388,0.007901793562788688,0.00013244494170805963,-0.0339825853985265,0.8975516571825932
2017-01-13,195.2512772921789,195.8282543165476,195.21683659025288,195.52685546875,62717900.0,0.0022928474244421,0.004810451202427,-0.0007045251500722169,0.01196298649947651,0.011042993893047396,0.002755432146928973,0.003890382726111697,0.0037881263415306516,0.0031270268466647416,0.0014114026827015617,-0.13028544011359922,0.8213971159771148
2017-01-17,194.88958876507556,195.2943359950259,194.4504008335571,194.83792114257807,61240800.0,-0.0035296987982639,0.0046321799096879,-0.0009277623590059165,0.01209511092743471,0.0034047516661262957,0.002820586515626106,0.0038722324573097966,0.0037957353903708938,0.004331472828901892,-0.0002651122762631075,-0.02355149008496782,0.8369824416388678
2017-01-18,195.08767433052773,195.3115849069483,194.5365310613489,195.26852416992188,54793300.0,0.002207619009629,0.0045960482968842,0.0012798566506230834,0.00668166270274821,0.007570122989728096,0.0030224558247363776,0.003195574768680983,0.0037870944429789304,0.00396916937276045,0.0009270182753203401,-0.10528111977635823,0.8047516703392847
2017-01-19,195.34594866689628,195.4837377149898,194.11449354281356,194.54507446289065,66608800.0,-0.0037117768090505,0.0043654198615903,-0.005253981379907617,-0.00296140458759569,0.0016831014574561955,0.003047989375535118,0.002869181709922507,0.0038680125192558142,0.007038184728945199,-0.004099773808830165,0.21563767832928482,0.9956383051870985
2017-01-20,195.22547962308445,195.75078912167012,194.59683485929932,195.2599334716797,129168600.0,0.0036677815606865,0.0047018972463813,0.0009267723874431832,0.0015010609719661103,0.0015010609719661957,0.0035230537838430126,0.0031191630891210273,0.0038588883744762174,0.005909836400400963,0.0001764823355114972,0.9392122362210398,1.8756215777376393
2017-01-23,195.25989615458587,195.3201706676685,193.99398683665453,194.75180053710935,75061600.0,-0.0026057329960785,0.004636269662888,-0.003971808033077417,-0.0046763331831495905,0.0016817057770217958,0.0034712049994125053,0.0029745997975613083,0.00385204365396467,0.006809610115831836,-0.0026021504030416566,-0.41888663343877697,1.0843178563958078
2017-01-24,194.96703777165797,196.41379651400052,194.8550956664453,196.0004425048828,95555300.0,0.006390986821138,0.0042699644014179,0.005948877586324483,0.005021115227318611,0.009801727853272095,0.004262048170662446,0.0034834827607262216,0.004072497157338166,0.007952537390401039,0.0053004074177664205,0.2730250887271255,1.3422284926310757
2017-01-25,196.9478014011602,197.697021484375,196.78417847332832,197.697021484375,84437700.0,0.0086187473219079,0.0032449073139036,0.012360005898603383,0.01363986254922651,0.016957450110635094,0.005445028050619216,0.004312916639761793,0.004458508894156478,0.0046173837329098145,0.003804155608158928,-0.11634728790553739,1.1475862012727218
2017-01-26,197.55058518442823,197.8175564796249,197.21473248304855,197.4903106689453,59970700.0,-0.0010461409942245,0.003738931534793,0.015025641713429383,0.00977166033352181,0.013433226472554493,0.004777824116958067,0.00434098915231475,0.004460330552158068,0.0030524231519736002,-0.0003051092732863623,-0.28976393246144794,0.805587490690079
2017-01-27,197.56783347843492,197.7142294779201,196.9994632637566,197.1803131103516,59711100.0,-0.0015709181462549,0.0037967835999297,0.009786942006487982,0.01071371439393121,0.020161000856695595,0.005155645217333704,0.00426641409215038,0.003975551541080245,0.003624937007598076,-0.001961454763462942,-0.004328780554504141,0.8044689982679513
2017-01-30,196.4912983459093,196.51713215026635,194.97565821572096,195.95738220214844,79737300.0,-0.0062214072440077,0.0030040920926742,0.006171267758558783,0.00219945972548141,0.014162446224957895,0.006119205661176726,0.004810451202427047,0.004287349748739788,0.007866373377835894,-0.0027172508312350518,0.3353848781884776,1.0522722803831805
2017-01-31,195.4665894924151,196.0005189836621,194.89823243571476,195.9402313232422,75880800.0,-8.752734553765726e-05,0.0029243598455809,-0.0003072464081168735,0.005641631178207654,0.017736742105642335,0.0053976774927248046,0.004632179909687909,0.004168451967590787,0.005625626449980503,0.002423134470484382,-0.04836506879465441,1.0237502011085338
2017-02-01,195.940244523312,196.8530744004239,195.43216195251097,196.0177459716797,79117700.0,0.0003955253059676,0.0029032764834658,-0.008530468424057174,0.003829537474546253,0.010511200177294436,0.00264000122608545,0.004596048296884196,0.0038554469558737528,0.007248896985675119,0.0003955361419305741,0.042657694700108495,1.0763143623104348
2017-02-02,196.0177446598415,196.4311119956221,195.3288253807931,196.1469268798828,69657600.0,0.0006588095349649,0.0030815002558623,-0.006825517894867773,0.008200123818561653,0.005238719230965936,0.0028484330920099574,0.0043654198615903275,0.0036406392880687114,0.005619698622676023,0.0006590332944881641,-0.11956995716508445,0.9535129971954172
2017-02-03,197.0511522348328,197.6797969976758,196.7411332994059,197.4989471435547,80563200.0,0.0068692480694986,0.0027844422103645,0.0016146483208857258,0.011401590327373753,0.012902651299339835,0.004635978607675817,0.004701897246381296,0.003916457642903101,0.004752752922716149,0.0022724805394094914,0.1565600882028666,1.1011489368478034
2017-02-06,197.09417587961693,197.49031624796152,196.809990794992,197.14584350585935,57790100.0,-0.0017894762089254,0.0025296479156156,0.0060465793559680275,0.012217847114526854,0.0075415139313772354,0.0033043418810806274,0.004636269662888006,0.0038889846427578615,0.0034508739361238765,0.0002621468950659297,-0.2826737269621862,0.7973867725505426
2017-02-07,197.53337817012292,197.77450252089744,196.9650079974581,197.1544647216797,57931200.0,4.3729186317042775e-05,0.0026739613363338,0.006177835887822727,0.005870589479705896,0.010891704707024477,0.0032919616265990473,0.004269964401417954,0.0037929388239904714,0.004105889889849096,-0.0019182249195216726,0.0024415946675988565,0.7933179173843536
2017-02-08,197.1544600124119,197.5419803425937,196.61192366598257,197.41281127929688,51566200.0,0.0013095186055677,0.0027293834825968,0.007091829187422826,-0.0014386392366343033,0.01220122331259218,0.003258863571911511,0.0032449073139036344,0.0037943456655337615,0.004711227557036736,0.0013104003169327621,-0.10987170989035266,0.7121060247545853
2017-02-09,197.41281856891615,198.88539850604155,197.41281856891615,198.58399963378903,65955200.0,0.0059151575826625,0.0025873143216938,0.012348177235120427,0.005522659340252697,0.015294319673774478,0.003761619943070526,0.0037389315347930705,0.003949129571340582,0.007415400736418864,0.005932649527842223,0.27903937075060803,0.9163127840979542
2017-02-10,198.9284877466009,199.59158638503845,198.60124187355237,199.36767578125,66015900.0,0.003938554397034,0.0025625819746612,0.009417483562655826,0.011032131883541595,0.021745846277472777,0.003069302728549269,0.003796783599929697,0.0039307543382009836,0.004967427681570159,0.0022077684278611364,0.0009203216728930208,0.9210572027114415
2017-02-13,199.85852425311796,200.71107955863835,199.83269043843177,200.4527282714844,55182100.0,0.0054277127582501,0.0027728856052949,0.016634672529831328,0.0226812518857994,0.024880711611280776,0.0025659136256562893,0.0030040920926742744,0.004042278416637923,0.004382026265149785,0.00297312321596996,-0.16410894951064814,0.7739722396064028
2017-02-14,200.2718463350098,201.26219058701625,199.92738676753208,201.25357055664065,71109000.0,0.0039872083084753,0.0047776861224525,0.020578151651989583,0.026755987539812356,0.03239761871801998,0.0017945730511211859,0.0029243598455810033,0.0039227510702761715,0.00663244789045121,0.004901958211283735,0.28862439088037606,0.9905047550050724
2017-02-15,201.03832020549316,202.49368647837775,200.98665257407828,202.30422973632807,86785800.0,0.0052069941544035,0.0054175821984928,0.024475627200825384,0.031567456388248254,0.035396993862794476,0.0008889204965301342,0.002903276483465882,0.0040029178559211525,0.007449344515750655,0.006296856885497962,0.22046154495211567,1.182524201599135
2017-02-16,202.3300674218224,202.5109172755261,201.38279683374935,202.1320037841797,84722400.0,-0.0008516841384849,0.005368730664268,0.017708785479677983,0.030056962714798453,0.038257086533360074,0.002548923497396916,0.0030815002558623474,0.0038447426844323306,0.005581107497362341,-0.0009789135157543879,-0.023775778986884988,1.1403363371972708
2017-02-17,201.4688526018663,202.45057678222656,201.4516256821296,202.45057678222656,77204100.0,0.001574823431306,0.0055577793137537,0.015345054513949984,0.024762538076605854,0.036164128403979576,0.0026731058298145646,0.002784442210364594,0.003822883669660454,0.004934296142665638,0.004872833530750776,-0.08874040395456217,1.0767994811552664
2017-02-21,202.8209064325544,203.82846453736573,202.81228640155743,203.6562347412109,88946100.0,0.0059376571235515,0.005411016054337,0.015854998879251382,0.03248967140908275,0.044707518523609574,0.0027926522857022605,0.002529647915615727,0.003780798980495609,0.004989673589416874,0.0041185513039518834,0.15209036825764444,1.2286734821090322
2017-02-22,203.2514596653464,203.69925444598175,203.0878367822995,203.4753570556641,62115200.0,-0.0008885466079851,0.0054416037505597,0.010979243962790984,0.03155739561478061,0.03742798509448648,0.0032501827036358916,0.002673961336333881,0.0037094089998082323,0.0030048732806253146,0.001101578265102428,-0.3016534732832581,0.8783261644483163
2017-02-23,203.9920878749946,204.00930165644277,202.8553475654405,203.61317443847656,74615900.0,0.0006770880406375,0.005451527606717,0.006449337849024984,0.03092496504985041,0.029486325813216075,0.0028013558493861926,0.0027293834825968615,0.0033574799694404737,0.0056673842160982245,-0.0018574908491070677,0.20125025758590498,1.062467463527825
2017-02-24,202.7692193791813,203.9145533270004,202.72615864919572,203.8715057373047,82381600.0,0.0012679315125445,0.0055458783340684,0.008568953500054384,0.02627773897973241,0.03180039831998508,0.002544899887484376,0.0025873143216938515,0.0033055209505188643,0.005829135726970855,0.005436162162572133,0.1040756728793728,1.1546217786618462
2017-02-27,203.78536208765897,204.3623390138285,203.53563090539905,204.1901092529297,56515400.0,0.00156154643643,0.0055313455505597,0.008555676505178383,0.023900731019128412,0.03493286290266998,0.0025450880587700384,0.0025625819746613325,0.003220996665953654,0.004048717694770427,0.0019861444469039774,-0.31398030628198526,0.7938711306869932
2017-02-28,203.81122209260744,204.05234641691743,203.2514720126643,203.6389923095703,96961900.0,-0.0027026873595738,0.0056104689397551,-8.466797794691536e-05,0.015770330901304513,0.03845158278710387,0.0017746215169204252,0.0027728856052950095,0.0028359461094146408,0.003932814610650074,-0.0008450456322707645,0.7156721884654449,1.3457422512733017
2017-03-01,205.2924716725028,206.95452167564855,205.2752447479337,206.48948669433597,149158200.0,0.01390071858273,0.0042614129301478,0.014704597212768185,0.025683841175559212,0.052439828715371534,0.006359913247252457,0.0047776861224525366,0.003855692726424239,0.008132505700886684,0.005830778947134098,0.5383176278517645,1.9700021422512974
2017-03-02,206.29999552679604,206.30861555778915,205.1374345480576,205.1891021728516,70246000.0,-0.0063174956463165,0.0037790028100995,0.0077100135258141855,0.014159351374839212,0.045726807763087435,0.007625655106301772,0.005417582198492801,0.0043235280851573275,0.005707812926365604,-0.005384844294871327,-0.5290503639759665,0.9332392999682282
2017-03-03,205.1029468100965,205.4818601830229,204.72403343717016,205.3182373046875,81974300.0,0.0006291489758011,0.0038162322190065,0.007071230989070785,0.01564018448912521,0.04569714720392364,0.007636737547667229,0.005368730664268049,0.004324120778727253,0.0036909860312512215,0.001049670411563244,0.16696039632149873,1.0802154624923193
2017-03-06,204.5260135674901,205.05992990327823,204.1040393774143,204.7068634033203,55391500.0,-0.0029821313543776,0.0037057934854622,0.0025275531982631846,0.01108322970344161,0.03584576778004744,0.007881251140136087,0.0055577793137537536,0.004335498743771529,0.004669557776285244,0.0008842387952304384,-0.32428212256768285,0.7422307900054945
2017-03-07,204.40546264673017,204.75854230642355,203.88876006472563,204.09544372558597,65103700.0,-0.0029912753571761,0.0055028535786221,0.0022389652006608854,0.0021542972227140116,0.03464396863179674,0.007911618030379288,0.005411016054337005,0.004395665725322909,0.004261644580696149,-0.0015166860862226815,0.17533737125732296,0.8681177988904059
2017-03-08,204.38822766273705,204.64657894355068,203.57873311499068,203.71652221679688,78168800.0,-0.0018583153486372,0.0055864118188992,-0.013520068730706316,0.0011845284820619119,0.0327419240968425,0.0025021140856566395,0.005441603750559734,0.004454303881758416,0.005241822395846642,-0.003286419446077707,0.2006813744840923,1.0284561218320167
2017-03-09,203.83706442731705,204.30209931528373,203.01035617805067,203.974853515625,90683900.0,0.001267288683445,0.0055514254985625,-0.0059352844009448145,0.0017747291248694115,0.032699694174719796,0.002015595474612284,0.005451527606717027,0.004454477343674819,0.006332854834648059,0.0006759766124726861,0.16010351956279223,1.1631830183609035
2017-03-10,204.9306994773639,204.97376020064905,203.7422918441906,204.6895751953125,81991700.0,0.0034978449710209,0.0053477453808875,-0.003066588405725015,0.004004642583345812,0.030282381563078192,0.0028833278850422593,0.005545878334068413,0.004364107180735024,0.0060162729600831445,-0.0011766137658552024,-0.09585163408278652,1.04098367680279
2017-03-13,204.62933059248675,204.83601422355267,204.30209793532904,204.7929534912109,57256800.0,0.0005049216552724,0.0053156333601069,0.00042046460392498495,0.002948017802188211,0.026848748821316593,0.0025720416028538885,0.005531345550559743,0.004331125411948952,0.0026071028281084703,0.0007996062844480821,-0.30167565741410407,0.7310089201861151
2017-03-14,204.2504016582,204.3020824172589,203.3978596679268,204.00927734375,59880800.0,-0.0038340158068231,0.0058658453700734,-0.00042227584572201516,0.0018166893549389105,0.017587020256243393,0.002837835252900522,0.005610468939755095,0.00436632756899952,0.004432262890714043,-0.0011805328777443325,0.04582861773623392,0.7622237874671488
2017-03-15,204.57768905340063,206.1966781857777,204.34517158134187,205.7747039794922,96081800.0,0.0086164303082634,0.0050198531656507,0.010052469811178586,-0.0034675989195276907,0.022216242256031495,0.004550494603052621,0.0042614129301478156,0.0046530332302478685,0.008997736692748932,0.005851150883707068,0.6045510414022526,1.2038923536412645
2017-03-16,205.9124704103293,205.98997184571735,205.0427014191847,205.36993408203125,78344000.0,-0.0019689909134714,0.0051715181459795,0.006816190214262186,0.0008809058133174108,0.015040257188156596,0.004899419587903244,0.0037790028100995283,0.004596883314136857,0.004612507817986006,-0.0026347910217234993,-0.1846114456640071,0.9868592804092297
2017-03-17,205.63198195982773,205.82226287274787,205.00924682617188,205.00924682617188,89002100.0,-0.001757824789925,0.0051902726461211,0.001560520453316286,-0.0015060679524086893,0.014134116536716495,0.004890739277820267,0.003816232219006521,0.004617938559761761,0.003965753053399367,-0.003028396301590425,0.1360423261513326,1.118100118855007
2017-03-20,205.00928004947667,205.2947014651116,204.3952023470911,204.78440856933597,52537000.0,-0.0010973243554977,0.0052018491498472,-4.172555745381428e-05,0.0003787390464712107,0.011461968749912795,0.004927301345825009,0.003705793485462285,0.004630139547327575,0.004392419932281777,-0.001096884395118289,-0.40971055739134243,0.6703898353195542
2017-03-21,205.38983785536396,205.5109245264884,202.02534406755785,202.1550750732422,131809300.0,-0.0129226589808563,0.0028887067327813,-0.009130368731487015,-0.00955264457720899,-0.007398347354495006,0.007627847889618967,0.005502853578622173,0.005345421329205438,0.01724211206504557,-0.015749380864693536,1.5088851666444603,1.637158999214952
2017-03-22,202.18963877523572,202.91615865814032,201.5669036763305,202.6307373046875,97569200.0,0.0023501932915619,0.0030468523218819,-0.015396605748188515,-0.00534413593700989,-0.0041596074549480055,0.005772313744954301,0.005586411818899295,0.0053778424966211815,0.006658688606462513,0.002181607980130605,-0.25976998588111766,1.185765904168499
2017-03-23,202.63076264780625,203.54756354767736,202.0426312016461,202.4145355224609,100410300.0,-0.0010675438883676,0.0031115625229368,-0.014495158723084716,-0.00767896850882249,-0.005904239383953106,0.005829457887500304,0.005551425498562591,0.005376879963830808,0.007434902548608092,-0.0010670992031015885,0.02911882028345003,1.201462211398206
2017-03-24,202.7172579452155,203.28808752371825,201.4890894619878,202.2675018310547,112504900.0,-0.0007266628330614,0.0031267887887868,-0.013463996766221115,-0.01190347631290479,-0.007898833729559006,0.005897764225254288,0.005347745380887528,0.0053648452998576925,0.00889415277019184,-0.0022186375186781233,0.12045178632072595,1.3223490289914455
2017-03-27,200.59822377562864,202.3193964563457,200.321459915953,202.05992126464844,87454500.0,-0.0010267944877679,0.0030763384536742,-0.013393466898491314,-0.01343519245594509,-0.010487174653756906,0.005902616544331533,0.005315633360107009,0.005346352192147477,0.009887841823791887,0.007286692082850758,-0.22266052411939397,1.0095578681520623
2017-03-28,201.75723863446456,203.95410073492425,201.64479629003603,203.53030395507807,93483900.0,0.0072506142439766,0.0020890933332538,0.006779806326341587,-0.00235056240514539,-0.0005338730502065063,0.0035924802158387747,0.005865845370073454,0.005590583398742983,0.011346243778017066,0.008788112548595484,0.06894327907654829,1.08133083508675
2017-03-29,203.2448614008013,203.95407953685887,203.01997673531775,203.72055053710935,61950400.0,0.0009342968530169,0.0024421500189692,0.005363909887796586,-0.010032695860391891,-0.013500294779919608,0.0035500706828979697,0.005019853165650728,0.004544413103126362,0.0045852163617188,0.002340473126993206,-0.3373147675696029,0.754643754717635
2017-03-30,203.6600596583567,204.5682164641233,203.4870805518916,204.3692779541016,56737900.0,0.0031793390481988,0.0026698888047597,0.009610792824362988,-0.004884365898721691,-0.004003460085404307,0.003415457229947854,0.005171518145979576,0.004418210387000026,0.0052901097613825745,0.0034823631935227265,-0.08413989255920862,0.696881627928571
2017-03-31,204.03193003110584,204.55952479613487,203.84164908650797,203.8935546875,73733100.0,-0.0023304765649748,0.0042171444222021,0.008006979092449587,-0.005457017673771491,-0.0069630856261802074,0.003782049689339652,0.005190272646121142,0.004438489113480089,0.0035208357161027304,-0.0006782043554886141,0.29953875628107496,0.9102314702910125
2017-04-03,203.94541794497783,204.14434319591692,202.3107414799695,203.53890991210935,85546500.0,-0.0017408768116021,0.0042760771272909,0.007292896768615387,-0.006100570129875891,-0.005721831083404707,0.003917174324224313,0.005201849149847237,0.004408295599638679,0.009008605365623683,-0.001993219739696032,0.16021840937109655,1.036769809385314
2017-04-04,203.2534725441906,203.7551209962921,202.8729107393236,203.6686248779297,56466200.0,0.0006370951376166,0.0042667513478414,0.0006793776622553871,0.00745918398859701,-0.0020934605886120073,0.0022224119723179676,0.002888706732781326,0.004365560990173416,0.004331596275554298,0.0020425350108044336,-0.33993559058523726,0.6879355433993551
2017-04-05,204.34327805151037,205.32062888253068,202.85563437139967,203.06321716308597,108800600.0,-0.0029769400837071,0.0050298394597111,-0.003231859274468613,0.0021320506133280107,-0.0032120853236819067,0.002537176062024187,0.003046852321882007,0.004396268890548154,0.012139049826790154,-0.006264267171547119,0.9268270221831822,1.3012519876723798
2017-04-06,203.20157900865607,204.15297031801487,202.7604672839268,203.634033203125,69135800.0,0.002807082734625,0.0050471279966255,-0.003604115588042413,0.006006677236320611,-0.0016722912725019063,0.002398521378582128,0.003111562522936823,0.004435895225467589,0.006838262800103965,0.0021282029233173905,-0.3645641660064375,0.8376559523226798
2017-04-07,203.3832655994939,204.11844323759587,202.942166935108,203.426513671875,74412300.0,-0.0010196004050059,0.0061663323824586,-0.0022932394280735123,0.005713739664376111,-0.006189736648528707,0.002245340931771464,0.003126788788786825,0.004358265070293611,0.005782315595228655,0.00021264321945864832,0.07632080629717164,0.9057453837443387
2017-04-10,203.5648482505755,204.34326055720865,203.0199517174591,203.54754638671875,67615300.0,0.0005947932818842,0.0063606544304258,4.2430665412787464e-05,0.00733532743402821,-0.006099865021916906,0.002152950296521891,0.0030763384536743,0.004359195190874503,0.006501227173897795,-8.499435931810116e-05,-0.09134242591614561,0.8178564924955967
2017-04-11,203.16700087724368,203.4091742008586,201.8177457321159,203.30538940429688,88045300.0,-0.0011903908745128,0.0063381338494454,-0.0017850553467166127,-0.0011056776844611898,-0.003456240089606606,0.002174568675107122,0.0020890933332538965,0.004286021113023055,0.007827773151541728,0.0006811565188030269,0.3021505487663294,1.0471358799419899
2017-04-12,203.0286263653224,203.2189072914228,202.1896640631861,202.4145355224609,81864400.0,-0.0043914792386861,0.0060136098683099,-0.0031995945016956126,-0.0064314537761641895,-0.016464149636556107,0.0026423340466323396,0.0024421500189692733,0.00384649977529855,0.005084828644247729,-0.0030246515176461544,-0.07020136225329465,0.9819272014359883
2017-04-13,202.07726559264745,202.8124432573633,201.09991455078125,201.09991455078125,92880400.0,-0.0065158787876909,0.0054684346154018,-0.012522556024011512,-0.01612667161205389,-0.021011037510775606,0.002880506850928101,0.0026698888047597806,0.004046932739504509,0.008515810215073987,-0.004836521510719416,0.1345639862992949,1.1044309392961567
2017-04-17,201.61881958860167,202.881591796875,201.41989433024537,202.881591796875,68405400.0,0.008820645350606,0.004983723403657,-0.0026823102683996135,-0.00497554969647309,-0.010432567370244606,0.00591348887053918,0.004217144422202198,0.004602749324501119,0.00720468256229516,0.006263166359420163,-0.2635109237255654,0.8234854436060229
2017-04-18,202.14639206600955,202.8123752285135,201.59285121855888,202.276123046875,83225800.0,-0.0029888074620667,0.0047366309962244,-0.006265911012350513,-0.00622348034693769,-0.012324050476813607,0.005959094373253105,0.004276077127290946,0.0046345236905824755,0.0060290062494030286,0.0006417674811781123,0.21665541024538992,0.9837265591502387
2017-04-19,202.8383692321788,203.21027359661804,201.67938167431168,201.90426635742188,68699900.0,-0.0018400536202187,0.0046830873405737,-0.006915573758056414,-0.00870062910477299,-0.0012414451161760062,0.005964463219159359,0.004266751347841457,0.0036418988745139714,0.007582266338029157,-0.004605158670387932,-0.17453602128186207,0.8434909994652358
2017-04-20,202.51830324525685,203.98865813160543,202.1982913499118,203.54754638671875,92572200.0,0.0081059646325693,0.0041881096903839,0.005581870113198986,0.002382275611503409,0.004514326224831393,0.006929185305286105,0.005029839459711193,0.0040473934249088475,0.008795816080691602,0.00508222281625308,0.34748667756430507,1.1400902653667295
2017-04-21,203.46972277708795,203.52161517502364,202.50102948907167,202.8988800048828,110389800.0,-0.0031918938902845,0.0039085955805269,0.008905855010605385,-0.003616701013406091,0.0023899762229144927,0.006126878289738313,0.005047127996625573,0.004110502412518334,0.005030021289064832,-0.0028055416030154457,0.192472470136823,1.3512226941194228
2017-04-24,205.1390154286658,205.3379539088505,202.87295911968167,205.13037109375,119209900.0,0.0109380066785835,0.00243604313178,0.011023216338582886,0.00834090607018331,0.014054645734559394,0.006774056152210091,0.00616633238245861,0.004760303333943689,0.012016722711637173,-4.213891198481571e-05,0.07989959217246523,1.4532213730631216
2017-04-25,205.77038791146632,206.669886959925,205.68389178100875,206.3239288330078,76698300.0,0.0058016702576006,0.0018292430649683,0.019813694058250186,0.013547783045899708,0.020883110479927892,0.006206116337703794,0.006360654430425792,0.0048732663736376644,0.0047788697340786345,0.002690090285389659,-0.35661132171069687,0.9411565339982848
2017-04-26,206.28932381353596,207.17153418835883,206.1509484821072,206.19418334960935,84702500.0,-0.0006290414110073,0.001842329477057,0.021024706267461588,0.014109132509405209,0.013003454824943993,0.0059410069744134705,0.006338133849445462,0.004658895211813722,0.004949633833856501,-0.0004611991651715754,0.10435954903824474,1.0450054654516832
2017-04-27,206.5142356410269,206.66991285841107,205.83095043817428,206.36720275878903,57410300.0,0.0008387572135879,0.0020204476274326,0.013757498848480187,0.019339368961679208,0.012907915185514993,0.005628787754313098,0.0060136098683099305,0.004658637526707724,0.004065386403562384,-0.0007119745608890211,-0.322212449455447,0.7102809380880378
2017-04-28,206.62663754839,206.65258374786688,205.7876752387527,205.91741943359372,63532800.0,-0.0021819077376429,0.0019555549447224,0.01476748500112179,0.023673340011727207,0.007546668399673293,0.005374559827620447,0.00546843461540187,0.004659403602094513,0.004200268784900429,-0.0034323653678494373,0.10664462648688477,0.7827384758450875
2017-05-01,206.4363555908203,206.8601655092565,206.02120320380425,206.4363555908203,66882500.0,0.0025169476435711,0.0024781479035082,0.006346425966109388,0.017369642304692307,0.012394092608219193,0.003074040779065758,0.004983723403657019,0.004637159036438673,0.004064024009003326,0.0,0.05272394731540242,0.827499625424421
2017-05-02,206.57474266484968,206.69582932677105,206.1076978824263,206.5142059326172,57375700.0,0.0003770443727304,0.0025287043882113,0.0009218000812391876,0.02073549413948941,0.014512013792551693,0.0017440737482417464,0.004736630996224426,0.004604482337921564,0.0028478982435554724,-0.0002930500188530219,-0.1421418158711173,0.722467826806774
2017-05-03,206.5142280989218,206.60936857189023,205.588769571187,206.26339721679688,73137700.0,-0.001215224589572,0.006386000155298,0.00033561690267448784,0.02136032317013611,0.012659694065363093,0.0018300045082215498,0.004683087340573775,0.004624939883065666,0.0049480373855693045,-0.00121459370830743,0.2747156025983126,0.9113749690108436
2017-05-04,206.5660888673445,206.6439274612729,205.65793234581244,206.5055389404297,61462700.0,0.0011732556895552,0.0065607926276218,0.0006701153786417878,0.01442761422712201,0.016809889838625393,0.0018709221033427884,0.004188109690383937,0.004546892744910313,0.0047746666773180214,-0.0002931261720973352,-0.15963039581501748,0.7891675905958878
2017-05-05,206.8774591703872,207.33585960395547,206.4363474040606,207.3185577392578,62001300.0,0.0039293016109763,0.0068118281089023,0.0067813247272609884,0.02154880972838281,0.017932108714976695,0.001973108319021514,0.003908595580526998,0.004579247986886532,0.004338792482948768,0.0021321731745908568,0.00876303839564474,0.799746150415553
2017-05-08,207.36186571705548,207.5088986158291,206.8602170755255,207.28402709960935,48385700.0,-0.0001665722356347,0.0070441467491892,0.004097804848055188,0.010444230814164611,0.018785136884347894,0.0019432073178341765,0.0024360431317800297,0.004564409510818642,0.0031294333161131244,-0.0003753757576252892,-0.21960184705804553,0.634775554626871
2017-05-09,207.54341448674987,207.7423397129345,206.74768718710308,207.0936584472656,51363200.0,-0.0009188171678952,0.0070711284632276,0.0028019433074295886,0.003723743388668811,0.017271526434568495,0.002097290210264634,0.0018292430649683926,0.004582932194714202,0.0048029115584178605,-0.0021670455822291796,0.061536776361611034,0.6810985318175592
2017-05-10,207.05048474320645,207.46563720703125,206.84290191256463,207.46563720703125,54293800.0,0.0017945749305093,0.0070861007316799,0.005811742827510889,0.006147359730185411,0.02025649223959059,0.0018810329345458426,0.0018423294770570566,0.0045610741962431684,0.0030016310308062766,0.0020050784442243036,0.05705641393059624,0.736439605090369
2017-05-11,207.01586288180903,207.2061438150764,205.96067341458388,207.04180908203125,62358300.0,-0.002044973022779,0.0071618524127944,0.002593514115176689,0.0032636294938185114,0.022602998455497694,0.0023647691853384708,0.0020204476274327168,0.0044434036286969125,0.006015550221545082,0.00012533435776868726,0.1485344551311567,0.8571657144710865
2017-05-12,206.7909717624924,207.0850374874704,206.4277117732625,206.69583129882807,53912700.0,-0.0016724505100812,0.0071161782755402,-0.0030082380058808113,0.003773086721380211,0.027446426733107394,0.0015216419315557106,0.0019555549447225116,0.004125356473361337,0.0031801595130265554,-0.00046008035483100597,-0.13543666200008664,0.7614677894846862
2017-05-15,207.11961833133617,207.9585805461808,207.10231646782097,207.8374938964844,61918900.0,0.0055081963971999,0.006964965802973,0.0026665306269537882,0.006764335475009011,0.02413397777970129,0.0031607704747033064,0.002478147903508335,0.0038691225076847107,0.0041198729945536175,0.0034659950174291258,0.14850304288228933,0.8785726346437901
2017-05-16,208.1316092876825,208.15755549042336,207.25805633467112,207.6472625732422,51241800.0,-0.0009157078981731,0.0069530978874148,0.002669639896675888,0.005471583204105511,0.02620707734359489,0.003160413644726513,0.002528704388211379,0.0037774923494181796,0.004331861372046565,-0.002327117520005505,-0.172436848845829,0.7439555733004247
2017-05-17,207.6471815250714,207.6471815250714,203.90212708755263,203.96267700195312,172174100.0,-0.017903765868586,0.0030081260948975,-0.01702870090241941,-0.011216958074908488,0.010143365095227591,0.008670456378844763,0.006386000155298043,0.00570076037343918,0.01836146932648326,-0.017744062289010213,2.3600322393046302,2.3250680171195044
2017-05-18,203.88489625385785,205.63201528405148,203.6254210398754,204.78440856933597,107047700.0,0.0040207390018051,0.0029936716220343,-0.010962988877835311,-0.008369474762658589,0.006058139464463392,0.009309264049647614,0.00656079262762181,0.005483197911766915,0.009798569423300076,0.004411863419044703,-0.3782589832036294,1.4315977462248906
2017-05-19,205.26874160827177,206.78233152544615,205.2168492084189,206.1163482666016,115011400.0,0.0064830465274659,0.0029514707849323,-0.002807491840288211,-0.005815729846168988,0.015733079882213792,0.010103754414737548,0.0068118281089023765,0.005584489778713175,0.007595139008587444,0.004129253444478987,0.07439393840316044,1.5333613355133349
2017-05-22,206.6266505483716,207.3272375706952,206.5574694770516,207.16290283203125,61010600.0,0.0050646472074939,0.0032509196131542,-0.0032510410299942108,-0.0005845104030403883,0.009859720411124193,0.01003887923787411,0.0070441467491892396,0.0051609385250005095,0.003715762248551438,0.0025952716275295393,-0.4695256296332364,0.8462399491789431
2017-05-23,207.5347959835881,207.78562684405628,207.15423412457204,207.6212921142578,48341700.0,0.0022102552335547,0.0032445018882729,-0.00012507789826641082,0.002544561998409511,0.006268305387078291,0.010115258490428866,0.007071128463227604,0.005027254219935758,0.0030410788462715676,0.0004167789322256173,-0.2076508016639731,0.6839683540641275
2017-05-24,207.8548189362901,208.2094213944331,207.51749194867847,208.1056365966797,46927700.0,0.0023301098298626,0.003243842654105,0.02010879780018219,0.003080096897762811,0.009227456627948192,0.001822688670429965,0.0070861007316799195,0.0050415819280005165,0.00332489526506974,0.0012066963935364852,-0.029250109119042134,0.6821924790008014
2017-05-25,208.6159188746887,209.377042546185,208.40834928970304,209.1002655029297,64071700.0,0.0047680571420431,0.0031051997035787,0.02085611594042019,0.009893127062584911,0.013156756556403392,0.0018529731592820732,0.007161852412794412,0.005132797325360546,0.004632673488730686,0.0023217146172431935,0.3653279406406025,0.9269283852169913
2017-05-26,208.90999129615255,209.2213588810894,208.8321526992825,209.0570373535156,46629900.0,-0.0002067554447705,0.0031051529519632,0.01416631396818379,0.011358822127895612,0.015131908849275793,0.0021567056931667624,0.007116178275540269,0.005094139380869473,0.0018617224597360213,0.0007038727848807775,-0.27222315000226305,0.6829472481070069
2017-05-30,208.73696245907712,209.1261685480688,208.5812853024617,208.87535095214844,35201900.0,-0.0008694536144912,0.0033114787107991,0.00823221314619869,0.004981172116204512,0.011745507591213494,0.00225243422053066,0.006964965802973074,0.005088825087190816,0.002608652687467704,0.0006629802955882766,-0.24507880136993643,0.5278166475930723
2017-05-31,209.1694902615477,209.2040939957279,208.13160259292343,208.8235321044922,91796000.0,-0.0002481158079374,0.0033780171399087,0.00577384210470659,0.005648764206440212,0.011120347410545692,0.00236413774211844,0.006953097887414888,0.005092103353489554,0.005135874257063207,-0.001653960893737086,1.607700152548584,1.3417635224376607
2017-06-01,209.28195409990823,210.5014785046096,208.9965326521616,210.4841766357422,68962000.0,0.0079209286124834,0.0025095102090295,0.01136466088732739,0.031473458687509615,0.02025650061260109,0.0038892362499884908,0.0030081260948975432,0.005329125382194657,0.007149923934911357,0.005744511231293406,-0.24874722210118083,1.0110891831476436
2017-06-02,210.53604147612447,211.34041330489237,210.24197573118028,211.18472290039065,88666100.0,0.0033227345434037,0.0022550499462562,0.00991933828868799,0.030775454229108212,0.022405979466449594,0.0037068611846392896,0.002993671622034413,0.00535414694388524,0.005201311717184151,0.003081094427909386,0.28572402192511825,1.2745640549795823
2017-06-05,211.01178138227195,211.2972028434428,210.8301447442688,211.02908325195312,44698800.0,-0.0007372551689183,0.0034701055995831,0.009388838564540189,0.023555152532724014,0.01773942268655499,0.003791855523282203,0.002951470784932311,0.005326903289221255,0.002213240431018457,8.19948041186967e-05,-0.4958749736370496,0.6506309251579678
2017-06-06,210.466814497772,211.0203553658864,210.27653358709625,210.35438537597656,50375400.0,-0.0032023014796665,0.0040560348432573,0.0070559906993648905,0.015288203845563614,0.014703693442523192,0.004320998593641292,0.0032509196131542363,0.005401235183678024,0.0035360412261463744,-0.0005341893070587601,0.12699669789793022,0.7321986125473354
2017-06-07,210.6917141693969,210.96847802447388,210.025730934513,210.7436065673828,54144300.0,0.0018486020341792,0.0040271509836054,0.00915270854148149,0.014926550646188112,0.01747111264459759,0.00422027456548938,0.0032445018882729776,0.005392072808943226,0.004473431509104607,0.0002462953903549711,0.07481627937445667,0.7853915999073967
2017-06-08,210.83875251651543,211.32309917359729,210.3198021282382,210.84739685058597,65950700.0,0.0004923742891025,0.0040304757878924,0.0017241542181005906,0.013088815105428014,0.01616891200319079,0.0024951986476270814,0.003243842654105073,0.005388226789198905,0.0047584037571498355,4.0999740168077184e-05,0.21805434736435791,0.9486294894636719
2017-06-09,211.11552099498172,211.91123526293748,209.2646172592581,210.5273895263672,132256400.0,-0.0015188729657555,0.0040005652265376,-0.0031174532910586096,0.006801884997629413,0.01669501206021429,0.0019249229824740478,0.0031051997035787177,0.005374830942315618,0.012571371400336996,-0.0027858277110213727,1.005382808673752,1.8113099430694144
2017-06-12,210.2852513348736,210.53606904488535,209.6365698256655,210.4841766357422,86108100.0,-0.000205281252345,0.0039960508780129,-0.0025854793744853094,0.006803359190054914,0.018162181317950492,0.0019317525363968956,0.003105152951963297,0.005348759448242562,0.0042734766745744284,0.0009459783774935197,-0.34893056215048945,1.153850173851846
2017-06-13,211.02042343474437,211.5653201453973,210.67446522962285,211.513427734375,60067000.0,0.0048780046563599,0.0044771686360954,0.00549482676154109,0.012550817460906014,0.017531989577110493,0.002437477312694734,0.0033114787107991926,0.005322023435588792,0.004211812580018339,0.0023362871309140503,-0.30242334925518044,0.8058988787222612
2017-06-14,211.78147826011883,211.79012259331708,210.423565693046,211.2452392578125,78602300.0,-0.0012687546511899,0.0054253741781011,0.00237747007617199,0.011530178617653514,0.01717894282409369,0.002591608714630821,0.003378017139908707,0.005328862236810679,0.006469054190628596,-0.002532039188279252,0.30857708891737556,1.035573545374646
2017-06-15,209.89600002888105,210.9598470447608,209.6192361562844,210.83876037597656,66464900.0,-0.0019260574096533,0.0061177410055306,-4.096162258380976e-05,0.0016831925955168143,0.033156651283026396,0.0028046009005483537,0.0025095102090296087,0.003099160960475982,0.006358465047346064,0.0044915593768618456,-0.15441532881353348,0.9412061419439841
2017-06-16,210.9978020676305,211.04994752534736,210.0069985855648,210.8848114013672,84553100.0,0.0002183943637752,0.0061614851537856,0.0016963057069468903,-0.0014211475841116857,0.029354306644996494,0.0026752902094012735,0.002255049946256247,0.0030629959429334477,0.004945585852541937,-0.0005355063662088949,0.2721466518417992,1.2167314223219938
2017-06-19,211.7104855879904,212.7012891020136,211.61488115848744,212.6404571533203,65123800.0,0.0082906779761944,0.0054455227057719,0.01019226493548629,0.0076067855610010135,0.031161938093724993,0.004390926708501272,0.0034701055995831984,0.003240312155628337,0.005109130962518675,0.004392657088981999,-0.22978814496452526,0.9720315438070786
2017-06-20,212.28412717005747,212.292813659966,211.18903265983133,211.20640563964844,56906400.0,-0.0067668637506132,0.0051257186613711,-0.001452603471486809,0.004042223290054313,0.019330427135617893,0.005465137385362944,0.004056034843257312,0.0036237714924539414,0.005226077290562319,-0.005076788098931629,-0.12618121178432462,0.8519890209082139
2017-06-21,211.59749874860745,211.71047615166384,210.68491346435795,211.15423583984372,55977600.0,-0.0002470391175051,0.0058786780626268,-0.0004308879378020091,0.0019465821383700135,0.01687313278455809,0.005438452790323618,0.00402715098360541,0.0036210395210930827,0.004856936367991034,-0.0020948400211968257,-0.016321538526422374,0.8333198733055345
2017-06-22,211.1629742389999,211.65836943369348,210.8848474012777,211.0586700439453,44148100.0,-0.0004526900821773,0.0063382520163867,0.0010424793896739908,0.0010015177670902136,0.014090332872518192,0.005353085241310518,0.004030475787892391,0.003614374736780535,0.003664962127614618,-0.0004939511551705142,-0.21132560166923908,0.6585806193683992
2017-06-23,211.11946010978448,211.64092790155848,210.73704243872845,211.3106689453125,66986800.0,0.0011932633740484,0.0063352219990751,0.002017348399947191,0.0037136541068941136,0.010515539104523491,0.005371258733455494,0.004000565226537621,0.0034890652079386177,0.00427751929110574,0.0009056902448906672,0.5173201111712622,0.9971095985798362
2017-06-26,211.97992043403343,212.3971106482016,211.2411709623493,211.4497528076172,56700500.0,0.0006579796034163,0.0063268470398764,-0.005615349972830909,0.004576914962655413,0.011380274152710292,0.003225166089921731,0.003996050878012953,0.003484865246716471,0.005466734628458085,-0.0025010275753038977,-0.15355711871592614,0.8377175220741053
2017-06-27,211.23247558101465,211.52798863761825,209.72889061406468,209.74627685546875,82247700.0,-0.0080888000844506,0.0061530727237488,-0.006937286306668309,-0.008389889778155087,0.004160927682750892,0.0038054654715456975,0.004477168636095448,0.00398037311935648,0.00857749682390446,-0.007035843903537918,0.45056392800768963,1.174349770406415
2017-06-28,210.76314106699724,211.82347628093936,210.52847323786168,211.6235809326172,70042600.0,0.0089105400567848,0.0055267656973,0.002220292867621592,0.0017894049298196142,0.013319583547473094,0.006039499436522661,0.005425374178101085,0.004426922992988669,0.00611937023922691,0.004082496879027041,-0.14839442318751772,1.0158590833560917
2017-06-29,211.77129021282053,211.82343566222565,208.5555259686431,209.76361083984372,106949700.0,-0.0088279008394826,0.0045968233936708,-0.006154917889683708,-0.005112438500009685,-0.003429245904492905,0.0073661125421438985,0.006117741005530641,0.004564327347681633,0.015579011442921885,-0.009480413378787952,0.5269236150571224,1.5095545757028217
2017-06-30,210.57194686354703,210.94567811831607,209.96356102512635,210.1547698974609,86820700.0,0.0018630247624245,0.0046331471444213,-0.005485156501307608,-0.0034678081013603855,-0.004888955685472105,0.007427056183250911,0.006161485153785659,0.00451693763870776,0.0046733038401598525,-0.001981161176975073,-0.1882099716034734,1.2270393941905764
2017-07-03,211.09342148732745,211.52798468158704,210.5111083984375,210.5111083984375,39153800.0,0.0016941644406724,0.0046432116412037,-0.004448971664051508,-0.010064321636882385,-0.002457536075881405,0.007502343446974587,0.005445522705771921,0.004535657296891032,0.004830511277461359,-0.0027585563054834707,-0.5490269025704699,0.5555385686189197
2017-07-05,210.8761103287231,211.2063692920283,210.06781600456577,210.99778747558597,54427600.0,0.0023092243043078,0.0048092494544053,0.0059490527247068915,-0.0009882335819613843,0.0030539897080928947,0.006362485421910335,0.005125718661371095,0.004506048384491929,0.005396043726734726,0.0005770077353627372,0.3900975128850839,0.7700391070632875
2017-07-06,210.23295488728556,210.35463203575168,208.88580650381545,209.06832885742188,65400800.0,-0.0091865166571487,0.0030090695170557,-0.01214800398922661,-0.009927711121604985,-0.007981128983235006,0.006010047683762698,0.005878678062626851,0.00494198526750274,0.007025576470446302,-0.005539693006208692,0.2016109473869876,0.9179777282238064
2017-07-07,209.64197067450192,210.57192896378987,209.0770305954212,210.42417907714844,57972300.0,0.0064642629627597,0.0028791839938688,0.00314415981301569,-0.003010758076667985,-0.0020092403095778068,0.005828276054350706,0.006338252016386769,0.005173660422464198,0.007104213854723355,0.0037311631832587767,-0.1135842375016819,0.8182918014140911
2017-07-10,210.42417841054788,211.023877706191,210.1199788872515,210.650146484375,36663300.0,0.0010732899880189,0.0029529224389067,0.0023544250386100902,-0.003130731462697485,0.0005829226441965941,0.005797085084965457,0.006335221999075088,0.005168723347798048,0.004290995444461001,0.0010738693411279183,-0.3675720990887027,0.554950813850816
2017-07-11,210.65013448651465,210.8065841147269,209.3290720753313,210.4936981201172,50354600.0,-0.0007429688143793,0.0028141896768605,-8.270821644160999e-05,-0.004531679880493085,4.5235082162294136e-05,0.005770916018256777,0.006326847039876433,0.005171404521484516,0.007019269710167012,-0.0007426359673531194,0.37343337888297023,0.7833855905689925
2017-07-12,211.45848910877328,212.24069768736183,211.45848910877328,212.0755615234375,59610400.0,0.007486918446403,0.0021473003880637,0.00509498592565359,0.011044038650360515,0.002654148872205395,0.006684775791076804,0.006153072723748868,0.00533129768524977,0.0036883484969677015,0.0029181728161634703,0.18381240244188213,0.927711077754615
2017-07-13,212.08417855598307,212.5448143799926,211.8581972569354,212.43182373046875,39471600.0,0.0016784739349534,0.0022638680977602,0.01595997651775569,0.003811972528529114,0.005601377458348694,0.003585306897365013,0.005526765697300044,0.005331253211966158,0.003232176380165978,0.001639184859769777,-0.3378403768469932,0.6335850850453576
2017-07-14,212.43189530549745,213.77904401869975,212.3362908610297,213.42269897460935,60262700.0,0.0046535940303751,0.0019898129587415,0.01414930758537109,0.017293467398386813,0.012181028898377095,0.003247712002371174,0.00459682339367085,0.005390630730924392,0.006760073621980027,0.004664100311711794,0.5267356783104815,0.9721561371543412
2017-07-17,213.34439996234696,213.72681759536516,213.22272283018785,213.39654541015625,33531900.0,-0.0001225510087931,0.0020113084607282,0.01295346658855909,0.015307891627169213,0.011840083525808794,0.003447307719426217,0.004633147144421342,0.005392469949038675,0.0023622442631787903,0.00024441910740801256,-0.44357123062856463,0.5641525669464192
2017-07-18,212.98808618280643,213.5617127161728,212.64912746069257,213.5095672607422,42742500.0,0.0005294927848159,0.0020839720658785,0.01422592818775429,0.014143219971312713,0.004078898334430293,0.0031759697247946642,0.004643211641203769,0.005079465577423688,0.004274212472950948,0.0024484049191755095,0.2746817209880741,0.7329139358331427
2017-07-19,213.8224585033008,214.6741985738077,213.81375875263905,214.6655120849609,51034300.0,0.0053994157451757,0.0012636928432321,0.01213842548652699,0.017233411412180613,0.01624517783021919,0.0024725497588342755,0.00480924945440535,0.0049269306464661405,0.004008281594987215,0.003942773773911596,0.193994268000234,0.8795229985019382
2017-07-20,214.9175905723724,215.039267746642,214.213600259683,214.7611541748047,47135200.0,0.0004454408584273,0.0014237431484413,0.01090539241000089,0.02686536892775661,0.016937657806151595,0.0026228758063839407,0.0030090695170558,0.004921524865742402,0.0038445848837585406,-0.0007278901515278137,-0.07640155738395549,0.8185630948656506
2017-07-21,214.1874980587312,214.59598850082523,213.96151672202305,214.5699157714844,82340800.0,-0.0008908668827167,0.0015031750081323,0.0053609314969090905,0.019510239082280213,0.01649948100561219,0.0024846134410782105,0.002879183993868905,0.00492858481607524,0.002956946580889224,0.0017854343330923493,0.746906770311784,1.3840536847592024
2017-07-24,214.4916752404168,214.65681136046092,214.0484255985733,214.51776123046875,46622300.0,-0.0002430950319378,0.0015770970371148,0.0052403874737643906,0.01819385406232351,0.015063122599625995,0.002499643843581306,0.0029529224389067367,0.00493339850706423,0.0028360624239128084,0.00012161772722741006,-0.4337885956901074,0.7973131427988022
2017-07-25,215.26519841336037,215.3695025887488,214.81326227999904,215.0392303466797,54915600.0,0.002427940332031,0.0016439050506901,0.00713883502097949,0.02136476320873381,0.016833083328240694,0.0025449532465956575,0.002814189676860597,0.004947456556888878,0.002586692241471458,-0.0010497194546364448,0.17788268704032184,0.9405768808506018
2017-07-26,215.3260546559813,215.36081387501545,214.78720055915,215.0479278564453,47575400.0,4.044533579261301e-05,0.0016435287511659,0.0017798646115964032,0.013918290098123424,0.024962328748483906,0.0012563939499214824,0.002147300388063819,0.004487725318619182,0.0026673742992230653,-0.0012916541845358,-0.13366329421876477,0.8397920581140044
2017-07-27,215.50859755944205,215.543356781788,213.5269770784798,214.8480529785156,70766600.0,-0.0009298756035988,0.0047835877906895,0.0004045481495703032,0.011309940559571224,0.015121913088100306,0.0013766994838623537,0.0022638680977602665,0.004128483325195351,0.0093851430131872,-0.003065049786444192,0.48746200767623593,1.2483610835208154
2017-07-28,214.36998121506053,214.72632615533809,213.91804511998137,214.5959625244141,50088400.0,-0.0011740318828851,0.0048701902918923,0.00012138314940190326,0.005482314646311025,0.022775782044697806,0.0014314064763414735,0.001989812958741656,0.003500273934971845,0.003766524895661808,0.0010541648978680822,-0.29220281884391786,0.9302410235095332
2017-07-31,214.9957873263703,215.09139175817583,214.2657243535732,214.4743194580078,65838700.0,-0.0005670076664514,0.0059932835039651,-0.0002025294851116968,0.005037857988652725,0.020345749615821904,0.0014536887249885116,0.0020113084607283472,0.0035159516733799584,0.003849726189546365,-0.002425479470306495,0.3144500523075202,1.2470527757700287
2017-08-01,215.0739934319725,215.10875264770704,214.43083521545947,214.9523162841797,55050400.0,0.0022262104108141,0.0059380569601853,-0.00040425940632859677,0.006734575614650925,0.0208777955859636,0.00136834577856769,0.0020839720658785764,0.003523347584385617,0.0031538038015432282,-0.000565745517861951,-0.16385955372751893,1.0272461773377892
2017-08-02,215.0827133563077,215.19570403318556,214.1266690023028,215.056640625,47211200.0,0.0004852193945773,0.0059704226640066,4.05146524560902e-05,0.0018203792640525246,0.019053790676233102,0.0013924474461080173,0.0012636928432322907,0.0035124611048647785,0.004970946387779133,-0.00012122188204172611,-0.14240041852556928,0.8869375881208617
2017-08-03,214.9436516202599,214.96972435177045,214.3613385134965,214.63946533203125,40856000.0,-0.0019417230840954,0.0077418713841382,-0.0009713328280405097,-0.0005667846784701753,0.026298584249286404,0.0016180922604010074,0.0014237431484414409,0.0026887685282794343,0.0028344546858278512,-0.001415190846231962,-0.13461212593621852,0.7856589171883271
2017-08-04,215.12615252230128,215.360807082466,214.6481303893106,215.03054809570312,60191800.0,0.0018203870851947,0.0076501601465558,0.0020230861400392904,0.002144469289441225,0.021654708371721405,0.0017159888196862996,0.0015031750081324889,0.002406368941891668,0.0033143044068241517,-0.00044441099084057924,0.47326708439396903,1.1550205576573376
2017-08-07,215.10009986913207,215.43035888671875,214.99579568195315,215.43035888671875,31995000.0,0.0018575944969584,0.007598592471463,0.0044476883034490905,0.0042451588183374245,0.022439012880660903,0.0017153585190525947,0.0015770970371148903,0.0024125895554968357,0.0020171864681064046,0.0015353736134367912,-0.46844919075355784,0.6167143763359012
2017-08-08,215.11747386415053,216.3342588003273,214.5264742685518,214.9001922607422,61719400.0,-0.002463998397491,0.0085463358523829,-0.00024252050485600984,-0.0006467799111845749,0.020717983297549203,0.0020512019473371466,0.0016439050506902484,0.0025112817832554303,0.00841220527891422,-0.001010060222004812,0.9290326613533364,1.1767729604993593
2017-08-09,214.2135316120956,214.94359442375455,213.8571866938526,214.89144897460935,62632600.0,-4.068616182900964e-05,0.0085877854568287,-0.0007684260612623194,-0.0007279114088061976,0.013190378689317194,0.002030369592873359,0.001643528751166064,0.0020070183743091,0.005055611729019059,0.00316468038882498,0.014795996072547668,1.1907537616598909
2017-08-10,214.05713457402004,214.18751149071596,211.80610038765755,211.85824584960935,120479500.0,-0.0142156127663532,0.007295276424768,-0.01304231574352012,-0.014013648571560598,-0.002703708011989405,0.006724965729538049,0.004783587790689561,0.003867098099838618,0.011240587278103354,-0.010272438378597126,0.9235909095263488,2.126752541482482
2017-08-11,212.0842378910968,212.7621554542752,211.84957003866828,212.171142578125,74869900.0,0.001475825939651,0.0073183270553916,-0.01338687688906382,-0.011363790749024497,-0.005881476102713504,0.0066697753849022596,0.004870190291892355,0.003722566638332545,0.004301175949367775,0.0004097649494953689,-0.37856730813125883,1.3048111380514509
2017-08-14,213.44871624550768,214.49166511117895,213.41395703010485,214.27438354492188,73291900.0,0.0098641345349358,0.0064859666910246,-0.0053803368510864195,-0.0009326485476372978,0.004105209441015396,0.008686860727425269,0.0059932835039651,0.0043617091493254,0.005029570325881512,0.0038682233087994483,-0.02107656080748066,1.2345380393015584
2017-08-15,214.6568425349052,214.67422877685988,213.9441657565681,214.24835205078125,55242700.0,-0.0001214941099284,0.0065130196298961,-0.003037832563523819,-0.0032803530683797972,0.0034542225462710963,0.008656407879369964,0.005938056960185339,0.004361591212114028,0.0034075548927383396,-0.001902993071639543,-0.2462645940410878,0.9208208606737283
2017-08-16,214.76982020562247,215.16962417546023,214.196193612218,214.6220703125,56715500.0,0.0017428031257204,0.0067017165834583,-0.0012543432759744093,-0.002022769337236697,-0.0002023900731842037,0.008722102768159387,0.005970422664006602,0.004204786039107903,0.004535556673294925,-0.0006879453220243369,0.026660536143237046,0.9409153035211058
2017-08-17,214.01364977380297,214.32653575018128,211.27589416503903,211.27589416503903,128490400.0,-0.015713834207742,0.0042493771462356,-0.0027525647173632095,-0.015794880460883298,-0.016361665139353505,0.009326582960615521,0.0077418713841382915,0.005473704118637404,0.014439137021279027,-0.01279243455572831,1.265525297317312,1.9969071270122383
2017-08-18,211.1107557782028,212.2319360405409,210.502370070096,210.9456329345703,136748000.0,-0.0015643981968072,0.004089218594943,-0.0057927888538214095,-0.0191796657428852,-0.017035196453444004,0.009260317494053118,0.007650160146555852,0.005476246818382626,0.008199107733988312,-0.0007821621547599199,0.06426627981545696,2.039034779135754
2017-08-21,210.88482598104895,211.3715346358088,210.18083572957025,211.1107940673828,65469700.0,0.0007826495732637,0.0050429030380182,-0.01487427381549351,-0.020254610666579898,-0.016009451848242505,0.007224745442353281,0.007598592471463018,0.005487039844019819,0.005640161184077193,0.0010715236873143777,-0.5212383362096704,0.9626844476637003
2017-08-22,211.6931125941719,213.47481101197403,211.67572635376837,213.31837463378903,63140100.0,0.0104026802919453,0.0040203007033501,-0.00435009941361981,-0.007387931977143597,-0.008034711888328206,0.009453212609886626,0.008546335852382991,0.005999792449987099,0.008433800704201914,0.0076774441062371695,-0.0355828726876708,0.9228491174776005
2017-08-23,212.35363249443407,212.97940449734375,212.2058826134437,212.55352783203125,50203800.0,-0.0035919139988203,0.0037602777857646,-0.00968481653816051,-0.010939159814134888,-0.011667071222941118,0.009385400054564645,0.008587785456828726,0.006040541505769768,0.0036391862877539678,0.0009413323202861768,-0.20488247563751083,0.7323667601846708
2017-08-24,212.9359334749582,213.09236983592203,211.8495256511064,212.05812072753903,50741700.0,-0.0023334608504753,0.0036648751467958,0.003695556819106191,0.0009429921017430126,-0.013070656469817619,0.0056322974221028,0.007295276424768068,0.00605292007562688,0.005860865787886902,-0.004122426558514153,0.010714328397452011,0.7511854201482527
2017-08-25,212.84902759401217,213.4661131080924,212.4057779510408,212.55352783203125,64445900.0,0.0023334608504752,0.0047570905452752,0.00759341586638859,0.0018006270125672126,-0.009563163736457318,0.0055020048610323466,0.007318327055391681,0.006087757663715311,0.0049885559080888675,-0.0013883068450965923,0.2700776678747461,0.9440311390427341
2017-08-28,213.08370846040347,213.10978119030355,212.1450503985529,212.56224060058597,40565600.0,4.099009824097458e-05,0.0047300857276595,0.006851756391365865,-0.008022517424127615,-0.008955165971764942,0.005536696884686257,0.0064859666910247,0.00608880859367641,0.004538580271946852,-0.002447244153883345,-0.3705480100363251,0.6054291106577155
2017-08-29,211.24984420711985,213.0663150587926,211.1368535401398,212.8055877685547,51135700.0,0.0011441730111537,0.0047514272270346,-0.0024067508894257354,-0.006756850303045514,-0.010037203371425343,0.0024466429732992127,0.006513019629896113,0.006068572224812232,0.009066780336385078,0.0073644719941639795,0.2605680675251938,0.7654206155852382
2017-08-30,212.78818857668327,214.08319150724105,212.60566622281107,213.81375122070312,62030800.0,0.0047262992400885,0.0047151742280749,0.005911462349483065,-0.0037733541886774153,-0.005796123525914143,0.002624391273895564,0.0067017165834583415,0.006177990624335029,0.006910337974028873,0.004819640840404406,0.21306249841109048,0.9183177074774643
2017-08-31,214.4308666144872,215.34345198746985,213.84855351750988,215.10009765625,103803900.0,0.0059981756038213,0.0044605592064943,0.014243098803779664,0.017938655622885886,0.002143775162002557,0.002474807769433723,0.004249377146235674,0.006319733425303837,0.006949780526594416,0.003120964123910253,0.673425137189912,1.468319959228069
2017-09-01,215.4737980552117,215.8301430332035,215.25651647279932,215.40426635742188,62007000.0,0.0014130809218735,0.0044703640322957,0.013322718875177966,0.020916134741566585,0.0017364689986813571,0.002555614270341956,0.004089218594943052,0.006314576252362299,0.0026630232079636273,-0.0003226921250629122,-0.4026525014956085,0.8759726701951666
2017-09-05,214.90018779183964,215.1261691422476,212.89250793998733,213.85723876953125,91398800.0,-0.0072078873470698,0.0033604487845712,0.0060738414298671895,0.012925597821233085,-0.007329012845346842,0.005152603097400558,0.005042903038018233,0.006503325542604641,0.010444636876039663,-0.004853178738580867,0.47400777331591604,1.2391941092222944
2017-09-06,214.5351348168156,214.91755251446293,214.00496723813447,214.5872802734375,57916900.0,0.0034078727956226,0.0033640038963558,0.00833754121433609,0.005930790324910385,-0.0014571416522332417,0.005243499095831499,0.004020300703350169,0.006536108154792359,0.004252746365793893,0.0002430625485491031,-0.3663275666638949,0.7872725255999604
2017-09-07,214.89150580151696,214.90889204310076,214.1527430450965,214.5612335205078,58034700.0,-0.0001213880608901,0.0036121337472498,0.00348985391335749,0.009401316262840584,-0.0015378435512943326,0.0049779781101176954,0.003760277785764653,0.0065361121594593044,0.003524164107361811,-0.0015369257141052263,0.002033948640207006,0.7913467520491978
2017-09-08,214.27443161654423,214.7698400644243,214.06584975370407,214.3092041015625,63832800.0,-0.0011753174191949,0.0035235698775368,-0.00368363910965871,0.010559459694120985,0.011502451795863969,0.004007689526713102,0.0036648751467958426,0.005640525983527677,0.00328492802570721,0.00016228014119992184,0.09990746915207627,0.9053746942207347
2017-09-11,215.5781116376964,216.67321941576003,215.56073865778384,216.59500122070312,71364800.0,0.0106094047426004,0.0017973260029566,0.005512684711068191,0.018835403586246184,0.02063603059881337,0.006546847973337342,0.0047570905452752775,0.006070634982639063,0.0051362254516788474,0.004717035395113437,0.1179957639332756,1.014727416635249
2017-09-12,216.95998078899893,217.35977142035236,216.777458449076,217.32501220703125,56896000.0,0.0033647292241275,0.0014706667794992,0.016085301282265492,0.02215914271213271,0.01413662528800507,0.0046136534157891745,0.0047300857276596055,0.00573777833679576,0.0026794567517227823,0.0016824827173418772,-0.2027442100307154,0.8185386575942997
2017-09-13,217.038217112884,217.4640937671046,216.92522645196908,217.4293212890625,59228000.0,0.0004798529928106,0.0018989957840504,0.01315728147945349,0.021494822693789613,0.01473797239074407,0.004766666171182789,0.004751427227034698,0.005734784077498014,0.0024783562398151414,0.0018020060309243582,0.04098706411698538,0.849652420461463
2017-09-14,217.1077462026888,217.5596955791121,216.93392360000743,217.3597869873047,95446300.0,-0.0003198530093188,0.0018915672924376,0.01295881653102479,0.01644867044438231,0.01267531625570487,0.0047960562560607775,0.004715174228075008,0.005734289165821641,0.002878968496326346,0.001160901851841797,0.6115063821165665,1.3322107620980628
2017-09-15,217.2156545514275,217.73971021423145,217.1108460843923,217.65237426757807,95432400.0,0.0013451914702802,0.0020988448454169,0.01547932542049989,0.011795686310841212,0.02973434193372707,0.0044187405893324405,0.004460559206494371,0.0042517547751286635,0.002889305168185435,0.0020105351847335678,-0.0001456316274177638,1.3634730011489147
2017-09-18,218.0192317918697,218.4646811341499,217.7309951606429,218.1153106689453,46235200.0,0.0021246943797057,0.002352147862086,0.006994615057605189,0.012507299768673411,0.03342343451023997,0.0014311626333184898,0.004470364032295807,0.00419202372285318,0.003363752738204647,0.0004406899166003282,-0.5155188384657621,0.7062420698951318
2017-09-19,218.35989657938688,218.42104374769173,218.01052607591205,218.3336944580078,47108100.0,0.0010007300038372,0.0023776113685793,0.0046306158373148896,0.02071591711958041,0.033641514940813466,0.000917792334241243,0.0033604487845713,0.004189873993204702,0.0018802305012918074,-0.00011999511718739848,0.018879554971104273,0.7298102161284338
2017-09-20,218.4210354056815,218.52584388719495,217.41657192320085,218.41229248046875,59574100.0,0.0003599255661644,0.0023614259563914,0.00451068841066869,0.01766796989012221,0.023598760215032568,0.0009337983203785979,0.003364003896355927,0.0036577396590028203,0.00507879822786668,-4.002785352841588e-05,0.26462540412370705,0.9254929984989154
2017-09-21,218.25507757696303,218.34241353480812,217.65240215902372,217.82708740234372,48211400.0,-0.0026829555338167,0.0023414081622144,0.002147585886170789,0.01510640241719561,0.02450771868003617,0.0018527478661009896,0.0036121337472498766,0.0036005276916516457,0.0031677023459891784,-0.001960963196690756,-0.19073221416689468,0.7501325841457135
2017-09-22,217.530162878528,218.0367595106628,217.50396075338588,217.8708038330078,51214000.0,0.0002006731347118,0.0024949744259839,0.0010030675506023895,0.016482392971102308,0.027041852665223267,0.0017806336205217256,0.003523569877536859,0.0035122023952706876,0.0024454802933819605,0.001565948142419415,0.06227987571404281,0.7965580678295309
2017-09-25,217.6174507290532,217.96683453307224,216.6828773745145,217.42529296875,57064400.0,-0.0020469332166598,0.0024268220177037,-0.0031685600457631103,0.0038260550118421103,0.02266145859808827,0.001624154248981181,0.0017973260029567261,0.0035836371422801098,0.0059052796527324,-0.0008830071286077014,0.11423438903424854,0.8926767278771568
2017-09-26,217.85330171224217,218.0978637321004,217.32050302734456,217.55633544921875,54082000.0,0.0006025196278276,0.0023817880269504,-0.00356677042177271,0.0010638454155422103,0.023222988127674895,0.0015310667656626483,0.0014706667794993423,0.00357682396832693,0.0035731467123249305,-0.0013631478645922822,-0.05226375813992612,0.8371714527351917
2017-09-27,218.25505083053952,218.78784942033212,217.3728684692929,218.40353393554688,81001400.0,0.0038865942132605,0.0023111140006427,-4.010177467661047e-05,0.00447058663599211,0.025965409329781697,0.0025931052112717137,0.0018989957840504742,0.003628334704302051,0.006478745675684841,0.0006803192157172357,0.4977515624422173,1.22554567991267
2017-09-28,218.1240163736612,218.74416420824468,218.0366804307409,218.66555786132807,44778800.0,0.0011990047435966,0.0025543804818412,0.00384185850273669,0.00598944438890751,0.022438114833289793,0.0021321636197231667,0.0018915672924376663,0.0035375268188700864,0.0032354605106692837,0.0024827228870532947,-0.44718486347149555,0.6864592363664516
2017-09-29,218.65687388117044,219.5128543148782,218.47345902225527,219.43423461914065,85578000.0,0.0035091436234485,0.0024755358345443,0.0071503289914733896,0.008153396542075812,0.019949082852916994,0.002407531956269079,0.002098844845417024,0.0033979789412311506,0.0047367052567114706,0.0035551625895496484,0.9111275871617819,1.3304984565126492
2017-10-02,219.66131981077572,220.3862762451172,219.4866212366173,220.3862762451172,59023000.0,0.0043292347192145,0.0022632172555833,0.013526496927347689,0.01035793688158461,0.022865236650257997,0.0016859266928432848,0.0023521478620861036,0.003478367549344003,0.0040821734630121275,0.003300337241740916,-0.3103017130570941,0.9197760579127147
2017-10-03,220.3862739216219,220.8841275353606,220.30765423302748,220.85792541503903,66810200.0,0.0021378155124852,0.0022403970481824,0.015061792812005289,0.01149502239023261,0.032210939509813,0.0013036797728761167,0.0023776113685794113,0.0028723922879718734,0.002610154474872465,0.0021401128347261745,0.13193500838656114,1.0614629031265082
2017-10-04,220.7094773966804,221.3645571641749,220.59592597213907,221.1199951171875,55953600.0,0.0011858951349709,0.0022397222066781,0.012361093733715689,0.01232099195903911,0.029988961849161295,0.0014063471634909988,0.0023614259563915023,0.002842026718546649,0.0034760818062992134,0.0018599913576401589,-0.162499139352973,0.890364725303158
2017-10-05,221.4518837893815,222.44760446083976,221.15491750595024,222.43014526367188,63522800.0,0.005907579944202,0.0014331442371545,0.01706966893432109,0.020911527437057813,0.036017929854253394,0.0018478193872970272,0.002341408162214547,0.0029775678465535855,0.005811653601885431,0.004417489964640728,0.1352763718509622,1.0064155370274328
2017-10-06,221.9846458307206,222.465040226087,221.7226246401837,222.1768035888672,80646000.0,-0.0011396209747831,0.0019482246029619,0.01242090433608949,0.01957123332756291,0.036053626298665195,0.002741411112395736,0.00249497442598396,0.002975700053425498,0.0033415530960519365,0.0008656353570197487,0.26955990604948155,1.2609108793550194
2017-10-09,222.4039128546295,222.46504669165515,221.5479325152339,221.8099670410156,35803100.0,-0.0016524664949191,0.0023786689405061,0.00643920312195589,0.01996570004930361,0.023791755061145694,0.0030254263066360285,0.002426822017703757,0.002237280067349222,0.0041346842464101904,-0.0026705726800865066,-0.556046177119758,0.5757936096946242
2017-10-10,222.3777281817695,222.7707733374642,221.83618656529865,222.3951873779297,43057400.0,0.002634911682943,0.0023207789223429,0.0069362992924136896,0.021998092104419012,0.023061937519961193,0.0030682054833975026,0.0023817880269505183,0.002205663870182786,0.004202369588948636,7.8511442233631e-05,0.2026165332052252,0.700251152613716
2017-10-11,222.29908992244185,222.7445526123047,222.13314760699535,222.7445526123047,47674300.0,0.0015696882337069,0.0029113619119594,0.00732009239114969,0.019681186124865413,0.024151772760857497,0.0030667088419462996,0.002311114000642745,0.002201614396263005,0.0027448707415687512,0.002003888949874937,0.10722663235587837,0.7826901047555996
2017-10-12,222.43008543513864,222.77945587136392,222.1767805403917,222.41261291503903,47065100.0,-0.0014913373724729,0.0028745058174414,-7.882492552521063e-05,0.01699084400879591,0.022980288397703393,0.0019785668232144577,0.002554380481841283,0.0022592210801432116,0.0027097174169814398,-7.85528633207186e-05,-0.012778373253513942,0.8046448931742785
2017-10-13,222.84938156164077,222.96293297578225,222.412661756642,222.6834259033203,54800400.0,0.0012168745532679,0.0037870193997304,0.0022776706025257895,0.014698574938615311,0.022851971480691093,0.001923839936622844,0.002475535834544416,0.002258816809414158,0.0024710919409833445,-0.0007446987609187168,0.16435320439136425,0.9706029020637825
2017-10-16,222.91054426948924,223.17256550864792,222.56990333095123,222.98040771484372,38221700.0,0.0013327617503621,0.0040766007644914,0.005262898847806989,0.01170210196976291,0.022060038851347493,0.0015287400524329183,0.0022632172555833922,0.00224760815779786,0.0027027584345768836,0.0003134147179239024,-0.3025288136582944,0.6818060599552368
2017-10-17,222.9279734690156,223.18127840295895,222.70961358067885,223.1376037597656,31561000.0,0.0007047285578456,0.004088614625249,0.003332715722709589,0.010269015015123312,0.021764037405355895,0.001247025400077572,0.002240397048182524,0.0022492909699879226,0.0021137845631250384,0.0009403498694574332,-0.17426488094459425,0.5709077625167697
2017-10-18,223.5131544794035,223.5568291183193,223.16378402333427,223.3559417724609,40888300.0,0.0009780120330229,0.0040930611984969,0.0027410395220255892,0.01006113191317531,0.022382123872214395,0.0011652912795597605,0.00223972220667817,0.0022429954286599927,0.0017597252701942773,-0.0007033711609000117,0.29553246094863916,0.7523444581841285
2017-10-19,222.57863488865067,223.4520745672181,222.1593875746752,223.4171295166016,61903800.0,0.0002739097248929,0.004091929651275,0.00450628661939139,0.00442746169386621,0.025338989130923993,0.00042540867315109775,0.0014331442371546181,0.002069974223720257,0.0057859797739762235,0.0037671838016725893,0.5139734349434923,1.1248596623829226
2017-10-20,224.21196630472969,224.59628187884428,223.3996605089635,224.57005310058597,89176400.0,0.0051471389097274,0.0039090560347148,0.00843655097585089,0.01071422157837671,0.030285454905939594,0.0019724598082091938,0.001948224602962043,0.002225529165524026,0.005328499296140796,0.001597090475401298,0.44056423030573244,1.5664058256207978
2017-10-23,224.89322883296725,224.9194309537116,223.61798787604815,223.69659423828125,63915300.0,-0.0038970553483182,0.0035917872543237,0.003206733877170589,0.00846963272497761,0.028435332774281192,0.0032074767078833647,0.002378668940506175,0.002411984960059737,0.005817894018883314,-0.005320900948844342,-0.28327113451540986,1.1159735813286265
2017-10-24,224.1246056918486,224.32547973958583,223.7315472114965,224.08966064453125,66935900.0,0.0017555988059953,0.0036228577792302,0.00425760412532029,0.00759031984802991,0.029588411952448893,0.0032468562490521524,0.002320778922342981,0.00240514313147824,0.002650423613392332,-0.00015591794220658935,0.04725941988850879,1.1557445654965632
2017-10-25,223.75776848882185,223.8713199108784,221.85367640356623,222.98040771484372,103715300.0,-0.004962332683166,0.0030007108934242,-0.0016827405908686104,0.00105829893115701,0.020739485056022394,0.0041501703437351045,0.0029113619119594484,0.002730876872177177,0.009048523715556346,-0.0034741174763591076,0.5494719574996376,1.7563527577274896
2017-10-26,223.5917974221529,223.86254822529017,223.1463347175475,223.26861572265625,69798000.0,0.0012916915567211,0.0034121190528014,-0.0006649587590404106,0.00384132786035101,0.020832171869146893,0.004212095239229924,0.0028745058174414312,0.0027312449331428784,0.003207855727615378,-0.0014454094614502332,-0.32702311038005005,1.1574648339504445
2017-10-27,224.01104443028,225.2513403305325,223.2773584004407,225.09410095214844,85562500.0,0.0081429398499573,0.0023144064208557,0.00233084218118949,0.01076739315704041,0.025465968095655697,0.0052388759442481775,0.0037870193997304956,0.003120398523202004,0.008769585350046327,0.00483483537440277,0.22585890713200962,1.4189068120047352
2017-10-30,224.01102273054096,224.998013599978,223.95861849457592,224.25558471679688,54285700.0,-0.0037321366205022,0.0018736945650386,0.0024957609090054907,0.005702494786176109,0.017404596755938997,0.005204946891056273,0.0040766007644914845,0.003223819241774467,0.00463486832095933,0.0010917408584402402,-0.3655433162892623,0.9037849763688707
2017-10-31,224.63121311082156,224.85831595994023,224.308044690315,224.60501098632807,60304800.0,0.0015569481636967,0.0020503361617678,0.0022971102667068903,0.00655471439202721,0.016823729407150496,0.005193704611334616,0.004088614625248998,0.003214401293534736,0.002449950992672746,-0.00011664507407778388,0.11087818707320718,1.0094615679356245
2017-11-01,225.38237007095876,225.7229976666513,224.5351325618353,224.90196228027344,54202700.0,0.0013212312813976,0.0025843175931684,0.00858067423127049,0.0068979336404019105,0.016959065553577193,0.004223414668919098,0.004093061198496956,0.0032153074749031916,0.005281701825863536,-0.0021315233775120444,-0.10118763348854487,0.9086481137899342
2017-11-02,224.83209085797367,225.12905712363735,223.76649347870477,224.9893035888672,56449500.0,0.0003882774186437,0.003825262168588,0.007677260093193091,0.00701230133415271,0.011439763028018895,0.004265229996249292,0.00409192965127501,0.002986938107278654,0.006056126327776233,0.0006992450690361217,0.04145180959620087,0.9519571873488576
2017-11-03,225.14650410247785,225.7841245724056,224.73598644613577,225.74046325683597,59589700.0,0.003333085225944,0.0038052017307917,0.0028674054691797905,0.00519824765036931,0.015912469228745996,0.002632223256572905,0.003909056034714889,0.0030193061427897195,0.00464311143491061,0.002638100719022359,0.05562848209461557,1.0230773872920238
2017-11-06,225.60942075481384,226.2208390901341,225.53955732047456,226.0898284912109,49652600.0,0.0015464448062953,0.0038137408735336,0.008145986895977292,0.010641747804982811,0.019111380529960396,0.0010665396379936963,0.003591787254323729,0.002967072974424958,0.003013323395422094,0.0021293779966713496,-0.16675868480626688,0.8424544971140869
2017-11-07,226.1946689399576,226.52658027431363,225.4260377772938,225.93264770507807,57502200.0,-0.0006954556498633,0.0043564714999106,0.005893583082417291,0.00819069334912421,0.015781013197154095,0.001494502790742697,0.0036228577792302634,0.0029613123164119013,0.004871108749437697,-0.001158388197686007,0.15809041218385333,0.9638275126524759
2017-11-08,225.7579375579384,226.41301726687485,225.4784304848628,226.31692504882807,50469600.0,0.0016994043085191,0.0043546630054138,0.00627175610953879,0.014852430340809311,0.015910729271966295,0.001512973615218075,0.003000710893424318,0.0029632534529523483,0.00412954878125182,0.0024760480049398894,-0.12230140759831798,0.8439728913156809
2017-11-09,225.1116255581351,225.68809896409653,223.91499076764973,225.49594116210935,95085500.0,-0.0036341806606049,0.0041670128506877,0.0022492980302901903,0.00992655812348331,0.013767885983834296,0.0026957365864993285,0.003412119052801491,0.003086469303714997,0.007863149054075917,0.001707222374772441,0.8840153280390572,1.528680104972513
2017-11-10,225.11158468854055,225.6007087038398,224.79713258998552,225.42601013183597,59984700.0,-0.0003101691130068,0.0041732626461052,-0.0013939563086606097,0.0014734491605192094,0.012240842317559595,0.002160901213506993,0.0023144064208557562,0.0030915913708674664,0.003564700068924324,0.001396753719851655,-0.36914987037981606,0.9603658390150793
2017-11-13,224.7447365986796,225.86273819686548,224.70979155194425,225.63563537597656,50228600.0,0.0009294749900373,0.0051015303585988,-0.00201092612491861,0.006135060771058709,0.011837555557234796,0.002045132422267933,0.0018736945650387425,0.003087956245527341,0.005109771969308283,0.003964047348916656,-0.16264314066753693,0.7965131320893607
2017-11-14,224.8321109474769,225.2164265386195,224.05473683871836,225.1116180419922,61315200.0,-0.0023251059927075,0.0049768420884682,-0.00364057646776281,0.0022530066146545093,0.008807721006681694,0.00222546237820896,0.0020503361617678966,0.0031557054917333966,0.005160505308457384,0.0012431813824875632,0.2207228551064533,0.9499117056734944
2017-11-15,224.14203021059663,224.66609921823317,223.27733367391352,223.9848175048828,80811500.0,-0.0050180888220744,0.0047409225337473,-0.01035806959835631,-0.004086313488817491,0.002811620151584395,0.002413338447687957,0.002584317593168479,0.0033788764157303584,0.00620026642783223,-0.0007013977055802766,0.3179684645895309,1.2143983403580838
2017-11-16,224.9281424421125,226.25578761229636,224.8844811268868,225.8889312744141,67777000.0,0.0084651533690513,0.004632531853002,0.0017412644312998892,0.003990562461590109,0.011002863795742794,0.005064580020518439,0.0038252621685880258,0.0038583144373746793,0.006070711290159052,0.004271536775567652,-0.16129511270054386,1.0140468461605041
2017-11-17,225.5395497383536,225.86271808991955,225.14649129953867,225.22509765625,75756800.0,-0.002943087799339,0.004446106196086,-0.0008916542550323103,-0.0022856105636928914,0.0029126370866763944,0.005282348789949682,0.003805201730791792,0.0037741706676292083,0.003180048750490625,-0.0013942214678906324,0.11773610516842004,1.1449305928296298
2017-11-20,225.4697091570141,225.80159381167795,225.22512048211289,225.60943603515625,48075500.0,0.0017050090145803,0.0048386433633883,-0.0001161202304893103,-0.002127046355407891,0.008514701449574894,0.005334141908919006,0.003813740873533653,0.003664639720875641,0.0025551827073191694,0.0006197146333516479,-0.3653969016642731,0.735378641109357
2017-11-21,226.37807207748503,227.26899754044936,225.5745225619716,227.08555603027344,69176800.0,0.0065215001384905,0.0045699383219898,0.00873048590070869,0.005089909432945908,0.013280602782070095,0.005824400092843099,0.004356471499910628,0.003902874951185972,0.007461835125488394,0.003125231813734368,0.43892003203294827,1.056340619794308
2017-11-22,227.0942910420056,227.22530164809308,226.7187184194679,226.8846740722656,45033400.0,-0.0008850006357191,0.0045391999502419,0.01286357408706399,0.0025055044887077084,0.017357934829516995,0.004833387156509807,0.004354663005413823,0.003694437715992269,0.0022327785281072874,-0.0009230393629808977,-0.34901007274115026,0.7199225809937683
2017-11-24,227.37378827509912,227.5135418006373,227.2340347495609,227.40870666503903,27856500.0,0.0023070238194844,0.0046952098326205,0.00670544453749709,0.008446708968797009,0.018373267092280297,0.0035781200835966415,0.004167012850687718,0.0037075205960361702,0.001229095645348887,0.0001535726268397755,-0.38142578619424694,0.4607728193907507
2017-11-27,227.4523939944793,227.749360239689,227.09428058415776,227.2951812744141,52274900.0,-0.0004993376832483,0.004621618648749,0.009149194653587791,0.008257540398555509,0.009730989559074693,0.0029601685080872632,0.004173262646105237,0.003302746691410023,0.002882065743137596,-0.0006911895597328091,0.8765781774451205,0.8891550264102085
2017-11-28,227.7580990977113,229.62724582071488,227.6620068892144,229.60104370117188,98971700.0,0.0100936793867096,0.0037267743602128,0.01753786502571709,0.01742174479522781,0.023556805566286493,0.004723661419830126,0.005101530358598833,0.003784988018599681,0.008559364103145124,0.008091675381738817,0.8932929570405683,1.6217966911130934
2017-11-29,229.7320525704751,230.264864537519,229.01585242326905,229.46128845214844,77512100.0,-0.0006088726674021,0.0036991103550008,0.010407492219824491,0.01913797812053321,0.021390984735187694,0.004662210682081427,0.004976842088468224,0.003804503101145786,0.005443236733634997,-0.0011786083626428437,-0.2168256178281266,1.2524915641702752
2017-11-30,230.3784306347225,232.37858806797493,230.29982427167096,231.47023010253903,127894400.0,0.0087169320832903,0.003102335187445,0.02000942493883389,0.03287299902589791,0.028786685537080393,0.00509250120717966,0.004740922533747327,0.0041719295934299575,0.008980696115362664,0.004739156633754703,0.6499927108154726,1.950474684581928
2017-12-01,231.25190080537664,231.73228197266988,227.7581420461125,230.98985290527344,164390900.0,-0.0020774868477944,0.0038764503475221,0.015624914271555091,0.02233035880905221,0.02632092127064229,0.005787393518620274,0.004632531853002006,0.004240495531811153,0.017204824699321854,-0.00113317079423161,0.28536433182375465,2.3164094567719133
2017-12-04,232.6056913602669,233.0336682228385,230.65791150982508,230.71034240722656,94040600.0,-0.0012107880179896,0.0040654164239503,0.014913463936813792,0.02406265859040161,0.02177704802670869,0.0059063032503383055,0.004446106196086035,0.004248456989499316,0.010297573521086265,-0.008148334384925909,-0.42794522081210096,1.2937119383853672
2017-12-05,229.88059997558597,231.59253434794377,229.749589349815,229.88059997558597,77994500.0,-0.0036029511346422,0.0041037326074392,0.0012168334154619908,0.018754698441179107,0.016627652085771192,0.004868847663038263,0.00483864336338833,0.004373461622608718,0.008016966191685963,0.0,-0.17062949406958272,1.052449127363691
2017-12-06,229.97664435778415,230.35224365740348,229.4613181737277,229.9242401123047,75898600.0,0.0001898202587055,0.0041449289928443,0.002015526341569591,0.012423018561394106,0.017512927994339993,0.004846949646284844,0.004569938321989857,0.004361659185999173,0.0038748654045376294,-0.00022786768467643987,-0.026872407669771614,1.0116112185088548
2017-12-07,230.64920043945312,230.96362589938755,229.662209431446,230.64920043945312,77218600.0,0.0031480795983403,0.0041238858547784,-0.00355332614338041,0.016456098795453507,0.01896160328416119,0.0025585360881634923,0.004539199950241941,0.0043880087126678645,0.00564240615385606,0.0,0.017391625141965683,1.0111793521865873
2017-12-08,231.60122748092607,231.91565291517543,230.61423655354508,231.9069366455078,76563900.0,0.0054382125970123,0.0039604768615259,0.00396237330142629,0.019587287572981407,0.02803399654177839,0.0035646801120703428,0.004695209832620527,0.004358213949803622,0.005611804374871657,0.0013199807613580954,-0.00847852719422526,1.0149139415110073
2017-12-11,232.60565185546875,232.6667990126684,231.8807088587994,232.60565185546875,83077500.0,0.0030083823527135,0.0039774685496521,0.00818154367212939,0.02309500760894321,0.0313525480074987,0.0034700390136621394,0.004621618648749077,0.0043527779520158225,0.003379497220288698,0.0,0.08507403619721576,1.0846554111350253
2017-12-12,233.3917468808904,233.48783908067503,232.64060175192208,233.01617431640625,85195800.0,0.0017633304292609,0.0039650003501667,0.01354782523603249,0.014764658651494508,0.03218640344672229,0.001934656170748663,0.0037267743602128305,0.004350336572118755,0.0036359593115734244,-0.0016091938532677218,0.02549787848695506,1.087488277332372
2017-12-13,233.2607543511489,233.6974741079144,232.9026409519702,232.989990234375,102905400.0,-0.0001123765479971,0.003974164347569,0.01324562842932989,0.015261154770899508,0.03439913289143269,0.0020351630144554485,0.0036991103550008167,0.0042724506667252355,0.0034114476555178685,-0.0011607787067613522,0.20786940201277537,1.279578599306751
2017-12-14,233.28699142018425,233.4005428387963,231.9855748797345,232.03797912597656,100666700.0,-0.0040944308777641,0.0039307061961384,0.00600311795322549,0.002449791809845109,0.035322790835742995,0.0035813182804114887,0.0031023351874450485,0.004200163202604953,0.006098001561604735,-0.005353973175289628,-0.02175493219986513,1.236477768955935
2017-12-15,233.03968429670263,234.43554878182445,232.9870121871894,233.9702606201172,144610300.0,0.0082929545162646,0.003700461544751,0.00885785987247779,0.01282023317390411,0.035150591982956295,0.004528174289626708,0.0038764503475221764,0.004185860236512787,0.006191114164662756,0.0039932096811020395,0.43652568326964136,1.696194197822094
2017-12-18,235.36613793134373,235.8050900622148,235.2607937065766,235.4539337158203,83653600.0,0.0063212678598113,0.0036978376278352,0.01217074537957559,0.02035228905170501,0.04441494764210659,0.004974747236028907,0.004065416423950405,0.004150761383350011,0.0023116893697563636,0.00037301790838830485,-0.42152391634620767,0.9766845141804927
2017-12-19,235.69970433667527,235.74358882543072,234.47940476779212,234.54965209960935,82382900.0,-0.0038479822678267,0.0034300239206753,0.006559432682487991,0.02010725791852051,0.03886195635969959,0.00573825432461681,0.004103732607439301,0.004367157868139407,0.005389835569236844,-0.004879311326683625,-0.015190021708569645,0.9429634232236115
2017-12-20,235.51536577852528,235.56803789071336,234.12828883838597,234.42677307128903,76751500.0,-0.0005240307381656,0.0036662338742543,0.00614777849231949,0.019393406921649408,0.031816425483043496,0.005766680714393459,0.004144928992844349,0.004261283901517143,0.006141572626133275,-0.004622172755640663,-0.06835641862570996,0.8747139000662034
2017-12-21,235.05007482828023,235.6207340227915,234.66379481577025,234.90960693359372,67032300.0,0.0020575180327363,0.0036691080988608,0.012299727402819892,0.01830284535604541,0.0347589441514989,0.004944436755856685,0.0041238858547785065,0.004221919370360121,0.0040736486664497305,-0.0005976083810614831,-0.12663205279375644,0.7544890020652344
2017-12-22,234.92713742476712,234.96226108962756,234.3125938514885,234.8481292724609,78720900.0,-0.0002617419863281,0.0035551735910667,0.0037450309002271887,0.01260289077270501,0.032190178345686396,0.003759549212912509,0.003960476861525951,0.004242717854223267,0.0027663292024155627,-0.0003363091772721111,0.1743726531836145,0.8613934532110421
2017-12-26,234.44426502174645,234.78666045998,234.30382395075893,234.5671844482422,45244400.0,-0.0011969991159294,0.0035960610201715,-0.0037732360755135105,0.00839750930406211,0.031492516913005295,0.0021194816499392403,0.003977468549652211,0.004263784813633956,0.002058414566201233,0.0005243012725619017,-0.4252555547510255,0.4969927939757677
2017-12-27,234.734007553022,235.04127935287949,234.40918731573265,234.68133544921875,57751000.0,0.000486526854696,0.0037955353682143,0.0005612730470091891,0.00712070572949721,0.021885364380991697,0.0012432826824781101,0.0039650003501668155,0.0037655793920062896,0.0026934056597935447,-0.00022439059577402152,0.2764231595512372,0.6490678114638451
2017-12-28,235.18175980019157,235.2080958535012,234.7954798239778,235.1641845703125,45116100.0,0.0020553533895811,0.0039001694031585,0.003140657174755889,0.00928843566707541,0.024549590437974896,0.0014338006001978329,0.0039741643475690305,0.0037492474037382592,0.0017545870357653737,-7.473041231600187e-05,-0.21878235874703467,0.5164655068350308
2017-12-29,235.7435927507426,235.76114118823557,234.08436789215665,234.2774810791016,96007400.0,-0.0037776985325605,0.003825888006465,-0.0026945593905409113,0.00960516801227901,0.012054959822124095,0.002166874351942449,0.0039307061961384344,0.0034658817042595574,0.007157210707386655,-0.006219094459933728,1.1280075183803566,1.1194743260482354
2018-01-02,235.1378554585482,235.98942359604385,234.751575470931,235.9542999267578,86655700.0,0.0071319124860683,0.0041204070615617,0.004699095081855489,0.008444125982082707,0.021264359155986796,0.004080835570508837,0.0037004615447511053,0.0036952320785787495,0.005246135058768161,0.003472194924196514,-0.09740603328493425,1.0583981791130401
2018-01-03,236.12111810246336,237.59601759479307,236.12111810246336,237.4467620849609,90070400.0,0.0063052968089265,0.0043799328469021,0.012201391006711387,0.008428154931197907,0.028780443982902897,0.004460334830401634,0.0036978376278353074,0.0038314747272381743,0.00621149549220628,0.005614254214747101,0.039405370910395865,1.1027785132390684
2018-01-04,238.08759267620823,238.9303730753286,237.50817277946743,238.447509765625,80636400.0,0.0042057625611281,0.0043900744554739,0.01592062671314349,0.016481899760152706,0.03658915767867319,0.0043620979771579575,0.003430023920675339,0.0036857358743697683,0.00596441664355845,0.0015117003173963988,-0.10474029203822788,0.9856790236941462
2018-01-05,239.2376944978411,240.1594832389474,238.74607026371623,240.03659057617188,83524000.0,0.0066421711890574,0.0045389412013743,0.020507444512619787,0.023648101687375706,0.0430415086090251,0.004543890692407762,0.003666233874254387,0.003814794510334868,0.005888322992084113,0.003339340315946716,0.035810130412567975,1.0162400820350692
2018-01-08,239.93994374624884,240.6334954184191,239.65024721010417,240.47547912597656,57319200.0,0.0018267539965247,0.0045290418587933,0.026111897041704985,0.023417337651164105,0.04172018300720949,0.002202193061667411,0.0036691080988609064,0.0038080731460740707,0.004088767020606888,0.0022319559276636337,-0.31373976342129206,0.7059512943462636
2018-01-09,240.89684071779425,241.64306444039752,240.6159050212725,241.01976013183597,57254000.0,0.0022607959261473,0.0046758284136264,0.02124078048178399,0.025939875563639508,0.03854276633634449,0.002223607539698995,0.0035551735910668127,0.0037262615967819683,0.004261722850288975,0.0005102574765009699,-0.0011374897067649714,0.7136342291154265
2018-01-10,240.2647973076733,240.9144645859903,239.59760838310203,240.6510772705078,69574300.0,-0.0015308501354044,0.0044983196002494,0.013404633537453088,0.025606024544164507,0.03400353384822659,0.003027448071033529,0.003596061020171572,0.0037945518295582096,0.00547205613132588,0.0016077260054866344,0.21518671184546068,0.8745586231373647
2018-01-11,241.20410573171677,242.40682983398435,241.0373018410298,242.4068298339844,62361500.0,0.0072693574386487,0.0050775725373136,0.01646822841497369,0.032388855128117205,0.039509560857614395,0.003657636421604873,0.0037955353682143224,0.00399387568841177,0.005649708772201199,0.004986333456551471,-0.10367046452497541,0.7953065797410852
2018-01-12,242.6702502430664,244.1538834452127,242.3717392883683,243.9871063232422,90816100.0,0.006497951278432,0.0059119553075421,0.01632400850434829,0.03683145301696811,0.0461198886840435,0.0036250520057744067,0.003900169403158585,0.004084493287842834,0.007304255473579626,0.005426524589877789,0.45628472695493216,1.1671905133487563
2018-01-16,245.24253818450373,245.89217870480007,242.45957014401455,243.1531219482422,106555100.0,-0.0034240045941121,0.0069720210410475,0.011073249913711489,0.037185146955416505,0.04679031496769549,0.0047360865562894525,0.003825888006465097,0.00403160927820826,0.014117065548170066,-0.008519795349245683,0.173306274988686,1.364309464864823
2018-01-17,244.0836722321971,245.8570288429602,243.1530960433157,245.4707489013672,113258800.0,0.0094864146925054,0.0064159778085047,0.018298868680069587,0.03953964916185361,0.04798377514393629,0.005747968830582173,0.004120407061561754,0.0041319493810620875,0.011015295352893393,0.005682791710256462,0.0629129905560597,1.4798440646465871
2018-01-18,245.35672707365885,245.7781040317324,244.5665916942397,245.0582427978516,100728000.0,-0.0016818830598604,0.0063946511671329,0.018147835755613587,0.03155246929306671,0.0399806242242646,0.005782359848515471,0.004379932846902182,0.004119638649982668,0.0049437730543595,-0.0012165318610467372,-0.11063864353145181,1.301597146844472
2018-01-19,245.637590713448,246.1731262207031,245.05819750318747,246.17312622070312,140920100.0,0.0045391455326581,0.0094728147423165,0.015417623849622988,0.03188585226459671,0.0483677520247494,0.0054733716700851075,0.004390074455473899,0.003914913778892204,0.0045290431763703185,0.002180185474461317,0.39901616233817805,1.75459560036586
2018-01-22,245.96241956189596,248.1747283935547,245.90972066426505,248.1747283935547,91322400.0,0.0080979945295521,0.0153750188864056,0.017017667100743088,0.03334167560509141,0.0569897772924671,0.005762069087200591,0.004538941201374386,0.004046360230713437,0.009126665490685231,0.008994499385716151,-0.3519561794236592,1.126833207464568
2018-01-23,248.2186746044083,248.99123474164276,247.89385427205187,248.7015380859375,97084700.0,0.0021204872332255,0.0173598296565791,0.02256215892808069,0.03363540884179221,0.057052746492956295,0.0045190821778213625,0.004529041858793368,0.004045736017491274,0.00441243941648521,0.0019453148813188366,0.06309842930102572,1.1761281055023547
2018-01-24,249.34235578964623,249.9393510420321,247.42853095192572,248.60491943359372,134816100.0,-0.0003885678623251,0.0172799181889712,0.012687176373250189,0.03098604505331981,0.056925920616959294,0.00391996971987868,0.004675828413626413,0.004050970428717837,0.01009963960418347,-0.002957525422093305,0.38864414269189695,1.5795531347485556
2018-01-25,249.4651858777204,249.5617424508403,247.92006637578535,248.71017456054688,84587300.0,0.000423293520731,0.0198994506475228,0.014792352953841589,0.032940188709455205,0.058546213253619694,0.00343675882481215,0.004498319600249439,0.003981459035535116,0.006600759610883167,-0.003026519770753077,-0.3725727120128828,0.9687277286577911
2018-01-26,249.5442019713645,251.6336176940361,249.2896023199752,251.58970642089844,107743100.0,0.0115113505609834,0.020322637394064,0.021764557982166886,0.03718218183178991,0.0695710369599071,0.005200387937483219,0.005077572537313621,0.004369989060999379,0.00931681747797536,0.008196962435411242,0.2737503147635638,1.199577565783786
2018-01-29,251.01902586273744,251.4579777605668,249.7636298649049,249.9216461181641,90118300.0,-0.0066521583027992,0.0216772611781501,0.0070144051498155875,0.02403207225055871,0.0608635252675268,0.006552645542008158,0.005911955307542122,0.004918568682396401,0.0067795163883515005,-0.004371699478960675,-0.16358170500013458,0.978827035273901
2018-01-30,248.09569731750025,249.9743981091749,246.8841854055808,247.35826110839844,131796400.0,-0.0103097176367496,0.0218394806627354,-0.0054157997201595125,0.01714635920792121,0.0543315061633377,0.008329415715393952,0.006972021041047529,0.00556916377845034,0.012492862335573599,-0.0029723861279145132,0.4624820929822244,1.404224155882941
2018-01-31,248.2098613943564,248.71024642133224,246.41014172914785,247.48118591308597,108364800.0,0.0004968270333172,0.0226177863671331,-0.004530404824517213,0.008156771548733009,0.0476964207105866,0.008357239085125303,0.0064159778085046935,0.005489353239123974,0.009294058793593202,-0.002935723331768522,-0.1777863431778106,1.1413723351647918
2018-02-01,246.7525129552376,248.4995335490144,246.41011749473475,247.20022583007807,90102500.0,-0.001135923471345,0.0232566558228934,-0.006089621816593213,0.008702731137248409,0.040255200430315094,0.008324258826358354,0.006394651167132905,0.0054617517159339995,0.008452322595028183,0.0018144207306277544,-0.1685261265650838,0.9490052336555105
2018-02-02,245.8833220007957,246.0150290240728,241.78352563301817,241.8186492919922,173174800.0,-0.022010576997335,0.0222891800991293,-0.03961154937491161,-0.01784699139274469,0.014038860871851997,0.008982332353684553,0.009472814742316525,0.007625202474322822,0.017498664405924885,-0.016530900411335526,0.9219755278710358,1.7392078974742413
2018-02-05,240.06295841780312,242.1699235275304,231.1609953304481,231.70529174804688,294681800.0,-0.0427217921686069,0.0170455197160274,-0.07568118324071932,-0.06866677809090369,-0.035325102485812304,0.01783196682571415,0.015375018886405599,0.012211351423452733,0.047512631731575876,-0.03481447835534312,0.7016436571602798,2.675788335975009
2018-02-06,228.20245791534228,236.77081290831964,227.1138650992397,236.27040100097656,355026800.0,0.0195106461196227,0.0161103039579571,-0.04586081948434702,-0.05127661920450649,-0.0176412103627143,0.023828431255209694,0.017359829656579073,0.013093561652330206,0.04087244008630619,0.03535432159379852,0.2047802069893696,2.839888494396383
2018-02-07,235.7173115220127,239.1060093603168,234.9096277538574,234.98866271972656,167376100.0,-0.0054396468543476,0.0159820472727269,-0.05179729337201181,-0.05632769819652899,-0.025341653143209204,0.023369694573089295,0.01727991818897118,0.01310948829495552,0.01785780453359346,-0.0030911976620694023,-0.5285536190507308,1.2823745244519154
2018-02-08,235.2871032313149,235.42757111233564,226.1393300672192,226.1744537353516,246449500.0,-0.0382306485556731,0.0087277956586027,-0.0888920184563399,-0.09498164027293308,-0.0620414515634779,0.02550047252355018,0.019899450647522826,0.015499077823505687,0.041066711521649965,-0.038729914945675924,0.4724294567742946,1.7683844367215944
2018-02-09,228.95738632420708,231.4242947855056,222.039510890829,229.57192993164065,283565300.0,0.0149097798973211,0.008423679210513,-0.05197166156168381,-0.09158321093659538,-0.0544010291048055,0.029064926889983366,0.020322637394063987,0.015858167944295967,0.04087949209413835,0.0026840960114882335,0.15060205031862517,1.8851017521093651
2018-02-12,231.61742570067415,234.409181085586,229.71238881690363,232.9430694580078,143736000.0,0.0145776860442395,0.0096640819517132,0.005327816651162592,-0.0703533665895567,-0.046321294338997995,0.023984218247786633,0.021677261178150158,0.016204489895914418,0.02016283326054933,0.005723419787278151,-0.49311146321499844,0.9390189396192516
2018-02-13,231.74034719721283,234.06678771243008,231.16092727411035,233.52249145507807,81223600.0,0.0024843089978263,0.0105794543184769,-0.011698520470633808,-0.05755933995498078,-0.040412980747059596,0.021821912317866936,0.02183948066273542,0.016237051539942336,0.012443599844337587,0.007690263173501774,-0.43491122613680633,0.5350563641942607
2018-02-14,232.03880130814665,237.0340771514361,232.030013694971,236.67413330078125,120735700.0,0.0134058344095561,0.0109614466875478,0.007146960793269891,-0.04465033257874189,-0.0364935610300089,0.022759972175265153,0.02261778636713306,0.016406017501310703,0.02114326304558854,0.019976538262145654,0.4864608315809691,0.7933864670613786
2018-02-15,238.41245071551432,239.70297096491808,235.95430287347807,239.69418334960935,111200300.0,0.012679644741823,0.0101694008449655,0.05805725409076598,-0.03083476436557389,-0.0221320332283255,0.005180325633369491,0.02325665582289341,0.016723813953786325,0.01563937864095908,0.005376114503451203,-0.07897746896733937,0.7282211386833168
2018-02-16,239.07080319233245,241.70451496630105,239.02689192119868,239.7643280029297,160420100.0,0.0002925994727797,0.0109687922417837,0.04344007366622458,-0.00853158789545919,-0.0263785792882039,0.00674255372656458,0.022289180099129332,0.01667524915748347,0.01116772902543554,0.0029009180599912005,0.44262290659287795,1.0438832850456818
2018-02-20,238.81625220681488,240.25602779649856,237.4730600001012,238.2631683349609,86369700.0,-0.0062806621548654,0.0107908025564198,0.022581725467119684,0.027909542118282313,-0.040757235972621396,0.00842922067472009,0.01704551971602737,0.01655742449870914,0.011680226599206993,-0.002315938998050269,-0.46160300361363693,0.5629307356523939
2018-02-21,238.7021616780107,241.17785810812944,236.98147683910005,237.0780334472656,98883700.0,-0.0049864700932196,0.0106253522214918,0.01511094637607378,0.003412425905440014,-0.04786419329906651,0.009476535000525825,0.01611030395795716,0.01653973651648595,0.017700422126889326,-0.006803994648929546,0.14488877465129546,0.644115457153578
2018-02-22,237.99981276687265,239.711709729396,236.7180802507282,237.38526916503903,110511300.0,0.0012950875611433,0.0106945322309269,0.003000199527660983,0.010147160320930914,-0.0461805378755981,0.007500793602584893,0.01598204727272688,0.016554754460263603,0.012610847712654473,-0.0025821180054270854,0.11758864201076613,0.7255999055306431
2018-02-23,238.60564728321245,241.1691131591797,238.13157139981496,241.1691131591797,92766400.0,0.0158139722022168,0.0109178995858598,0.006134526988054785,0.06419178107882081,-0.030789859194112302,0.008783929927368513,0.008727795658602763,0.017039075650467667,0.012595069574103585,0.010743525583552257,-0.16057090994314605,0.6074585604788507
2018-02-26,242.24016221617225,244.06621842836591,241.6519812530792,243.9696350097656,86491400.0,0.0115453691100869,0.0103450304549479,0.017387296625361984,0.06082737029158661,-0.030755840645008803,0.009860305532767842,0.008423679210513011,0.01704044866339428,0.009895646133134822,0.007139496513587966,-0.06764302592317906,0.5703366755198535
2018-02-27,244.15383660522428,244.86496340027736,240.8616970363692,240.92315673828125,99099200.0,-0.0125657399295182,0.0096661284761585,0.011102218850709186,0.033683944317828916,-0.0366694222717278,0.011652954215312896,0.009664081951713175,0.017184557468596585,0.01661636190603698,-0.013232148680779349,0.14576940597562293,0.6515450453675595
2018-02-28,242.0206188023741,242.46835850910344,238.1666333695874,238.482666015625,121907800.0,-0.0101814024308974,0.0091457753117394,0.005907286513031386,0.02101823288910521,-0.0365411070658756,0.012645494109943117,0.010579454318476875,0.01718124998723896,0.01803789437356506,-0.014618394103182017,0.23015927474692033,0.8041181406811968
2018-03-01,238.2720014755822,239.81712156627023,233.5225361531255,235.01498413085935,176855100.0,-0.0146473541369583,0.0073400247475789,-0.010035155185070215,-0.007034955657409187,-0.05168528823615111,0.014485683927869836,0.01096144668754782,0.017405691736576318,0.026783762049996943,-0.013669324656496054,0.4507283373172184,1.1407882745441162
2018-03-02,233.34685555508847,236.78825077369177,232.4865268440641,236.22637939453125,139083200.0,0.0051413056061606,0.007301533760851,-0.020707821781126415,-0.014573294793071588,-0.0454080591586455,0.011726780816681406,0.010169400844965532,0.017489576673465942,0.018210175936546023,0.012340101316526998,-0.21357540721189272,0.8831919198307775
2018-03-05,235.04129618469477,239.5712849767316,234.9359251780348,238.9567413330078,97307400.0,0.0114919569660547,0.0080622651989398,-0.020761233925158613,-0.0033739372997965856,-0.011905525195255803,0.011708929179009068,0.010968792241783728,0.017099442346396296,0.019398321942451457,0.016658541336652153,-0.3003655365996756,0.6331633140409978
2018-03-06,239.93115891026687,240.01019384890736,238.0700066670541,239.5624542236328,79213200.0,0.0025316151149393,0.0080348741356873,-0.005663878880701113,0.005438339970008114,0.0333478820882904,0.01091669830138767,0.010790802556419782,0.013932484204585472,0.008098878382845839,-0.0015367103143612735,-0.18594885897680957,0.5542830860782043
2018-03-07,237.4028145444429,239.82581139761655,237.2096745902801,239.4746551513672,87063500.0,-0.0003665648089906,0.008051109232442,0.004150958741205687,0.010058245254237114,0.013470671159677096,0.009697170136361958,0.010625352221491758,0.01328665412077613,0.010924483034260355,0.008727110547951989,0.09910343225624008,0.6722379252881517
2018-03-08,240.15066631212255,240.75642231086204,239.15865714072376,240.63352966308597,66901200.0,0.0048275651156989,0.0109646031881514,0.023625877993862884,0.013590722808792715,0.023737883129723594,0.00437922669672123,0.010694532230926949,0.01323627908861911,0.006639827676447772,0.0020106683790576626,-0.2315815468020468,0.5374057408041406
2018-03-09,242.0381197768644,244.8210601806641,241.72206043628228,244.8210601806641,113625300.0,0.0172524247232894,0.0095917163922798,0.03573699711099169,0.015029175329865313,0.0792209564086861,0.0071437642569570055,0.01091789958585981,0.009945172396771333,0.012658223692418159,0.011497942581793727,0.698404512923535,0.9641684960716761
2018-03-12,245.11085016588888,245.7341546127228,244.12757500993573,244.51385498046875,71924800.0,-0.0012556031913408,0.0144950830001609,0.02298943695359619,0.002228203028437613,0.06305557332002419,0.0074727619678718665,0.010345030454947954,0.00966135916992502,0.006570505392896426,-0.0024356130502427202,-0.3670001311327671,0.6705278175659573
2018-03-13,245.67271164185843,246.17312347300876,242.3278987351344,242.93365478515625,91968900.0,-0.0064835934094286,0.0150374736597712,0.013974228429228287,0.008310349548527213,0.0419942938663561,0.009022799238217456,0.009666128476158541,0.009496945887907764,0.015828291643144175,-0.011149210827677,0.27868134496029184,0.8785920654076962
2018-03-14,243.8905597991625,244.0749121766224,241.1339545863704,241.68701171875,105895100.0,-0.0051448314212909,0.0150607257589612,0.009195961816927986,0.013346920558133711,0.034365153447238894,0.009671106635977507,0.009145775311739436,0.009632928693890548,0.0121684552650863,-0.009034987177146452,0.15142292666325252,0.9998483162752482
2018-03-15,242.1961590473828,242.83701181881128,240.92318753477184,241.4235992431641,83433000.0,-0.0010904852665716,0.0160931191965412,0.0032779114346574876,0.02690378942852041,0.019868833771111195,0.00957560950411353,0.007340024747578928,0.009244786331286236,0.00792724609374999,-0.003189810306065009,-0.21211651908350815,0.801885473189126
2018-03-16,241.94979427346908,242.7342709987508,241.63249597929052,241.6853790283203,100343700.0,0.0010837298520675,0.0168982553351955,-0.01289078343656441,0.022846213674427313,0.008272918881355694,0.0031309735791596564,0.007301533760850992,0.008827507724676822,0.004558716062551547,-0.0010928517048041269,0.20268598755887957,0.9694743737391694
2018-03-19,240.93620460870457,241.86168501139227,236.7670775944114,238.4153289794922,109208400.0,-0.0136225611162989,0.0176665931948102,-0.02525774136152251,-0.0022683044079262853,-0.0056422417077229055,0.005675680003121751,0.008062265198939817,0.009369299899806125,0.02136862356454894,-0.010462834480631265,0.08834336385841857,1.0818859804652377
2018-03-20,238.8119932303427,239.45543966554663,238.1421052648597,238.82081604003903,59757300.0,0.0016993145316196,0.0181867137974145,-0.01707483342047431,-0.0031006049912459853,0.002337734978762095,0.006304458201139409,0.008034874135687342,0.009269790432946894,0.005499245930332732,3.6944583799987855e-05,-0.4528140692474205,0.5999006444956755
2018-03-21,238.77674112899192,240.8657028245389,238.150940281105,238.3624725341797,78709600.0,-0.0019210381326817,0.0184975968726293,-0.013851040131865111,-0.004655078314937085,0.005403166939299995,0.006247911545345624,0.00805110923244202,0.009206091581275538,0.011389219597244328,-0.0017349620941029247,0.3171545568491214,0.7982451701155205
2018-03-22,236.14129640944108,236.98745229628892,232.1308182344852,232.40408325195312,148785900.0,-0.0253149141792775,0.0181221780593633,-0.038075469044571014,-0.03479755760991349,-0.021206834801120806,0.01166429713329867,0.010964603188151434,0.010829859231484345,0.02089736976152254,-0.01582617362703079,0.8903145232601868,1.480206038738514
2018-03-23,232.844799765795,233.1709209551684,227.25657169813343,227.4504852294922,183534800.0,-0.0215450273948647,0.0167516636200853,-0.06070422629150321,-0.0735950097280676,-0.058565834398202316,0.011834110614781509,0.009591716392279894,0.010986897223297563,0.026002799031479513,-0.023166995963528614,0.2335496844795104,1.7470280453825142
2018-03-26,231.0467545481956,233.9554313704272,228.6492897684901,233.67337036132807,141956100.0,0.0269917197309598,0.0151246171255973,-0.02008994544424451,-0.04534768680576699,-0.04311948377732941,0.020972856834360842,0.014495083000160967,0.012496982880793393,0.02270751516842607,0.011368330268342164,-0.22654395787610848,1.3164967481980094
2018-03-27,234.6076217289093,235.13645231917573,228.1467967301256,229.69810485839844,129941400.0,-0.0171584279370618,0.0140533693912883,-0.03894768791292591,-0.05602252133340019,-0.04771217178487301,0.02137933334677653,0.015037473659771228,0.012738199488295828,0.030429748618775197,-0.020926502022103256,-0.08463672924235033,1.188081442407129
2018-03-28,229.8302970105269,231.49619395397707,227.91760350865525,229.01937866210935,146452300.0,-0.0029592362008305,0.01412848852987,-0.03998588598107471,-0.05383692611293978,-0.040490005554806106,0.021313027307316563,0.01506072575896121,0.01260726494950067,0.015625710218180287,-0.0035283352933247187,0.12706419970848404,1.3241856702484973
2018-03-29,230.15647280673,233.80556589293712,229.02825585763088,231.9457550048828,111601600.0,0.0126969067407201,0.0137115659672971,-0.001974065061077111,-0.040049534105648085,-0.013145744677127707,0.020349090408745992,0.01609311919654118,0.012648938827002817,0.02059666940317866,0.007774198901872024,-0.23796621835232357,1.039747069313195
2018-04-02,231.41682631878385,231.9280650176336,224.47124538181424,226.9392242431641,186286300.0,-0.0218212826708,0.0112913120209615,-0.0022503203370124077,-0.06295454662851557,-0.040108332954088305,0.02042112075802891,0.01689825533519556,0.013412208462789175,0.03285822299202635,-0.01934864524263988,0.6692081475534402,1.6982129347341446
2018-04-03,228.17320764889604,230.32387475681932,226.3839259950457,229.847900390625,119956900.0,0.0127355404942124,0.0111244918036893,-0.01650649957375981,-0.036596445018004284,-0.03886474942593061,0.016188341734016214,0.017666593194810194,0.013480783163115463,0.017141547758659986,0.007339567861560295,-0.3560616105424822,1.0823703205233444
2018-04-04,226.30462916904324,233.01222376677336,226.17242152300037,232.30709838867188,123715300.0,0.0106424087823622,0.0108604827070108,0.011294337145664189,-0.027653350767261685,-0.030753955758507708,0.014967292199429745,0.018186713797414523,0.013741952125910924,0.029442932614695026,0.026523846382059468,0.031331253141753335,1.094311724573247
2018-04-05,234.0611514312149,235.0219232354331,232.9770216703882,234.1405029296875,82652600.0,0.0078611787372122,0.0109613643054342,0.02211475208370689,-0.017871133897367785,-0.022526212212304907,0.014805576261545477,0.0184975968726293,0.013901090937259218,0.008733651544512853,0.0003390203713319329,-0.33191286768896,0.7325245978497777
2018-04-06,232.18373580132868,233.67331128789823,227.40642617564995,228.92247009277344,179521200.0,-0.0225379873527525,0.0081114310569839,-0.013120142009765714,-0.015094207070842785,-0.049891764680756304,0.017937074828058806,0.01812217805936328,0.014612780720500635,0.027375578770002563,-0.014046055798437972,1.1719970091684955,1.515413288605079
2018-04-09,230.37681089226027,233.4353402948392,229.11638636610888,230.0506896972656,105442900.0,0.0049162869454858,0.0081101595842504,0.013617427606520086,0.011367107269507716,-0.062227902458559914,0.014424777917081098,0.01675166362008526,0.013982134056583646,0.018773922975035724,-0.0014155990515346882,-0.412643743468738,0.8931720929854333
2018-04-10,232.9329030607836,234.4930340065151,231.79589038705828,233.70855712890625,103529000.0,0.01577518211584,0.0079218021254004,0.016657069228147685,0.00015056965438791509,-0.045197117151379106,0.015004620345131515,0.015124617125597276,0.014605798841993672,0.01154062843308371,0.003329946340471515,-0.018151056164047108,0.8653766303339547
2018-04-11,232.22779429217832,234.140488069733,232.1572925076709,232.48341369628903,91140200.0,-0.0052559732028654,0.0078172869580815,0.0007586872429200843,0.012053024388584315,-0.04396949694481591,0.014750384623902393,0.014053369391288303,0.01458968497209426,0.008530481940758675,0.001100727003371134,-0.11966502139497148,0.762085262721503
2018-04-12,233.80555112463333,235.33921379794384,233.6292563098291,234.3960876464844,68890500.0,0.0081934830936192,0.0080621352758284,0.0010909915993270857,0.023205743683034016,-0.030631182429905805,0.014794487901003912,0.014128488529870035,0.01475186961423486,0.007295162241332743,0.002525759200371955,-0.2441260826726297,0.5850923558480572
2018-04-13,235.7005753585113,235.81516428659432,232.70375210342692,233.70855712890625,85079200.0,-0.0029375098907537,0.0079904449851862,0.020691469061325882,0.007571327051560215,-0.03247820705408791,0.008526227970328494,0.01371156596729707,0.014754744217609065,0.013313214635317124,-0.008451478010077349,0.23499176228943042,0.7220794590226238
2018-04-16,235.33923954798863,236.39695475492135,234.51952505696408,235.63009643554688,63405300.0,0.0081883306582029,0.0078792729480992,0.02396351277404299,0.037580940380563116,-0.025373606247952506,0.008724140713196004,0.0112913120209615,0.014908090442443098,0.007967699060339737,0.001235904765039999,-0.25474969205164133,0.5466994957851613
2018-04-17,237.39285890695663,238.7502533652304,236.88164709474785,238.15089416503903,64682000.0,0.010641294466376,0.0068475045680796,0.01882962512457899,0.035486694352726715,-0.0011097506652776087,0.007293187476931668,0.011124491803689266,0.014836946142881183,0.00784631221744484,0.0031931679056087544,0.020135540719782075,0.5686228692905849
2018-04-18,238.5915942091405,239.12924752533576,237.86882331629653,238.32717895507807,57303900.0,0.0007399492569639,0.0069294154513823,0.02482554758440829,0.025584234827328415,-0.002069115939933309,0.0057735170992564205,0.010860482707010795,0.01483252439103479,0.005288629750771332,-0.001108233736980127,-0.1140672830153675,0.5043054457321106
2018-04-19,237.67498811699372,237.87772447775663,235.97385332498524,237.005126953125,77655900.0,-0.005562657511629,0.0068559832324436,0.011069406979160087,0.012160398578487218,-0.005710735318880609,0.006998199778639011,0.010961364305434242,0.01487829224890232,0.008033037838662181,-0.002818391489890315,0.35515907294267923,0.6837311167747354
2018-04-20,236.9345267583543,237.1548817757553,234.1139717760991,234.99539184570312,99953100.0,-0.008515868830079,0.0079664073586732,0.005491048039834788,0.026182517101160714,0.011088310030317893,0.008340657806772626,0.008111431056983857,0.01382801553785078,0.01294029630016258,-0.008184264822783201,0.28712821562817514,0.8993843300075741
2018-04-23,235.56838720920783,236.123686276615,233.8848712853652,234.960205078125,65558000.0,-0.0001497450732545,0.0080476008332987,-0.0028470276916226123,0.02111648508242042,0.03248359235192809,0.0073424989546711636,0.008110159584250412,0.012819164972167781,0.009528485857872755,-0.002581764634414643,-0.34411238871030514,0.6229606289889738
2018-04-24,235.98267553861925,236.20303062196356,230.2975036288115,231.79592895507807,112885500.0,-0.0135587917077185,0.0064729535726254,-0.027047113865717114,-0.00821748874113808,-0.008066919086750212,0.005949047988815518,0.007921802125400456,0.011758719383044918,0.025477267956231186,-0.01774175402488818,0.7219179962781048,1.0877106583947
2018-04-25,231.7341356786345,232.8094691557504,229.9184126285739,232.36875915527344,103840900.0,0.0024682208952154,0.0069694092984621,-0.02531884222746561,-0.0004932946430572793,0.011559729745526989,0.006426698155405514,0.007817286958081484,0.011086585079462597,0.01244167476594672,0.002738584347016689,-0.0801218934229817,1.0133030984420697
2018-04-26,233.3912538357174,235.5595399175105,232.9505437516809,234.7310028076172,67731900.0,0.0101146007076644,0.0068715486103235,-0.009641584008172211,0.0014278229709879207,0.024633566654021888,0.009303070884351897,0.008062135275828455,0.011251254460180368,0.01111483414897653,0.005740356375319964,-0.3477338890552759,0.6873431436730129
2018-04-27,235.33924313749463,235.63892284097287,234.0171125580705,234.951416015625,57053600.0,0.0009385628047998,0.0068635554181615,-0.00018715237329341137,0.0053038956665414205,0.012875222718101589,0.008560584281456918,0.007990444985186218,0.010923045009437436,0.006902747429257962,-0.00164794921874993,-0.15765540314091298,0.595460735938855
2018-04-30,235.5684066465393,236.12370575976556,233.0739720424936,233.14450073242188,82182300.0,-0.0077203162573496,0.005959553501308,-0.007757723557388511,-0.01060475124901108,0.02697618913155199,0.0092288382628833,0.007879272948099229,0.00979334647390026,0.013080873482716643,-0.010289605251498761,0.44044021761992225,0.9069992046044869
2018-05-01,232.5803406831274,233.66449719784265,231.02903254476595,233.5587310791016,74203400.0,0.001775134291851,0.0067615913430943,0.00757620244218099,-0.01947091142353608,0.016015782929190592,0.006335471138365225,0.006847504568079587,0.009422259903058613,0.011283948328115027,0.0042066771125216585,-0.09708781574621295,0.8401526086533905
2018-05-02,233.36486653508317,234.17575821480932,231.6020257892948,231.98985290527344,86368900.0,-0.0067399372133549,0.0059791573360151,-0.00163195566638931,-0.026950797893854878,-0.0013665630665265095,0.0072600711129814895,0.006929415451382281,0.009267085022001284,0.011094159478455434,-0.005892119281815777,0.16394801316381735,0.9990154881759974
2018-05-03,231.16126305069108,232.13080372140743,228.3318849297842,231.4785614013672,136311500.0,-0.0022063713320711,0.0058520455474352,-0.01395292770612481,-0.023594511714296978,-0.011434113135809809,0.004329932874382583,0.006855983232443629,0.009085340425166748,0.016411536207174646,0.0013726276906807322,0.578247494179039,1.5292365815482152
2018-05-04,230.50905674946347,235.1541595417253,230.18293550042836,234.47544860839844,91222100.0,0.0128636237388957,0.0050921446316308,-0.002027866772028911,-0.0022150191453222806,0.023967497955838392,0.008332160283045039,0.007966407358673173,0.007959276756392773,0.021201469368332365,0.01720709769441283,-0.3307820690110519,1.0767226294986763
2018-05-07,235.2422352294352,236.23821739751983,234.5547016940085,235.2686767578125,55304900.0,0.0033772807813639,0.0053760631140968,0.00906973026668459,0.0013120067092961193,0.02242849179171649,0.007312194773100328,0.008047600833298741,0.007928821433189332,0.007155715442920486,0.0001124012801166496,-0.393733536061985,0.6726853903549719
2018-05-08,234.89846846172185,235.63003534603325,233.708545887126,235.2686767578125,67499200.0,0.0,0.0055816218222675,0.007294595974833588,0.01487079841701462,0.0066533096758764915,0.007357503706757287,0.0064729535726253925,0.007139733674824842,0.008167213270320906,0.0015760353761139147,0.2204922167836847,0.839400143868672
2018-05-09,235.93860929864687,237.8689221517703,235.41857448371096,237.5428009033203,59666100.0,0.0096196551470964,0.0049404225287534,0.02365418833528489,0.022022232668895622,0.021528938025838294,0.006371431464276043,0.006969409298462069,0.007299932302126919,0.010315394357316852,0.00679919072780025,-0.11604730130134877,0.7568007117207516
2018-05-10,238.2831971756624,240.0901252067452,238.1774310272706,239.76397705078125,72063900.0,0.009307188935575,0.0041720708015142,0.03516774860293099,0.021214820896806222,0.02264264386779409,0.005212635222318127,0.006871548610323514,0.007361071553624377,0.007977404291510858,0.006214369677217418,0.20778633093163457,0.9122176626465944
2018-05-11,239.88733180849408,240.7599292241508,239.3760930143519,240.4955139160156,59871500.0,0.0030464257125945,0.0041261454259531,0.025350550576629792,0.02332268380460092,0.028626579471142295,0.004222504683905634,0.006863555418161539,0.007308373973713375,0.0057541040465401,0.002535282304974054,-0.16918873388756372,0.7701683837655351
2018-05-14,240.9274210765786,241.57966348961148,240.06361950078988,240.6101226806641,54790600.0,0.0004764390940297,0.0054376968680091,0.02244970888929559,0.03151943915598022,0.02091468790696909,0.0046869859457171256,0.005959553501308078,0.0071344802193078665,0.006300832117664789,-0.0013169874748863346,-0.08486341581553825,0.7087362590880621
2018-05-15,239.38484432721967,239.4024630428964,238.00983133797027,238.9529571533203,87036100.0,-0.0069111747469376,0.0067688575461008,0.01553853414235799,0.022833130117191618,0.0033622186936554917,0.006858286276255278,0.006761591343094354,0.006969665563379828,0.005828058047561879,-0.0018041542066422563,0.5885224837837146,1.1097981113587712
2018-05-16,238.9883144081637,240.41621099844787,238.9618459761533,239.95785522460935,53942600.0,0.0041966041280688,0.0069385618259545,0.010115483123330389,0.03376967145861532,0.006818873564760392,0.005938069815645493,0.005979157336015139,0.0070272134869764176,0.006060918576444243,0.0040568544903404665,-0.38022728500013214,0.689299756827176
2018-05-17,239.6934973552125,240.83053735291216,238.97954888891297,239.7552032470703,56536400.0,-0.0008448883598863,0.0076515231750371,-3.659417213091047e-05,0.035131154430800116,0.011536642716503093,0.004347329494560185,0.005852045547435226,0.006896580700320031,0.0077203265619713085,0.0002574366536376324,0.04808444531780087,0.7323261157139873
2018-05-18,239.4113811412176,239.7727666974474,238.8031989732715,239.15576171875,64368000.0,-0.0025033540061479,0.007669754764472,-0.00558637389087331,0.01976417668575652,0.01754915754043419,0.004072527463743862,0.005092144631630791,0.006604211179849594,0.004054126554208324,-0.0010676995439778663,0.13852314615009087,0.8534394599338362
2018-05-21,240.6365437940962,241.49152248673252,240.24871674390167,240.95384216308597,58025900.0,0.0074903265277925,0.0073556996506194,0.0014275135428894895,0.02387722243218512,0.02518922914148119,0.005658044554462343,0.005376063114096849,0.006760772503512612,0.005157858167663827,0.001318579314625022,-0.09852877206065125,0.7732120074464391
2018-05-22,241.4738428015524,241.7294621619401,239.95779915524992,240.28392028808597,52966400.0,-0.0027841635050959,0.0076169453945462,0.00555452478473119,0.021093058927089223,0.03596385734410379,0.004535364170265485,0.005581621822267559,0.0058911999375265926,0.007373206682186883,-0.004927749107982382,-0.08719382206911053,0.7351409749794967
2018-05-23,239.0147370148245,240.9714910129223,238.85606092939213,240.9450225830078,64694200.0,0.0027475600568443,0.0076285734362196,0.004105480713506689,0.01422096383683712,0.03624319650573269,0.004330567729091575,0.0049404225287534515,0.0058932028480562886,0.008779721036990384,0.008076010677381727,0.22141961696471735,0.9229901140608465
2018-05-24,240.54838622347972,240.821624329274,238.67095692322204,240.451416015625,76043800.0,-0.0020507286751342,0.0075365158135024,0.0028996403982587894,0.002863046226127919,0.02407786712293409,0.004477620201437812,0.004172070801514229,0.0056122918546335845,0.008944290874594795,-0.00040312142341555706,0.17543458300744108,1.0785196539889264
2018-05-25,239.87847900390625,240.5042797541157,239.37606308246157,239.87847900390625,56374800.0,-0.0023855991033611,0.0073888115388841,0.00301739530104559,-0.002568978589827681,0.02075370521477319,0.004457613724921804,0.004126145425953109,0.005669494224940059,0.0047032842476700185,0.0,-0.2586535654451777,0.7999417654518435
2018-05-29,238.2566530507235,239.01468828583364,236.00904266871663,237.1196136474609,115908600.0,-0.0115677448742614,0.0056055112408574,-0.01604067610100831,-0.014613162558118783,0.016906276597861387,0.0051852986266597125,0.005437696868009101,0.006035745597841356,0.012675651629500687,-0.004772330126791916,1.0560356755145914,1.60627339724275
2018-05-30,238.4241367905371,240.7246303376064,238.3536350180888,240.28392028808597,69678400.0,0.0132565125959123,0.004820415440875,-1.1102230246251565e-16,0.005554524784731118,0.028387654901922688,0.009041480867763336,0.006768857546100855,0.0066441761591616855,0.009867473931151687,0.007800315532578616,-0.39885047356279,0.9686475858080139
2018-05-31,239.8785687017863,240.1782484251968,238.2126980482963,238.8120574951172,93519900.0,-0.0061443530809355,0.0038888215417943,-0.00889191313777991,-0.004786432424273182,0.028983239034342086,0.009238293535548009,0.006938561825954535,0.0066069115377449346,0.008230532400738231,-0.0044460462326460564,0.34216486027233683,1.2936545773973045
2018-06-01,240.1076174822197,241.45618896164063,240.03708882122356,241.1565093994141,71258400.0,0.0097692670391566,0.0032096705458204,0.0029280825765108896,0.005827722974769718,0.04095887740556979,0.010567826769422813,0.0076515231750371076,0.006798083130139227,0.0058845607939477,0.00436842415993765,-0.2380402459797326,1.0321531769406067
2018-06-04,241.9762622852021,242.55800278701213,241.7382885385191,242.3023834228516,45385200.0,0.0047403251286236,0.0032212636608782,0.010054006808495589,0.013071402109541217,0.03283557879529769,0.010547435383674305,0.007669754764471988,0.006345472225161736,0.0033830218131305463,0.0013477402062898045,-0.36308982519955546,0.679961247548476
2018-06-05,242.43464209387943,242.8577335202975,241.66781073878215,242.47872924804688,51135000.0,0.0007275276547058,0.0035763686682874,0.02234927933746279,0.006308603236454518,0.030185825668639588,0.007616244167957173,0.007355699650619452,0.0063349829336957365,0.0049073285116819545,0.00018185170975017027,0.1266888765500649,0.7685053333984588
2018-06-06,243.0868621885617,244.61170177943265,242.4698573456426,244.5059356689453,62732200.0,0.0083255932954957,0.0024077921163731,0.01741836003704619,0.017418360037046117,0.03851141896413529,0.006419253899888654,0.0076169453945461995,0.006501928476631612,0.008759887271980411,0.0058377218234148985,0.22679573677520293,0.946188455789526
2018-06-07,244.9907309158461,245.28158771736173,243.57163054799625,244.4794921875,72969400.0,-0.0001081565215021,0.0031099147607638,0.02345455659647959,0.014562643458699717,0.02878360729553679,0.00440858576596354,0.007628573436219615,0.006255237822723945,0.006994276509925234,-0.002086767635799641,0.1631889205224748,1.0896636925537218
2018-06-08,244.02115556466143,245.25513830214365,243.8536835968453,245.20225524902344,72139700.0,0.0029519727462257,0.0029808229987108,0.01663726230354869,0.019565344880059617,0.02242839110618749,0.0033794091225985592,0.007536515813502467,0.005990323545591259,0.005715504956816438,0.004840152820475597,-0.011370519697297743,1.0772126834182845
2018-06-11,245.4226609959224,246.2423753875173,245.30807205754232,245.52842712402344,58892500.0,0.0013293316874129,0.0049373832908079,0.01322626886233799,0.023280275670833617,0.020711297081005886,0.0033671548178453013,0.007388811538884122,0.0059735632740432155,0.003805275588325467,0.0004309550213164526,-0.1836325906539672,0.880044584641894
2018-06-12,245.9427227474188,246.2071380967235,245.2023328705508,245.8457794189453,72329000.0,0.0012916931121762,0.0050196738786564,0.013790434319808389,0.03613971365727122,0.02152655109915239,0.00329551675519248,0.005605511240857439,0.005972328531628386,0.004087136368773717,-0.0003941703474310407,0.2281529906184998,1.0668493694210606
2018-06-13,246.08368408186067,246.3393034469007,244.85849721046816,245.0612335205078,79070600.0,-0.0031963143556559,0.0053797724363134,0.0022685266686567895,0.019686886705703018,0.025241411490434087,0.0023102282121954384,0.004820415440875051,0.005765006596935839,0.00604259684471313,-0.004154889687902807,0.09320742717305652,1.1731795416963717
2018-06-14,245.925065019097,246.2070990473521,245.0877050477492,245.6782684326172,77097600.0,0.0025147159942108,0.0058022949000877,0.004891399184369689,0.02834595578084932,0.023559523356576087,0.002444626848887271,0.0038888215417942863,0.005732120560019627,0.004556341131612586,-0.001003543849670787,-0.02495238432489444,1.1245881122522656
2018-06-15,244.8955731037613,245.70127036855243,243.78885054546487,245.3648223876953,120041600.0,-0.0012766540996255,0.0059232359156275,0.0006627723385184896,0.017300034642067218,0.023127757616836886,0.002319364572380912,0.0032096705458203897,0.005740946299894199,0.007794189095557431,0.001916119911792712,0.5570082596604824,1.6734837496912098
2018-06-18,243.91279219287503,244.98411909558476,243.43470749636697,244.8601531982422,52917600.0,-0.0020589296460562,0.0060756613966857,-0.0027254889949506105,0.010500779867387417,0.023572181976928588,0.002376555912078102,0.003221263660878223,0.005726878016106467,0.006327740871596065,0.0038840152533616474,-0.5591728200890358,0.7436525281959959
2018-06-19,242.59356390369783,244.14297535198787,242.177435176802,243.921630859375,97531500.0,-0.0038402556023489,0.0060646237907923,-0.00785743770947571,0.005932996610332718,0.01224159984678719,0.0024904295105926707,0.003576368668287437,0.005629235835919268,0.00805808065590971,0.005474452554744504,0.8430824527189442,1.3335941320025946
2018-06-20,244.60341697386283,245.00184795767245,244.0013663037661,244.3378143310547,53785500.0,0.0017047640412189,0.0067627788577515,-0.00295635931260091,-0.0006878326439440827,0.01673052739310199,0.002650405863240673,0.002407792116373123,0.005575933204135135,0.004094665644142949,-0.0010858500919328062,-0.4485320127343474,0.7350228612055096
2018-06-21,244.3288967194389,244.3466215713545,242.3102360312357,242.80604553222656,71061400.0,-0.0062887946389134,0.0070869218585269,-0.01175986994572511,-0.006868470761355383,0.007694172697344287,0.002975434854246314,0.0031099147607637763,0.005775469701813534,0.0083868815360634,-0.006232791976959663,0.32119995165983406,0.9669055014083873
2018-06-22,244.06330844702356,244.1784119128581,243.0274042741051,243.24874877929688,54898500.0,0.0018216191864366,0.0075852449178025,-0.008661596659663009,-0.007998824321144482,0.011566520558915088,0.0035268809856194164,0.002980822998710787,0.0057543967556120445,0.004731813193404505,-0.003337493345106777,-0.22744978286383322,0.7578858520933613
2018-06-25,242.09780964362213,242.2571712299645,238.2552716174245,239.9374847412109,137854200.0,-0.0137061681222669,0.0055113910328559,-0.02030883513587371,-0.023034324130824284,0.0002459515400092885,0.006439920528994297,0.004937383290807882,0.006561461307059926,0.016678926249711772,-0.008923355835359706,1.5110740730621055,1.8017721526266908
2018-06-26,240.50409639205645,241.31862903294743,239.7515196771776,240.4686737060547,68547400.0,0.0022114170352698,0.0063958028486469,-0.014257162498255009,-0.02211460020773068,0.014025113449540489,0.007033305202862449,0.005019673878656406,0.005979122419628172,0.006516896074727083,-0.00014728516700198744,-0.5027543593158569,0.9245386033448122
2018-06-27,241.0530619154473,242.47850775660208,238.3260821033997,238.4766082763672,105110700.0,-0.0083185991888485,0.0056153347230646,-0.024280525728322407,-0.02723688504092328,-0.007549998335220312,0.00683569584801925,0.005379772436313404,0.005523620218988568,0.01741229751301309,-0.010688325709730419,0.5334017045139567,1.3846042282509679
2018-06-28,238.42347751836468,240.60150009170252,237.7151588224368,239.840087890625,76650500.0,0.0057011737968746,0.0056311034746681,-0.01229055729253441,-0.024050427238259484,0.004295528542589787,0.008178609627784926,0.005802294900087691,0.005507770011527811,0.012034440508469104,0.005941572478537511,-0.2707640611279346,1.0210479026860444
2018-06-29,240.92907811223688,242.29256791699456,240.07026029632772,240.18536376953125,97592500.0,0.0014385734642095,0.0057573753114462,-0.012673603014761512,-0.021335199674424484,-0.004035165032357312,0.008130149690555807,0.00592323591562749,0.005042526753098065,0.009252468950602853,-0.003086860035878153,0.27321413428483843,1.2776039628665194
2018-07-02,238.61823583374448,240.85824111556076,238.3791664787934,240.6988525390625,63554800.0,0.0021356033210361,0.0057597124617504,0.0031681684285414877,-0.017140666707332185,-0.006639886839944814,0.005272942189830711,0.0060756613966857585,0.004940777092394096,0.010299486726323472,0.008719437129556504,-0.348773727489305,0.8222303957495128
2018-07-03,241.59314941291316,241.6905550668388,239.42398899604595,239.8489532470703,42187100.0,-0.0035372138543216,0.0052928765670148,-0.002580462461049912,-0.016837624959304884,-0.010904628348972214,0.005466097667263498,0.0060646237907922874,0.004984479762282884,0.00944997274371281,-0.007219559702257119,-0.3362090668210741,0.5489665569981034
2018-07-05,240.9733268418652,241.86754019174157,239.90200007581,241.80555725097656,56925900.0,0.0081245570172994,0.0055164735365803,0.013862693745097989,-0.010417831983224385,-0.011105664627168515,0.004450256476412164,0.006762778857751545,0.004965816894412368,0.008128597780287872,0.0034536204484469702,0.3493674606692567,0.7435666338810234
2018-07-06,241.8321692408488,244.2226737215322,241.45143615123604,243.850830078125,66493700.0,0.0084227654447665,0.0051936395968851,0.016584285392989888,0.004293728100455517,-0.0025747426608999126,0.005027073628703506,0.007086921858526869,0.005357208696819385,0.011364478724178692,0.008347362733473845,0.1680746373794706,0.8722302344560569
2018-07-09,244.85131916394857,246.0997056110018,244.80706106381928,246.0465850830078,50550400.0,0.008964202057757,0.0045046212909448,0.02410991398653739,0.011436310971775918,0.0034374866506313873,0.005434229842065326,0.007585244917802531,0.005697078845693562,0.00525365774431065,0.0048815988541148405,-0.23977158738346638,0.6726183942044837
2018-07-10,246.4981648755513,247.02939723604592,246.2059749184592,246.93199157714844,51966800.0,0.0035920727110342,0.0046230887634157,0.02556638337653549,0.028734551805077016,0.005700227674252687,0.00529138921783679,0.005511391032855941,0.005743552401926679,0.003334611737942723,0.0017599591535139886,0.028019560676077804,0.6946656299733325
2018-07-11,245.3825912479421,246.17059090694184,244.8247985939717,245.12582397460935,77054700.0,-0.007341315013735,0.0041475879554507,0.021762282217122092,0.019181819756072215,-0.002932780451658513,0.006880894382816603,0.00639580284864687,0.005983312295273979,0.00549021025671099,-0.0010463956388548192,0.4827678440850698,1.0267847208295329
2018-07-12,246.38294858187035,247.40112771191875,245.7808981247481,247.34800720214844,60124700.0,0.0090246350924815,0.0037127190035872,0.022662360292304187,0.036525054037402215,0.009288168996478887,0.007014722241666104,0.005615334723064662,0.006272515920218764,0.006550404854673041,0.003916905069254041,-0.21971404729367583,0.8114284241320084
2018-07-13,247.1710639717473,247.84393308483635,246.71951240695805,247.54290771484372,48216000.0,0.0007876504372857,0.004537778347563,0.015027245284823389,0.03161153067781332,0.007561103439553787,0.00678335504411895,0.005631103474668076,0.006254666678832069,0.004542326371852989,0.0015043983592631929,-0.19806668474021494,0.6636452382910475
2018-07-16,247.58702538760895,247.7286620380225,246.87870703762985,247.32139587402344,48201000.0,-0.0008952428130631,0.004895954987459,0.005167800414003289,0.029277714400540715,0.007942514726116186,0.006006716068839053,0.0057573753114462155,0.006249935583917541,0.003436641611167262,-0.001072873318663018,-0.0003111000497759697,0.6979457147058383
2018-07-17,246.55121965832527,248.7115442005054,246.4980991384023,248.3219757080078,52315500.0,0.0040375045873469,0.0049794353639586,0.005613232290315989,0.031179615666851516,0.014038948959519288,0.006057238758974115,0.005759712461750405,0.006272471291197427,0.008913609259881997,0.007182102169831037,0.08536129955810035,0.7578536295358878
2018-07-18,248.4016865443658,248.95061666305276,247.95899747838,248.8443756103516,44593500.0,0.0021015102619742,0.004971227716267,0.01505605756602519,0.036818339783147316,0.019980714823842387,0.0038159764885898275,0.005292876567014835,0.00618613034524835,0.003984896914951582,0.001782150001251045,-0.14760443845514237,0.6717482944747126
2018-07-19,248.18031830461032,248.561024380289,247.42774156040312,247.9058532714844,61412100.0,-0.0037786533392523,0.0050605179071165,0.002252769134291391,0.024915129426595618,0.014497297443371186,0.00297501549926572,0.005516473536580273,0.006274093901983245,0.004571424211774547,-0.001105909747400071,0.37715362104342565,0.9198169056296531
2018-07-20,247.7022393862133,248.3308773371973,247.46319700882336,247.62255859375,82337700.0,-0.0011434045024072,0.0051132135007473,0.0003217141945984908,0.015348959479421918,0.019642687579877388,0.0030448375686617382,0.005193639596885087,0.006073653588127504,0.0035040439502019203,-0.00032167974201908675,0.3407406683699141,1.2229088383920335
2018-07-23,247.41897409460745,248.28662752677565,247.0736635918948,248.0830078125,47047600.0,0.0018577534019445,0.0051629920098009,0.003074710409606091,0.008242510823609417,0.019678821795385288,0.0030766809417879263,0.004504621290944785,0.006073921818597486,0.004889347100296306,0.0026838431463168185,-0.4286019648350634,0.7028655670031629
2018-07-24,249.4906721429212,250.17240347028664,248.4636304289784,249.33128356933597,68026900.0,0.0050190692101577,0.0050629934731687,0.004056275032416891,0.009669507322732918,0.03840405912780989,0.0033672529718828752,0.004623088763415733,0.005046672815038248,0.0068534241545868645,-0.0006388558426502072,0.4459164760795449,1.072210429506596
2018-07-25,249.0834342271848,251.77499148944145,249.0391761255377,251.45626831054688,78882900.0,0.0084866226692667,0.0044204360047471,0.01044138743970939,0.025497445005734618,0.04467926476180679,0.004859170411460231,0.004147587955450736,0.005256441539259185,0.01087988532672027,0.009526262116644245,0.1595839292985568,1.23327275072406
2018-07-26,250.73906771837133,251.54473794462015,250.64166208534337,250.86300659179688,57919500.0,-0.0023620913002236,0.0043594196220176,0.01185794947873809,0.014110718613029517,0.05063577265043169,0.0044561677416799245,0.0037127190035872344,0.0047736476160969415,0.003599876568274825,0.0004942942260786885,-0.26575341423806675,0.9402105654801762
2018-07-27,251.1906128472391,251.2880184882975,248.24231566683144,249.16311645507807,76768700.0,-0.0067992315086195,0.0043449689790336,0.00620212247252579,0.006523836667124319,0.038135367344937596,0.0060162452483848525,0.004537778347563023,0.00514104457747937,0.012223730641991568,-0.008071545226867387,0.32543789224699804,1.2460711653892476
2018-07-30,249.24271369887512,249.40207521854185,247.33912980881763,247.8615264892578,63742500.0,-0.0052375388613442,0.0041431346729004,-0.0008931697907629092,0.002181540618843219,0.03145925501938389,0.006638808389958306,0.0048959549874589905,0.005384039977588091,0.008322975489355056,-0.0055415349524961565,-0.16968113306595,1.0638626345840267
2018-07-31,248.6230176642827,249.6943175806853,248.24231157277697,249.0834045410156,68570500.0,0.0049175690817933,0.0043249380935516,-0.00099466991912731,0.0030616051132896184,0.034241220780141086,0.006619067421049631,0.004979435363958642,0.005435035968251054,0.005829396826271609,0.0018517467974527876,0.07574224418559039,1.1396717646260064
2018-08-01,249.287134071185,249.79180623159908,248.0210494747249,248.6673583984375,53853300.0,-0.0016717050799131,0.0050435218165281,-0.011152997668307109,-0.0007116102285976817,0.036106729554549584,0.0045094359373720125,0.004971227716266983,0.005355634925453076,0.007120985915798906,-0.0024861919772021382,-0.21462873976418428,0.8864712286108711
2018-08-02,247.36582285557148,250.19015439375065,247.1621761469714,250.0219573974609,63426400.0,0.005432650300362,0.0053950319435195,-0.0033582560677215094,0.00849969341101662,0.03341482283761219,0.005654568031756609,0.005060517907116564,0.005220587902422161,0.012110849296190624,0.01073767795092799,0.17776255122712992,1.0384964638686525
2018-08-03,250.14588536337493,251.14636698691,249.96879892714696,251.0932464599609,53935400.0,0.0042756263879881,0.0053423485537569,0.007716601828886091,0.013918724301411918,0.02926768378083379,0.004751167709391958,0.005113213500747279,0.005016666327207582,0.004689763967629535,0.0037872343780901816,-0.14963800562541785,0.8922713758702725
2018-08-06,251.12862956597405,252.32386825352037,250.73906108335717,252.01400756835935,39400900.0,0.0036603015720435,0.0052638216650929,0.01661444226227379,0.01572127247151092,0.023963783295120288,0.00287061069744386,0.005162992009800871,0.0047313594852921095,0.0062885677881747105,0.0035255956436169578,-0.26947978507622083,0.6578896617338871
2018-08-07,252.67804022075435,253.2269702572532,252.5452119051692,252.8462371826172,43196600.0,0.0032968742408565,0.0052130888129863,0.014993747421336991,0.013999077502209719,0.02366858482494259,0.0027337686067609203,0.005062993473168704,0.004723953142236492,0.0026963357639038944,0.0006656572202154419,0.09633536289780187,0.7265877359829858
2018-08-08,252.6781868612413,253.13857396106408,252.27975572244284,252.7401428222656,42114600.0,-0.0004196883701962,0.0052159249522754,0.01624576413105389,0.005092766462746819,0.030590211468481388,0.002205279208043698,0.004420436004747171,0.004301176143950666,0.003398028619558018,0.00024519710939005247,-0.025048267687734715,0.729834501977885
2018-08-09,252.80202652249167,253.1915950768919,252.2619588109262,252.39476013183597,35717000.0,-0.0013674871494033,0.0052146079482999,0.00944562668128859,0.006087370613567118,0.02019808922659659,0.002586037273483912,0.004359419622017658,0.003962442775412087,0.0036832629388982778,-0.0016110092005906943,-0.15190931410959618,0.6323391449568045
2018-08-10,250.9605026370388,251.50057045794807,249.99541646397316,250.7037353515625,77076000.0,-0.0067224655362117,0.0048641322106016,-0.0015524652429112096,0.0061641365859749185,0.012687973253099187,0.004213753078006915,0.004344968979033613,0.004323973313192399,0.006003715867512837,-0.0010231382340178273,1.1579639947364,1.3305728440985911
2018-08-13,250.97816157511463,251.58907469989236,249.47300781443937,249.76519775390625,65732900.0,-0.0037506371956188,0.0048512349971627,-0.00896340401057351,0.0076510382517003175,0.00983257887054349,0.003745191555823365,0.004143134672900399,0.0044231402968747885,0.008472224731397351,-0.0048329456778069164,-0.14716773055166332,1.117839449250704
2018-08-14,250.49120289007564,251.5979255987983,250.10163433503743,251.35885620117188,43842000.0,0.0063603565112881,0.0047105965668626,-0.00589992174014191,0.009093825681195117,0.012155430794484688,0.004868195285043975,0.004324938093551587,0.00454983041188321,0.005952809009296768,0.0034638075153361403,-0.33302805748719444,0.7509782913111288
2018-08-15,250.0130743094144,250.15473804896044,248.0475338300558,249.4818420410156,102925400.0,-0.0074954889035921,0.0033632708275416,-0.01297572227353781,0.0032700418575161167,0.0025584316289183878,0.0055698172885888875,0.005043521816528093,0.004878225699628059,0.008446322993551556,-0.002124817951485852,1.3476438118698963,1.6791414249227667
2018-08-16,250.91613552227457,252.3681685026852,250.8807128345686,251.50048828125,69967900.0,0.0080587958616007,0.0036612888763778,-0.0035494392625338104,0.005896187418754816,0.014395880829771387,0.007387824409738937,0.005395031943519531,0.005092697623538894,0.005914325170029799,0.002328876768961527,-0.3202076455374475,1.1335563737646972
2018-08-17,251.2968547244236,252.82856856746483,250.88958836311608,252.3858795166016,65618500.0,0.0035142532251236,0.003684921020997,0.006687279498801489,0.005134814255890316,0.019053538557302185,0.0066905529158272975,0.005342348553756895,0.005109478380786977,0.0076826017686191855,0.004333618872278459,-0.06216279179452289,1.0776869602563055
2018-08-20,252.83746690516844,253.1916127922392,252.38591536288368,252.92601013183597,39807500.0,0.0021378116446879,0.0038472909313434,0.012575728339108189,0.003612324328534716,0.019333596800045587,0.006059519479714397,0.005263821665092891,0.005112472243615201,0.003185506421168603,0.0003501982034202829,-0.3933494365156168,0.6576896279912838
2018-08-21,253.43949950542424,254.37799819792025,252.96138773126304,253.5191802978516,67272000.0,0.0023424862096186,0.0040407552848096,0.008557858037438689,0.002657936297296816,0.016657013799506487,0.005676412022698411,0.005213088812986291,0.005035259127416386,0.005587784186556905,0.00031439768695427185,0.6899328016077373,1.1121448241629301
2018-08-22,253.11188513982495,253.8910221589118,252.846255508994,253.36865234375,44993300.0,-0.0005939300525011,0.0042114371671863,0.015459416888529693,0.002483694614991916,0.007576461077738687,0.0031585473536204635,0.005215924952275443,0.00470752762808141,0.004123503994094484,0.001014441513811992,-0.3311734451183256,0.7652696799480287
2018-08-23,253.19155760642928,254.0503753806769,252.7134459023137,253.03219604492188,49204900.0,-0.0013288143154055,0.0042486799937933,0.00607180671152349,0.002522367448989716,0.008609738062556787,0.0020707842140344082,0.005214607948299888,0.004681461433063246,0.005283633858696196,-0.0006294110396647891,0.09360504786268176,0.8431514857822745
2018-08-24,253.6077231096326,254.6967479769129,253.55460258143327,254.5550842285156,57487400.0,0.0060005158215184,0.0038447396184456,0.00855806930791829,0.015245348806719817,0.021409485392694688,0.0028954300514332566,0.004864132210601585,0.004512965293630138,0.004486830027147702,0.0037355373380071415,0.1683267316872914,1.0016229848808897
2018-08-27,255.75025973945864,256.671060366002,255.5908981943619,256.5648193359375,57072400.0,0.0078640861014229,0.0030150387173463,0.01428434376465329,0.026860072103761515,0.03451111035546179,0.0040201768310569866,0.0048512349971627355,0.00449999861003401,0.004210094643668853,0.0031849805247849113,-0.007218973201084111,1.0002042560082243
2018-08-28,257.0252637708789,257.1315318443619,256.2284288471343,256.6888427734375,46943500.0,0.0004832832147916,0.0030094663454665,0.01242514076982629,0.020982998807265018,0.030076824488460087,0.004163090161246617,0.004710596566862624,0.004443332720523401,0.003518279125301641,-0.0013089024499213862,-0.17747457615239592,0.8385853401952629
2018-08-29,256.9013321766645,258.3002177918885,256.6622897986318,258.0700378417969,61485500.0,0.0053663897215756,0.0031226921344305,0.01838546054390299,0.03384487743243272,0.03711491928994878,0.003906483624916371,0.0033632708275415867,0.004457278821034078,0.006346835172941693,0.004549239411217626,0.30977664639406943,1.0909227044478713
2018-08-30,257.59195413028306,257.9637978699567,256.432110766729,257.0252990722656,61229500.0,-0.0040564925646557,0.0028173102937915,0.015657782294652787,0.021729589006176317,0.027625776424931088,0.0048555031740843725,0.003661288876377802,0.004560340958296292,0.005959285365122874,-0.0021998166050280934,-0.004163583283863681,1.0885019971143706
2018-08-31,256.61808126162185,257.47689942068666,256.13113393229463,257.0342102050781,66140800.0,3.466965459280822e-05,0.0033148384635431,0.009691936127727199,0.018250005435645526,0.023384819691535795,0.0047049218976352395,0.0036849210209970455,0.004517069328152593,0.005235744640055096,0.0016215885545182173,0.08021133603900088,1.1631926949427758
2018-09-04,256.61799092686505,256.94557650796173,255.59094906584016,256.5914306640625,57594400.0,-0.0017241337482747,0.0037251260104584,0.00010371627802959718,0.014388060042682926,0.018000384371217596,0.0034806077411229605,0.0038472909313433928,0.004521242367103493,0.0052793167667983774,-0.0001035011719428401,-0.1292152498911413,0.996941290979288
2018-09-05,256.23728113360505,256.4409278252253,254.8915161383116,255.9008331298828,72452400.0,-0.0026950570807469,0.0035667857035257,-0.003074624017508903,0.009350516752317427,0.012008453049614197,0.003660593525526364,0.0040407552848096325,0.004552474837940468,0.006054734828187449,-0.0013130329912719118,0.257976469934577,1.2231577882899647
2018-09-06,256.0070545527005,256.3080798435855,254.1034971729196,255.1305389404297,65909900.0,-0.003014667258943,0.0039654796539664,-0.011455680998027502,0.006929779545875526,0.009413474160867396,0.0015438585604668922,0.004211437167186321,0.004619564052392476,0.008640998760170672,-0.0034237947614461457,-0.09030066636853995,1.090796221215332
2018-09-07,254.08574413053745,255.60859510739036,253.84667481943237,254.6346740722656,73524800.0,-0.0019454643506589,0.0038676119299888,-0.009344652784030702,0.006313129510622126,0.008835496959611795,0.0011880356609105247,0.004248679993793338,0.0046334553069444446,0.006919404414883248,0.0021604122010329416,0.11553499550143442,1.1799072600801905
2018-09-10,255.64400512276245,255.90963470339696,254.88259310137292,255.07737731933597,50210900.0,0.0017370723614641,0.0042168104511314,-0.0076422500771594105,0.002049686050567826,0.017295034857287596,0.001900371227737048,0.003844739618445605,0.004320590358305797,0.004026392355203926,-0.0022164720942874656,-0.3170889278175527,0.8235237870852758
2018-09-11,254.4309983860209,256.36111538639545,254.08571511548047,255.91842651367188,50530500.0,0.0032918076723695,0.0042242906466328,-0.00262630865651521,-0.0025225923784855746,0.024337479725275897,0.0028552715107011046,0.0030150387173463015,0.004210210044684954,0.008891115430460915,0.00584609633687115,0.006365151789750723,0.8392282597728725
2018-09-12,255.92734823453216,256.582519271696,255.19249642416656,255.98046875,59810800.0,0.0002424003536868,0.0044121220438516,0.00031114877791848925,-0.0027634752395903745,0.018219523567674596,0.0025867867897125902,0.0030094663454665054,0.004035462673434612,0.005430191038860074,0.00020756091849613196,0.18365739503863998,0.9803584267695081
2018-09-13,257.04307376010763,257.68054731415685,256.7597461761734,257.4945983886719,51034200.0,0.0058975951286775,0.0041052839133956,0.00922341116553899,-0.0022322698324884734,0.03161260759994419,0.002977598579731079,0.0031226921344305026,0.0036609115860108048,0.0035760017637091125,0.0017566107577193107,-0.1467393848602594,0.8736555469779749
2018-09-14,257.698179952664,257.88410181150124,256.75968121049704,257.538818359375,55079900.0,0.000171716899812,0.0041057711612822,0.01134059241600989,0.0019959396319792254,0.023725528638155496,0.0023979931087561635,0.002817310293791549,0.003336806759315897,0.004366023763591101,-0.0006184040310967387,0.079274290573772,0.9550850002050454
2018-09-17,257.48563159353705,257.5210272587637,255.9007974379103,256.1752624511719,68244000.0,-0.0053086304674029,0.0036650778130755,0.004294889587142889,-0.003347360490016483,0.014902644945628998,0.004189218686256024,0.0033148384635430734,0.0035866967905513695,0.006324692733211134,-0.005089096173077744,0.23900007080622876,1.1806628313520964
2018-09-18,256.38770941207565,258.1584651362326,256.3611491569968,257.5652770996094,61930400.0,0.005411362091907,0.003393352091382,0.006414444006680389,0.003788135350165217,0.018176195392848097,0.004585445770945996,0.003725126010458422,0.0037256000711440875,0.0069780989094299405,0.004592917851772272,-0.09251509290194004,1.0513147078283225
2018-09-19,257.6184687058169,258.2559420232231,257.4945028015122,257.8398132324219,49080600.0,0.0010653218756537,0.0033906806926999,0.007237365528647289,0.007548514306565817,0.016899031058883195,0.004553419892354045,0.0035667857035257553,0.0037106484919120584,0.0029531483604686632,0.0008591951024200092,-0.20748776045367057,0.8462463493356366
2018-09-20,259.097029795445,260.2480103827484,257.8574789850048,259.92926025390625,100360600.0,0.0080710048972717,0.0032386551843639,0.009410775297241488,0.018634186462780516,0.025563966008655993,0.00514920810014369,0.003965479653966463,0.004026234653111777,0.009196853772478347,0.0032120416784333387,1.0448120031132464,1.6515812940611723
2018-09-21,260.67010234995365,260.7857268561877,259.5316895177993,259.6917724609375,105479700.0,-0.0009140808187224,0.0035551968864329,0.008324977578707088,0.019665569994717014,0.025978699505339098,0.0052610579089584185,0.0038676119299888,0.004013147582895661,0.00482894520109231,-0.003753134249752696,0.051007068510949605,1.6590046792935715
2018-09-24,259.1137421450689,259.2560471775644,258.25103654562844,258.8291320800781,53409600.0,-0.0033273149420358,0.0035142361492646,0.01030629310407419,0.014601182691217117,0.016650868741784897,0.004642776739126322,0.004216810451131401,0.003979874511548232,0.0038829115712718616,-0.0010983981885122449,-0.4936504370035182,0.842738806448223
2018-09-25,259.28270927831363,259.38943125963567,258.3488647998379,258.5889892578125,44370000.0,-0.0009282351336569,0.0035152793721614,0.003966695878510289,0.010381139885190715,0.007858547506705095,0.004355952376978427,0.004224290646632791,0.003632753955519921,0.004024016887897519,-0.0026755352195756885,-0.16925047182528985,0.7071919363861966
2018-09-26,258.73122129979305,259.9140924483366,257.39714262575586,257.8151550292969,79739700.0,-0.0029970123837952,0.0104600523676551,-9.563838093861127e-05,0.0071417271477087155,0.0043782519081182955,0.0046607285608161065,0.004412122043851659,0.0037107172611072,0.00976261392506082,-0.003540609694856747,0.7971534820824882,1.2385612443191623
2018-09-27,258.2866175118633,259.62069664612955,258.0109099954677,258.53564453125,59249500.0,0.0027906995405611,0.0115750916478601,-0.00537594373764921,0.004034831559592316,0.0018025617271037963,0.002437115193740329,0.0041052839133956616,0.003564480382719872,0.006226555930345758,0.0009641499113876843,-0.25696359529820156,0.9218970046418878
2018-09-28,257.9130552985251,259.060370917637,257.877499398238,258.56231689453125,70091400.0,0.0001031617422407,0.0131554071060234,-0.00435870117668611,0.003966276402021016,0.005962216034000196,0.0024956822462350223,0.004105771161282253,0.0034285600662688287,0.004574802444555311,0.0025173661537011877,0.18298719820420417,1.083124891200972
2018-10-01,259.7984234766992,260.52772620770645,258.79344051350586,259.4604797363281,62078900.0,0.0034676610668402,0.0127980162437538,0.00243627483218989,0.012742567936264116,0.009395207446247588,0.002668329825265796,0.003665077813075526,0.0034998709342795834,0.006684199828671516,-0.0013007921135495173,-0.1143150229557407,0.962327646436294
2018-10-02,259.3094787597656,260.02097697401297,258.93595169695675,259.3094787597656,47258200.0,-0.0005821500584373,0.0155075553029572,0.0027823599074094903,0.0067490557859198165,0.010537191136084988,0.0026265945696622036,0.0033933520913820383,0.003471394171467458,0.004184286984979162,0.0,-0.23873973282387417,0.7384982255677636
2018-10-03,260.3588240182784,260.7768364839188,259.0959112187038,259.45166015625,64694600.0,0.0005481574828124,0.0154962052267818,0.00632752977401709,0.006231891393078517,0.013780405699644288,0.001764594022255172,0.003390680692699915,0.003387708099083522,0.006478760876699409,-0.0034842831444220185,0.3689603074175487,1.0171401637087742
2018-10-04,258.9713507316017,259.02471170825,255.8407224866659,257.423828125,111545900.0,-0.0078465413097774,0.0158252388968538,-0.00430971107632141,-0.009685654813970584,0.008948531648809887,0.004199052855996549,0.0032386551843639065,0.00381151936206187,0.012368665499131657,-0.005975651755415879,0.7241918181733871,1.6930082941483506
2018-10-05,257.64625615039654,258.1620881352852,254.5600853615641,255.9831085205078,105951700.0,-0.0056124032748016,0.0158706907644629,-0.01002527609336371,-0.014383977270049784,0.005281592724667187,0.0046268265983931195,0.003555196886432916,0.0040154255586715495,0.014071251788992767,-0.006455159313154905,-0.05015155196201748,1.569479149407796
2018-10-08,255.298263866853,256.3388575247664,253.91972629713487,255.9831085205078,87742200.0,0.0,0.0158050914548836,-0.01349293716020391,-0.011056662328013984,0.003544520363203087,0.0037846659601510585,0.0035142361492646276,0.004000647088407364,0.009450354914483478,0.0026825276571875835,-0.1718660483975245,1.2645861906153741
2018-10-09,255.6006827010232,256.90805420357475,255.049240523284,255.60955810546875,74339000.0,-0.001460343377824,0.0157678333661189,-0.014371130479590611,-0.011588770572181084,-0.0012076306869904126,0.003680845086385702,0.003515279372161403,0.003946685705216185,0.007272082053847822,3.472371181390233e-05,-0.15275659830731392,1.0533401242615166
2018-10-10,255.10262196536397,255.17378805809057,247.1426320674937,247.5161590576172,214731000.0,-0.032175247583853,0.015501396165105,-0.047094535546256006,-0.04076700577223888,-0.033625278624530214,0.01310407746891138,0.010460052367655173,0.00819074568507883,0.03244699667760824,-0.029738866850129102,1.888537645112256,2.7416940546450417
2018-10-11,246.4309928591743,248.0496814460572,240.4543195045983,242.0641326904297,274840500.0,-0.0222731668342676,0.0156521707487276,-0.061521161070746205,-0.06583087214706758,-0.061796040587475315,0.014212683941738212,0.01157509164786011,0.009181175683558206,0.03137747776607803,-0.017720417866595613,0.2799293069002613,3.070470659038394
2018-10-12,246.155331736026,246.4399417449787,242.24203910959136,245.42605590820312,183186500.0,0.0137930017705212,0.0155685948447913,-0.04211575602542341,-0.05214103211878708,-0.04817475571676612,0.018499815116735034,0.01315540710602342,0.009911981957150621,0.017104551592343947,-0.0029626651703199393,-0.33348069152835913,1.9098598568333607
2018-10-15,245.07027370742716,246.39547715394392,243.95854133324735,244.0474853515625,102263700.0,-0.0056328854801502,0.0155676736452309,-0.047748641505573605,-0.06124157866577748,-0.04849901072951342,0.018024031626130706,0.012798016243753858,0.0099172386696446,0.009985498589284927,-0.004173449273924182,-0.4417508932153843,1.0475993545603677
2018-10-16,246.0041487121136,249.7573583468041,245.5327752643828,249.38380432128903,118255800.0,0.0216302741146385,0.0144170784960021,-0.024658024013111103,-0.039029154492701675,-0.03228009870678191,0.022910597674502133,0.015507555302957237,0.01117509970714722,0.01694008596074924,0.013738205745182317,0.15638100322988513,1.1774542656129872
2018-10-17,249.41944218007552,250.05089871672,246.85800584754992,249.4283447265625,110626000.0,0.0001785858884023,0.0151617021926384,0.0076958094591441945,-0.03939872608711178,-0.033166834694033316,0.01713275964379973,0.015496205226781808,0.011165665159187217,0.012800842152363738,3.56930735197128e-05,-0.06451945697378059,1.0687394953518101
2018-10-18,248.4944211939006,249.09032170411564,244.55444807325216,245.8262634277344,134557500.0,-0.0145466382640435,0.0152218452157982,0.015422338029368297,-0.04609882304137787,-0.05578447785534851,0.014610885758523828,0.015825238896853795,0.011273255736077738,0.01845154202653733,-0.010737294436418037,0.21632798799558883,1.2788136388160605
2018-10-19,246.47551977272352,248.4054719837981,244.99913591592664,245.6928558349609,139901600.0,-0.0005428378706794,0.0152973427889369,0.0010864983881676933,-0.04102925763725567,-0.05541323490730551,0.01333504135741339,0.015870690764462948,0.011276810860473463,0.01386420478648181,-0.0031754226078285807,0.03971610649722246,1.308204804927995
2018-10-22,246.3599268625698,246.6800928007739,244.05642033413275,244.59005737304688,82415800.0,-0.004498628412464,0.0154125705406441,0.0022207554558538933,-0.045527886049719676,-0.05658454837773371,0.013219789290748933,0.015805091454883624,0.011282893917071503,0.010726815696516838,-0.007184080268501792,-0.4109016623112245,0.7603496476561111
2018-10-23,240.97918171628453,244.46556013102136,238.89799429639208,243.3449249267578,146352700.0,-0.0051036928861035,0.0154637127587518,-0.024513211544888107,-0.049171235557999175,-0.06076000613018031,0.005874459151243578,0.015767833366118887,0.011284497766159762,0.022879317644717716,0.009817209908441708,0.7757844976327355,1.289552106768539
2018-10-24,243.0958722305184,243.4783288522013,235.42049357209595,235.97190856933597,177806700.0,-0.0307671145701064,0.0121433857050632,-0.05545891200339681,-0.047763102544252575,-0.08853010831649151,0.012141476961822023,0.015501396165105007,0.012875519562162084,0.03414743445081596,-0.029305160946653443,0.21491916445682246,1.5018160478116966
2018-10-25,237.8040269298721,241.7440002948675,236.78123848445856,240.20535278320312,138061500.0,0.0177814276354162,0.01155212310542,-0.023130846103937105,-0.007708508074568778,-0.07353938022163642,0.017337584253938942,0.015652170748727632,0.01372602066476579,0.02066049633326898,0.010097919216646304,-0.2235303844005878,1.1285521910072223
2018-10-26,236.5055661327389,241.0236356256426,233.2770902132027,235.98080444335935,201574600.0,-0.0177437294771931,0.0100900489358372,-0.04033173771045081,-0.039245239322283076,-0.0913862714410702,0.018017976917536958,0.015568594844791358,0.014043781181664104,0.032827015022314006,-0.002218813273447537,0.4600348395461442,1.563694202788598
2018-10-29,239.06695479413133,240.3565753986392,231.10696608457545,234.6733856201172,160749100.0,-0.0055557656292029,0.0122261712226239,-0.04138887492718971,-0.03916811947133578,-0.10040969813711331,0.017971789440244895,0.015567673645230956,0.01391636110660414,0.03941482026017539,-0.018377986107689363,-0.20253295802149673,1.201029745881603
2018-10-30,234.5043729526247,238.46212359771985,234.0151944626232,238.1508331298828,157116000.0,0.0147095265976836,0.0116077610266057,-0.02157565544340261,-0.04608886698829068,-0.08511802148099241,0.020807266557476466,0.014417078496002099,0.014577415465700943,0.018672742298035002,0.015549646820423216,-0.02260105966378656,1.1276082885338292
2018-10-31,240.71234277026565,243.0069741099624,240.24096922248447,240.69456481933597,128296300.0,0.0106245382267877,0.0114107865701743,0.019815997353491495,-0.03564291464990528,-0.0750416407370171,0.015104650536156929,0.015161702192638396,0.014922239873947156,0.011491762971690266,-7.385558515647535e-05,-0.18342944066804145,0.9002256979327296
2018-11-01,241.55728117758088,243.4516779994685,240.4722290005421,243.25601196289065,99495000.0,0.0105856721131795,0.0113896600434246,0.012620241831254791,-0.01051060427268228,-0.05660942731406021,0.013740085571592632,0.015221845215798195,0.015222232506232692,0.012248202931900971,0.007032413914532161,-0.22449049582879632,0.7010977699319781
2018-11-02,244.3588011959873,244.7857162430484,239.7695662222295,241.81517028808597,122634100.0,-0.0059407607176658,0.0112286619998252,0.02442321059078209,-0.015908527119668683,-0.05693778475692442,0.00985098936486882,0.015297342788936878,0.015225567573515238,0.020743735865880148,-0.010409409832802459,0.2325654555505301,0.8590993817885707
2018-11-05,242.30428826612493,243.70063059419127,241.33486092616565,243.1492156982422,65622500.0,0.005501636052505,0.0123604238483252,0.03548061227248999,-0.00590826265469968,-0.05143614870441941,0.007985820356431916,0.015412570540644118,0.015329057283827191,0.009729703060040444,0.0034870510883788747,-0.4648919020076797,0.4633006214748319
2018-11-06,243.08710357708765,244.8480713232823,243.0248400134352,244.68798828125,60085900.0,0.0063085704566977,0.0130922594449105,0.027079656131504093,0.0055040006881015196,-0.04366723486989771,0.006775588715123198,0.01546371275875185,0.01545660803167206,0.007451249743209456,0.006585642268162047,-0.08437045220770312,0.42635691368340745
2018-11-07,246.85796861882704,250.006402564566,246.43105358048592,249.9263610839844,102752100.0,0.0211824370949997,0.0101588484037974,0.03763755499971609,0.05745355235320762,0.009690449808954987,0.009782556982531922,0.012143385705063263,0.014587888123977086,0.01430560973469554,0.012429789009141766,0.7100867258375092,0.759272382901624
2018-11-08,249.12588950722693,250.11312204168917,248.3343501125517,249.47276306152344,65584900.0,-0.0018165756616994,0.0100598587682848,0.025235307224837192,0.03785554905609202,0.030147040981523186,0.010368101810816377,0.011552123105419998,0.013591371375795816,0.007130124777183764,0.0013923625319818287,-0.36171718144933296,0.5252384108312438
2018-11-09,248.16533791916257,248.3521013519031,245.6305827643591,247.03582763671875,98812600.0,-0.0098163658765646,0.0121660579042226,0.021359702065938395,0.04578291265672052,0.006537673334437388,0.011480149317769016,0.01009004893583721,0.013493080932888115,0.011016695892168896,-0.004551442566132037,0.5066364361308777,0.8190141553683925
2018-11-12,246.52892695269583,246.7690514205457,241.9041085312186,242.4199676513672,99673600.0,-0.0188617516679679,0.0110831232386689,-0.0030036856545345055,0.03247692661795552,-0.006691192853380313,0.015346953599410504,0.012226171222623884,0.014110720375621926,0.02006824329060032,-0.01666725017675946,0.008713463667588961,0.8270383566568893
2018-11-13,242.88248213590185,244.87469860439535,241.24601473079449,241.96641540527344,98176600.0,-0.0018726883930174,0.0134804417983145,-0.011184944504249606,0.01589471162725452,-0.030194155361036215,0.014854365255116775,0.011607761026605705,0.013129774553312674,0.014996642684990487,-0.0037716459522833833,-0.01501902208809558,0.8214600782974454
2018-11-14,243.834110608874,244.23431809199508,238.75572328236524,240.3121490478516,125335900.0,-0.0068602379090545,0.0132598939945205,-0.0392276195083038,-0.0015900645085876785,-0.03723297915849302,0.007039802228576245,0.011410786570174358,0.01317639276947162,0.022797827040109103,-0.014444088861184262,0.2766372027550352,1.0422922197666948
2018-11-15,239.04912683050927,243.2826121469212,237.4749236526706,242.8201141357422,135101400.0,0.0103821988584711,0.0130028571142842,-0.027028844988133304,-0.0017935377632960787,-0.012304142035978412,0.010774679831103707,0.011389660043424602,0.013092102303001653,0.023917658201099225,0.01577494699617384,0.0779146278121432,1.1232480038131838
2018-11-16,241.72621869757145,244.3587935506492,241.21035963910745,243.45162963867188,126668000.0,0.0025973783838005,0.013566991711617,-0.014615100727768206,0.006744601338170223,-0.009163925781498515,0.01093334001711245,0.011228661999825224,0.013111831001093288,0.012932482383521638,0.007137872550180902,-0.06242274321361585,1.0589574041515346
2018-11-19,242.84687550829725,243.14038813498036,238.41774988663545,239.3338165283203,103061700.0,-0.0170589772434763,0.0166308689618075,-0.012812326303276608,-0.01581601195781108,-0.021724274612510815,0.010286931237312197,0.012360423848325183,0.013606992881444324,0.01973243195152942,-0.014466148566350005,-0.1863635645940569,0.8542342081588382
2018-11-20,236.00749321474493,237.4660995132809,234.04195744397688,234.9046630859375,136021300.0,-0.0186795564645306,0.0152700352327607,-0.02961919437478981,-0.04080413887903938,-0.03530013819093791,0.012510740295811968,0.013092259444910572,0.014145903659309404,0.014576730935525693,-0.004672860652792718,0.3198045442681423,1.1322701483183135
2018-11-21,236.4521744473776,237.599490110918,235.69621797932788,235.70509338378903,75563700.0,0.0034016764790328,0.0172646176650821,-0.01935727998670251,-0.05858489949500628,-0.0011313471417987151,0.013144404770488727,0.01015884840379739,0.01241650487058923,0.008074802730253662,-0.003159544061434781,-0.44447156437999047,0.6569651677709157
2018-11-23,234.06864160649891,235.52724792786717,233.97082215763007,234.1309051513672,42807900.0,-0.0067010366507618,0.0171377846668584,-0.03644051549593541,-0.06346936048406868,-0.025613811427976717,0.010459134403890917,0.01005985876828485,0.01175452348491653,0.006647673314340362,0.00026600549497333504,-0.43348591982658335,0.3882568182275792
2018-11-26,236.381051842642,238.1331436585043,235.989719762009,237.91079711914065,79981400.0,0.0160154187328494,0.0162336561268289,-0.023022475146886514,-0.037637575874654675,0.008145336782065783,0.014550743917224544,0.012166057904222653,0.011689733163964315,0.009009359484521107,0.006471522419305438,0.8683794346370646,0.7677452796682569
2018-11-27,236.87904876964447,238.711181640625,236.27427284254324,238.711181640625,75502400.0,0.0033585747595191,0.016294761818971,-0.0026049231438911094,-0.015417249447167682,0.017059677170787782,0.012959722812054182,0.011083123238668856,0.011620142576450672,0.010208607662754894,0.007734465671390833,-0.056000520120928154,0.7556688500131588
2018-11-28,239.7785008821429,244.20762634277344,238.64896315068884,244.20762634277344,127629600.0,0.0227644149391042,0.014013086920037,0.03883904825974369,0.00921985388495392,0.025114565512208385,0.011627265480776314,0.013480441798314459,0.012248285659743237,0.022762037678063226,0.018471737225546986,0.6904045434317321,1.2965171952617598
2018-11-29,243.43385961483304,245.0703267669041,242.2954465028745,243.67401123046875,82346400.0,-0.0021874786177266,0.0147969882134806,0.033249893162984295,0.013892613176281819,0.012302548667694084,0.01239526245134993,0.013259893994520489,0.012066184186173497,0.011387674253882879,0.0009865168962759911,-0.3548017074409071,0.8565005093982548
2018-11-30,243.52278892831976,245.71957352817088,243.20262298270973,245.1592559814453,98204200.0,0.006076711308306,0.0148971706034718,0.04602764112205209,0.009587125626116718,0.007793587862820585,0.010049813215912431,0.013002857114284219,0.011911215007874823,0.010266593995748013,0.006719974998345007,0.19257429590121733,1.022126638155896
2018-12-03,249.27704913295136,249.38377108547436,246.813460255878,248.4054412841797,103176300.0,0.0131542313658141,0.0132801645433889,0.04316645375501679,0.020143978608130317,0.026888579946300485,0.009638144943803504,0.013566991711617052,0.012140172970340158,0.010347240448150611,-0.00349654270942049,0.05063021744487517,1.0848624610458584
2018-12-04,247.57840882114908,248.00532392800807,240.04530733134203,240.35659790039065,177986000.0,-0.0329386099684492,0.0106559931120895,0.006869269027048486,0.004264345883157411,-0.01155166607465372,0.021263104951023792,0.016630868961807512,0.014298424572339192,0.033117528980689155,-0.029169792936085445,0.7250667062106317,1.7670735441879333
2018-12-06,236.505519915246,240.10752209732985,233.41044708855944,239.9918975830078,204185400.0,-0.0015184824804858,0.0108001616447187,-0.01741362839254151,0.021425419867202217,-0.019378719011837218,0.017616442680003033,0.01527003523276077,0.01420684971845224,0.0279054212922086,0.014741210560375891,0.14719921791601576,1.891856808628151
2018-12-07,239.65399795009367,241.2193263481448,233.5795021440557,234.41552734375,161018900.0,-0.0235098642583281,0.0104037978551348,-0.03873601403314301,-0.005486120870158682,-0.06407102036516502,0.01968397825426092,0.01726461766508214,0.01405327650629964,0.03259094775273117,-0.021858473679352283,-0.21140835730664387,1.4526896911105194
2018-12-10,234.23758739782187,235.82959594381217,230.01300388121976,234.86016845703125,151445900.0,0.0018950107594376,0.0111469447637991,-0.04291771458201141,0.0031099265400407173,-0.06035943394402802,0.01902767955346453,0.017137784666858467,0.014096994581826663,0.024766192159385164,0.0026579041652781727,-0.0594526481052845,1.3153771886488692
2018-12-11,238.05307539835013,238.2398388706836,233.44606213473483,234.91354370117188,121504400.0,0.0002272381063005,0.0221658672683477,-0.05584470784152501,-0.01267825408650818,-0.05031582996116292,0.015967842350302516,0.016233656126828925,0.014020754151883237,0.02040655749524098,-0.013188368568331528,-0.19770426271031438,1.0450233960654358
2018-12-12,237.8840642387632,239.24482367435743,236.01634829099115,236.0963897705078,97976700.0,0.0050226055625276,0.0223318336942749,-0.017883492310548206,-0.011014223283499679,-0.02643147273066742,0.01140093106522818,0.016294761818970997,0.013564976735996782,0.013674395387851777,-0.007514897956599118,-0.19363660904461077,0.8432839761481513
2018-12-13,237.03914588892,237.9018513907384,234.90462492684645,236.016357421875,96662700.0,-0.0003390391378982,0.0223061271114204,-0.016704048967960607,-0.03411767736050208,-0.02489782347554822,0.01146617726368848,0.01401308692003704,0.01356603212687144,0.012699231937278168,-0.004314850457334517,-0.013411351882641531,0.8325167874568907
2018-12-14,233.87294881626215,234.82459840670103,231.1069712205048,231.65838623046875,116961100.0,-0.0186373003655187,0.0223009504125547,-0.011831485075151207,-0.05056749910829418,-0.036674885932012416,0.009331885851838268,0.014796988213480659,0.014068883440919238,0.01604788519288787,-0.009469083949222495,0.2099920651916407,1.0109847612941
2018-12-17,230.70674603004963,231.8184786411639,225.48605403096255,227.11363220214844,165492300.0,-0.0198133387476724,0.0215746211031755,-0.03353983458226121,-0.07645754916427258,-0.06687042353815592,0.01162246109709778,0.01489717060347184,0.014307127721413852,0.027882186325852088,-0.015574376951392603,0.414934538064365,1.4119320980073213
2018-12-18,228.75008575990108,229.41712524737136,225.26368076295103,226.8645782470703,134515100.0,-0.001097206757202,0.0227315456667164,-0.03486427944576371,-0.09070898728728868,-0.07056500867915842,0.011438521952506896,0.01328016454338892,0.014250121535979732,0.018308034319473893,-0.00824265270357023,-0.1871821226727769,1.1438147782477144
2018-12-19,226.9446507542669,230.70675017805107,221.7684306807493,223.46714782714844,214992800.0,-0.01508885420106,0.0250334043984783,-0.05497573920935131,-0.07285923151989948,-0.06859488563674213,0.009545199162767382,0.010655993112089559,0.014158178284242786,0.03999836031475885,-0.015323132382987303,0.5982800443965026,1.7450894885478725
2018-12-20,222.22199466662704,223.7873091985889,217.58828746517864,219.8295440673828,252053400.0,-0.0164119673156595,0.0243206626073664,-0.0710486673871126,-0.08775271635507317,-0.06632729648787103,0.0075591795964714175,0.010800161644718684,0.014038200663499268,0.02819922026272374,-0.010766038721024595,0.17238065646849576,1.9538973272393954
2018-12-21,220.72860171340415,223.3855045339363,214.6812341608542,215.3253326416016,255345600.0,-0.0207023868371648,0.0228136469400785,-0.0731137538587587,-0.08494523893390987,-0.09043135980406863,0.00790985251697165,0.01040379785513478,0.014459456691695278,0.04042381017736522,-0.024479242970143963,0.0130615179164415,1.8504722372747042
2018-12-24,213.84032507460728,215.4505712615808,209.57318974188104,209.63580322265625,147311600.0,-0.0267783047477409,0.0196739266455085,-0.08007871985882721,-0.11361855444108838,-0.11050862790104773,0.009504948790129837,0.01114694476379918,0.015291723391397541,0.028036153316126675,-0.01966196904388404,-0.4230893346116009,1.0286073466945866
2018-12-26,211.0940231255896,220.2276763916016,209.1169955121157,220.2276763916016,218485400.0,0.0492901491478645,0.013889953218109,-0.029691363953760715,-0.06455564339952438,-0.07723389748603263,0.03120855652910516,0.02216586726834773,0.019095712584540188,0.05045088365609984,0.043268175625124035,0.48315136078896703,1.455212977823803
2018-12-27,216.998192653221,222.115175702482,213.7687595647507,221.9183807373047,186267300.0,0.007647756025197,0.0139276713327545,-0.0069547537275037085,-0.06193049293685498,-0.07294471622035471,0.031198366753911938,0.022331833694274883,0.019204842941495073,0.03761029667754896,0.0226738666526431,-0.14746111181799793,1.1964904109317143
2018-12-28,223.2692083817748,224.89733637571825,220.46916948727355,221.6321258544922,153100200.0,-0.0012907433011596,0.0142237633758904,0.008166470286996194,-0.06288219710011639,-0.09699987446061853,0.03009153191529957,0.022306127111420444,0.018190134812507523,0.019979806047395517,-0.0073323255774854455,-0.17806184982549267,0.9754613182147858
2018-12-31,223.25131500932957,223.81490460672552,221.38164665156637,223.5733642578125,144299400.0,0.0087206952703951,0.0143507298269897,0.037589552394556094,-0.035524201464202584,-0.08609170057249682,0.027387069187969484,0.022300950412554685,0.01843604062647316,0.010883487678582545,0.0014425413282312277,-0.0574839222940271,0.9015938126789547
2019-01-02,220.0487817922543,224.7274449611746,220.02194548461063,223.80601501464844,126925200.0,0.0010400603540838,0.0143248113921001,0.0654079174963808,-0.014670802362446384,-0.09112835152671903,0.020683121807440648,0.021574621103175463,0.018320810447524608,0.021024901749204506,0.017074546797270218,-0.12040382704293984,0.7859861658602516
2019-01-03,222.06153288497995,222.3657003814828,217.9822513104657,218.46533203125,144140700.0,-0.0241523337829837,0.0102848367273561,-0.008034565434467407,-0.03772592938822808,-0.12843491667551682,0.01330141741366461,0.02273154566671636,0.01832187888189564,0.020064735353021997,-0.016194614199986898,0.13563500392357075,0.88141387295527
2019-01-04,221.48903377701097,226.4271186384196,221.1133118576938,225.78302001953125,142628800.0,0.0329471112083247,0.0057177083345533,0.017264789748660293,0.010310036021156613,-0.06254919549874294,0.02054282746443389,0.025033404398478294,0.019205057006738805,0.023535015078929133,0.019386902228501944,-0.010489056872902691,0.8817001904205309
2019-01-07,226.05139025273735,228.96771572413164,225.15681037989435,227.563232421875,103139100.0,0.0078536948000187,0.0081944276869721,0.02640922784983859,0.034575698136834816,-0.05317701821823843,0.02042162257611097,0.024320662607366372,0.0193600988749729,0.016746577659664814,0.0066880463218887175,-0.2768704497268434,0.6581386535529555
2019-01-08,229.74599353972656,230.1843289108456,227.2232719214142,229.7012481689453,102512600.0,0.0093513991064297,0.0079134708984104,0.027039931685873195,0.06462948408042932,-0.020315754853480625,0.020450102052451617,0.022813646940078466,0.01888600617680266,0.012890905091005602,-0.00019476017880375225,-0.006074320989808868,0.6665838036858724
2019-01-09,230.40795353099523,231.61564162896792,229.1823836665336,230.7747344970703,95006600.0,0.0046625158021223,0.0078989351323395,0.030662387133911694,0.09607030463029251,-0.017548249810795925,0.020320428194633408,0.01967392664550851,0.01891856618845656,0.010543866371408181,0.0015918763239470498,-0.07322026755735389,0.6293242752261187
2019-01-10,229.24505692792303,231.8393332119918,228.5651674588411,231.5888519287109,96823900.0,0.0035215501258556,0.0081427348250884,0.058336271042750985,0.05030170560828361,-0.014253937791240824,0.012125980262360031,0.01388995321810901,0.01894301535004457,0.014137838353974702,0.010223971815125292,0.019128144781520362,0.6466479031456364
2019-01-11,230.5152984027252,231.70510473251588,229.93382703798264,231.6782684326172,73858100.0,0.0003860256905211,0.0087593505808462,0.025775185524947397,0.043039975273607714,-0.018890517663247324,0.003554804292017278,0.013927671332754502,0.018897448148436427,0.007645420118669479,0.005045088278089943,-0.23719143723811997,0.49727355990878236
2019-01-14,229.78173558745547,231.0699325784489,229.37919109052424,230.2648162841797,70908200.0,-0.0061196134602204,0.0083999131759766,0.011801877264708297,0.038211105114546916,-0.024671091985569528,0.005729983801977362,0.01422376337589039,0.01893187447164279,0.007342595865093224,0.002102345930537868,-0.03994010135652015,0.48158778177183026
2019-01-15,230.64055347725397,233.2169474781809,230.6315989437874,232.90383911132807,85208300.0,0.0113956389539683,0.0090068434979027,0.013846117112246896,0.04088604879812012,0.005361847333917475,0.006388596265655581,0.014350729826989695,0.018668026197487912,0.011100497717247677,0.009813042849367347,0.20167061073331438,0.5850180084919588
2019-01-16,233.3332441885954,234.3530782952415,233.1275083007143,233.4674530029297,77636700.0,0.0024170191241042,0.0092018144020565,0.011600620434228796,0.04226300756814052,0.027592205205694074,0.006300549375825114,0.014324811392100109,0.01806137695127372,0.005249425471360233,0.0005751808526084867,-0.08885988806254785,0.5496094202131632
2019-01-17,232.59969924486884,236.09750948945432,232.55495387525625,235.2386932373047,96118400.0,0.0075580347313673,0.0091158075823779,0.015637105039740494,0.07397337608249152,0.03624744669426337,0.006736492625014806,0.010284836727356146,0.018102552969546524,0.015059408660395894,0.011345646623806025,0.23805365246075638,0.6898213026636681
2019-01-18,237.04572950918973,238.83488883956213,235.2744519439753,238.36968994140625,127900300.0,0.0132220730435416,0.0085078207298278,0.028473152392760995,0.05424833791770842,0.06455837393886497,0.007793511093387559,0.005717708334553318,0.01781601945924034,0.014936617555956988,0.005585253254542164,0.3306536521623331,0.9475255084899642
2019-01-22,236.9025808874693,237.1172712595665,233.53895278912816,235.1491851806641,115531200.0,-0.013602644320259,0.0064944745616979,0.020990121532722398,0.03279199879743072,0.06736769693426549,0.010776879943849363,0.008194427686972115,0.01766344508354969,0.015217226747730982,-0.007401336449086999,-0.09670892093294547,0.901479103271306
2019-01-23,236.17801920347108,236.87579034797807,233.18117144550067,235.64126586914065,86030300.0,0.0020904454054965,0.0066822496018775,0.011684927984250595,0.025531045096497517,0.09016052917692677,0.009998543295313063,0.007913470898410399,0.016739810682209148,0.015678997856551767,-0.0022726642222704306,-0.2553500699378176,0.7187663062278841
2019-01-24,235.462340895824,236.3479934597773,234.451461356412,235.76649475097656,59204100.0,0.0005312975103209,0.007842206205972,0.009799206370467295,0.021399826804696116,0.11747013143498856,0.010030283981677813,0.007898935132339519,0.015085533512598566,0.008044112058282392,0.0012917303633157898,-0.31182269502721716,0.513540037388677
2019-01-25,237.60933824799548,238.58445429816075,235.86492393987604,237.7614288330078,96883400.0,0.0084258848751136,0.0075600870374307,0.010667056514213595,0.026304161553954115,0.07660586716223768,0.010158071964000353,0.008142734825088418,0.011149483073994836,0.011438063657477352,0.0006400867328437769,0.6364305850439411,0.8871607402294414
2019-01-28,235.62340130094336,236.01699132108016,234.19206807171744,235.9543914794922,85613700.0,-0.0076292411650826,0.0068408011720842,-0.010184257694410604,0.018288894698350416,0.06132886997195808,0.008633382987967906,0.008759350580846193,0.011394798124455407,0.007734220320800106,0.001404742384335938,-0.11632230082759276,0.8218379230180125
2019-01-29,236.0975102983828,236.6610726340007,234.8093132161532,235.64126586914065,66136300.0,-0.0013279412203519,0.0073811888366836,0.0020904454054964956,0.023080566938218916,0.06129167205276578,0.0058039325290601415,0.008399913175976605,0.011395549760901945,0.007858383424556173,-0.0019324406626123514,-0.227503308465818,0.6625206554673309
2019-01-30,237.15310270701,240.2125502350187,236.3927044417232,239.37164306640625,92473700.0,0.0157067474071082,0.006126273101716,0.015706747407108198,0.027391675391358818,0.06827772418947889,0.009063775329593633,0.009006843497902718,0.01168153061561785,0.015957804125678394,0.00935488650189471,0.39822911169811426,0.951043040714779
2019-01-31,239.3090246230662,241.9569728947139,239.0943069304852,241.4738922119141,104012100.0,0.0087440243725991,0.0059079415166881,0.023919474269386398,0.03371868063985372,0.07598168820799418,0.009215420650232236,0.00920181440205648,0.011726068043634732,0.011854970895638172,0.009046326574009333,0.12477493600883283,1.0824634522456291
2019-02-01,241.67077991950413,242.61010529345492,240.8030362333058,241.59027099609372,85782500.0,0.0004818357282328,0.0065555490580188,0.015975425122505597,0.026642481636719218,0.10061585771921067,0.00911479496586527,0.009115807582377903,0.009765387339550598,0.0074798916889262925,-0.0003331347026612895,-0.17526422406623843,0.9207053548060293
2019-02-04,241.63495404193893,243.3525593935762,240.96401914371376,243.28993225097656,60744800.0,0.0070106727598199,0.0063773866337996,0.030615339047408097,0.020431081352997517,0.07467941927070589,0.006834566654893851,0.008507820729827805,0.007265119123185154,0.00981766992067078,0.0068490844613084976,-0.2918742167691546,0.6819418629316479
2019-02-05,243.71932746285623,244.61390727961893,243.2183649495019,244.30975341796875,79552800.0,0.0041830324506526,0.0063370366989191,0.0361263127184126,0.03821675812390912,0.07100875692133979,0.00567928782751616,0.006494474561697901,0.007201655530550676,0.005712184268507323,0.0024225651746987748,0.30962321054641717,0.9050694620629397
2019-02-06,244.0324315275162,244.52443949783927,243.25415146881173,243.98768615722656,58347800.0,-0.0013191439534309,0.0065021793540254,0.019100421357873498,0.03480716876498172,0.06033821386147918,0.004245949319242756,0.006682249601877497,0.007144308209785152,0.005206361226807823,-0.00018335829385278746,-0.26655252863507006,0.6809279080802524
2019-02-07,242.37739591476807,242.92307635961063,240.00676546510303,241.6617431640625,95482000.0,-0.0095787645861719,0.0052545197154633,0.0007776323991024996,0.02469710666848892,0.046096933473184984,0.00632952186257069,0.007842206205972027,0.007662567840661461,0.01206773921401262,-0.0029526381699274953,0.636428451458324,1.113980784350648
2019-02-08,240.41826173017645,242.05533034671095,239.59523650575105,241.9569396972656,75788900.0,0.0012207823242798,0.0052486162775451,0.0015165789951494997,0.01749200411765512,0.04379616567160918,0.006347646648743823,0.007560087037430684,0.007660610543007846,0.010167486181788988,0.006400004542150857,-0.20624934542636308,0.895207787133295
2019-02-11,242.61001223279428,242.8694206752519,241.56334202911276,242.0911407470703,68021400.0,0.0005544947234167,0.0053368542084219,-0.0049395990412537,0.02567574000615442,0.04396463470450478,0.005193950288419351,0.006840801172084188,0.0076586151133955895,0.005394987367603343,-0.0021387059872289386,-0.10248862300416028,0.8062383691515511
2019-02-12,243.70138226031133,245.5799775461956,243.6298006053734,245.2042694091797,72270200.0,0.0127773459440509,0.0042084544745581,0.003654714452144601,0.039781027170557225,0.06286159410877609,0.007998122083923122,0.0073811888366835925,0.00774362107142708,0.007953274816630124,0.006166920905122459,0.06246269556345507,0.8559073282435787
2019-02-13,246.03623333401944,246.84134953696977,245.61577981797595,246.0004425048828,65277200.0,0.0032417188745278,0.0043280512786742,0.0082155772801033,0.02731599863797682,0.05470767402933559,0.007965875242326238,0.006126273101715977,0.00749698308992299,0.004981981766026695,-0.0001454697491163437,-0.0967618741888081,0.7823213673857469
2019-02-14,244.9180196899225,246.5819520637004,244.1039489183974,245.45477294921875,83234400.0,-0.0022206287073107,0.0043812287300086,0.0155737131589645,0.01635134555806702,0.05007002619792068,0.005744348702446278,0.005907941516688146,0.007578625301265533,0.01009555901288451,0.002191562956355013,0.27509145612863306,0.9941964476346978
2019-02-15,247.2260281617068,248.1653532093736,247.02029230681623,248.1295623779297,97088700.0,0.0108383326659863,0.0035065495071581,0.025191263500671003,0.02670784249582052,0.05335032413253968,0.006510711760552559,0.006555549058018854,0.007727799290399774,0.004614770169196134,0.003654688881026281,0.1664492085003315,1.1590080267364493
2019-02-19,247.3334357653313,249.21203152652333,247.32448123109788,248.5590057373047,59120800.0,0.0017292262957271,0.0035445907613509,0.026365995072981402,0.02142639603172772,0.04185747738472518,0.006327065706428979,0.006377386633799601,0.007318096521263895,0.00759397266587217,0.004955132605428245,-0.3910640476183119,0.7359758017617742
2019-02-20,248.52319847147984,249.5161961914224,248.0222359948916,249.05995178222656,76610800.0,0.0020133727084731,0.0040302647296368,0.0156020218374036,0.019256736289548222,0.05747349441345728,0.004776731734614189,0.0063370366989190996,0.006320394004215174,0.005998395911668338,0.00215977145814947,0.2958349684036752,0.9773805925063975
2019-02-21,248.42485873105,248.7826852447677,247.2171703593912,248.17437744140625,64214700.0,-0.0035620037680847,0.0046900374940247,0.0087982991947911,0.01701387647489442,0.05182104523987608,0.005626952931627659,0.006502179354025399,0.006481582114241182,0.006308124559498967,-0.0010082778789658913,-0.16180616832091554,0.8307956417536565
2019-02-22,248.7915085043155,249.90973295511063,248.1563646603763,249.71295166015625,78114600.0,0.0061804308979958,0.0039833550273286,0.0171993588000976,0.03277307195906212,0.05747017862755099,0.00539062511508393,0.005254519715463353,0.006510124266431939,0.007021535259094371,0.0037036760674843505,0.21645978257314913,0.9984158702347973
2019-02-25,251.13543991453855,251.6542842748501,249.9724695959429,250.052978515625,69030700.0,0.0013607446502646,0.0064577702903771,0.0077217707843759,0.03291303428504692,0.05040503840270199,0.003458900380458483,0.005248616277545142,0.006383434186083486,0.0067258334169457805,-0.004310269388031866,-0.11628940044498726,0.8983003063077987
2019-02-26,249.7040511002087,250.7506941241526,249.49828792864352,249.8740234375,56844100.0,-0.0007159248653081,0.0065865227922986,0.005276619623340701,0.031642614696322124,0.05731835470247649,0.0035963487761227755,0.0053368542084218824,0.005979294718750393,0.00501215043596695,0.0006806951530918539,-0.17653884431129918,0.7538262976092871
2019-02-27,249.15838854121603,250.11559560406909,248.2280450842568,249.7667236328125,56921600.0,-0.00042950782924,0.0068959599687415,0.0028337390856276005,0.01843576092303122,0.058216788093588386,0.0035995913962224737,0.0042084544745580816,0.005949428804620773,0.007557253794093175,0.0024415597450207524,0.0013633780814543695,0.7594945153681903
2019-02-28,249.5519185749204,249.9902811449562,248.9794018248287,249.3014373779297,69268300.0,-0.0018646206111397,0.0068548591660594,0.0045311222425725994,0.01332942143736372,0.040645420075340485,0.003166898077943474,0.004328051278674195,0.005212083465514015,0.0040548475402292505,-0.0010037237879039023,0.2169071143467507,0.9387675943622146
2019-03-01,250.87595977067372,251.2695770643132,249.4267448715506,250.8580780029297,78880500.0,0.0062245967664668,0.0067542250374471,0.0045752881110436,0.02177464691114122,0.038125992469208184,0.003185294886668733,0.004381228730008594,0.005069833658755988,0.007346114613622658,-7.127732669313967e-05,0.13876766139778218,1.0875592721561222
2019-03-04,251.9136582318563,252.1551849315805,247.6554499673396,249.9455718994141,106494600.0,-0.0036441711777946,0.006617587815063,-0.00042962771701560024,0.00729214306736032,0.03399998556318078,0.0037470824615546856,0.0035065495071581543,0.005212780272909203,0.01800285930271145,-0.007812543179500059,0.3500751136212372,1.4476171523192716
2019-03-05,250.0708202602486,250.2676288888448,249.05994081793224,249.60562133789065,59114600.0,-0.0013610241296675,0.0065600825862696,-0.0010747269813750002,0.004201892641965719,0.02562828867369338,0.0037851107824501047,0.0035445907613509027,0.005098765750200673,0.004838384906715335,-0.0018602687105749639,-0.4449051876808777,0.8044561032285492
2019-03-06,249.72193751100997,249.7308920448468,247.77176016313655,248.0937957763672,75039800.0,-0.0060752741897042,0.0062226356979334,-0.0067204933418392,-0.00388675425621158,0.015369982033336583,0.0046160246834193236,0.004030264729636835,0.005303378610112099,0.007896738713596122,-0.006519818606529107,0.2693953777916116,1.024318273352973
2019-03-07,247.64648588473747,247.78962191252373,245.17746448154068,246.01837158203125,94885100.0,-0.0084006690661173,0.005666318234636,-0.013256541796816798,-0.00872541955424418,0.008288456920650182,0.005617183286934608,0.004690037494024753,0.005673570584780405,0.010617733196856237,-0.006574348498787093,0.26446365795217996,1.2636999459946474
2019-03-08,244.1666005291717,245.6963242662043,243.701428884689,245.5263519287109,85795800.0,-0.0020019330657439,0.0092415399994349,-0.0214830716290275,-0.01690778351798388,0.01586528844107818,0.0029289857531765466,0.003983355027328616,0.005204771204193245,0.008124974634472345,0.0055689492198863,-0.09579270085608804,1.1500647981979828
2019-03-11,246.2420952292,249.24787087242785,246.215258921686,249.08685302734372,65098900.0,0.0143973616784158,0.0081970589116133,-0.0034415387728170994,-0.00387116648983268,0.029041867795214178,0.008919858538591237,0.006457770290377062,0.006030234353925585,0.012174917760147482,0.011552686779633847,-0.2412344194004835,0.8789269187595877
2019-03-12,249.6414754841614,250.54500995828857,249.4536213411692,250.0261383056641,79667500.0,0.0037638226352953,0.0084299553916723,0.0016833079921457004,0.0006085810107707194,0.03225119570709278,0.009115530870552967,0.0065865227922985775,0.006047766966577791,0.004365098083405681,0.0015408610318324535,0.2237917998614416,1.0672330355092179
2019-03-13,250.91178095520416,252.61147731037204,250.7507358243936,251.6811065673828,80639200.0,0.0065973704042557,0.0083911283424521,0.0143559525861056,0.007635459244266419,0.026071220167297578,0.008636202611785767,0.006895959968741521,0.00558767677177965,0.007393250575526507,0.003066119929681568,0.012196943546615602,1.0742283286705048
2019-03-14,251.70787361502687,252.1283271456543,251.0816842356358,251.52001953125,67518400.0,-0.0006402491301418,0.0084793162727849,0.022116372522081103,0.00885983072526432,0.02218925216262798,0.006549170722719366,0.006854859166059439,0.0055842304307603076,0.004161270788580173,-0.0007463178687218262,-0.16270994751932066,0.898100011898245
2019-03-15,252.0708751186068,253.5713885597361,251.88216612584608,252.76272583007807,81309000.0,0.0049286192154548,0.0085723381665237,0.029046924803279802,0.007563853174252319,0.029338500085393477,0.005498457024342011,0.006754225037447074,0.005588662500294588,0.006683036149189251,0.0027446673922392854,0.2042495082821867,1.0829232254461187
2019-03-18,252.97840020058632,253.97577207395665,252.75377010720248,253.6792449951172,62199800.0,0.0036194479067746,0.0092724082119243,0.018269011031638603,0.01482747225882152,0.02211961532618178,0.0026805742731518833,0.006617587815062986,0.005168906433906746,0.004817114489510896,0.002770374047646625,-0.2350194935370008,0.8481200309142108
2019-03-19,254.73942165972792,255.5031417462448,252.8525241186721,253.74205017089844,90268100.0,0.0002475464735133,0.0092698674831931,0.014752734869856603,0.016436042862002318,0.020637935503967978,0.003076505637443748,0.006560082586269586,0.005170121582696907,0.01044611102411869,-0.003915261651813517,0.451260293441458,1.2052490790372037
2019-03-20,253.52644405949383,254.73045774743304,251.87317030498068,252.97833251953125,84609200.0,-0.0030143576447274,0.0091477504363766,0.005141006820873504,0.01949695940697912,0.015610205150767479,0.0032273538119438204,0.006222635697933404,0.005241624711035622,0.011294593548764746,-0.0021619501744518364,-0.06268992035946253,1.1236919493105353
2019-03-21,252.16062832801063,256.23988877632723,252.11568588232552,255.8355712890625,79550400.0,0.0112310956199472,0.0085380583081985,0.0170123515709625,0.03912872409304362,0.03040330453879938,0.005357070314483245,0.00566631823463603,0.005626223747559733,0.016120521760212437,0.014573817433035192,-0.059790188301035774,1.045855573264674
2019-03-22,254.47886913237076,254.99999873616272,250.8488401747913,250.9117431640625,122659300.0,-0.0194336820263066,0.0047292157159548,-0.007349949670798895,0.021696975132480915,0.004789191614496976,0.011349550523127153,0.009241539999434898,0.007203708763499676,0.016544297644359884,-0.014017375904216119,0.5419067660250609,1.566735209062183
2019-03-25,250.5702619995156,251.7563149520097,249.46509997525595,250.7230224609375,85575200.0,-0.0007524227783271,0.0046083168841811,-0.011721820355900595,0.0065471906757380155,0.0026760241859052755,0.011023146814056865,0.008197058911613283,0.0072018939600163555,0.009138430744271623,0.0006096512020337079,-0.3023341890912471,1.0816288844226467
2019-03-26,252.4751832254885,253.5444244613853,251.1903059153472,252.5919952392578,68125900.0,0.0074266862817752,0.0050869673034883,-0.004542680547638696,0.010210054322217915,0.010818635332988574,0.011879462085759494,0.008429955391672263,0.007379299952816059,0.009319846196266964,0.00046266730962218574,-0.2039060381979826,0.8549823508874004
2019-03-27,252.58296505421916,253.1670250393392,249.72567779743596,251.2711334228516,72224700.0,-0.0052429509800613,0.0043697404287022,-0.006771273882972596,-0.001630267062099085,0.0060051921821672755,0.012019211913317384,0.008391128342452077,0.007490275706221786,0.013695752452837308,-0.005193666291335093,0.06016507671825244,0.8978010960490808
2019-03-28,251.9001481789004,252.6728624031701,250.75004339861144,252.22360229492188,56238500.0,0.0037834358163824,0.0044805381870046,-0.014218933686537392,0.002793417884425115,0.011653248609689377,0.01042541501313528,0.008479316272784908,0.007510803292947202,0.007623469758830576,0.0012840568707873964,-0.22133979095794099,0.704789696311379
2019-03-29,253.7331165800728,254.13743419240424,252.6099664002764,253.81398010253903,82186800.0,0.0062856321314637,0.0045240437349685,0.011500380471232904,0.004150430800434015,0.011714283974686275,0.005257902429123447,0.008572338166523742,0.007513228369435597,0.006018060122262631,0.0003186951847522295,0.4613974412546564,1.0278484102809353
2019-04-01,255.8087003800633,257.1205321351597,255.53912787981557,256.8240051269531,77617900.0,0.0117894084461161,0.003281603197182,0.024042211695676104,0.012320391339775515,0.027147863598596975,0.006321635959967545,0.009272408211924313,0.007841336068971142,0.00615754066510413,0.003969000058955594,-0.055591652187455876,0.9885589860080476
2019-04-02,257.01270157304134,257.1834225886773,256.1590964948618,256.9497985839844,40070400.0,0.0004896842098072,0.0032766980453764,0.017105209623708106,0.012562529076069416,0.028998571938071677,0.006364440190004684,0.009269867483193124,0.007818454369072914,0.003986483349901077,-0.0002447466163032757,-0.4837479498930015,0.5166108321264267
2019-04-03,258.1627579277011,258.5581088983009,256.7520750289998,257.3540954589844,68243200.0,0.0015722103719718,0.0034999158903911,0.023920370975741206,0.017149097092768614,0.03664605649974768,0.004502458104574104,0.009147750436376563,0.007615422096851687,0.00701770013055382,-0.0031323746120777494,0.7030825746685834,0.8837026596532316
2019-04-04,257.67764571070825,258.2886329223049,256.98579496410593,258.0370483398437,48997500.0,0.0026502328913353,0.0034718251784272,0.022787168050694105,0.008568234364156716,0.047696958457200275,0.004593029711005363,0.008538058308198492,0.007224765866600646,0.0050490344955545574,0.0013947761286943088,-0.28201637672324864,0.6539121925947071
2019-04-05,258.7018866821242,259.3398281950125,258.4143537053717,259.2859191894531,58621700.0,0.0048282150768501,0.0031997601795931,0.021329750996080504,0.032830131467313416,0.054527106599794276,0.004501264469127013,0.004729215715954851,0.007167695233114703,0.0035693202798436066,0.0022575502437155947,0.19642226644216532,0.796803580972306
2019-04-08,258.8636614791043,259.59146060914446,258.2077318961907,259.483642578125,53566300.0,0.0007622783324927,0.0041548369818821,0.010302620882457104,0.034344832578133214,0.040892023253871174,0.00176063199820169,0.004608316884181128,0.006627259013133683,0.005332624049846061,0.0023950101589317323,-0.08623769013863469,0.7338407235070612
2019-04-09,258.522174565323,258.8456286022435,257.6056940400608,258.1537780761719,66142300.0,-0.0051382198223504,0.0037244717506758,0.004674716850299504,0.021779926474007616,0.031989980796225476,0.003722197480429412,0.005086967303488273,0.006802343076785411,0.004803085089139421,-0.0014250092463848733,0.23477447574314447,0.9146011535963496
2019-04-10,258.5670843373598,259.1241897573699,258.1537728250394,259.0343322753906,52601500.0,0.0034051635466472,0.0037367350852086,0.006507670024974904,0.030428041000716118,0.028797773938616975,0.003887253251148004,0.004369740428702189,0.006715801289559544,0.0037462869257762063,0.0018070665847830483,-0.20472224280074924,0.7417405630482299
2019-04-11,259.5196026050741,259.5285965825624,258.3964522455626,258.9625244140625,55093100.0,-0.0002772521140264,0.0038296346731651,0.003580185019613204,0.026367353070307315,0.029160770954732376,0.0038536506907904354,0.004480538187004599,0.006710372031021098,0.004371846233586891,-0.0021465746148638734,0.04736747050939605,0.783740929658764
2019-04-12,260.57083310063365,260.9931386511058,259.0074168766403,260.714599609375,69727800.0,0.0067429630932758,0.0034126279452043,0.005494933036038903,0.026824684032119413,0.03097511483255338,0.004418231325324012,0.0045240437349684925,0.006771743413063652,0.007616457910069793,0.0005517367658943907,0.2656358055727486,1.0001695450598271
2019-04-15,260.786383204038,260.8852346427562,259.7440969246708,260.5437927246094,49596700.0,-0.0006553636100296,0.0033590215939576,0.0040772910935166036,0.014379911975973714,0.026700303315749175,0.004490142054081282,0.003281603197181991,0.006770409081916252,0.004379830761470203,-0.0009302267873349745,-0.28870981158160736,0.7178998007188885
2019-04-16,261.4244381773299,261.47834719052565,260.1215730435636,260.714599609375,52153200.0,0.0006553636100295,0.0043978567328274,0.009870874525896503,0.014545591376196014,0.027108120452265377,0.0031028909476860777,0.0032766980453763786,0.006767575037723371,0.005204058955635297,-0.0027152724240469693,0.051545768166027184,0.7763194089676583
2019-04-17,261.8287272177432,261.855681721401,259.6632906883781,260.0766296386719,58268300.0,-0.0024500039708548,0.0043767217235309,0.004015707008394503,0.010523377033369415,0.027672474126137974,0.0035064498369598482,0.003499915890391132,0.006749548725225338,0.008429788697542193,-0.006691769836295537,0.11725263262848684,0.8846889609627009
2019-04-18,260.66070312049783,260.858378651933,259.36683190031505,260.5888061523437,68708500.0,0.0019673926620373,0.0052503582695479,0.006260351784458203,0.009840536804071414,0.018408771168228078,0.003477114703701512,0.0034718251784272105,0.006343869918726554,0.005723756034040671,-0.0002758258812832974,0.1791746112380146,1.0518602457343693
2019-04-22,259.8250957710666,260.9662065425261,259.7352382678088,260.8134460449219,40160100.0,0.0008616760112975,0.0055334155539914,0.0003790647024799035,0.0058739977385188135,0.038704129205832175,0.0016915897703976331,0.003199760179593137,0.004166073348362082,0.004719727043924151,0.003803906127397889,-0.4155002656148803,0.6562538911869701
2019-04-23,261.1817838739017,263.39216279015545,260.9481873227596,263.1585388183594,52246600.0,0.0089512741123691,0.0071308710445882,0.009985702424878604,0.014062993518395215,0.04840782609652838,0.004219822212035766,0.004154836981882151,0.004395338101129954,0.00928708404587526,0.007568502347820976,0.3009579159414444,0.8776582386394656
2019-04-24,263.07769295982763,263.4101409908237,262.4307574273886,262.57452392578125,50392900.0,-0.0022217173474154,0.0071290194559165,0.007108621467433704,0.016979495993330214,0.038759422467337774,0.004625215542691249,0.003724471750675868,0.004346157057223722,0.0037299260750519947,-0.0019126252339578423,-0.03547982069646638,0.8593180078065716
2019-04-25,262.47568374884355,263.06871029746924,261.22675508512435,262.41278076171875,57770900.0,-0.0006161793541895,0.0071320804935306,0.008942446084099004,0.012958153092493513,0.043386194093209575,0.0043029252911474134,0.0037367350852085856,0.0040573535176571685,0.00701930449804369,-0.00023965262696483194,0.14640951403868407,0.9974221433244113
2019-04-26,262.45776734051964,263.70669621419734,261.68502567610466,263.63482666015625,50916400.0,0.0046461501944861,0.007169870188673,0.011621203616547802,0.017881555401006013,0.04424890847131328,0.004493321034652987,0.0038296346731651046,0.004079940374178878,0.007668450195689635,0.004484757039441947,-0.1186497008009223,0.8831357281497996
2019-04-29,263.7246416311188,264.5692527133445,263.6347841375647,264.048095703125,57197700.0,0.0015663539976353,0.0101995924301532,0.012325881602885603,0.012704946305365512,0.039529630337484876,0.004446788678953174,0.0034126279452043476,0.003966871765989476,0.0035390089570290282,0.001226484070679398,0.12336496688689702,1.0140600110097306
2019-04-30,263.7066772500253,264.47042488251304,262.2960214157048,264.1828918457031,81111700.0,0.0005103681861965,0.0109887298878958,0.003884975676713003,0.013870678101591614,0.028250590077565273,0.002578650321763174,0.003359021593957616,0.003232079959836777,0.008230674786004784,0.0018058495925999528,0.4180937345382769,1.4335921910718648
2019-05-01,264.8118094680611,265.0184789347916,262.18811906270474,262.1971130371094,71671900.0,-0.0075450747016379,0.0112769227645347,-0.0014383816775094972,0.005670239789924213,0.020215831166120173,0.004505404894149315,0.0043978567328274406,0.0038019360621747433,0.010794778932925334,-0.009873790886456174,-0.11638025093790416,1.2323352977329638
2019-05-02,262.0803941826196,262.9969024366537,260.1395870466609,261.6311340332031,65030200.0,-0.0021609343417988,0.0118563538476688,-0.0029831366651187972,0.005959309418980212,0.01648268645234957,0.004585810200265004,0.004376721723530972,0.0038640548257033885,0.010921159672190305,-0.0017142073935658112,-0.09266811679333187,1.1212342193838092
2019-05-03,263.1047231539981,264.4704641506386,261.7389547366939,264.1919250488281,56543700.0,0.0097402014494222,0.0112891935484724,0.002110914589817303,0.013732118206365112,0.023572655010436473,0.00629070866851414,0.005250358269547956,0.0043367202532502815,0.010339110150470385,0.004132202120117969,-0.13050090573302864,0.9686108564167769
2019-05-06,259.89692165063803,263.54491082051743,259.58243415240935,263.1046447753906,107198100.0,-0.0041239859184786,0.0113490191155225,-0.003579425326296598,0.008746456276589012,0.014620454015107774,0.006541685412914846,0.005533415553991443,0.004401715736076335,0.015060458820446905,0.012342289798509105,0.8958451604688056,1.7629847070700475
2019-05-07,260.70562286447625,261.29864946948265,256.806048601852,258.7109069824219,144729900.0,-0.0168405928814707,0.0107926092669962,-0.020930386393963798,-0.01704541071725079,-0.0029824171988556258,0.009610748244716869,0.007130871044588172,0.005900020385823234,0.01736533229322215,-0.007651219256944454,0.35011628004600825,2.2142455813163626
2019-05-08,258.3515930175781,260.05877644874835,257.7585662091501,258.3515930175781,91568300.0,-0.0013898282032906,0.0108212896241084,-0.014775139895616499,-0.016213521573125986,0.0007659744202041742,0.009466053303882728,0.007129019455916502,0.005791737739310487,0.008903410320530665,0.0,-0.36731594508114773,1.3741901233409932
2019-05-09,256.2849164466201,258.1717868559465,254.5507516890629,257.5697937011719,103471100.0,-0.003030693958192,0.0114260485362477,-0.015644899512009695,-0.018628036177128486,-0.005669883084635025,0.009455798550165977,0.007132080493530604,0.005773588772650623,0.014058462038000662,0.0050134720075084,0.1299882164460846,1.495725763685503
2019-05-10,256.6352774765789,259.61837045130414,253.6521845018536,258.8636169433594,112429300.0,0.0050106206238664,0.0112819532441836,-0.020374480337565497,-0.018263565747748185,-0.00038201034674222555,0.007965738917220433,0.007169870188673017,0.005893715437087351,0.023047603289712067,0.008682903958844263,0.08657683159838836,1.5605499727148429
2019-05-13,253.76011533329583,254.7215112151304,251.52278113899092,252.3583984375,127290500.0,-0.0254510543597753,0.0082945751952478,-0.0417015487788622,-0.045280974105158786,-0.03257602779979332,0.012447700087282312,0.010199592430153243,0.007977658888207863,0.012675346237512592,-0.0055237872742719,0.13218262499188382,1.6989554581515907
2019-05-14,253.37364746715613,256.1680589417973,253.24786892518063,254.64056396484372,77003200.0,0.0090027045830086,0.0078227425377592,-0.0158582513143829,-0.036788637708346686,-0.022917959606755123,0.013367227444596858,0.010988729887895768,0.008324457338016922,0.011467890155238011,0.005000190471078152,-0.3950593327860288,1.0093071951109618
2019-05-15,253.01424507952996,256.7700521218785,252.80757560681195,256.1321105957031,73956400.0,0.0058403706574662,0.0075405666217716,-0.008628052453626099,-0.023403192349242586,-0.017732952559318425,0.013984970095836678,0.011276922764534725,0.00846309138720456,0.015470440257766845,0.012322885279416303,-0.03956718681821014,0.9557154364795963
2019-05-16,256.8330712710565,259.86108067213627,256.7612017031912,258.5043334960937,76749600.0,0.0092190894336688,0.0071604748883564,0.003621730938234702,-0.012023168573774987,-0.0060638591547948276,0.014751180709304748,0.011856353847668793,0.008747113365036538,0.011991593823675324,0.006507192460714608,0.037768198560232724,0.9801072313135357
2019-05-17,256.2039688033776,259.3128398746993,256.1859808567677,256.8329162597656,100353000.0,-0.0064867156327935,0.0071423020685706,-0.007875605318425198,-0.028250085655990687,-0.014517967449625626,0.014811978641543322,0.011289193548472395,0.008835438953317919,0.012174681748226767,0.0024548700760786703,0.30753775915444503,1.256146374542611
2019-05-20,255.23362019273912,256.9408029172049,254.38900909588577,255.13479614257807,62877600.0,-0.0066337243672905,0.0106634390173929,0.010941724674059603,-0.03075982410480259,-0.02201336782821363,0.008097680842760243,0.011349019115522482,0.008923085413623213,0.010001747546395464,-0.0003871905671612911,-0.3734357717258079,0.7760228422057514
2019-05-21,256.82398306292055,257.8123606375981,256.5723985366988,257.4349975585937,46847100.0,0.0089752337546524,0.0106267213383698,0.010914253845703405,-0.00494399746867949,-0.02198940818593033,0.008091908792637362,0.010792609266996203,0.008924507475521114,0.004816602686730867,0.0023791177458822085,-0.25494770792778354,0.5801105126308773
2019-05-22,256.48259057914987,257.59674680267347,256.1681030390929,256.6443176269531,49482500.0,-0.0030761033628961,0.0108709215316934,0.0019977798253411057,-0.0066302726282849896,-0.022843794201411027,0.008066820883589433,0.010821289624108384,0.008932203655732026,0.0055666292431113965,0.0006305576040777911,0.05625534985089797,0.6130904174088562
2019-05-23,254.4249798663409,254.46989490750192,252.09781586860328,253.5084991455078,98733800.0,-0.012293798537313,0.0104085703904497,-0.019515108145640694,-0.01589337720740599,-0.03452141338453453,0.00792260381472865,0.011426048536247678,0.009271246818592625,0.009357000048890394,-0.0036021648554891922,0.9953276410852321,1.1930409228824732
2019-05-24,254.94617482944585,255.3595139649316,253.4636216227119,254.08360290527344,55268100.0,0.0022660084880307,0.0104424037596091,-0.010762384024816492,-0.01863798934324169,-0.036901555090989926,0.008172056454702767,0.011281953244183638,0.009200150391759181,0.007461687100393157,-0.003383349151049073,-0.4402312075499981,0.6660758510158729
2019-05-28,254.3620646286992,255.31449378901283,251.70245267653996,251.7204132080078,70029400.0,-0.0093443579628252,0.009697847940234,-0.013473017620351194,-0.002531292946291591,-0.04781226705145043,0.008621225185138913,0.008294575195247749,0.009310044752724594,0.014349416745506752,-0.010385398563844343,0.26708535303366676,0.8374992390925942
2019-05-29,250.6063161906961,251.0106338991557,248.62956043600977,250.03125,104972900.0,-0.0067330901452362,0.0092568629666256,-0.029181341520239795,-0.018267087674536393,-0.05505572538288313,0.005658535121835945,0.007822742537759168,0.009332117035817036,0.009523103464650615,-0.00229469950892425,0.49898328416350846,1.2377371954572043
2019-05-30,250.785904569244,251.62154901071116,249.6178395350318,250.7140350341797,62523800.0,0.0027270769300847,0.0092532018336036,-0.023378161227258994,-0.02138038140191789,-0.04478357375116053,0.006838367306861598,0.007540566621771581,0.009337154915312486,0.007992011597620346,-0.0002865772507739368,-0.40438151179971216,0.7412167390757345
2019-05-31,248.1712922154684,248.9979154505843,247.30869307361624,247.3356475830078,86862800.0,-0.0135666757203722,0.0073010243469445,-0.024651038410318196,-0.04416614655595889,-0.05618931512973393,0.007206650103412439,0.007160474888356357,0.00967435104955193,0.006829676164658516,-0.003367209095784828,0.3892757637891491,1.016598424557305
2019-06-03,247.37160702364017,248.4857633553792,245.3768909783469,246.7067108154297,96428000.0,-0.0025460857622678,0.0070201216581722,-0.029463132660616693,-0.040225516685433185,-0.06847560234142393,0.00626519119419014,0.0071423020685705985,0.009214679009571307,0.01260149092319649,-0.0026878436705427464,0.11011848570389171,1.1028059978428333
2019-06-04,248.9979171712153,252.1966469375377,248.54865706447725,252.06187438964844,77231900.0,0.0214743651674713,0.0046520234512001,0.0013555904696798057,-0.012117427150671392,-0.04287725125547402,0.013267342693043723,0.010663439017392898,0.010760452561577242,0.014472596785586178,0.01230515199983099,-0.19907184635168207,0.8986675193500244
2019-06-05,253.6791063094924,254.27213272229972,251.8730999920776,254.24517822265625,71169700.0,0.0086244793742069,0.0043996170711524,0.016713159989122907,-0.01246818153111689,-0.017412178999796427,0.013015742889389559,0.010626721338369808,0.010431478822424217,0.009435902568508656,0.0022314487046214857,-0.07849347225693015,0.8651541499189485
2019-06-06,254.54170637594171,256.5723426738006,253.89477096070465,255.89845275878903,69430400.0,0.0064816268351383,0.0047195099945697,0.020467709894176508,-0.002910451333082489,-0.009540723961367528,0.013079500214076738,0.010870921531693346,0.010558576085760392,0.010463415015720562,0.005330153561725136,-0.024438770993835846,0.8555224593066981
2019-06-07,256.91380361699646,259.53749394521816,256.74308263224987,258.4592590332031,74272200.0,0.0099573793653912,0.0044392513681153,0.0439917649799399,0.019340726569621713,0.0034473493622156712,0.008604045118098464,0.010408570390449732,0.010790123183481081,0.01081180578873867,0.006015462752287953,0.06973602341337504,0.9319484473486055
2019-06-10,260.0047883414486,261.3076536120134,259.55552823720706,259.6453857421875,60799100.0,0.0045787228243463,0.0045400719295531,0.051116573566554004,0.021653440905937307,0.0030154515626955713,0.0066157913008107125,0.010442403759609076,0.01078035824792871,0.006748147554395912,-0.0013822922322073567,-0.18140165499338923,0.7884303908105003
2019-06-11,261.46033152755564,261.8287280257867,258.9354924680753,259.5824279785156,58641300.0,-0.0002425053601395,0.0059021649771585,0.02939970303894321,0.03075529350862301,0.028224000562331375,0.00399053688520414,0.009697847940233949,0.008947313424959325,0.011145729625238049,-0.00718236505732457,-0.0354906569340665,0.7958739789179502
2019-06-12,259.3488670961745,259.9059451972257,258.61207399835774,259.1242370605469,47096300.0,-0.0017666672438318,0.0058651634005864,0.01900855642090451,0.03572171641002741,0.017454628735490973,0.00482287444158757,0.009256862966625612,0.00878905678275286,0.004993246535119176,-0.0008661307764430173,-0.19687489874883402,0.652427167788567
2019-06-13,260.0317238829631,260.55288092143763,259.3308792682955,260.1934509277344,48945200.0,0.0041177699228029,0.005836026849329,0.016644699508569106,0.037112409402745614,0.015732028000827673,0.0046054547364961585,0.009253201833603597,0.008746149020728239,0.004696511955950465,0.0006219512079382818,0.03925786102092954,0.689993555434366
2019-06-14,259.9059143066406,260.50790737500523,259.14216679214854,259.9059143066406,52324700.0,-0.0011056989091254,0.0059016130158514,0.005581621234052507,0.04957338621399241,0.005407239658033474,0.0030038444033025956,0.0073010243469444755,0.008524118150004706,0.005254749921717318,0.0,0.0690466072260405,0.7505570219333169
2019-06-17,260.13947220822826,260.768447108016,259.8339787319646,260.00469970703125,39205700.0,0.000380009174334,0.0062969034279679,0.0013829075840402073,0.05249948115059421,0.012273964465160976,0.002297849076325705,0.0070201216581721945,0.008374609318751822,0.003594044173449056,-0.0005180778605144825,-0.25072288995445746,0.5881696817857056
2019-06-18,261.819686538235,263.7784530378946,261.46025669701737,262.7271728515625,85434800.0,0.0104164215098363,0.0056785248472714,0.012041834454016007,0.041441537492959216,0.029324110342287775,0.005023564496569672,0.004652023451200156,0.008465348624954733,0.008823588042745018,0.0034660736376483253,1.1791423185914294,1.2603794188344217
2019-06-19,262.8621193786363,263.85049725511794,261.891729458514,263.32037353515625,78674400.0,0.0022553130001578,0.0060010592868939,0.016063814698005607,0.035072371118910116,0.022604189587793175,0.004480570595812739,0.004399617071152454,0.008283019212755807,0.007438724813833688,0.0017433251987893702,-0.07912934775992919,1.134023337924235
2019-06-20,265.9979055853094,266.240496147716,263.3832087300726,265.8361511230469,116570000.0,0.0095087046121943,0.0055306567190016,0.021454749387397005,0.038099448895966115,0.03518899756288357,0.005322345817312174,0.0047195099945696786,0.00842348528215049,0.01074830268784932,-0.0006081042702445601,0.48167637757644166,1.6027614189188957
2019-06-21,265.56720928498066,266.8222128563769,265.2331441808112,265.4498291015625,83309500.0,-0.0014542905476596,0.0058965530223389,0.021106157748862805,0.026687778982915314,0.04602850555253698,0.0054122344319799814,0.004439251368115289,0.007797120154932103,0.00598632397294814,-0.00044199803030728184,-0.28532641331388864,1.1577274497839132
2019-06-24,265.6574579000981,265.9734475035229,264.9712523643733,265.124755859375,47582700.0,-0.0012253631895566,0.0058466127928809,0.019500785384972207,0.020883692969012414,0.04253713387494968,0.0057350694637992,0.004540071929553143,0.007836937070297431,0.00378008887137332,-0.0020052214793210674,-0.4288442494553443,0.6647927411769768
2019-06-25,265.1788214889388,265.2059070885623,262.4159801112717,262.5243225097656,82028700.0,-0.0098567571140822,0.004430714798747,-0.0007723932389462947,0.011269441215069712,0.042024734723692676,0.007002762287427605,0.005902164977158504,0.007877146079459595,0.010627308550379345,-0.010010222401127568,0.7239185670422232,1.1365218844892786
2019-06-26,263.4182718416797,263.9238882568308,262.154230803802,262.2625732421875,51584900.0,-0.0009975450660159,0.0042460893839654,-0.004025251305119995,0.012038563392885613,0.04776027980291298,0.006872811773505897,0.005865163400586466,0.007639411213630184,0.006747655340796955,-0.004387313725096535,-0.3711359560739107,0.7421667873640194
2019-06-27,263.0209840306274,263.6981517889475,262.6417855162231,263.1925354003906,40355200.0,0.0035396482549073,0.0042693175788573,-0.009994307662406995,0.011460441724990012,0.04857285112773558,0.004855901192012995,0.005836026849329016,0.007643469019270704,0.004013663499678554,0.0006522345370863854,-0.21769354985664413,0.5900109470575442
2019-06-28,264.167557504222,265.04336195090093,263.65293111911507,264.5467834472656,59350900.0,0.005132272586512,0.0042840867413143,-0.0034077445282353954,0.017698413220627415,0.06727179943461978,0.005835217627215139,0.0059016130158514495,0.006664938225710756,0.005255897704244928,0.0014355507793101707,0.47071257235746566,0.8855464596732584
2019-07-01,267.8695161656501,268.0862285975048,265.7477182235052,266.9485778808594,78705600.0,0.0090379369507396,0.0039852784427004,0.006855555612060804,0.026356340997033014,0.07885582214762718,0.007233682748279137,0.006296903427967951,0.006627578333411735,0.008760152957410776,-0.003438010782164662,0.32610625955124517,1.1900629705668622
2019-07-02,266.9033307761512,267.6978784773819,266.0636495912675,267.6437072753906,61504500.0,0.0026005978971346,0.0047141511215023,0.019312910623277602,0.01854051738433131,0.059982054877290476,0.0036644964943715478,0.005678524847271425,0.005187056440314413,0.006105986584742881,0.002773950018107299,-0.2185498871744831,0.9411655428850106
2019-07-03,268.3208613302796,269.80161425412496,268.17639561424454,269.7835388183594,40898900.0,0.0079632838358314,0.0041081727891229,0.028273739525124904,0.024248488220004912,0.05932085933891498,0.0027771282614395968,0.006001059286893911,0.005151299828243549,0.006024157911927485,0.005451225375574953,-0.3350258924143762,0.6406895822481916
2019-07-05,268.5556853748782,269.63916472557844,267.2645588956779,269.47662353515625,51677300.0,-0.0011382829208169,0.0044690741662123,0.023595808349400706,0.013601500686993714,0.05170094958295978,0.004127492543175994,0.005530656719001641,0.005159380411154018,0.008811917704582405,0.003429226080216948,0.26353765015685027,0.8209509755616909
2019-07-08,268.1674925462859,269.2961055716428,267.4542013991323,267.9959411621094,45841800.0,-0.00550981097895,0.0041629800347894,0.012953724783938705,0.009545980255703315,0.03623375923861858,0.006122810038579371,0.005896553022338929,0.005155368563430362,0.00687288085231243,-0.0006397172996161826,-0.11292192123040479,0.7450731655386311
2019-07-09,266.840222998623,268.6279282653834,266.7860517816925,268.3299865722656,41101300.0,0.0012456807925092,0.0046838447491344,0.005161468625708305,0.012017024237769115,0.03290071720678148,0.0049511178754440615,0.005846612792880925,0.0051149270674330696,0.006864221577392913,0.005582979795554688,-0.10340998826398617,0.678892567988486
2019-07-10,269.3954061841779,270.5601425237143,268.8627041508156,269.6120910644531,58448500.0,0.0047667099232431,0.0046768662575764,0.007327580651816804,0.026640491275094415,0.037909932490164076,0.005210617788923603,0.004430714798746974,0.005140215664153996,0.00629585404051085,0.0008043376958220926,0.422059642882342,0.9655794711710136
2019-07-11,270.2530562724696,270.48778894864506,269.2418238255109,270.2440185546875,50826100.0,0.0023410970723259,0.004974087292282,0.0017053938883113033,0.029979133413436214,0.04201769680632178,0.0038995516088374126,0.004246089383965445,0.00506774087311067,0.004610518781499069,-3.344168575473645e-05,-0.13041224325688427,0.8370771791513085
2019-07-12,270.7317391031545,271.5262872021826,270.42475962017244,271.4540405273437,40326000.0,0.0044675219521745,0.0052260663333907,0.007311198761302704,0.030907007110703412,0.042367448835693385,0.004164733592400792,0.004269317578857342,0.005075664245055173,0.004057878747615023,0.0026679599022336473,-0.20658874082410417,0.6688940465759321
2019-07-15,271.88735320178154,271.88735320178154,271.03863413807807,271.54425048828125,33900000.0,0.0003322660982918,0.0052757233973189,0.013153275838544504,0.026107000622483216,0.043805413843110576,0.0019507306148908382,0.004284086741314337,0.005037632775674645,0.003125527652223656,-0.0012619296538064876,-0.15935128701086143,0.5710306547447594
2019-07-16,271.45387537678204,271.66154999805445,270.3613861822975,270.6683654785156,36650100.0,-0.003230783444885,0.0052247034418704,0.008676811601150303,0.013838280226858613,0.04019462122389158,0.0033034815688528776,0.0039852784427004155,0.005168915317831481,0.0048035307467807755,-0.002893714069014901,0.08112389380530982,0.6186865447100672
2019-07-17,270.6412948846412,270.8038084821164,268.82647705078125,268.82647705078125,36036300.0,-0.0068282231412663,0.005971657522702,-0.002918121463359097,0.004409459188457712,0.02294997657278898,0.004497482490654386,0.004714151121502351,0.0051309388051604095,0.0073554192021108595,-0.006705620569224242,-0.016747566855206397,0.6347924342376736
2019-07-18,268.32997368121545,270.1899255172124,267.88756624619475,269.8106994628906,51392600.0,0.0036544952721776,0.0063781156547847,-0.0016047232635073966,0.00010067062480391192,0.024349158844808778,0.004742680002693142,0.0041081727891229105,0.005156314579443738,0.008533239325204318,0.005518301818321367,0.42613420356695886,0.9275881608629761
2019-07-19,270.903180082799,270.93026568631416,268.1403383081677,268.3118896484375,58678600.0,-0.0055705287997573,0.0065530148599329,-0.011642774015439197,-0.004331575254136489,0.009269925432857177,0.004314170926815412,0.004469074166212311,0.00497957327200681,0.010398075843012465,-0.009565374734875735,0.14177138342874263,1.1174752987408583
2019-07-22,268.7092233807768,269.5128091364652,268.1945967466048,268.9710693359375,43638100.0,0.0024537536775195,0.0110663591981182,-0.009521286436211498,0.003631989402333011,0.013177969658036278,0.004725956193402135,0.004162980034789417,0.004977033714068241,0.004900944897586612,0.0009744583824339283,-0.25632002126840103,0.8636692042507279
2019-07-23,270.09045489623645,270.8940124511719,269.25978419676665,270.8940124511719,44564500.0,0.0071238215337874,0.012048926576197,0.000833318542460903,0.009510130143611212,0.021527154381380278,0.006075393289054815,0.004683844749134435,0.005157548229000287,0.006032721947665034,0.002975142365709054,0.021229155256530463,0.8846463940453587
2019-07-24,270.1357029970052,272.1672058105469,270.04540847226593,272.1672058105469,47213200.0,0.0046889582584699,0.0117811449166469,0.012350499942197102,0.009432378478838013,0.036072869753932375,0.004812359788703384,0.004676866257576451,0.004520973124591299,0.007795933135889655,0.0075203047616560865,0.05943520066420582,0.9707714982218465
2019-07-25,271.7157538258222,271.76992502848304,270.0634494826073,270.8670349121094,55394100.0,-0.0047885502805103,0.014010053014719,0.003907454389509203,0.002302731126001812,0.032281864539437974,0.005693492663592956,0.004974087292282048,0.0047197041455537036,0.006300048828124966,-0.003123554309099419,0.17327569408555243,1.1345395961673874
2019-07-26,271.5533631619197,272.88061333605407,271.4269452624631,272.6819763183594,45084100.0,0.0066781398324992,0.0137125272588929,0.016156123021765705,0.004513349006326512,0.03542035611702988,0.004849736412872545,0.005226066333390749,0.00483779438977915,0.005331001679017417,0.004156137649330805,-0.18612090457286967,0.9189279808811877
2019-07-29,272.56458990519246,272.68197007942166,271.63461378772524,272.18536376953125,38126500.0,-0.0018228755875261,0.013964725618725,0.011879493756720103,0.0023582073205086116,0.028465207942991778,0.005370319572211714,0.005275723397318951,0.004833437091945531,0.0038479522821926963,-0.0013913257616960486,-0.1543249172102803,0.7942953814660522
2019-07-30,270.7858728681932,271.92352363022513,270.4066467628394,271.5172119140625,45849000.0,-0.0024577856412444,0.0153397785730067,0.002297886581688303,0.0031312051241492115,0.016969485351007778,0.004945240744354736,0.005224703441870402,0.004555804890205869,0.005586669282188458,0.0027008020696310865,0.2025494078921486,0.989029301036562
2019-07-31,271.7609178303265,271.9505446149553,266.5332033083149,268.546630859375,104245200.0,-0.0110009623972318,0.0175014361714543,-0.013392034074013398,-0.001041534131816289,0.0033679250566413764,0.006364809687152739,0.0059716575227020076,0.005243747633797213,0.020172814268063444,-0.011827627742110903,1.2736635477327751,2.149624463419749
2019-08-01,268.70014633011544,271.65258755475,265.4136125645929,266.2081604003906,142646600.0,-0.0087460099601206,0.0175759241748447,-0.0173494937536237,-0.01344203936411449,-0.013341368739310624,0.006915092451926231,0.006378115654784686,0.0052675133273984405,0.023436452814870175,-0.00927422617278092,0.36837571418156423,2.6622114387491544
2019-08-02,265.31430025667504,265.55807069993347,262.6507630499362,264.2037353515625,116749700.0,-0.007558030302767,0.0183924312613046,-0.0315856638888899,-0.01542954086712419,-0.019761116121260726,0.004014674300329397,0.006553014859932953,0.005488695995818754,0.011004036888913292,-0.004185846386863193,-0.18154586229184577,2.0541644530458587
2019-08-05,260.11372490987765,260.22206736292844,254.36231674350023,256.2583923339844,178745400.0,-0.0305342498483825,0.0155818618593988,-0.060297038149746296,-0.04841754439302619,-0.04478555499069323,0.010792036972702862,0.011066359198118237,0.008564338781316844,0.02286657059719291,-0.014821719143151864,0.5310137841895954,2.8157397839771856
2019-08-06,258.14544932334616,260.068610669545,256.6737332676527,259.8518981933594,120711700.0,0.0139255658978826,0.0153890168851612,-0.04391368661061929,-0.04161580002893099,-0.03210566988531983,0.015773530921911246,0.012048926576196974,0.009275685068340304,0.013064662700159022,0.006610416238156366,-0.3246724111501611,1.7893469761151262
2019-08-07,256.78201534695285,260.7728029003708,254.65120730275837,260.0053405761719,140572300.0,0.0005903250962965,0.0155604514105861,-0.03232239911709099,-0.04571443319110439,-0.03628205471226642,0.016211718743259475,0.011781144916646911,0.009171106297591219,0.023544114840283493,0.012552768638659565,0.1645292047084086,1.9641917096313473
2019-08-08,261.4951276540409,265.106689453125,260.9443777056149,265.106689453125,87713900.0,0.0194301751916501,0.0142349056610932,-0.004146213965320295,-0.02149570771894399,-0.019192976592942224,0.01973466236780826,0.014010053014718974,0.010304639867991823,0.015700515728578265,0.013811201116764961,-0.37602287221593444,1.1948186325935326
2019-08-09,264.1675479475779,264.7634586627928,261.5220868217728,263.30078125,93730000.0,-0.0068353130282031,0.0163328018729923,-0.0034234966907563972,-0.035009160579646294,-0.030495811573319827,0.019675615805816903,0.01371252725889286,0.010301272268180674,0.012310528763461455,-0.003281124817609605,0.0685877608908052,1.2319587151221323
2019-08-12,261.80209060429195,263.29185424173795,259.1475906449031,260.0956420898437,65527600.0,-0.0122476160801329,0.0164213554561069,0.014863137077493201,-0.04543390107225309,-0.043075693751744526,0.013456825520500594,0.013964725618724992,0.010562659284312279,0.015933614125696494,-0.006518085896523698,-0.3008897898218287,0.8437376772028292
2019-08-13,259.79763351897674,265.58516336808646,259.4545308129541,264.1405334472656,94299800.0,0.0154318676107518,0.0155128072502593,0.0163694387903624,-0.02754424782025689,-0.024413042696107726,0.013776398551788402,0.015339778573006722,0.011263602689021539,0.023209737919138097,0.01671647223827257,0.4390852098962881,1.1707576643198492
2019-08-14,260.0955074489988,260.7004282688296,256.20405407445605,256.3304443359375,135622100.0,-0.0300138748731837,0.0121211965290968,-0.014234761179117799,-0.046557160296208794,-0.047598694428025126,0.020449369486072556,0.017501436171454266,0.01293960112039619,0.01754131939349657,-0.014475694524633617,0.4382013535553628,1.5857550840248933
2019-08-15,257.215365095548,257.9015704661981,254.96717731036955,257.0076904296875,99556600.0,0.0026385979953974,0.0126108243078721,-0.031026338375370496,-0.03517255234069079,-0.048614591704805324,0.01695682968219198,0.01757592417484466,0.012916639592447644,0.011417530545185588,-0.0008073960347717322,-0.2659264234958757,1.1321812120416064
2019-08-16,258.6600201444486,261.23323542718947,257.06188669690755,260.79986572265625,83018300.0,0.0146473068868152,0.0119122376634917,-0.009543718460352197,-0.012967215151108588,-0.028396756018232824,0.019314946340289123,0.018392431261304652,0.01343858336735067,0.01599444355051118,0.008272811457343347,-0.1661195741919672,0.9312158712405609
2019-08-19,263.815534727368,264.6190928142968,263.1383669618993,263.9419250488281,53571800.0,0.0119757828860735,0.0114525607387549,0.014679680505854201,0.02954281758334741,-0.018874726809678822,0.01911021842536301,0.015581861859398837,0.013748147102215226,0.005610044149384589,0.00047908597039494124,-0.35469890373568236,0.597585287737074
2019-08-20,263.4362519312439,263.9689538188934,261.79301278192634,261.9194030761719,51596400.0,-0.0076922634822047,0.0117063356402295,-0.0084444505871023,0.007924988203260111,-0.03369081182567092,0.0181015678008247,0.015389016885161226,0.013689605614838616,0.008307674083749531,-0.005757935151111593,-0.03687387767444816,0.5733015188050185
2019-08-21,264.07731753557846,264.42039264271136,263.3911122132719,264.0502319335937,49524700.0,0.0081025229334198,0.0120924087310244,0.0296719472195012,0.01543718604038341,-0.030277247150721023,0.008855253795898644,0.015560451410586151,0.013794131550783061,0.0038980478142442744,-0.00010256693849185455,-0.04015202611034874,0.5495765432985157
2019-08-22,264.75450123640525,265.38650783914835,262.1993065597355,263.9689636230469,51666400.0,-0.0003078233210931,0.0120761089094468,0.0267255259030107,-0.004300812472359789,-0.025796520191303823,0.009219934630674949,0.014234905661093191,0.013774519464397362,0.01207415158080578,-0.00296704157885855,0.04324508780467129,0.5745313426349696
2019-08-23,262.66887506036954,264.33019001252563,255.9423308719856,257.1883239746094,149161500.0,-0.0260229395456987,0.0071719233567148,-0.013944720529503199,-0.02348843898985539,-0.05849759956950172,0.015055217224998215,0.01633280187299234,0.014689381662548275,0.03261368560949179,-0.020864866781420396,1.8870116748989672,1.5679461462797262
2019-08-26,259.3732289407894,260.0323486328125,257.8473424684489,260.0323486328125,72423800.0,0.010997446439036,0.0069307119038998,-0.0149230569765407,-0.0002433764706864898,-0.045677277542939626,0.014819870406288984,0.01642135545610688,0.015016095689357712,0.008402824401855469,0.002541201706570849,-0.5144605008665104,0.7478194390636578
2019-08-27,261.42284451272855,261.7930328129497,258.253690992949,259.0121154785156,66668900.0,-0.0039312025799702,0.0064872393720387,-0.0111619960743062,-0.01960644666140849,-0.04715069448166542,0.014615224650294937,0.015512807250259301,0.015020607587113575,0.01366477322291251,-0.009221569900313526,-0.0794614477561244,0.6810758069698998
2019-08-28,258.3530501478796,260.9985121802663,257.5494645347921,260.83599853515625,59696700.0,0.0070170132053408,0.0064348009897717,-0.0122475058023852,0.01742444141711601,-0.029132718879092825,0.014430215819144582,0.012121196529096784,0.015015247212389771,0.01322305074776449,0.009610679594668606,-0.10457949658686438,0.6240494349740608
2019-08-29,263.39119104890403,264.69135544136327,262.3889683674536,264.16766357421875,57899400.0,0.0126921391385837,0.0058350876418525,0.0007524566572915999,0.02747798256030231,-0.007694569780388523,0.015998493652030123,0.01261082430787213,0.015231146204033411,0.008715627956723159,0.0029479821334288587,-0.030107191854826132,0.6333143191226264
2019-08-30,265.6483375587326,265.6663854420489,263.1202561934248,264.0502319335937,62901200.0,-0.0004446333361984,0.0060579777687856,0.0263307628667919,0.012386042337288709,-0.0005811728138199246,0.007215658949734547,0.011912237663491735,0.015137589650207976,0.009642594251780356,-0.006015869099069959,0.08638776913059543,0.7089022733746626
2019-09-03,262.35281071811187,263.26471107882736,261.1790369315544,262.5062866210937,69101400.0,-0.0058643267448954,0.0052869918235143,0.009468989682860501,-0.00545406729368019,0.02408875028966717,0.007785224752914793,0.01145256073875492,0.013429815995677042,0.007945235042250557,0.0005849981273756152,0.0985704565254717,0.8300645449197265
2019-09-04,264.6732137573608,265.5038572084943,263.92379955368773,265.4858093261719,46887300.0,0.0112863596102662,0.0045545094203169,0.0246865518730969,0.01352455579879071,0.02144954400205077,0.007912231698251693,0.01170633564022948,0.013310678283923608,0.005951571041845576,0.0030701843880431173,-0.3214710555791923,0.5893547651774975
2019-09-05,267.9687365404941,269.81061234095563,265.4496656715476,268.8987121582031,83258100.0,0.0127733835790599,0.0027483168426118,0.030442922246816002,0.01819541644443081,0.03363260248481417,0.008672735456772407,0.012092408731024415,0.013563818676950038,0.016217804222291334,0.0034704631208667125,0.7757068545213737,1.0856264716875625
2019-09-06,269.2148152948554,269.74751727016104,268.5376475637681,269.1064453125,49584300.0,0.0007722348447249,0.0033126980537273,0.018523017952957202,0.019275474610248807,0.01497466213788897,0.008017249779738847,0.012076108909446829,0.012904459807995934,0.004495877848588885,-0.0004025409308796507,-0.40445073812638055,0.66302631088945
2019-09-09,270.09057074583126,270.1808377169626,268.3028383422982,269.2418518066406,51260300.0,0.0005030442103027,0.0033217700213007,0.0194706954994583,0.04580145836625021,0.022313019376394773,0.007905051754532355,0.0071719233567147786,0.012781208675020755,0.006975139125150438,-0.0031423493861595033,0.03380102169436694,0.7054687823633287
2019-09-10,268.48343727792104,269.24188935174453,267.2284341315708,269.1786804199219,57947100.0,-0.000234654450295,0.0042500537323267,0.025100367794058703,0.03456935747691921,0.03432598100623267,0.006431174299352516,0.006930711903899826,0.012396641023916964,0.00747999513569472,0.0025895196703741236,0.13044792948929285,0.8016775336647054
2019-09-11,269.4855997010253,271.1739997195606,268.8355177498976,271.0927429199219,68821100.0,0.0070855885592099,0.0040316219642753,0.020899596743002402,0.04558614861609931,0.025979701954690772,0.005632733069482076,0.006487239372038722,0.012046154431220124,0.00862613268240003,0.005963744336170748,0.1876539119300189,0.9691970115635664
2019-09-12,271.99558445227234,273.0880735244922,271.2371602369617,272.0317077636719,72908700.0,0.0034576450315794,0.0038146194382908,0.011583858195521903,0.04202678044233791,0.05945122185945387,0.0030094926108892466,0.006434800989771724,0.00952899833458565,0.006804035098505772,0.00013280844787343977,0.05939457521021896,1.0741977260371254
2019-09-13,272.4741621192971,272.82630246980784,271.48097753915954,271.8511657714844,62104800.0,-0.0006639002903156,0.0040583676251091,0.010147723060481402,0.02867074101343861,0.05614872357374087,0.0032524797277004103,0.005835087641852502,0.009563641046460765,0.004948755422219417,-0.0022864419252345484,-0.1481839615848315,0.9409802498814017
2019-09-16,270.72260415700487,271.89637799232213,270.3704912942259,271.01153564453125,58191200.0,-0.0030933449444317,0.0044279724950178,0.006551333905747003,0.02602202940520531,0.03840807174249397,0.003988780780440866,0.00605797776878565,0.009224399893056292,0.005630338555394965,0.0010672602992501448,-0.06301606317064057,0.8985842918073395
2019-09-17,270.8129115165538,271.7880208906066,270.6413601598369,271.69775390625,41475500.0,0.0025288626549666,0.0055043038870492,0.009314851011008603,0.03441521880506731,0.02896115151138707,0.003911913770514366,0.005286991823514375,0.008919224856726731,0.0042203541040879665,0.003267356732517171,-0.2872547739177058,0.6464996538014657
2019-09-18,271.3093912614671,271.9685108419909,269.27788888143056,271.86016845703125,73375800.0,0.0005975979704558,0.0072859145456043,0.002826860422254502,0.023726457165256908,0.03725101296404757,0.002603790381238581,0.0045545094203169705,0.008660985088033743,0.009897080458057667,0.0020300705147111575,0.769135995949416,1.124655537283668
2019-09-19,272.2484746882701,273.2416593963996,271.5080981282079,271.8421630859375,76560500.0,-6.623245866622447e-05,0.0081841330192923,-0.0006970170679911228,0.010886841127530784,0.029082257571961548,0.0020413865620372527,0.002748316842611852,0.008543039989950539,0.006377087529441347,-0.0014924293067127088,0.04340259322555928,1.1496485456049805
2019-09-20,272.44459544843204,272.7258095845009,269.7687843978268,270.55792236328125,89565000.0,-0.0047354089976593,0.0096742831621116,-0.004768525775334822,0.005379197285146586,0.024654671895395344,0.0029241139729371144,0.0033126980537273036,0.008647825097027233,0.010929360932568384,-0.0069249789376273265,0.16985913101403471,1.3077162192291008
2019-09-23,269.89569132762455,271.21093939721106,269.64171563544,270.4943542480469,43476800.0,-0.0002349795695344,0.0097093828675165,-0.0019101604004375225,0.004641173505309485,0.05044263187155965,0.0026695611822305314,0.0033217700213007536,0.005835211712538179,0.005801317983635516,0.0022181270011295395,-0.5145782392675711,0.6878653317489749
2019-09-24,271.5827953011382,271.9728243964235,267.41031441968806,268.3717956542969,94869400.0,-0.0078779102066392,0.010531471165481,-0.012316933262043323,-0.0030020822510347153,0.03156727522588444,0.003693268338261783,0.004250053732326733,0.0059181263578596275,0.017000705925941034,-0.011823280790968008,1.1820695175357891,1.4747835981947117
2019-09-25,268.4534446997761,270.4036179808236,266.97493260928337,269.95916748046875,71854000.0,0.0058973996872438,0.0109003049654513,-0.007017131545255324,-0.004190271123000816,0.04139587749309844,0.005231550099685574,0.004031621964275377,0.005844155204803294,0.012700755464391752,0.005608878598583607,-0.24260088078980158,1.1125161081351909
2019-09-26,269.9681805505696,270.1767865637136,267.9907970655747,269.396728515625,56179700.0,-0.0020855956999431,0.0112582005129934,-0.0090364947865322,-0.009733511854523317,0.03229326858781455,0.005180206749889416,0.003814619438290816,0.005792818875966844,0.008114387692024655,-0.002116738475546324,-0.2181409524869875,0.8722055273719987
2019-09-27,270.14955226807103,270.25842267385457,266.3943398657859,267.9454040527344,84746600.0,-0.0054018767712192,0.0117059422797346,-0.0097029625600921,-0.014471488335426917,0.014199252678011646,0.0052819620710399685,0.004058367625109149,0.005369161248704458,0.014421157256752774,-0.008158992664735083,0.5084915013786118,1.2888542409340105
2019-09-30,268.4625344992536,269.8956770404428,268.41719257426433,269.18817138671875,51662400.0,0.00462741339741,0.0116103899232711,-0.004840569593147699,-0.006750729993585215,0.01927129941162005,0.006064188039699521,0.004427972495017776,0.005431181918011463,0.005492382739412716,0.002702935397740479,-0.39038970294973485,0.7924714111502267
2019-10-01,270.06797514180766,270.7210593029976,265.7685205613803,265.9862060546875,88242400.0,-0.0119662064343418,0.0112128475528118,-0.008928865820850299,-0.02124579908289362,0.013169419722173645,0.0073649071168043825,0.005504303887049205,0.0059787088908199604,0.018619532249725297,-0.015113858223941228,0.7080584719254235,1.3340035420277543
2019-10-02,264.4079467960568,264.4170262525811,259.99964920337914,261.28765869140625,122539500.0,-0.0178225095080584,0.0089964012612197,-0.0326487750161525,-0.039665906561407824,-0.015939449396150954,0.008697505050424421,0.0072859145456043335,0.0067488110078470906,0.016906183289808908,-0.01180103753484123,0.38866916584317734,1.7522875353418992
2019-10-03,261.0608737824399,263.4555248952082,258.3487738908161,263.4283142089844,85278800.0,0.0081593376388884,0.0088479396486926,-0.022403841677321002,-0.0314403364638532,-0.020553495336322454,0.010927185540213095,0.008184133019292357,0.006326132130200381,0.019385733153729174,0.009068537894029376,-0.3040709322300156,1.2177085124920046
2019-10-04,264.081418140647,267.2470481606347,264.02696908285304,266.9930725097656,65091200.0,0.0134414337767001,0.0082899814829401,-0.0035605311294017,-0.013263493689493797,-0.007884296404347256,0.013481064058882284,0.009674283162111632,0.007102516248714279,0.012060534183574575,0.011025593506802264,-0.23672471939098583,0.9192693320513606
2019-10-07,266.19483104942367,267.81847578384463,265.55987813972894,265.841064453125,59610500.0,-0.0043240842570584,0.008206387736182,-0.012512028783870102,-0.017352598377017796,-0.012711424871708354,0.013185848532398004,0.009709382867516507,0.007152264072020919,0.008496044991250583,-0.001328976204774564,-0.08420032200973404,0.8369316694056375
2019-10-08,263.99065687623875,264.7253730021432,261.67763808472165,261.71392822265625,95708100.0,-0.0156465979339251,0.0057639657189848,-0.0161924202834534,-0.025121286104303694,-0.028123368355338452,0.013928061732384703,0.010531471165481037,0.00789815612621846,0.011645291246511985,-0.008624277391187547,0.6055577456991637,1.3090417449130183
2019-10-09,263.72755776070306,265.13348895657083,263.1016844718949,264.19921875,62359400.0,0.0094514048273686,0.0053804865828529,0.0110814940519736,-0.021567280964178894,-0.025757552087179753,0.011995101243558392,0.01090030496545127,0.008048319993295219,0.007690425786605188,0.0017884402877794978,-0.3484417724309645,0.8567026672545678
2019-10-10,264.1176650870851,266.8660551651619,263.9544009671046,265.9862060546875,55296300.0,0.0067410154560847,0.0052166908854178,0.009663171869169901,-0.01274066980815109,-0.022474181662674453,0.011835126087380927,0.011258200512993364,0.00818258018821771,0.01094663607276936,0.007074653514698955,-0.11326439959332513,0.7689718429698928
2019-10-11,268.7346034051052,270.9750422719158,268.6167088805522,268.7436828613281,98720400.0,0.0103136230335268,0.0044882112748321,0.006535361125996602,0.002974829996594908,-0.011496658338832053,0.011136793807311468,0.011705942279734597,0.00857386970638792,0.008775400285708305,3.3785958741040716e-05,0.7852984738581061,1.3387600449822636
2019-10-14,268.42614651152667,269.0973894531063,268.0996183355658,268.4443054199219,40394800.0,-0.0011146097043552,0.0045109183655201,0.009744835678699803,-0.002767193105170292,-0.009517923098755552,0.010819047784875203,0.01161038992327107,0.008554673329117328,0.0037168645316565307,6.764955139877868e-05,-0.5908160825928582,0.5544900913660613
2019-10-15,269.4874853651235,271.8458464973218,269.3695631563232,271.10205078125,46754500.0,0.0098518573141167,0.0037365683771265,0.0352432909267416,0.01905087064328821,-0.0021949284396054515,0.004770343250989395,0.011212847552811813,0.008841942163596385,0.009134137251498428,0.0059912445059886075,0.15743858120352128,0.639471304555244
2019-10-16,270.6394458056109,271.35603084525394,270.2312854776649,270.6666564941406,48928200.0,-0.0016073072327616,0.0036030741701162,0.024184578866611402,0.035266072918585016,-0.004399833642822851,0.0058249082039342395,0.008996401261219651,0.008846403239402188,0.0041554633369233,0.00010054221197782551,0.04649178153974476,0.6805799121389502
2019-10-17,271.82763155922663,272.3355827530061,270.77543903460804,271.4648132324219,45736600.0,0.0029445157107868,0.0038516468115169,0.0203880791213135,0.03005125099048341,-0.0013890854733698272,0.005761751527717518,0.008847939648692562,0.008874728728610611,0.005747130539022462,-0.0013347367400569229,-0.06523027620063682,0.6501226071143824
2019-10-18,270.929634312639,271.5736388782995,269.4239120539197,270.27655029296875,64304000.0,-0.0043868344751409,0.0040028120016661,0.0056876216126458025,0.012222982738642411,-0.0010405109508514272,0.0055301348408712345,0.008289981482940125,0.008865420562440609,0.007953804434937406,-0.0024105300305267453,0.40596371396212216,0.9307592902236694
2019-10-21,271.5919140803774,272.30847154115486,271.15651532040795,272.1089172363281,39048600.0,0.0067567220148171,0.0037820259370219,0.013558953331818103,0.02330378901051791,0.005951190633500073,0.005840403835698901,0.00820638773618201,0.008994733341682421,0.004233437964645717,0.001903602902543325,-0.39275006220452846,0.5670206909710661
2019-10-22,272.6440029315517,272.9342686902184,271.1292286758053,271.2199401855469,48594700.0,-0.0032723380395355,0.003468172886114,0.0004347579781659029,0.035678048904907514,0.010556762800603775,0.004658905766229625,0.005763965718984769,0.008831893843365341,0.006655262932283887,-0.005223158150162401,0.24446715119107987,0.7301705336994301
2019-10-23,270.965950615548,272.0634850874928,270.75731692201106,272.0090637207031,34352200.0,0.0029053091221293,0.003548429776455,0.0049473743330568035,0.02913195319966821,0.0075646722354892745,0.004685656214734189,0.005380486582852863,0.008761209887347432,0.004801928831396905,0.0038496095276379966,-0.2930875177745721,0.5311310612223473
2019-10-24,272.94334172458434,273.0884746005034,271.62809406743776,272.4535217285156,35453100.0,0.0016326488483044,0.003554226435857,0.003635507470574403,0.02402358659188791,0.011282916783736774,0.0045844515971396535,0.005216690885417756,0.008745612465974807,0.00536010885012827,-0.001794584887009168,0.032047438009792595,0.5570785489851962
2019-10-25,271.8820987429654,274.1134858073228,271.82767736883653,273.5692443847656,45205400.0,0.0040867314637202,0.0035139408353613,0.012109073409435504,0.01779669502208131,0.020771525018676174,0.0037028129265816957,0.004488211274832086,0.00866190239854888,0.008355502255477711,0.006205431139455873,0.2750760864353188,0.733091587959955
2019-10-28,274.7846473563298,275.61007494387354,274.7574366745982,275.1111755371094,42147000.0,0.0056205220945533,0.0035550105848985,0.010972873489171702,0.02453182682098981,0.02176463371581947,0.003392101551842012,0.004510918365520134,0.008686370668689353,0.003099249849122719,0.0011883057657007567,-0.06765563406141739,0.6888083233579761
2019-10-29,274.8390967416614,275.9547901689378,274.7120950931229,275.0295715332031,44284900.0,-0.0002966659166379,0.0034893108378902,0.013948545612069301,0.01438330359023521,0.03343417423352337,0.002267908273972813,0.0037365683771265275,0.008137949924260274,0.004518405307790163,0.000693041105868364,0.050724843998386504,0.750713548185205
2019-10-30,275.22916703094626,276.24506964645207,273.92299861636155,275.8731994628906,49643900.0,0.0030627131811762,0.00349467139939,0.014105949671116202,0.01905332400417301,0.05431939692275798,0.0022710044256464466,0.0036030741701162192,0.006721525020888528,0.00841716786774305,0.0023399861246244796,0.12101190247691651,0.8969795808630239
2019-10-31,275.864092158819,275.864092158819,273.68715424802167,275.138427734375,69053800.0,-0.0026669933183805,0.00316023594976,0.009806307504431303,0.01344181497500571,0.043493065965489075,0.003377868608833057,0.0038516468115169025,0.006695971455504825,0.007912155087616482,-0.002630514246218858,0.39098257791994584,1.2662434229563075
2019-11-01,276.5806723698209,277.73262829214644,276.41738057633785,277.6872863769531,71141500.0,0.0092212668067061,0.0026791158206961,0.014940842847417202,0.02704991625685271,0.039272898995495076,0.004705245721375976,0.0040028120016661626,0.006381340273555883,0.004736434760730031,0.004001053282756372,0.030232948802238147,1.2973291066169956
2019-11-04,279.2383466387265,279.37440006354313,278.4310501827038,278.8029479980469,60606900.0,0.0040096413087096,0.0025811949789155,0.0133299620615735,0.024302835550745208,0.04760662456126308,0.004531900354401619,0.003782025937021914,0.006219183325482595,0.003383572116482533,-0.001559236565896687,-0.14807953163765175,1.1042180243434134
2019-11-05,279.0025497152499,279.3018949820409,278.2043325788355,278.4945983886719,42933200.0,-0.0011065889051179,0.0025010680246839,0.012520039073093502,0.026468584685162812,0.062146633590070284,0.0046764386466085954,0.0034681728861140565,0.0046538293647003905,0.003941054546679712,-0.0018205974357455414,-0.2916120111736452,0.821719963474179
2019-11-06,278.494543609944,278.83015127599856,277.61469457781413,278.5580444335937,46487100.0,0.0002277919188203,0.0030015222400946,0.009685117810737602,0.02379106748185381,0.05292302068152197,0.004762823875257498,0.0035484297764550236,0.004444364620580948,0.0043633875325908315,0.00022801460605500616,0.08277743098581047,0.9034628847256952
2019-11-07,279.89145582645773,280.87106825413883,279.06602806695554,279.5376892089844,54272300.0,0.0035106728917596,0.002998067331101,0.0158627840208777,0.02566909152530901,0.04969267811719688,0.0040120024265481065,0.0035542264358570026,0.0043453113781371615,0.006457233700010426,-0.0012639421822604755,0.16747011536533796,1.0558165155426744
2019-11-08,279.19298934454866,280.2814721535745,278.4945632788722,280.22705078125,49032100.0,0.0024630416013085,0.002983001248842,0.009104558815480102,0.024045401662897307,0.041842096684978576,0.0021889752982573573,0.0035139408353613666,0.003936193074744678,0.006376646614666751,0.003703751441355905,-0.09655385896672886,1.0023173123428772
2019-11-11,278.8483355617648,279.864238107545,278.7122544469131,279.69189453125,35797300.0,-0.0019115495820823,0.0035621742140551,0.003183367924688202,0.01651332998626171,0.04104515680725147,0.0023073297218805075,0.0035550105848985722,0.0039742141057371935,0.0041187595463307285,0.0030251533249633644,-0.2699211332983903,0.7352256003503059
2019-11-12,280.0547596706156,281.17950515104246,279.5105181641509,280.2815246582031,46484600.0,0.0021059226193973,0.0035649320558947,0.006395879449203402,0.01891591852229691,0.03329922211253208,0.0021418896061007734,0.003489310837890199,0.003526309612263891,0.005954680705147702,0.0008097165991901329,0.2985504493355644,0.9549922270750073
2019-11-13,279.2928193961337,280.7713314741296,279.0660544192944,280.3722229003906,53917700.0,0.000323544588344,0.0036347571440984,0.006491632118727102,0.016176749929464707,0.035230073933637675,0.0021305371126800147,0.0034946713993900323,0.0034577721676644015,0.006082189730475064,0.0038647735612777605,0.1599045705459443,1.1020515241284872
2019-11-14,280.09104877139123,280.8620552625586,279.4560957360127,280.7803955078125,51219900.0,0.0014547653027648,0.0040694109046588,0.004435724529732302,0.02029850855061001,0.03374032352561568,0.0017636183387757345,0.0031602359497599954,0.003446975654632036,0.005007327965341541,0.002461152326877508,-0.05003551709364462,1.0410758265257776
2019-11-15,282.11374103249324,282.8575367436404,281.4243943784293,282.81219482421875,62023600.0,0.0072102016723305,0.0046320251314896,0.009182884600754301,0.01828744341623441,0.04533735967308707,0.0033701590952040067,0.0026791158206961206,0.003345385950723013,0.00506747018494681,0.0024757879186220358,0.21092778392773126,1.2635960606287178
2019-11-18,282.57633203669667,283.2566268714091,282.1228021468884,283.0207824707031,49228000.0,0.0007372764200847,0.0050721757527169,0.0118317106029213,0.015015078527609508,0.03931791407835467,0.0027923396454719233,0.002581194978915564,0.0031872254135054227,0.004006153592759835,0.0015728508852918973,-0.20630211725859193,0.9926208756066263
2019-11-19,283.619442778009,283.62852223373176,282.2951432620522,282.93914794921875,67804700.0,-0.0002884816315174,0.0055315656774531,0.009437306352006602,0.015833185801210008,0.04230177048637277,0.003042296800012372,0.0025010680246839293,0.0029930416263102247,0.0047125997987343795,-0.002398618451989238,0.37736044527504675,1.3412209328316433
2019-11-20,282.3496028123388,282.86663359563494,280.3359287395858,281.8869934082031,79406200.0,-0.0037255915793192,0.0054093246026105,0.005388170184343401,0.011879802303070508,0.03567086978492427,0.003962439445655446,0.003001522240094582,0.0032565587151073628,0.008977728363594187,-0.001638427678055321,0.17110170828865856,1.503701392008205
2019-11-21,281.99581092576324,282.1046536636578,280.635221339549,281.43341064453125,54664700.0,-0.0016103903158267,0.0059942599332753,0.0023230145657519006,0.006758739095484209,0.03242783062079317,0.004123345625146992,0.0029980673311009996,0.003344032162425916,0.005221243351113033,-0.0019943568643295976,-0.31158146341217685,1.016682122030794
2019-11-22,282.1772178522817,282.31327128023827,281.0524726061508,282.0592956542969,44850200.0,0.002221449399987,0.0061579639961857,-0.0026657377065915995,0.006517146894162708,0.030562548557059976,0.00227012079464787,0.002983001248841976,0.0032973408390381876,0.004469977389551335,-0.0004179012001122228,-0.17953999564618484,0.8344226360642367
2019-11-25,282.984501675249,284.24530029296875,282.984501675249,284.24530029296875,48647200.0,0.0077202816716034,0.0056924540421309,0.004317267544927101,0.01614897814784841,0.03266230813411007,0.004397909672549728,0.00356217421405511,0.00346373168192676,0.004435600576052574,0.004455362785791755,0.08465960018015517,0.8996247618353698
2019-11-26,284.2816591210013,285.0707968398084,283.9641826057425,284.8893737792969,37569000.0,0.0022633439522165,0.0057198999595682,0.006869093128661002,0.01630639948066761,0.03522231800296447,0.004378835857702094,0.003564932055894769,0.003435853955450413,0.003884364725106169,0.00213772024609186,-0.22772533671002648,0.6990986746265924
2019-11-27,285.3700145636202,286.1591796875,285.1523291122122,286.1591796875,44444600.0,0.0044472855885272,0.0061979745257366,0.015041970296507402,0.020430140480850807,0.03660689041031547,0.0034197896268140316,0.0036347571440984382,0.00347716048503984,0.003518498258162873,0.0027654101118036764,0.18301259016742533,0.8310628256988741
2019-11-29,285.59689438156045,285.84181829420453,284.87125746405906,285.0980224609375,36592700.0,-0.0037151687300267,0.0060178260995917,0.012937191882307401,0.015260206448059307,0.03555871499866928,0.004176330728348549,0.004069410904658784,0.003555529361178329,0.00340430572533506,-0.0017467694167445954,-0.17666713166503922,0.7056575229468814
2019-12-02,285.351926627072,285.4154274537873,282.2497977488334,282.6761169433594,75767800.0,-0.0085312804472304,0.005239385753482,0.00218446203509,-0.00048127567150159367,0.017806167744732773,0.006521784148646839,0.00463202513148961,0.0038065947374247753,0.011198787287672488,-0.009377226624474945,1.0705714527761003,1.4546256692345898
2019-12-03,279.9640470918064,280.8620552625586,278.58532593769104,280.7803955078125,73941700.0,-0.0067289260008296,0.0042477296882559,-0.012264745637343,-0.007947478092415892,0.007067600435193572,0.005627609344311203,0.005072175752716916,0.004090230721822303,0.00810857652917661,0.0029159044687563865,-0.024101267292966133,1.401625992835077
2019-12-04,281.82347080730165,283.1114801298138,281.4787836789131,282.5128173828125,49080000.0,0.006151067677097,0.0042116453950377,-0.0083770219124625,-0.0015079287838014929,0.014325257017408473,0.006622740243590205,0.005531565677453059,0.004271803229040494,0.005779194254002154,0.002446022588310958,-0.3362338166420301,0.9249632078357274
2019-12-05,283.2112849549353,283.2294161852713,281.71461417355385,283.0207824707031,40709000.0,0.0017964104153185,0.0042268606123053,-0.0110278970856712,0.004014073210836207,0.015893875513906672,0.006095151577454091,0.005409324602610523,0.004276759966655294,0.005352264234780194,-0.0006726514597131837,-0.17055827220863895,0.7714031497177564
2019-12-06,284.9256011908763,286.00500449632267,284.9165217354681,285.6058959960937,48927000.0,0.0090925432572033,0.0036744325796197,0.001779814901558801,0.014717006783866208,0.021475745879350375,0.007764739367966227,0.005994259933275343,0.004630804977512613,0.003811135470639752,0.0023876226017389202,0.20187182195583286,0.9318470100218263
2019-12-09,285.21589807283027,285.88711349587976,284.63536648869166,284.7079467773437,34838500.0,-0.0031489677907461,0.0031607304634128,0.007162127558043102,0.009346589593133107,0.015863736487295773,0.006493694939571478,0.006157963996185707,0.004711518028694429,0.004396600169952514,-0.001780936122140259,-0.28794939399513564,0.6726134900721527
2019-12-10,284.6535580640139,285.3156941066412,283.73741866322825,284.3905029296875,52649800.0,-0.0011156026896332,0.0030204822550059,0.012775450869239502,0.0005107052318965067,0.016659683379744872,0.005056065796605269,0.005692454042130923,0.004690785156852172,0.005549677036167325,-0.0009241238230623156,0.5112533547655611,1.0002176170242434
2019-12-11,284.84389585880245,285.45163790821,284.30873407145583,285.1976623535156,53429100.0,0.0028341879741382,0.0031129461770531,0.009458571166280702,0.001081549253818207,0.01738794873448577,0.004669092752984245,0.005719899959568194,0.004703994764906128,0.00400740955350986,0.0012419662132711906,0.014801575694494584,1.008370769626523
2019-12-12,285.2068717296136,288.43600314424464,284.97105495075266,287.65594482421875,96389600.0,0.0085826379723647,0.0026182507662219,0.016244798723326903,0.005216901637655707,0.02564704211850647,0.005539641444117351,0.006197974525736566,0.005006360487416213,0.012045460056837496,0.008587005915225406,0.8040655747523353,1.7490666026240826
2019-12-13,287.4199981041912,289.0527221467865,286.64899183529326,287.82818603515625,81503900.0,0.0005985958842108,0.0035917048371534,0.007750851350334402,0.009530666251893208,0.024790872699952473,0.004505497787350909,0.006017826099591671,0.005008468650437604,0.008351267972065929,0.0014201792973955046,-0.15443263588602918,1.4394040340061034
2019-12-16,289.55159690245364,290.3951557751756,287.76468819631657,289.8055725097656,82749700.0,0.0068465326671762,0.0031253593702663,0.0177463518082567,0.024908479366299807,0.024427203694798172,0.004098340868368661,0.005239385753482034,0.004986261979715904,0.009076663212783512,0.0008771341965609928,0.015285158133537147,1.4351400207458698
2019-12-17,290.1865865771561,290.4859041346796,289.78747804627915,289.8691101074219,61097700.0,0.0002192181229092,0.0039993960150145,0.019081172620799104,0.03185662349003861,0.02390914539762267,0.0037469137133511183,0.004247729688255913,0.004990253102313132,0.0024094533154691657,-0.0010940425382129752,-0.2616565377276292,1.0488307457338577
2019-12-18,290.2591659445252,290.48593091791935,289.83284668729334,289.88726806640625,48133000.0,6.263996283236533e-05,0.0050397149538304,0.01630962460949327,0.025768195775773974,0.024260266991972437,0.004115404309719086,0.004211645395037678,0.004985372976318534,0.0022528903562484192,-0.00128126144409173,-0.2121962037850852,0.8404637925516116
2019-12-19,290.07766829054526,291.14801972745664,289.8236926929126,291.075439453125,85310500.0,0.0040903590814044,0.0050235284871857,0.011817345718532967,0.028062144441859872,0.03207621765269604,0.003003598358395331,0.00422686061230531,0.004883159978446881,0.0045497725161292414,0.0034396689978228824,0.7723910830407412,1.481991116617564
2019-12-20,292.10543451333706,293.48183740439526,291.13013011229833,292.3515625,147142100.0,0.0043745835475476,0.0050555053428967,0.015593333381869766,0.023344184732204173,0.03806119151607034,0.002922524565796651,0.0036744325796197043,0.004859146948830109,0.008044107142738233,0.0008425998204141707,0.7247829985757908,2.366060176088388
2019-12-23,293.1354754488179,293.19016437902224,292.6523713537724,292.7982177734375,52990000.0,0.0015266360007085,0.0052683706225532,0.010273436715402066,0.028019788523658776,0.03736637811679184,0.0020701398545291926,0.0031607304634127904,0.004859234597953008,0.0018367359929285746,-0.0011505181174813878,-0.6398719333215986,0.8465445159962806
2019-12-24,293.02612879098643,293.0716936318886,292.5065560813585,292.807373046875,20270000.0,3.1267711858433674e-05,0.0055525815984143,0.010085486304351299,0.029166658925150406,0.02967736415704687,0.0021130623951776915,0.0030204822550058885,0.004672451733155513,0.0019300659838221504,-0.0007465400611679603,-0.6174749952821287,0.33133483559163823
2019-12-26,293.1901602146185,294.37515192605576,293.1810639379538,294.36602783203125,30911200.0,0.0053090226628304,0.0055607492883748,0.015331869004349335,0.03164149361384261,0.03272304286766077,0.0022006870506108664,0.003112946177053136,0.004748211380712704,0.004056473489472488,0.0040105971378847985,0.524972866304884,0.508041110780301
2019-12-27,295.0952628094436,295.149951744562,293.7644523592922,294.2931213378906,42528800.0,-0.0002477035976293,0.0058503083622112,0.010993806325315636,0.022811152043848607,0.02802805368150427,0.002526999187077038,0.0026182507662219443,0.004717877589475869,0.004707889124187276,-0.0027182458434481175,0.3758378840032093,0.7000843894636714
2019-12-30,294.3751576532409,294.5118799794698,292.18748916413625,292.67059326171875,49729100.0,-0.0055285605175381,0.005433158073647,0.0010906622602299349,0.016683995642099707,0.026214661893992873,0.00390210668799852,0.0035917048371534115,0.0048372984929479475,0.007942003292606173,-0.005790449184336462,0.16930409510731548,0.8098552355531743
2019-12-31,292.1692833540794,293.6277198137139,291.82290156546304,293.381591796875,57077300.0,0.0024264012731706,0.0054318222408125,0.001990427532692035,0.012263864248094107,0.03717234361439387,0.003997127110765745,0.003125359370266369,0.0042486259263455175,0.006151777407699231,0.004149335716877466,0.1477645885407135,0.9438882494575859
2020-01-02,294.9129966046256,296.1435533670269,293.9923531023892,296.12530517578125,59151200.0,0.009308570280504,0.0052852621286642,0.011267730101337602,0.021353216405688907,0.05320983989572747,0.005611519749163619,0.003999396015014523,0.004051390027370159,0.0072644931960839185,0.004110732945353744,0.036334935254470624,0.990295220018123
2020-01-03,292.74350507040344,295.0040826655969,292.6888161446402,293.8829040527344,77709700.0,-0.0076012905754606,0.0041136116507543,-0.0016425831369533987,0.013689285867395942,0.039457481643169874,0.006715713752351827,0.005039714953830431,0.004562577508921241,0.007878193964427566,0.003892140944534059,0.3137468047985501,1.2705477682679347
2020-01-06,292.13278160099514,295.0861227459739,292.0142796533682,295.00408935546875,55653900.0,0.0038078159986536,0.0043709768203314,0.002412936459329501,0.013406742784645143,0.04146888722650497,0.0069680792515305475,0.005023528487185727,0.004580615574372692,0.010412883086865497,0.009828776280216764,-0.2838229976437948,0.8989542091247392
2020-01-07,294.4389421396399,294.9129499592201,293.72795822762987,294.17462158203125,40496400.0,-0.0028156764867544,0.0040747870003503,0.0051258204901132014,0.006216482750343144,0.029560667482547275,0.006470881157856361,0.00505550534289675,0.004390205667445968,0.004028191572806333,-0.0008977092353608768,-0.2723528809301774,0.6586057540425522
2020-01-08,294.3660894233574,296.95480128822834,294.1199891894408,295.74249267578125,68296000.0,0.0053155765363757,0.0039820563487391,0.0080149957533183,0.010005423286010343,0.03802521180966907,0.006750257742602439,0.0052683706225532005,0.004328238869126352,0.009585406794739234,0.0046758213730397685,0.6864708961784258,1.0813010253962299
2020-01-09,297.3011061918994,297.82067881308217,296.71772055042567,297.74774169921875,48473300.0,0.0067575051379357,0.004963853731768,0.00546393061075,0.01673166071208761,0.04589831963723797,0.006085955907450482,0.005552581598414271,0.004396899255316327,0.003704337961933883,0.001502300186636548,-0.29024686658076604,0.7700026011830419
2020-01-10,298.3312381801406,298.4861809242892,296.4261656787009,296.8910217285156,53029300.0,-0.0028814823929041,0.0072581907769837,0.010183738793306502,0.008541155656353109,0.04018264927019568,0.004580064409468355,0.005560749288374775,0.004543315388290202,0.006938624258809839,-0.004827575082014444,0.09398988721626123,0.8426426340056634
2020-01-13,297.5108322451486,298.9418965712198,297.0824170116794,298.93280029296875,47086800.0,0.0068536586866564,0.0077418204148194,0.013229581481309299,0.015642517940638808,0.038453669984487376,0.005052684351437165,0.005850308362211268,0.00442660360960805,0.006220393204486073,0.004779550502713944,-0.11206069097649785,0.7787190350702892
2020-01-14,298.4952711557389,299.54351294484616,297.9210094596337,298.47705078125,62832800.0,-0.0015257518747358,0.0077329082346713,0.014519506093327899,0.01964532658344111,0.03632932222554078,0.004726508095875681,0.0054331580736470516,0.0044851475752368435,0.005435940488441687,-6.104074754140046e-05,0.33440369700213224,1.055420281441825
2020-01-15,298.3858164658878,299.9080379561586,298.3037830757557,299.1514892578125,72056600.0,0.002257050049293,0.0077745171884908,0.0114609796062452,0.01947597535956351,0.03173983960765757,0.004530199688323425,0.005431822240812502,0.004328934497419816,0.0053626839177134235,0.002566049556220271,0.14679912402439488,1.2213234560677817
2020-01-16,300.52795985830204,301.6400146484375,300.30008000636747,301.6400146484375,54050300.0,0.0082842037755594,0.0090190254842783,0.0129876782438689,0.018451608854618908,0.03980482526030778,0.004939378676610258,0.0052852621286641754,0.004564067003299084,0.004442164755998081,0.0037003372021018944,-0.2498910578628467,0.9216300774736188
2020-01-17,302.3509470912397,302.7884585291991,301.5761501633732,302.5788269042969,95846000.0,0.003107526435071,0.0094254194646928,0.018976687071844,0.029160425865150507,0.04284971173254641,0.0038941190722861824,0.004113611650754331,0.004547136503821029,0.004006586905729969,0.0007536930684342565,0.7732741538899877,1.5704204011448737
2020-01-21,301.62178693577914,302.78853074420584,301.5488776178504,301.98638916015625,77742400.0,-0.0019598809790389,0.0109386675548807,0.0101631474061487,0.023392728887458008,0.03679947167210311,0.004150005025903783,0.004370976820331466,0.004611527246455596,0.004104996684794322,0.0012088059953531776,-0.18888216513991196,1.2817429319187004
2020-01-22,302.8432196250379,303.4904184768439,301.8679149339362,302.0228576660156,48914900.0,0.000120754793392,0.0116008256250767,0.011809654074276501,0.026329160167604407,0.0325456429179475,0.0038516605823326463,0.00407478700035031,0.004586503082426603,0.005372121684584166,-0.0027088668520892515,-0.37080795035913483,0.8775185092828964
2020-01-23,301.3755880663374,302.77933537903976,300.2635335646252,302.369140625,51963000.0,0.0011458887538366,0.0116364750551004,0.010698492778820099,0.02215947238506531,0.03216489567107561,0.00389107887995919,0.003982056348739175,0.004587732850853139,0.008320299516062906,0.003296725408442517,0.06231434593549201,0.9330600393780318
2020-01-24,303.0254945486543,303.1075279519649,298.39496067890184,299.6802062988281,87578400.0,-0.0089326638077629,0.0113591365413656,-0.006518374804502201,0.006469303439366707,0.02320096415145427,0.004640046805719793,0.004963853731767987,0.005152949361577015,0.015725320438293874,-0.011039626401101567,0.6853992263726112,1.4829628031658566
2020-01-27,294.4480497017618,296.3531215152195,294.1107920443717,294.87646484375,84062500.0,-0.0161594217001099,0.0097227881903743,-0.0257853229396831,-0.006808635867839093,0.0017325197885139712,0.0072991710620460845,0.007258190776983744,0.0063420493077680894,0.007604301252173541,0.0014549770067151472,-0.04014574369935964,1.3621315834098084
2020-01-28,296.2984568633764,298.8416034600196,294.96764649476006,297.966552734375,63834000.0,0.0104247356672454,0.0094082131133412,-0.013400706293398802,-0.0032375588872500926,0.01240495905338867,0.010185852480773831,0.007741820414819372,0.006748410676307029,0.013001314844599394,0.0056297825127310346,-0.2406364312267658,1.0168018242349237
2020-01-29,299.3247420138045,299.5526218615138,297.5199236056963,297.720458984375,53888900.0,-0.0008262519046385,0.009400271643777,-0.014347712991429302,-0.0025380589171527927,0.01710726766628827,0.010129398868462518,0.007732908234671354,0.006603264015004237,0.006827539708731133,-0.005359673973611938,-0.15579628411191526,0.8555533955041807
2020-01-30,295.6604550917531,298.8963660446492,294.91303023429634,298.68670654296875,75491800.0,0.0032402307008936,0.0094991105894884,-0.0122533710443723,-0.0015548782655521926,0.01792109709401127,0.010377225941107248,0.007774517188490852,0.006615950158675025,0.013336167037550488,0.010235563799956023,0.40087847404567545,1.1812590960962421
2020-01-31,298.0668193889295,298.22178991387807,292.3516032332454,293.2631225585937,113845600.0,-0.0183249846156842,0.0060247277223527,-0.0216456918522936,-0.028164066656795793,-0.00971245780217693,0.012480802023818668,0.0090190254842783,0.007581634347699245,0.020016791164936966,-0.01611617435373695,0.508052530208579,1.7082999275388742
2020-02-03,294.73979049796515,297.30115767312014,294.6212885304359,295.441650390625,69083000.0,0.00740112150092,0.0063658607794653,0.0019148513487363024,-0.023870471590946792,0.0052899542742036705,0.011288326165067173,0.009425419464692816,0.0075827255214441025,0.009070722219230101,0.0023812865289551052,-0.39318691280119744,1.0433718295345227
2020-02-04,299.0421847479902,300.8105346597248,298.7231473854342,299.944580078125,62573200.0,0.0151263677768101,0.0050220957700061,0.0066164834583010024,-0.0067842228350977925,0.01660850605236017,0.01246810810919101,0.010938667554880741,0.008253775521809288,0.006959243183347168,0.0030176188382762532,-0.09423157650941616,0.9401408651738368
2020-02-05,302.87050163975044,303.61795412672234,301.4120930432873,303.4082946777344,65951100.0,0.0114816811055397,0.0044038512188488,0.018924416468479203,0.004576703477049909,0.030905863644654273,0.013134782554591376,0.01160082562507671,0.008535701701302216,0.007270272837392213,0.0017756534065625502,0.0539831749055506,0.9722999389871693
2020-02-06,304.3654167083422,304.6206410029242,303.3536158073253,304.4292297363281,50359700.0,0.0033592398548901,0.0056282865236617,0.019043425622475702,0.006790054578103409,0.028949526963168673,0.013133656614591354,0.011636475055100388,0.008501361718908727,0.004161969587139416,0.0002096592598333156,-0.2364084905331374,0.7523876797725731
2020-02-07,303.3719002853901,304.4383624299263,302.2598454793981,302.8067626953125,64139400.0,-0.0053437902962907,0.0120418551258026,0.0320246199418692,0.010378928089575608,0.01684823152894227,0.007907874765845506,0.011359136541365573,0.00853411944635128,0.0071944131337656194,-0.0018628541059536408,0.2736255378804877,0.9471755658906394
2020-02-10,301.9224755643438,305.1310127189405,301.8860070122021,305.06719970703125,42070000.0,0.0074372240651345,0.0142292418947691,0.0320607225060837,0.03397557385482001,0.027166937986980874,0.007909028172516406,0.0097227881903743,0.008608725928366456,0.010637019351325487,0.010415667587546834,-0.34408491504441885,0.6263350748237418
2020-02-11,306.41633961218275,307.2002328793031,305.0672809970112,305.5959777832031,54864500.0,0.0017318162542691,0.0139687029697432,0.0186661709835427,0.025282654441843706,0.022045095554593573,0.006330400651596125,0.009408213113341241,0.008512289704672157,0.00697964645269331,-0.0026772783397188376,0.30412407891609217,0.8121167472314841
2020-02-12,307.02705945948134,307.77451202465284,306.6624572722204,307.5648803710937,43992700.0,0.0064221625658203,0.017582045571227,0.013606652443823301,0.03253106891230251,0.029993009995149672,0.005058854869024228,0.00940027164377705,0.008568482568538913,0.0036156753368286375,0.0017517052489092867,-0.19815727838584152,0.6603983463283265
2020-02-13,306.1428904532812,308.2029331861981,305.8694457619048,307.2367248535156,54501900.0,-0.0010675168898489,0.0173801649459861,0.009179895699084303,0.028223321321560007,0.02666844305600777,0.005300878497641179,0.009499110589488451,0.008585247549021853,0.0075950797399167375,0.0035729537883922797,0.2388850877531954,0.8290817752653673
2020-02-14,307.6469704852974,307.84750589786006,306.4528821069279,307.72900390625,64582200.0,0.0016009970470309,0.0244940991325398,0.016124683042405902,0.04814930298427511,0.01998523632747927,0.0035797124383982384,0.006024727722352762,0.008429109969341068,0.0045319868235657685,0.0002666479075779443,0.18495318511831704,0.9746158789066686
2020-02-18,306.7353777212436,307.79274347896046,305.550385905375,306.9359130859375,57226200.0,-0.0025805645922119,0.0251656021735788,0.006106894385059501,0.03816761689114321,0.014297145300196372,0.003433170008301748,0.006365860779465336,0.008450165557599825,0.007305621395166139,0.0006537731845074262,-0.11390135362375386,0.8895273005709177
2020-02-19,307.90211788539574,309.07795777585227,307.61954912250815,308.4034423828125,48814700.0,0.0047698300658937,0.02995348159577,0.009144908196684102,0.027811079180226808,0.021026856345128974,0.003795776572832679,0.005022095770006154,0.008472012096403065,0.004728898750532884,0.0016281943783295397,-0.14698686965061458,0.7762302107983247
2020-02-20,307.8564325542408,308.6768219464852,304.15566746657606,307.1363525390625,74163400.0,-0.0041170096359091,0.0309978489144112,-0.0013942640050452985,0.012212388438778005,0.01678909191582787,0.003524001640387296,0.0044038512188488595,0.008549154254607717,0.014720349585886616,-0.002339012406542636,0.5192841500613545,1.1561059659098438
2020-02-21,305.7874255135602,306.0973387829116,303.1531209980254,303.9735107421875,113788200.0,-0.0103512321691502,0.0310520585357363,-0.010677979284346597,-0.0014980835852622925,0.005291970992841073,0.005772081761789083,0.005628286523661767,0.008906535476870786,0.00968577090055504,-0.0059319469017612364,0.5342904990871509,1.692255137040034
2020-02-24,294.54832373659,304.04633809698913,292.81641502565685,293.8920288085937,161088400.0,-0.0337281109572866,0.0377682746383151,-0.0460070872886641,-0.029882404246258196,-0.01950347615668263,0.014728912220727496,0.012041855125802598,0.011578962467379453,0.03821105021751412,-0.002228140088087013,0.41568633654456266,2.27153591562533
2020-02-25,295.27757219253857,295.8882745622072,284.1114604678439,284.98651123046875,218913200.0,-0.0307706008032111,0.0426959287536603,-0.0741971234996633,-0.0680902291146038,-0.03411465525978383,0.016809385548199517,0.014229241894769143,0.012965352254622139,0.04132411054654914,-0.03485215922650379,0.3589631531506925,2.818917491500137
2020-02-26,286.3811587759355,289.9634233462724,283.2090890630601,283.93829345703125,194773800.0,-0.0036849121392126,0.0446336085707033,-0.0826518657047696,-0.0735069575080855,-0.048224303066241835,0.01462724781766286,0.013968702969743233,0.012650611803902083,0.023788035776986325,-0.008530118843521882,-0.11026927567638678,2.3130743271869285
2020-02-27,278.43268874388383,283.9929622601153,271.1861267089844,271.1861267089844,284353500.0,-0.0459515384385769,0.0519046810458478,-0.1244863945074374,-0.1258806585124827,-0.09334958960018022,0.01744500880488972,0.017582045571227008,0.01594753680088283,0.04722526077034245,-0.026026261742439306,0.45991658015605785,2.970406249110443
2020-02-28,263.15566832306206,271.5325340386913,260.27526361074985,270.0467529296875,384975800.0,-0.0042102965479801,0.0608693854099902,-0.1183454588862673,-0.1290234381706139,-0.10080011684905393,0.01888210047972043,0.017380164945986095,0.015839750610092535,0.04168637580646101,0.026186343051389744,0.35386341297012347,3.4619184145395328
2020-03-02,271.8241515658398,281.80529862026447,268.40595433040124,281.7414855957031,238703600.0,0.0423948297427678,0.0662107140384128,-0.04222251818621291,-0.08822960547487699,-0.04008030249060193,0.03365431738157635,0.02449409913253984,0.018717124809584988,0.047559003465649285,0.03648437408057603,-0.3799516748844992,2.0324553619037866
2020-03-03,282.11517570579525,286.07116546161603,271.2407589694564,273.67449951171875,300139100.0,-0.0290504905294739,0.0705930638614343,-0.040502407912475696,-0.114699531412139,-0.07653191452099584,0.033376685871080974,0.02516560217357877,0.019511000537510797,0.05418994651902008,-0.029919256108642982,0.25737148497132,2.326682596022457
2020-03-04,279.03434596352906,285.39676211227726,276.4911987598748,285.177978515625,176613400.0,0.0411740291579122,0.0681371743333007,0.0043565333846491,-0.0782953323201205,-0.050484253139893735,0.04019336969975756,0.029953481595770035,0.021600220611392006,0.031228089205052396,0.02201747792330531,-0.41156150598172647,1.3111538956653097
2020-03-05,277.9951357880224,281.1763288962732,273.46488424875696,275.6980895996094,186366800.0,-0.0338070826447545,0.0686550832313816,0.016500989178471495,-0.1079854053289659,-0.09577301689018794,0.036887471352803215,0.03099784891441126,0.022413248393278778,0.02797061328468192,-0.008262900650767496,0.055224575258729036,1.3243659774153242
2020-03-06,267.2118572656224,272.343714991951,264.5502366862195,271.1405029296875,228667200.0,-0.0166692412129876,0.0689236325180183,0.004042044513463995,-0.11430341437280331,-0.11580149795806563,0.03792778691412862,0.031052058535736313,0.022477384738767946,0.028743320239958913,0.014702362777860547,0.2269739030771576,1.5281471348310476
2020-03-09,250.9412162354038,259.044635004558,249.2549280257215,249.9659118652344,309417300.0,-0.081312591494061,0.0661224886666272,-0.1196653767233648,-0.1618878949095777,-0.19177029915583593,0.043897013494304936,0.03776827463831514,0.028110975637450457,0.039164168049099786,-0.0038865850130194632,0.35313372446944724,1.9111536790168324
2020-03-10,259.4548490211814,262.9915202948296,249.3005113667445,262.900390625,276444100.0,0.0504506615395147,0.0712231357375007,-0.04016422465437621,-0.08066663256685191,-0.14875686168145574,0.05465907269955258,0.042695928753660364,0.03098100539424552,0.05207679188127918,0.013279927574363026,-0.10656546999796068,1.592241078911067
2020-03-11,255.8634994500448,256.9937745724308,246.9123725197527,250.08444213867188,255316300.0,-0.0499765881798686,0.0707855617111782,-0.131314841992157,-0.1269583086075079,-0.20046526611559345,0.04905795308977914,0.04463360857070335,0.03230480283423305,0.04031199208740858,-0.022586485855913326,-0.07642702448704819,1.3902929333901612
2020-03-12,233.34894558391483,243.06574485920348,225.7650981762707,226.1570587158203,392220700.0,-0.1005689214096716,0.0657219874234927,-0.19807668075707408,-0.1815756915786026,-0.3074563500910853,0.05958138009380193,0.05190468104584777,0.03782516219318259,0.07649837144668592,-0.030820310115814226,0.5362148832644058,1.950827613089432
2020-03-13,239.81153712478945,247.45919510246955,226.53071215332528,245.4903106689453,329566100.0,0.0820277707357941,0.0606317823111616,-0.09937966880829238,-0.09533762429482841,-0.2243610624654423,0.0814279828471982,0.06086938540999021,0.043601730184453756,0.08525176774641531,0.023680151556681888,-0.15974322619892323,1.5342449746679223
2020-03-16,219.8402075410676,234.1692913616769,216.35821121478764,218.62789916992188,297240000.0,-0.1158862845353726,0.047279105051436,-0.133953361849604,-0.2536187385729688,-0.3418483440478458,0.08905970196238405,0.06621071403841278,0.049322811088341016,0.08146755384154396,-0.005514497937868153,-0.09808684813152813,1.3126679835447503
2020-03-17,223.3587287913768,233.50395903282416,216.09393128193696,230.43212890625,262070500.0,0.0525851733008089,0.0451867968188361,-0.13181885008830976,-0.17198307474268598,-0.28668260615482505,0.08952640956480029,0.07059306386143427,0.051664028002671385,0.07555382069993533,0.031668339774085834,-0.11832021262279635,1.1072693145972923
2020-03-18,215.3464508056641,226.39406110097968,207.8446502974257,218.7646484375,327597100.0,-0.0519598801961057,0.0444271459305427,-0.13380214210454688,-0.2651169840967039,-0.34341231641682446,0.08966147587386503,0.06813717433330072,0.052115300688468015,0.08479162851969418,0.01587301587301574,0.25003424651000405,1.3071418517827273
2020-03-19,218.08101328487268,225.49167035009611,211.6730331085697,219.22952270507807,289322000.0,0.0021227425969031,0.0448554364755067,-0.031110478097972183,-0.22918715885504629,-0.33717256418401226,0.07974043733107268,0.06865508323138154,0.05221613839576458,0.06303273879821442,0.005266434720317089,-0.11683589384643511,1.106906677665261
2020-03-20,222.3707310405341,224.14947908525951,209.50691583930976,209.781982421875,347158800.0,-0.0440504173853556,0.0421463200955881,-0.1571886662191219,-0.2565683350274143,-0.3708717494002176,0.0630435375254485,0.06892363251801832,0.05253782723028876,0.0697989554532063,-0.05661153587863329,0.1999046045582431,1.271423273290092
2020-03-23,209.2227117415833,210.58885308857097,200.1180920586079,204.4182586669922,326025200.0,-0.025900630036547,0.0437625498427957,-0.06720301172029629,-0.2011563735699003,-0.36304426847947807,0.04236026613602931,0.06612248866662718,0.05244783642139649,0.0512222396288996,-0.022963343867396357,-0.06087588734607907,1.1590184618969692
2020-03-24,214.9348561536564,223.81025556170377,214.3663954320049,222.939208984375,235494500.0,0.0867309463888345,0.0364133891343844,-0.0330572386322707,-0.16487608872058052,-0.2455427212874324,0.05616786881871428,0.07122313573750069,0.05731522172809176,0.042360696320407,0.03724083182206757,-0.2776800689026493,0.8347219401843783
2020-03-25,224.5162503654232,235.04203577073903,219.82183239457268,226.2766571044922,299430300.0,0.0148592682506864,0.0372013955082055,0.033761909814521415,-0.10004023229002548,-0.22699854089753344,0.05032611038971417,0.0707855617111782,0.05761077292756592,0.06726369202607506,0.007840887847555602,0.2714959372724204,1.042018194044696
2020-03-26,228.77977750775747,240.95592219798812,228.34884302210628,239.4889373779297,257632800.0,0.0567488281993931,0.0336019000253769,0.08838799541701142,0.05727751731903921,-0.12429817425956342,0.054800270934092024,0.06572198742349272,0.058926279848244695,0.052641593026850404,0.046809905957746145,-0.13959008156489172,0.9007507444931838
2020-03-27,232.21804924789328,239.1313137589341,230.1825758633505,232.35557556152344,224341200.0,-0.0302383736609455,0.0316605439935288,0.1022000391414215,-0.05498862707770039,-0.15032625137252884,0.05113637818202516,0.060631782311161626,0.05916660599597838,0.0385131188436412,0.0005922292176494497,-0.12922112401837038,0.8070165530318087
2020-03-30,234.44604471765408,240.6166387658332,232.4564182263532,239.90147399902344,171369500.0,0.0319594624150641,0.0314338411686544,0.16006013159303262,0.09285711987273632,-0.1607616187002325,0.0440891192667081,0.047279105051435955,0.05874782319629298,0.03401488287443035,0.023269444737015695,-0.23612114047709476,0.6240203680958942
2020-03-31,238.9020663927464,241.4418119617208,234.92281361805345,236.3256378173828,194881100.0,-0.0150176388423334,0.0320230529248496,0.058311546361864725,0.02525430772959401,-0.146728767013092,0.03508017967116661,0.04518679681883609,0.058567179016492464,0.027584812227206577,-0.010784454962093284,0.1371982762393542,0.7235001781731646
2020-04-01,227.3677561407306,236.2431562593995,223.62688640381756,225.6898651123047,189554600.0,-0.0460488966350884,0.0260612341663082,-0.002596618523910077,0.031165291290611317,-0.23395169280609263,0.043303804260362504,0.04442714593054268,0.058009605252913155,0.055900914510733625,-0.007379634900330211,-0.027332050157762855,0.702038980235999
2020-04-02,224.80959765546936,231.6770134320797,224.2594645775336,230.89767456054688,177660400.0,0.0228128665404079,0.026256839522169,-0.03653258018289528,0.05185541523411612,-0.1773317436209302,0.033672309966993635,0.04485543647550672,0.0582548945929951,0.032124831350785324,0.027081036435142602,-0.06274814749945401,0.6590498956144994
2020-04-03,229.91662928983567,232.2638518564536,224.83712454211465,227.5602569580078,135561200.0,-0.0145595760426998,0.0266479225653398,-0.02085378256464958,0.08134625657677191,-0.17522207845064242,0.03167360762705517,0.04214632009558809,0.058241931139658906,0.0326363109868936,-0.010248812098133993,-0.23696445578193004,0.5117154760305642
2020-04-06,236.40816732964865,244.80678550079665,227.5419457283824,242.8446502685547,188061200.0,0.0650068705255012,0.0226505240537664,0.012193625545787526,0.17225375713882013,-0.02890261643108019,0.0426456176141539,0.04376254984279568,0.0578372738909952,0.07109417379926462,0.027226144560103024,0.3872789559254417,0.7265331408801589
2020-04-07,251.4175077872792,252.1693556566016,242.87221252313967,243.09225463867188,201427200.0,0.0010190804157714,0.0233977822200273,0.028230344803892325,0.08654189116575703,-0.07833419755482349,0.04159462189546392,0.03641338913438434,0.05654461665628454,0.038245328495887465,-0.03311325938228294,0.07107260827858175,0.7896116660306656
2020-04-08,245.6869771638037,253.0586948036147,243.2022420168797,251.25244140625,153774500.0,0.0330171563548536,0.0212585031106264,0.10729639779383432,0.10469977926992424,0.004659546979898711,0.030606245655915573,0.03720139550820548,0.05602949401285894,0.039229281640285135,0.022652662777220407,-0.2365752986687002,0.6150501613984465
2020-04-09,254.50740840247016,257.82653581519105,252.5728060191188,255.07589721679688,189999200.0,0.0151029606520009,0.0211745977139823,0.09958649190542732,0.06305391172253204,0.12033142904157121,0.03071502545647255,0.03360190002537693,0.05080296001659003,0.020596731613598745,0.0022336827752680675,0.23557026685178628,0.7919656992375881
2020-04-13,254.1040470484585,254.44328805190864,248.85031642747575,252.7470550537109,114839100.0,-0.0091719308025424,0.0211372662610494,0.10497413714558472,0.08412035458093513,0.029131727503234693,0.029263348216602102,0.03166054399352881,0.04761412499881538,0.022128731127032668,-0.00534030059934,-0.3955811392890075,0.5011043669292613
2020-04-14,257.6247736197147,261.21892505517496,252.60944238232008,260.2012023925781,134143400.0,0.0290659808845918,0.0193124902084038,0.06903324750467531,0.08122687305046283,0.1740839929231991,0.017993806339489913,0.03143384116865442,0.03907978642792038,0.03308778973229085,0.010000702714508961,0.16809867022642977,0.60693650118346
2020-04-15,254.4981844998676,260.338700945521,252.56355469912344,254.67239379882807,121775000.0,-0.02147719811553,0.0190755618064917,0.04653696897337391,0.07476731377726623,0.1000216215068602,0.02385015585009239,0.03202305292484964,0.03820201125648001,0.030529992396974646,0.0006845207925660772,-0.09220282175641892,0.5690356344810408
2020-04-16,255.94694057675247,256.7537991200917,252.8387332120089,255.90110778808597,131798300.0,0.0048130831601979,0.0196427575219482,0.018332895778718206,0.12562929357255254,0.1567945848631638,0.01983854691478184,0.026061234166308248,0.03577915107595196,0.01529913622462665,-0.00017907144568019394,0.08230999794703342,0.6453978876657755
2020-04-17,261.659114795478,263.4195080259015,258.92680340917883,262.8143920898437,146684800.0,0.0266569773873633,0.02006441394467,0.029886912514080606,0.12947340441950794,0.181328819653624,0.022053006049835466,0.026256839522168993,0.03599277254947717,0.017094591285498683,0.00441519988810139,0.11294910480635934,0.7442883207970505
2020-04-20,259.11928900096365,262.95186638326464,257.96403991624453,258.18408203125,100109300.0,-0.0177752227826215,0.0192302794686868,0.02128362053400151,0.12625775767958625,0.2076040142563581,0.023797171790883608,0.026647922565339818,0.034396043850234974,0.019318876778841844,-0.0036091754238727057,-0.31752097013460157,0.5419277214613865
2020-04-21,253.72805974076357,254.92916957927525,249.4095373940222,250.3447723388672,126385700.0,-0.030833769601959,0.0157964544251413,-0.03861612995254929,0.03041711755212602,0.2026708746909461,0.023256553088146895,0.022650524053766427,0.034686372793894235,0.022048122410088352,-0.013334305261125315,0.2624771125160199,0.7232530682433003
2020-04-22,255.2134480724144,257.64317347159806,253.89313917984944,255.90110778808597,92951600.0,0.0219520149972172,0.0148995075404618,0.00481308316019791,0.05135005213357182,0.1378919432993288,0.02488823976455819,0.02339778222002731,0.029843842145702598,0.014654232348435384,0.0026944493750833023,-0.2645402130146053,0.5545408868277598
2020-04-23,257.1754630685727,260.3387078110824,255.5801020580558,255.88265991210935,104709700.0,-7.20924622813463e-05,0.015213851253415,-7.209246228133676e-05,0.018260803316436876,0.12296058258636106,0.024795006838905346,0.02125850311062637,0.02982086418013961,0.01859682775949364,-0.005026930411781313,0.126497015651156,0.6632107740042167
2020-04-24,257.3955098331214,260.1186421969253,255.35085912854345,259.4493103027344,85063200.0,0.0138423678227731,0.0154365779815641,-0.012886702026871538,0.017000210487209077,0.08005412220974106,0.021834455464441665,0.021174597713982335,0.027437113390493647,0.0183765494031132,0.007979161994490514,-0.18762827130628779,0.5699204667249251
2020-04-27,261.4205849434391,264.3087487379452,260.96214535761493,263.1901550292969,77896600.0,0.0143154463426072,0.0149543385733332,0.01920396709835716,0.04048758763235868,0.12460794221329377,0.02094876003546453,0.021137266261049364,0.026295644582515387,0.01271553405923473,0.006769054113472468,-0.08425029860151045,0.5488293431205361
2020-04-28,266.83019054311086,267.1786091367333,261.6773336103177,261.9799194335937,105270000.0,-0.0046089364070813,0.0164353404985142,0.045428800293234865,0.006812670340685575,0.08803954339114835,0.011033204727980972,0.019312490208403796,0.025676531898377503,0.020998844256115083,-0.018177370033146695,0.3514068649979589,0.7593742084216382
2020-04-29,267.2978148114988,270.3693659891628,266.27091449702925,268.8381652832031,118745600.0,0.0258417250701038,0.014604213668692,0.04931851036612146,0.054131593526319376,0.12889890730358555,0.012238487495487609,0.01907556180649168,0.02567557557317521,0.015245050820132316,0.005762675137432649,0.1280098793578417,0.8807679364559685
2020-04-30,267.4628265283742,268.9390166066362,264.6021678699744,266.3350830078125,122901700.0,-0.0093543559429698,0.0152756367696556,0.04003624688543301,0.039964154423151675,0.16559344799570413,0.014598835248966439,0.01964275752194818,0.02288662956873009,0.016283430210110895,-0.004216449572449484,0.035000033685458565,0.9346998014303751
2020-05-01,261.5948274910563,266.5001372793607,258.1198471539412,259.2843017578125,125180000.0,-0.0268300767049604,0.0125738749196355,-0.0006361976423004886,-0.013522899669172018,0.11595050475033586,0.020623076243647728,0.02006441394467005,0.023897167974552033,0.03232085424611321,-0.008832459553592726,0.01853757921981547,0.9714127385516491
2020-05-04,257.40472721224256,260.3020696248995,255.9285647321888,259.99951171875,80873200.0,0.0027546031461702,0.0155439071514695,-0.012197040838737488,0.007006926259619682,0.13326468393920585,0.019197840490232886,0.019230279468686783,0.023429936843308352,0.016821204254574434,0.010080562756595815,-0.3539447196037706,0.6411919689027461
2020-05-05,262.81437091102384,265.2074131354292,260.1278925305998,262.4017639160156,79569900.0,0.0091970262792964,0.016030164964753,0.0016089218476402125,0.047037722140875086,0.07745483969300106,0.019791457441742724,0.01579645442514133,0.01902488693608721,0.01935779900646985,-0.001569955986721544,-0.016115350944441387,0.6592101894786375
2020-05-06,264.0978740455981,264.4829476132183,260.19195997415204,260.6228942871094,73632600.0,-0.006802266241747,0.0163289281958954,-0.031035069464210585,0.018283440901910884,0.06963349303548266,0.01372193354333419,0.014899507540461852,0.01916649197619065,0.016464354180408987,-0.013157924012249808,-0.07461741186051507,0.6441192363183295
2020-05-07,263.8321631551154,265.69342803485176,263.26370215454824,263.7679748535156,75250400.0,0.011995320524966,0.01644241951087,-0.009685392996274786,0.03035085388915823,0.04861165720559506,0.01567979049517909,0.015213851253414994,0.018002595553116146,0.009211603044883967,-0.00024329217799733558,0.02197124643160775,0.6816840795635687
2020-05-08,266.8944094168429,268.5998195757135,265.7666377314456,268.1322021484375,76452400.0,0.0164103169097286,0.0156991391351521,0.03355500061841421,0.03291880297611373,0.04991901346332275,0.009033860735762466,0.015436577981564137,0.018053333024403654,0.010566361748297141,0.004637761931016611,0.015973337018806655,0.7301233268034948
2020-05-11,266.20676247386785,269.56254444611375,265.7850057832069,268.1872253417969,79514200.0,0.000205188142484,0.0160865828806771,0.03100558561472801,0.018808544775990525,0.059296132408349154,0.009378368305460153,0.014954338573333167,0.01785503828256561,0.014085453392093899,0.007439566333794515,0.04004844844635347,0.7723921170624656
2020-05-12,269.36997290557235,269.78255179515514,262.7042425975372,262.841796875,95870800.0,-0.0201330202340344,0.0143940256685506,0.0016755391013972068,0.0032844609490374245,0.01009713128972295,0.01469928706825429,0.016435340498514205,0.01745438667716167,0.02692992241635068,-0.024234980462580387,0.20570665365431573,0.9489175432475435
2020-05-13,262.2825424788248,263.3186207708161,255.77269255804435,258.1932678222656,144721100.0,-0.0178439138171608,0.0122077416551339,-0.009366108474016593,-0.04040117793822717,0.013730415588092154,0.01672892169430755,0.014604213668691983,0.017231035769437783,0.029225890653222557,-0.015591104988961666,0.5095430516904,1.4163479981293623
2020-05-14,255.76344816859944,261.4113990670636,250.298828329272,261.2830505371094,121977900.0,0.0118958999378677,0.0121241410048616,-0.009465529061114893,-0.019150922057389677,0.02081323236576195,0.016708362835420414,0.01527563676965558,0.01739234046389016,0.042530775398357916,0.02158088815283492,-0.15715192877887196,1.1995305052359404
2020-05-15,258.8992207520091,262.5300551877956,257.95483612918537,262.4842224121094,111146300.0,0.0045866706182113,0.0121354453339925,-0.02128917535263219,0.012265825265782022,-0.0012570744033900483,0.01410398925379632,0.012573874919635453,0.016350438998818946,0.01743045359666219,0.013847093280880183,-0.088799692403296,1.1124518584569825
2020-05-18,268.6914444443786,272.0839087534759,268.37055910186746,270.4793701171875,119703800.0,0.0300048545090613,0.0090016712721544,0.008510491013945111,0.039516076628673125,0.04652300288829275,0.021048155200636142,0.015543907151469478,0.017099696095609077,0.013728772179555131,0.006654196513424997,0.0769931162800741,1.1864685231319574
2020-05-19,269.88340997902395,271.58879193513707,267.6829053984864,267.70123291015625,95189300.0,-0.010324273555413,0.0077296781446785,0.018319237692566513,0.01999477679396372,0.06703249893483874,0.018846208289968868,0.016030164964752965,0.015551296265951654,0.014590468987348735,-0.008085628787028096,-0.20479299738187096,0.9583039094083555
2020-05-20,271.2312398155431,273.1108311782877,271.00201999174817,272.2489624023437,85861700.0,0.0168453945292607,0.0073306380237962,0.05300854603898801,0.04364243756497142,0.06192587846688226,0.014926637493601815,0.01632892819589542,0.01526919314099426,0.0077458924652319345,0.003752232182003439,-0.09799000517915357,0.8674956444215254
2020-05-21,272.1205662355428,272.92742435106703,269.2782353216481,270.36932373046875,78293900.0,-0.0069280606206996,0.0086037294324616,0.03418458548042071,0.024719056419305822,0.055069910308464,0.016777720568016602,0.01644241951087003,0.015420280086761596,0.013497052768667004,-0.006435538957236387,-0.08813941489628085,0.8017338050721653
2020-05-22,270.08513201578137,271.05702179895974,268.8473394108852,270.8828125,63958200.0,0.00189741116649,0.0084029793167727,0.03149532602869941,0.010206150676067222,0.0431249536521809,0.016910472466576527,0.015699139135152092,0.015197907426971477,0.008157336996324028,0.002953440932735319,-0.18310111004816465,0.6620898778142718
2020-05-26,276.8334185471668,277.0718161691973,270.9012071094812,274.2203063964844,88951400.0,0.0122455201088284,0.009758185191968,0.01373599162846651,0.022246482642411622,0.041055027418402106,0.011770443958539852,0.016086582880677047,0.015117582111957215,0.022502378254928464,-0.00943929444788903,0.3907739742519334,0.9155785057870445
2020-05-27,277.0076420479935,278.33712857289146,272.1940244647287,278.3004455566406,104817400.0,0.0147694482585046,0.0100781172582955,0.03882971344238411,0.057148951134950624,0.060433412083988,0.010023791016103656,0.014394025668550619,0.0152881872103412,0.022073640938215698,0.004667031924062002,0.17836706336269015,1.0791389200868644
2020-05-28,279.3273381718324,281.3353065447308,277.11765518674065,277.7869873046875,90405200.0,-0.0018466822572448,0.0227971526667279,0.02013763665587861,0.07314618269486663,0.032745004756639405,0.00924652517215999,0.012207741655133908,0.014337030218304212,0.015183041505699095,-0.0055145009336585345,-0.13749816347285848,0.9445390031946358
2020-05-29,277.3192485039644,279.6114462849819,274.57778891176497,279.024658203125,119090800.0,0.0044455713050313,0.0231071162577024,0.031511268581609506,0.06569585406203023,0.04654493200464051,0.007004835183534902,0.01212414100486163,0.014110480679848025,0.018040188296019846,0.006149626137964354,0.31730033228177135,1.2467234993866663
2020-06-01,278.3828651183529,280.75757894742645,277.8694149921172,280.1524353027344,55758300.0,0.0040337082540035,0.0232693002506754,0.03364756566912301,0.06514289169782242,0.0774087169636044,0.006728702909374992,0.012135445333992545,0.012329129997187747,0.010309258786875438,0.006356605977272084,-0.5318001054657455,0.6057265061442486
2020-06-02,281.0693740975131,282.5180592457431,279.73991573138625,282.4721984863281,74267200.0,0.0082462664795062,0.0239125636533848,0.029648312039800808,0.043384303668267316,0.0829003802969404,0.006119174233823185,0.009001671272154368,0.012364074392432253,0.009835104230589588,0.004991025412567111,0.33194878610000655,0.8097020506829141
2020-06-03,284.4526664557033,287.1849772402928,284.17761381806736,286.2314147949219,92567600.0,0.0132204929741145,0.0236014642004933,0.02809935675541071,0.06692907019779482,0.0869238469917585,0.005574758227533704,0.0077296781446784864,0.012482763720686928,0.01050675525738561,0.0062532313772335965,0.24641295215115155,1.0021226779573034
2020-06-04,285.2504248545544,286.9833408869309,283.3891602166023,285.4796447753906,75794400.0,-0.0026298964843836,0.0235857539525207,0.02731614252827191,0.04745377918415052,0.0910962167491219,0.0058416238930147964,0.007330638023796143,0.012320448695286612,0.012589971775943587,0.0008035743363155067,-0.1811994693607698,0.8195795365281311
2020-06-05,290.86163222663976,294.56580447547407,290.7974439598148,292.7962341308594,150524700.0,0.0253061906338835,0.0218862418340264,0.048176761857124106,0.07968803043873363,0.1044070868580394,0.010513951575376698,0.008603729432461604,0.013079665376581243,0.01287024926001972,0.00665127913025041,0.9859607042208922,1.5640013702767765
2020-06-08,293.60307791418927,296.5279249936356,293.0621225082108,296.3353881835937,73641200.0,0.0120149606450884,0.0215279446606546,0.05615801424820901,0.08980557991733203,0.1000117305933992,0.010046351970855794,0.008402979316772642,0.012917676048984196,0.011695540335795479,0.009306136328049629,-0.5107699932303469,0.7662755194257148
2020-06-09,293.67647298750563,296.4087837876376,292.8146040767573,294.1257629394531,77479200.0,-0.0074844401011456,0.0216200970435982,0.040427307667557213,0.07007561970735803,0.0923221023497696,0.013187150528799086,0.009758185191968045,0.01317969782573818,0.012219873821866468,0.001529880645109105,0.052117564624150514,0.8070664249192352
2020-06-10,294.7034495380097,295.5928238577627,291.76942366351983,292.4845886230469,95000800.0,-0.0055954641578454,0.0228721108504269,0.021611350535597307,0.04971070729100802,0.1068596584259586,0.014014232833042616,0.010078117258295521,0.012099530602778116,0.013072142406690917,-0.007529131126361783,0.22614585592004044,0.9900297548331803
2020-06-11,285.5712867925123,286.2039358982989,275.0730331017828,275.6231384277344,209243600.0,-0.059377484640992,0.0125374320610288,-0.03513623762101109,-0.007820095092739177,0.06532608760212741,0.03221359677965985,0.022797152666727882,0.018276284663891456,0.04038450059023067,-0.034835954540506565,1.2025456627733662,2.1096583010233187
2020-06-12,282.61894313978905,283.38911860299044,273.7802388403364,278.9239196777344,194678900.0,0.0119045631331365,0.0145776338897506,-0.04853786512175808,-0.00036110326463397596,0.0653347507973962,0.029274155742048568,0.02310711625770241,0.018276500056856885,0.03444982335597481,-0.013074224328363738,-0.06960643001745337,1.8934192852768652
2020-06-15,273.24847071892265,282.65566513999767,272.074865853952,281.52789306640625,135782700.0,0.0092924746328213,0.0150784279204629,-0.05126035113402518,0.004897663114183825,0.07004055481200622,0.028790431281835414,0.02326930025067544,0.018324614861822477,0.037583484786531854,0.030299976888069177,-0.30252996087403417,1.304969033550675
2020-06-16,289.2571176724693,289.4038217313861,282.0962919334156,286.9465637207031,137627500.0,0.0190644793572288,0.0142813017717706,-0.024711431675650777,0.015715875991906426,0.05910017966017371,0.03172690897209952,0.02391256365338484,0.01764241923085274,0.02546651788826849,-0.00798788970296816,0.013586414175001726,1.3114037887804
2020-06-17,287.9643213952654,288.25772952024136,285.02111835943526,285.754638671875,83398900.0,-0.0041624734322456,0.0144445175926338,-0.02327844095005098,-0.001667090414453674,0.06526197978334111,0.03172600583948066,0.023601464200493243,0.017451081993577026,0.011326539355053525,-0.00767346007548401,-0.3940244500554032,0.7991678195980382
2020-06-18,284.2417880969982,286.3414217497539,283.7833484028866,285.8646545410156,80828700.0,0.000384927072285,0.0145467049490275,0.036483970763226015,0.001347733142214926,0.048801512326365405,0.009257178440937038,0.023585753952520706,0.017162570602735894,0.008948547175146836,0.0057094576236749435,-0.030818152277787836,0.7764112050531802
2020-06-19,289.323611161699,289.5169952642536,282.2878135586834,284.23095703125,135549600.0,-0.0057313262848875,0.0150459124504239,0.018848081345202015,-0.029689783776556074,0.04999824666217751,0.010357085482819514,0.021886241834026442,0.017130245624573496,0.025434181347021082,-0.01760193062018282,0.6769983928975722,1.2671939349516723
2020-06-22,283.6323733290194,286.45036871018254,282.4904486423991,286.05438232421875,74649400.0,0.0063948040778385,0.0155135452422292,0.015950410790219215,-0.03530994034380597,0.054495639573526,0.010047228801885591,0.02152794466065462,0.017151425957142676,0.013843242098263745,0.008539254411518702,-0.4492835095050077,0.6943944522413935
2020-06-23,288.6974262655169,289.6275587383942,286.966102816788,287.3713073730469,68471200.0,0.0045931927634167,0.0156203144562427,0.0014791241964071155,-0.023232307479243673,0.0468433122281143,0.005288568619842386,0.021620097043598217,0.01701265076275073,0.009261383629198842,-0.004593455887793086,-0.08276288891806227,0.6430496793894263
2020-06-24,285.3360276763805,285.95305250280444,278.20816137818287,280.040771484375,132813500.0,-0.0258399284812279,0.0127688056417234,-0.020198330852575185,-0.04347677180262617,0.00623393548838181,0.013048894578273762,0.022872110850426865,0.017853957887946584,0.027656298343877773,-0.018557965620840715,0.9396987346504808,1.231137721664533
2020-06-25,279.469847494696,283.31007226818923,277.4530430466422,283.0429992675781,89468000.0,0.0106636219632432,0.0127375428151858,-0.009919635961616985,0.026564334801609024,0.01874423970886981,0.014633642247467066,0.0125374320610288,0.017992967635795727,0.02069307220706065,0.012785464353001184,-0.3263636603206752,0.8296995107473388
2020-06-26,281.94711324330086,282.15893364058905,275.7401601235611,276.3203125,127961000.0,-0.0240380816433497,0.0096258388435478,-0.028226391320079182,-0.009378309974877172,-0.009739413239511191,0.017761539994798223,0.014577633889750568,0.01880940636039371,0.02322946676975817,-0.019956936882859027,0.4302432154513345,1.1818113305968525
2020-06-29,277.5727536803356,280.5196622715444,275.28887633629,280.38153076171875,79773300.0,0.0145905401892954,0.0094458813185592,-0.02003065520862228,-0.004080244418403071,0.0008174186957807094,0.019448521534696915,0.015078427920462887,0.019088993860559768,0.018655957548429847,0.010119066241702694,-0.3765811458178664,0.7286825330869111
2020-06-30,279.94872310498295,285.66762102118946,279.7921834155964,283.9731140136719,113394800.0,0.0127282791917006,0.0091688614346572,-0.011895568780338386,-0.010416444583931277,0.005299431407975109,0.020650884661788965,0.014281301771770621,0.019216277962481855,0.02069011929527306,0.014375457276794762,0.4214630709773821,1.0176102203622015
2020-07-01,285.08742860608777,287.22395639224413,284.62697148514405,285.9622802734375,72396500.0,0.0069803502522914,0.0094058202688233,0.020924709953180912,0.0007263791006057235,-0.0009407113138479905,0.0160280359759418,0.014444517592633752,0.019044746813803366,0.009081564549761036,0.0030687135929747867,-0.36155361621520565,0.655623495258884
2020-07-02,289.38809746937955,290.7326525675876,286.87401944452057,287.5370788574219,69344200.0,0.0054919068941923,0.0093729549058114,0.01575299488413001,0.005833358922513023,0.007181092064727909,0.01566825839639585,0.014546704949027484,0.019073342890534552,0.0134196018767387,-0.006396319088947769,-0.0421608779429945,0.6298213233194114
2020-07-06,291.3495847273951,292.5559799310515,290.6036465664798,291.9757995605469,61713800.0,0.015319098756031,0.0085572209885195,0.05511017528351071,0.026883783963431523,-0.0028059998131245902,0.004500771820411269,0.015045912450423849,0.018508194481152786,0.006686627342095336,0.002149358935032304,-0.11003660003287952,0.5840744783024628
2020-07-07,290.43791531370204,292.408657022588,288.5868688394488,288.9644470214844,82910000.0,-0.0103672607585257,0.00733196984403,0.03015237433568961,0.010121719127067321,-0.02518822121673869,0.010015203054324448,0.015513545242229174,0.018410958078172033,0.013225807612432779,-0.005073264248664527,0.3434596475990783,0.7812538280589513
2020-07-08,289.728779659392,291.2851267804882,287.9698584105039,291.17462158203125,54638600.0,0.0076195015061792,0.0072362582200041,0.025043596650168212,0.013148027869829822,-0.010084279609413889,0.009402947275706099,0.015620314456242653,0.018451903081117493,0.011385842461034431,0.004990328970214857,-0.34098902424315525,0.520455600827759
2020-07-09,291.7824085004592,292.0218551502653,286.1095744969354,289.5169677734375,83354200.0,-0.0057092554521615,0.0083041082924546,0.012353990945715314,0.03327870089889622,-0.01019807090372999,0.01039764524099214,0.01276880564172335,0.01845357303858093,0.020421188777980628,-0.007764144311044532,0.5255551935810947,0.7984124892049725
2020-07-10,289.45251680342045,292.74018697945144,288.025111149212,292.4731140136719,57550400.0,0.0101588386333462,0.008306942848116,0.01702092268486921,0.03277391756899922,0.059338252370608205,0.010932370784995591,0.0127375428151858,0.012304936413766038,0.01612139921353251,0.010435553449697037,-0.30956808415172843,0.5944352161012634
2020-07-13,294.8122566026346,297.18820278628755,289.2867716039281,289.94061279296875,102997500.0,-0.0086966260082256,0.0077447346454446,-0.006994802079387389,0.04811537320412332,0.0387370632292461,0.009580975312243974,0.009625838843547733,0.012379426544120787,0.02725189515965266,-0.016524563346876485,0.7896921654758264,1.1167317693721615
2020-07-14,288.5224361241147,294.4715626788139,287.3252587874631,293.697998046875,93657000.0,0.0128759033245442,0.0072921905631778,0.01624836200368251,0.04640073633937212,0.04232049192096901,0.00977845514624465,0.00944588131855919,0.012516661386129408,0.02433215050451319,0.017938161039697913,-0.09068666715211537,1.0391911092721817
2020-07-15,296.9118582248771,297.49203848703377,294.0201750465289,296.3961486816406,87196500.0,0.0091448778242847,0.007739515650207,0.01777373832178801,0.04281733497195622,0.032400890388024906,0.009970775122591579,0.009168861434657142,0.011995402994544744,0.01171359161024055,-0.0017369112379670975,-0.06898042858515652,0.9953557144015774
2020-07-16,294.4991602617193,295.87131342816184,293.85450907927094,295.4200744628906,54622500.0,-0.0032985750156902,0.0077570601322071,0.020184418758259312,0.03253840970397462,0.0332647888045803,0.00945581075532116,0.00940582026882326,0.011975022591507721,0.006826903529009308,0.0031270520444028863,-0.373570040081884,0.6339325106321295
2020-07-17,296.4238694209868,297.0593024720893,294.45309952821765,296.2765197753906,62774900.0,0.0028948820018515,0.0080474975438959,0.012920462126764613,0.029941384811633817,0.035774743734146804,0.008816493795664862,0.009372954905811377,0.011974072917585473,0.008796522066100433,-0.000497091026724723,0.14924985125177348,0.7362601642035778
2020-07-20,296.0094731698983,299.4168672808463,295.26353484413016,298.6709289550781,56308800.0,0.0080491885879492,0.0079531137966747,0.02966627672293941,0.02267147464355202,0.0495552586069835,0.006273963216875807,0.008557220988519415,0.01191491058362521,0.013906048543950613,0.008991116928383789,-0.10300454481010723,0.6926068272857481
2020-07-21,300.6324541557965,301.0744749886083,298.32095050262376,299.30633544921875,57292200.0,0.0021251869297085,0.0079901202461709,0.01891556032810371,0.03516392233178622,0.045285641458853505,0.005015872338517371,0.007331969844029975,0.011879230896279748,0.009199686608209847,-0.004411096301301228,0.01746441053618608,0.7123065344248483
2020-07-22,298.94720120561465,301.3231758826921,298.83669598418305,301.0100402832031,57792900.0,0.0056760384255164,0.0080213747589002,0.015446720929335411,0.03322045925112342,0.046368487120953206,0.004273873245182053,0.007236258220004086,0.011892863927857496,0.008260455020602214,0.0069003458445816524,0.008739409553132793,0.7233332286165254
2020-07-23,300.65081332964456,301.3507170063048,296.0554611782608,297.4183959960937,75738000.0,-0.0120037324291729,0.0065408962583388,0.006741563515852712,0.02692598227411202,0.06020468317300821,0.00782469595138801,0.008304108292454522,0.010488147094738436,0.01780406289365349,-0.010751400595769317,0.31050699999480913,0.9830453938453945
2020-07-24,295.5674004213925,296.5251308789289,294.00183516323403,295.5029296875,73766600.0,-0.0064611370488837,0.0056665509032505,-0.002614455534882488,0.010306006591882123,0.0430799241608813,0.008455650141552763,0.008306942848115971,0.010529389993923978,0.008538987137499126,-0.00021812532031810521,-0.02602920594681668,0.9673142979432576
2020-07-27,296.19361733148213,297.83284336537673,295.4016165623497,297.6578674316406,48293000.0,0.0072659799343801,0.0055681935117167,-0.0033976641884515893,0.026268612534487822,0.0743839857386111,0.008262193351481885,0.007744734645444539,0.008576599869536444,0.008167856687293393,0.0049435572358056375,-0.3453270179186786,0.6681767621064233
2020-07-28,296.9303216498821,298.0446479275418,295.4752897615271,295.7699890136719,57495000.0,-0.0063626429612646,0.0059753410279728,-0.011885494079424689,0.007030066248679022,0.0534308025880511,0.0084124608819373,0.007292190563177736,0.008457662166143024,0.008687014441806423,-0.003907760681909761,0.19054521359203203,0.8079467276506365
2020-07-29,296.64488066256155,299.9693955729184,296.60803622504216,299.4076232910156,48454200.0,0.0122238454449962,0.00625230838964,-0.0053376870599448865,0.010109033869390521,0.0529263688413467,0.010281509992313195,0.00773951565020691,0.008426789207547875,0.011226699276822068,0.009313299532705379,-0.15724497782415858,0.7134552625022749
2020-07-30,296.4422138237154,298.7537169791964,294.3609672745089,298.3392944335937,61861700.0,-0.0035745228064428,0.0060449813141197,0.003091522562785212,0.009833086078637922,0.0423714957826125,0.008592323466756323,0.007757060132207029,0.008471467645987643,0.014724006480699344,0.006399495488204726,0.27670459939489245,0.9179914554646889
2020-07-31,300.1258761780566,300.7981535361253,295.9172923240878,300.69683837890625,84986800.0,0.0078711649865955,0.0059802473784373,0.01742382459826441,0.01480936906338192,0.044750753875015696,0.008011157939652989,0.008047497543895865,0.008537777963414346,0.016231834156790123,0.0019024091095394215,0.37381934217779333,1.2466849532413196
2020-08-03,302.3546141881708,303.5517916334194,301.81127807969176,302.7874450683594,53077900.0,0.0069284821821851,0.0058299461446134,0.01708632684606941,0.01368866265761782,0.0363601373011698,0.007972663086860891,0.007953113796674677,0.008053560822595479,0.005748301595974937,0.0014315339005186035,-0.3754571298131004,0.7835713948809121
2020-08-04,301.9309475225113,303.9569702148437,301.9309475225113,303.9569702148437,41917900.0,0.003855088124268,0.0058184378446874,0.02730405793160201,0.01541856385217732,0.05058248618396351,0.005871926917362948,0.00799012024617083,0.007532009549259915,0.0066654917993831525,0.006710218707147713,-0.2102569996175433,0.6381282784302902
2020-08-05,305.2554780680495,306.10273162848586,304.9884050397274,305.8448486328125,42697700.0,0.0061917967153455,0.0060204619522277,0.02127200920195131,0.01593432214200642,0.0491547813931298,0.004621598554647798,0.008021374758900185,0.007487862112327731,0.0036434374936825226,0.001930745251463107,0.018603031163297867,0.6559614243179842
2020-08-06,305.26466855525786,308.00897505925286,304.9423429439364,307.8892517089844,43679400.0,0.0066622031813297,0.0057841061568721,0.03150873518972381,0.03460025775250902,0.061526240026621,0.0014986683408265246,0.006540896258338751,0.0072859582715564045,0.009960179182269798,0.008597729852419612,0.02299187075650444,0.6921367949205208
2020-08-07,306.922272863609,308.3957411535914,306.0197668612782,308.1102600097656,57308300.0,0.000717560017694,0.0058280810755628,0.02435513022082231,0.041778954819086715,0.0520849614109688,0.0026205574956750283,0.005666550903250498,0.007106569277767808,0.00771144165156306,0.003870644952132674,0.31202122739781224,0.9082723864641687
2020-08-10,308.5615137232704,309.21535494485994,306.6275882566364,309.0311889648437,44282100.0,0.002984501009247,0.0064353091508578,0.020411149047884214,0.037497475893953615,0.0637660884284414,0.0024333176838191362,0.005568193511716636,0.006590166566171135,0.008373804265167374,0.001522144599000421,-0.2273004084923126,0.7360700609722346
2020-08-11,310.2099438612299,310.84537688701096,305.7527226498275,306.480224609375,69601100.0,-0.0082889737053479,0.0052839001238483,0.008267087218268312,0.03557114514987032,0.042601211398549305,0.006065961904754307,0.005975341027972817,0.006651696861999137,0.016616583479975976,-0.012023209847597072,0.571766018323431,1.1805325457586944
2020-08-12,308.91134611605884,311.5267380947055,308.88371982454026,310.753173828125,53774400.0,0.0138457105238636,0.0045151559645845,0.015921001026786414,0.03719301022873772,0.0473020440981282,0.008116683746181231,0.0062523083896400084,0.00698720730697525,0.008505201210356892,0.0059623181059014355,-0.2273915211110169,0.938696130852995
2020-08-13,309.98883457222433,311.4991469565095,309.270522807618,310.1914367675781,41816100.0,-0.0018092989429381,0.0042131728509187,0.0074494989025186125,0.038958234092242416,0.0487913201708803,0.008093322549128836,0.0060449813141196865,0.00693138453999858,0.007184673349191599,0.0006535790091710105,-0.2223790502543962,0.7382010540912457
2020-08-14,309.80469729931406,310.73482947821054,309.0771673345119,310.20068359375,47260400.0,2.980961836590525e-05,0.0041375227842031,0.006761748503190518,0.031116878724012826,0.04592624778739471,0.008115544251418824,0.005980247378437243,0.006951057936910366,0.005343837816520026,0.0012781804081342433,0.13019626411836582,0.8458960027456485
2020-08-17,311.2136919707807,311.5820519648369,310.2098990427494,311.1860656738281,35481000.0,0.0031715607299941,0.004795084925927,0.0069488082239376175,0.02735995727182183,0.0410486199294396,0.008125374554355327,0.005829946144613407,0.006822979110210297,0.004409429191877019,-8.876954216773276e-05,-0.24924461071002357,0.6471229965035733
2020-08-18,311.58210731482745,312.2820111007127,309.98891563003593,311.8583984375,38733900.0,0.0021582184366337,0.0051322705616774,0.017396000365919217,0.025663087584187526,0.04108165143636481,0.006106772669072785,0.005818437844687368,0.006823001646256689,0.00735300213868157,0.0008867361641962885,0.09168005411346924,0.7186129661608744
2020-08-19,312.23591780968894,312.7516274630557,309.9981032669653,310.55987548828125,68054200.0,-0.0041725151318442,0.005183260093541,-0.0006222252897885843,0.015298775736997826,0.031233097879004204,0.0029716832446334313,0.006020461952227678,0.006902768065021431,0.008866323093931958,-0.005367871618246232,0.7569674109759152,1.250674803545449
2020-08-20,308.83774337602864,312.0056901723592,308.70883001435334,311.5268249511719,42207800.0,0.003108731438692,0.0139943089312036,0.004295805091841515,0.011745303994360128,0.04634556174686911,0.00308629625536693,0.0057841061568720325,0.006122737247476901,0.01058290938034827,0.00870710148878764,-0.3797914015593453,0.8003379001364779
2020-08-21,311.19539488053783,312.8530294974732,310.85463295774207,312.63201904296875,55106600.0,0.0035413909695986,0.0143461048797738,0.0078073864430742105,0.014569134946264727,0.05634808976535141,0.0032458123541300762,0.005828081075562732,0.0057660789757526315,0.006392168485648473,0.004616469864479872,0.3056022820426556,1.0637420801967397
2020-08-24,315.0631480494956,315.87355700727335,312.604322979584,315.7998962402344,48588700.0,0.0100819323573896,0.0164782728511626,0.01471775807046971,0.021666566294407327,0.0591640421883609,0.005064492324951168,0.006435309150857801,0.005912932884327978,0.01035223274805119,0.002338414363278723,-0.1182780284031314,0.9376571568177546
2020-08-25,316.3616627587458,316.9878776871024,315.2013018413242,316.9049987792969,38463400.0,0.003493267308506,0.0178899826190096,0.016052806942342013,0.033448807308261226,0.0690199524581315,0.005047902982550348,0.005283900123848239,0.005490872446112606,0.005637575464760758,0.001717452158434915,-0.2083879585171038,0.7561461423048977
2020-08-26,317.4944169530028,320.3492287448196,316.9510808989449,320.0821838378906,50790200.0,0.009975746745061,0.0180817739431072,0.03020106881924721,0.029578843529458623,0.0667718537581963,0.003645152577798665,0.004515155964584393,0.0053222508049220445,0.010616485444862251,0.008150590204774698,0.32048128870562675,0.9961894286261231
2020-08-27,320.94785991195465,322.227916207643,319.1244394337551,320.7820739746094,58034100.0,0.00218420798613,0.0180256221387683,0.02927654536668521,0.033572350458526724,0.0725305845507691,0.0038487917738543867,0.004213172850918638,0.005078769060167364,0.009674720084681392,-0.0005165509980055842,0.14262397076601396,1.142558733371265
2020-08-28,321.80420702373715,322.9829758804368,320.6162200332608,322.8540344238281,48588900.0,0.0064383199743262,0.0185750089654385,0.03217347437141281,0.03998086081448702,0.07109773953849981,0.003624915090803305,0.004137522784203088,0.005025569307362357,0.007330730283113184,0.0032623172015073683,-0.16275258856430963,0.9921527496515696
2020-08-31,322.6422984405211,323.5171500758055,321.4543112428884,321.6845397949219,66099200.0,-0.0036289400173339,0.0187705122114975,0.018462601996689313,0.03318036006715902,0.060540317338980805,0.0050728896937672985,0.0047950849259269885,0.00520386424181964,0.00641261415370522,-0.002968484449275523,0.3603765469068039,1.331993397585496
2020-09-01,322.5132963995055,324.81558148751446,321.6200086611954,324.7142944335937,54908700.0,0.009374326392938,0.0182887391627381,0.024343661081121314,0.04039646802346332,0.06605955560765081,0.0056626558641751845,0.005132270561677367,0.0053929945084495055,0.009841183098801236,0.00682451873662207,-0.16929856942292798,1.092192933059977
2020-09-02,326.6206419236981,330.37795938167653,325.4786892390397,329.4110107421875,69540000.0,0.0143605421965697,0.0171379612544729,0.028728456532630012,0.058929525351877225,0.074228301088875,0.0068634950793898,0.005183260093540941,0.005908029511371259,0.014872818402755972,0.008543149024675761,0.2664659698736265,1.3472586222178524
2020-09-03,327.7257168302216,328.1953920439884,315.4959779391516,318.0745544433594,148011100.0,-0.0350204406093989,0.0141096064539438,-0.008476192062898888,0.020800353303786323,0.032545657298146416,0.019753394843298487,0.013994308931203629,0.010432158767265292,0.039925903934884696,-0.02944890160042582,1.1284311187805578,2.6043386083071116
2020-09-04,318.75592922726366,320.3214659777526,308.3864298330547,315.4774780273437,139156300.0,-0.0081985088197536,0.01424062325296,-0.023113020856978687,0.009060453514434122,0.023629588460698812,0.019326645039085148,0.014346104879773796,0.010661076687896703,0.037831658282951805,-0.010285145778676735,-0.05982524283651702,2.2840624631205855
2020-09-08,310.0809875272591,315.54202965407626,306.55389879011744,306.8577880859375,114465300.0,-0.0277028851447482,0.0122005719139032,-0.04718696598439299,-0.02872436398770368,-0.00705779769329639,0.021851074735727845,0.01647827285116263,0.012446691407664835,0.029290867668777015,-0.010394701935855493,-0.1774335764891708,1.7764716709653758
2020-09-09,310.8545223596372,315.3762136597868,309.9888609153848,312.9173889160156,91462300.0,0.0195548132558488,0.0119336765603496,-0.03700647912148218,-0.012662818040360874,0.02078598926790031,0.024371174812388274,0.01788998261900961,0.013054649922254961,0.017216533613118937,0.006636115636084682,-0.20096046574813498,1.3957928570959846
2020-09-10,314.78688177765224,315.4407229555937,306.5262807206502,307.4840393066406,90569500.0,-0.0175160413223681,0.0112257573295546,-0.06888306264041999,-0.040154606107789974,-0.010575762578331394,0.02122100265079584,0.01808177394310715,0.013316338086692563,0.02899156084668666,-0.023199322760120395,-0.009761398958915257,1.3444216694893938
2020-09-11,309.2613511061483,310.3203966020505,304.8225388111135,307.6405334472656,84680200.0,0.0005088209801169,0.012705080546466,-0.033353801050904186,-0.041829993113803074,-0.008257642655276395,0.01803906529708409,0.018025622138768304,0.013314694259909199,0.017871044915085732,-0.005240931830264073,-0.06502520164072889,1.2182432795008609
2020-09-14,310.79933901286097,313.4607946662511,307.7879595543984,311.692626953125,65605700.0,0.0130855300027604,0.0131653283927172,-0.01206976222839019,-0.035182783085368874,0.004798077729118099,0.019993789239499498,0.01857500896543851,0.01365328019950651,0.018200094007054652,0.00287416293451984,-0.22525336501330895,0.9315371846635444
2020-09-15,314.14224664496544,314.97106380213984,311.70182964170226,313.26739501953125,52920900.0,0.0050395908345047,0.0130599342078057,0.020672713750862715,-0.02651425223353028,0.006666107833628699,0.01414759410938103,0.0187705122114975,0.01368075299952442,0.010435922194308637,-0.002784890076955875,-0.19334905351211862,0.7422353780223803
2020-09-16,314.5014007189514,315.92880641145365,311.74784829653964,312.0241394042969,82096000.0,-0.0039765683208538,0.0133636437125823,-0.0028586678258398883,-0.03986514694732207,0.0005313210761411988,0.011378465108394364,0.018288739162738134,0.013706433321262925,0.013399470063105092,-0.007876789448287028,0.5512963687314463,1.1174471743985144
2020-09-17,307.1801324619214,310.9927306673699,306.65520463292705,309.2798156738281,91523300.0,-0.0088341352270879,0.0132092590059603,0.005823238269440312,-0.06305982437097968,-0.004130299019102501,0.008425563631807135,0.017137961254472932,0.013820757048927778,0.01402460107198623,0.006835348351075415,0.11483263496394458,1.2261814600063157
2020-09-18,310.0832931282361,310.19424068358853,303.2412544546544,305.7191772460937,105877900.0,-0.0115794603047964,0.0130118865772512,-0.006265043015472988,-0.03961884406637718,-0.0188184907625909,0.010206828109242137,0.01410960645394378,0.014024075279144203,0.022743049001918612,-0.014074011657047313,0.15684093558689427,1.3604715178392282
2020-09-21,301.142417821237,302.4645898682485,297.4717524188794,302.316650390625,99450800.0,-0.0111919798721277,0.0132055589937839,-0.030542552890361084,-0.04261231511875128,-0.0335518616043172,0.006928696190418413,0.014240623252959966,0.014162512477067665,0.016515257902327874,0.003899259951100696,-0.06070294178482949,1.2424885176931377
2020-09-22,303.7960582157652,305.9503654275353,301.2903700074111,305.3955993652344,63612100.0,0.0101330039694575,0.0141408117642141,-0.02544913975540829,-0.004776426004545576,-0.0335007899922493,0.009032516009068745,0.012200571913903203,0.014164748808472676,0.015258882019943933,0.005265180723092683,-0.36036613079030033,0.7873486738514245
2020-09-23,305.9502597775032,306.22765682115056,297.8137877286705,298.3130798339844,93112200.0,-0.0234644447900377,0.0118681913609881,-0.04493701622459219,-0.04779568405043208,-0.060458502090792995,0.012111741337797487,0.011933676560349604,0.014910068909621555,0.028204827951769703,-0.02496216198369253,0.4637498211818192,1.1147792640152405
2020-09-24,297.0001882528296,302.1594468796686,295.6872430633771,299.1082763671875,76681300.0,0.0026620976788431,0.0118665039025551,-0.03344078331866119,-0.027617545049220878,-0.06777215115701091,0.013191207482797007,0.01122575732955456,0.01466211100612803,0.021638330757341583,0.007097935279971322,-0.17646344947278658,0.9040496327566951
2020-09-25,298.2576833289289,304.7298882709884,297.38858462452924,303.9440002441406,71069400.0,0.0160378385579001,0.011406437483205,-0.0058234844559646864,-0.012088527471437679,-0.0539185205852408,0.016093747136909014,0.012705080546465982,0.015254519374450748,0.02415347445767085,0.01906511460742702,-0.07318472691516709,0.8314976836445762
2020-09-28,308.09538490645014,309.70418077413325,307.10605558287943,308.99224853515625,64584600.0,0.0164727162220466,0.0113519259734201,0.021841211638209613,-0.008701341252151475,-0.0438841243375204,0.016534053064643547,0.013165328392717158,0.01572841010780399,0.008408383069707351,0.0029109933892013263,-0.09124602149448291,0.7486217323157378
2020-09-29,308.78884527571864,309.52851442541044,306.616028350716,307.3094787597656,51304000.0,-0.0054608769786272,0.0114710833947138,0.006247330690124913,-0.019201809065283376,-0.0457160612988137,0.016645156412025023,0.013059934207805681,0.015742533205839356,0.009477371431719502,-0.004790867735627193,-0.20563106375204,0.5998252341415884
2020-09-30,307.9751979075436,312.78313211808506,307.781039690102,309.6394958496094,104081100.0,0.0075533901950876,0.011981535718298,0.03726516567525021,-0.007671850549341975,-0.047536997496664096,0.009284203999902409,0.013363643712582286,0.015676675596842327,0.016154568441787486,0.005403999910945495,1.0287131607671918,1.1828715015990416
2020-10-01,312.22833451482296,313.1991537202758,309.75041203082435,311.6273498535156,88698700.0,0.0063993783075354,0.0120420399165966,0.04100244630394251,0.0075616629852813255,-0.0554981613856984,0.00894636026965296,0.013209259005960285,0.015326478427592556,0.011066877445360777,-0.001924824222763821,-0.1477924426240691,0.9971957253516333
2020-10-02,306.6900096585481,311.59963625667905,306.2184543549931,308.66864013671875,89431100.0,-0.0095397429712301,0.0113129908673595,0.015424864774812311,0.009601380318847625,-0.030017463747529602,0.010519015027117024,0.013011886577251188,0.013449013275655456,0.017433523208909174,0.006451564823952227,0.008257167241459085,1.0396651861239943
2020-10-05,310.72123983393703,314.32717611812427,310.67502109585257,314.14227294921875,45713100.0,0.0175776423653685,0.0116869074891547,0.01652979091813421,0.03837100255634382,-0.004241312562407503,0.010876124459801594,0.013205558993783865,0.013997281950102627,0.011625799316929473,0.011009975105371186,-0.4888456029278405,0.5619520578362011
2020-10-06,314.28097349200937,316.37057974539914,309.16793362544905,309.67645263671875,90128900.0,-0.0143179305825061,0.0104483334405102,0.00767273731425531,0.013920068004380224,0.0091436419998346,0.013145483158017376,0.014140811764214061,0.012889870677981393,0.023258617368623464,-0.01465096917617791,0.9716208264151851,1.1247813011219059
2020-10-07,312.62584467571554,315.8712007139416,312.5981077957547,315.0668029785156,56999600.0,0.0172566380170331,0.0091108250078903,0.017375985136200808,0.05464115081145102,0.006845466761018897,0.014860534729027751,0.011868191360988042,0.012719782931528027,0.01038856803460225,0.007807922295522534,-0.36757688155519486,0.7269706207428875
2020-10-08,316.99932011187576,317.9239207082548,316.08394633419226,317.85919189453125,45242500.0,0.0088238026449975,0.0088309597264972,0.019800409473662905,0.06080285577760543,0.033185310728384494,0.01501851481464812,0.011866503902555054,0.012123036458571972,0.00578864610803219,0.002712535100554859,-0.20626635976392815,0.5941962422973163
2020-10-09,319.50498071538817,321.1600236881462,318.8855141153723,320.6977233886719,59528600.0,0.0088905158583045,0.008392759763005,0.038230668303197504,0.053655533078009826,0.0415670056065721,0.0130033857947072,0.011406437483204987,0.012225613889721617,0.007092378295487039,0.003733095711412983,0.31576725424103436,0.794953840713571
2020-10-12,323.23107167134015,327.3270449402805,322.74103455583,325.85693359375,80388500.0,0.0159594232428883,0.0080690467221166,0.03661244918071731,0.053142240098851524,0.044440898846699994,0.012711258399589302,0.011351925973420066,0.012377739532306283,0.01407369281320214,0.008123791777913659,0.35041811834983516,1.0630273664238676
2020-10-13,325.71829333157706,325.8939697002557,322.76881520469266,323.7304077148437,73255500.0,-0.0065473365635732,0.0080098293333496,0.0443830431996502,0.052055780513905525,0.0328539714486221,0.00946430428749884,0.01147108339471372,0.012509387896754737,0.00965357106125111,-0.0061030825023687665,-0.08873159718118884,0.9558519583251129
2020-10-14,324.30360807019053,325.39462982999737,320.96581398724754,321.6962280273437,57727900.0,-0.0063033854202143,0.0127755460017389,0.020823019762402813,0.038199004898603624,0.030527154349261593,0.010093124008671114,0.01198153571829798,0.0125750469539513,0.013767074205089483,-0.00803993535058825,-0.2119649719133717,0.7654133544893696
2020-10-15,317.7944920914556,321.77951876830656,317.2582361118935,321.2987365722656,60357700.0,-0.0012363751742914,0.0137434675112116,0.01076284194311391,0.030563251416776824,0.0381249144020581,0.009933599757112038,0.012042039916596567,0.012358485031225809,0.014071896779451386,0.011026762791727589,0.04555509554305637,0.8171654609880348
2020-10-16,322.6486204375523,324.30366342738694,320.9288768497177,321.10455322265625,89501900.0,-0.0006045528054055,0.0137334805571491,0.0012677732794039104,0.03949844158260142,0.049099821901449,0.00920429426852816,0.011312990867359467,0.0119655828933793,0.010509930624774183,-0.0047855999284984515,0.48285802805607236,1.2253236856543313
2020-10-19,322.3618961538169,322.9906175998888,315.32570125756564,316.2225646972656,68425600.0,-0.0153204967385615,0.0143102943389554,-0.03001214670204589,0.006600302478671426,0.044971305035015195,0.005896317110744643,0.011686907489154628,0.012245738730712429,0.024238992399739586,-0.019044842240355322,-0.23548438636498215,0.95710560933103
2020-10-20,317.5632439464316,320.72538971441617,316.80509306669023,317.4892883300781,60051900.0,0.0039977958874044,0.0156704513544898,-0.01946701425106829,0.024916028948581928,0.0388360969529621,0.007357544409061543,0.010448333440510176,0.012113971097281089,0.012347807601150286,-0.00023288468600592325,-0.122376712809241,0.8420748713387466
2020-10-21,317.4431044735385,319.6066946596672,316.58323270677243,316.88836669921875,63575000.0,-0.0018945238875676,0.0174523868677019,-0.01505815271842159,0.005764867043981228,0.0604060178554322,0.007260057300773233,0.009110825007890221,0.010598397203288411,0.009541094816410682,-0.00174751874116067,0.058667585871554406,0.9103295665091506
2020-10-22,317.10106236922707,319.2091509309516,314.96523691392366,318.62664794921875,55399300.0,0.0054704784149358,0.0184352184301562,-0.008351299129194389,0.002411542813919528,0.06321439859152489,0.008225448191252595,0.008830959726497176,0.010611997065200033,0.013319394483616118,0.0048110390062815955,-0.12859929217459698,0.8055356410767007
2020-10-23,319.8470889921267,319.9025627725712,317.25821851614603,319.7084045410156,49143900.0,0.0033893098087784,0.0184321461421831,-0.00435743651501049,-0.0030896632356065723,0.050565869842403195,0.008542618414541696,0.008392759763005016,0.010171963423039844,0.008271112735436074,-0.000433596102275307,-0.11291478412182099,0.7261539634531511
2020-10-26,316.333567187947,317.1194832403807,310.31440902526583,313.8001708984375,91473000.0,-0.0186529596484996,0.0172894597971953,-0.007689899424948592,-0.03770204612699447,0.015440193971856992,0.0099635729133862,0.008069046722116557,0.010658369238800437,0.021686011819660088,-0.008008623024202443,0.8613296868990861,1.3252848138816098
2020-10-27,314.1422458102279,314.475088415444,312.5056850182194,312.7183532714844,65994100.0,-0.0034534292614837,0.0172007563294872,-0.015141124573836692,-0.034608138824904974,0.017447641689000492,0.009473794414980377,0.008009829333349545,0.010605906565730133,0.0062976904828955516,-0.004532636274599304,-0.2785401156625452,0.9460720129818418
2020-10-28,307.0598897426626,312.7461782493359,301.54002258547484,302.0300598144531,127094300.0,-0.0347764074157679,0.010245111759302,-0.048023008102036996,-0.06308116082045857,-0.02488215592185501,0.01695161705925567,0.012775546001738903,0.013126569204853982,0.03710278265264515,-0.016380615300894033,0.9258433708467879,1.7924196148014806
2020-10-29,302.2611099880333,308.26175735299205,300.5783305446324,305.0996398925781,90597700.0,0.0101118631978798,0.0117714424621814,-0.043381623319092996,-0.05173292244828737,-0.021169671031510608,0.01807347324127737,0.013743467511211596,0.013265855722400022,0.025183336208016726,0.009390986173038294,-0.2871615800236518,1.2759968961221315
2020-10-30,303.5278632885841,304.8315534323046,298.27613900813606,301.9190673828125,120287300.0,-0.0104794187680163,0.0102087419922434,-0.057250351895887695,-0.06160778841089817,-0.022109346828296808,0.016776509072715242,0.013733480557149128,0.013299097203989125,0.021712488982541536,-0.005300323628747143,0.3277080985499632,1.6581216598433661
2020-11-02,305.3031616210937,307.3002742972392,302.56632324038145,305.3031616210937,86068300.0,0.011146262811172,0.0102427503097199,-0.027451129436216092,-0.03514102886116467,-0.028540726382493314,0.018754459167425797,0.014310294338955433,0.012895188645075245,0.015505738727766456,0.0,-0.28447724739020663,1.1543173925886585
2020-11-03,308.5300107397287,312.7461876866935,305.38637399387943,310.6935729980469,93294200.0,0.0175018751580127,0.0107640942363606,-0.006495825016719695,-0.021636949590556374,0.00327907935802549,0.021468477868542325,0.01567045135448975,0.013180798327752697,0.023688335815238475,0.0070124856027160174,0.08395541680270213,1.2485783656766016
2020-11-04,315.15928696801785,321.70547377095147,313.9850545875487,317.6372375488281,126959700.0,0.0221028385603839,0.0108884931385021,0.0503834209594321,0.002360412857395123,0.00812527990137629,0.012484595054123544,0.017452386867701848,0.013550909801956366,0.024305774861223494,0.007862533909913729,0.3608530862583097,1.6231448006219003
2020-11-05,322.9074612913422,325.6350439828652,322.5561085957217,323.8320617675781,82039700.0,0.0193150843457632,0.0094212453074333,0.0595866421073155,0.01620501878822252,0.01861656160214199,0.013151686190400668,0.018435218430156167,0.014086389760668637,0.009507815163012967,0.0028633605198788072,-0.3538130603648244,1.0247506798335035
2020-11-06,323.5454798982403,325.0063646417054,321.4373916672937,323.7581481933594,74973000.0,-0.0002282726743017,0.009831302035532,0.06983778820103011,0.01258743630514242,0.00949777306953579,0.008898757506867973,0.01843214614218305,0.01396222426692316,0.011023577304007085,0.0006573057215510744,-0.0861375651056745,0.9275344030419239
2020-11-09,336.52684917649657,336.9059387720614,327.36405472488747,327.82635498046875,172304200.0,0.0124872817903459,0.0092166697782467,0.071178807180204,0.04372767774398792,0.006025631616993389,0.00881225547693382,0.017289459797195282,0.013779951898602162,0.02910651905257106,-0.025853789132482305,1.2982166913422164,2.0169945500332975
2020-11-10,326.83706430106344,328.39964160698554,324.08177251066513,327.3456115722656,85552000.0,-0.0014675337744141,0.0103226173346694,0.0522093982477772,0.04571357323105752,0.01110543440615249,0.010892447761358741,0.01720075632948718,0.013693619969825476,0.0131905513429105,0.001555965729559195,-0.503482793803053,0.9943162585154862
2020-11-11,329.5276530081711,330.6001931058199,328.2886915720693,329.7773132324219,58649000.0,0.0074010894104831,0.0102437174430634,0.037507649097876405,0.08789107005730852,0.02480990923684989,0.008726709429681989,0.010245111759301945,0.013675222966023517,0.007009280023218332,0.0007576305720375156,-0.314463717972695,0.6812752063056144
2020-11-12,328.7694850499286,329.82354332955566,324.7752317067129,326.57818603515625,67546200.0,-0.0097482310567551,0.0094261890016308,0.008444333695358106,0.06803097580267362,0.01629805335438619,0.008568558064086884,0.011771442462181312,0.013887172002025315,0.01545820216632392,-0.00666515328951404,0.1517025013214206,0.7813640607721434
2020-11-13,328.48288202805907,331.8391870990069,327.9651078910253,331.0995178222656,62892200.0,0.0137496010302807,0.0088405078375499,0.022422207399940504,0.09225999560097063,0.03065220719007239,0.009954778333080798,0.010208741992243354,0.014177830840205604,0.011700648896931351,0.007965820861201057,-0.06890098924884003,0.7388995938837842
2020-11-16,333.76224964666625,335.4265190156994,332.4770415964014,335.2323608398437,74541100.0,0.0124049175712436,0.0086343104543833,0.022339843180838207,0.09351865036104222,0.05837762149987749,0.009938279256858858,0.01024275030971984,0.0137934991832562,0.008798307573614834,0.004404665880379708,0.18522010678589718,0.8726237990405377
2020-11-17,332.8283977244911,334.63137974023823,331.32129460037004,333.42938232421875,66111000.0,-0.0053928100527177,0.0083432253591405,0.018414566902534606,0.07062396515031182,0.04898701555975539,0.010653647110992029,0.010764094236360607,0.013914140389669497,0.009927394870826186,0.0018056890693117793,-0.11309331362161279,0.7712007592672175
2020-11-18,333.697561213107,334.2430721080145,329.379664574458,329.4166564941406,70591300.0,-0.0121077131520561,0.0068783141194902,-0.0010942356600045916,0.03641341343787183,0.03877382629526689,0.012383468464836109,0.010888493138502027,0.014264948123378517,0.014763696484919514,-0.012828696450174228,0.06776935759555891,0.8201083756919428
2020-11-19,328.7879664083773,331.173423449706,327.44728430310664,330.8035888671875,59940900.0,0.0042014295167998,0.007107411123424,0.012855424913550309,0.021299758608908426,0.03750477739713089,0.011216196397636909,0.009421245307433285,0.014251227267715804,0.011263901819684683,0.006130462987525045,-0.15087411621545432,0.6945429430879039
2020-11-20,330.5446644564976,330.74807768636424,328.46431342145667,328.53826904296875,70417300.0,-0.0068714846799383,0.0064754624400891,-0.007765660796668692,0.014656546603271824,0.02724398290841419,0.00977713291507262,0.009831302035531918,0.014377981450005068,0.006951288419337494,-0.006069967630026399,0.1747788238081176,0.8060004813067277
2020-11-23,330.3412386076394,331.7651311623136,328.112948198128,330.5076599121094,63230600.0,0.0059765082966477,0.0064332616670442,-0.014194070071264593,0.008145773109573625,0.05187345085356149,0.007680702378538138,0.009216669778246632,0.013607574117286195,0.011050221847072543,0.0005037860400700059,-0.10205872704576857,0.7356312585288876
2020-11-24,333.0503479254816,336.37891546594994,332.1997312419318,335.8334045410156,62415900.0,0.0159853814237359,0.0058718081017011,0.007184121405189007,0.025598688307723626,0.07131226153878109,0.011094985129249255,0.010322617334669345,0.013845068383388974,0.012444218375863694,0.008356263948887102,-0.01288458436263451,0.7276675644193354
2020-11-25,335.75020670349176,335.77794359169803,334.2246214190069,335.3156433105469,45330900.0,-0.0015429101325261,0.0058258377058132,0.017748924424719006,0.016654688764714425,0.1045457588220229,0.008594999860437023,0.01024371744306333,0.01061973252490095,0.004632417853683481,-0.0012943056601857975,-0.2737283288392861,0.5549332284616456
2020-11-27,336.4067085508926,336.721069396595,335.2417026629686,336.2495422363281,28514100.0,0.0027812624831916,0.0058344496264272,0.01632875739111081,0.029184182304661126,0.09721515810733469,0.008591546739073653,0.009426189001630773,0.010568654594621932,0.0043996096583134355,-0.0004671913804616436,-0.37097873635864276,0.3628535428393527
2020-11-30,335.47279650502,335.7409385582566,332.08878340971694,334.7608642578125,83872700.0,-0.0044371306511714,0.0058393963167946,0.018763111419877705,0.010997450623209025,0.1032574462241796,0.007915875216049844,0.0088405078375499,0.010186515823492224,0.010909743457129344,-0.0021221757907779414,1.9414465124271851,1.0926300133470614
2020-12-01,338.0061574648824,339.9570506637227,337.41439969563044,338.4222106933594,74231400.0,0.010877821129863,0.0063647385647292,0.023664424253093008,0.009470354181828422,0.1029890045428706,0.008539065198289529,0.008634310454383214,0.010178390584445031,0.0075132508675565535,0.001230904287654018,-0.11495158734606137,0.9745443011501717
2020-12-02,337.3127522431998,339.2913825881508,336.7395044630417,339.1342163085937,45927000.0,0.002101687325047,0.0063564353968517,0.009780730154404107,0.01696485155959312,0.0875888167099049,0.005775284987944775,0.008343225359140432,0.0097690198578303,0.007524684925295139,0.00539992648745355,-0.3812995578690419,0.6223001243462069
2020-12-03,339.0324319793985,340.42858746477606,337.9414103949684,339.04168701171875,62882000.0,-0.0002728769836738,0.0065022103596507,0.011050763303256408,0.02879968772797542,0.06521310116584719,0.0056084360452095415,0.006878314119490129,0.008872585906041126,0.007335903415681458,2.7298368672932367e-05,0.36917281773248845,0.8907035420558266
2020-12-04,339.6242628374325,341.9635009765625,339.5317971440086,341.9635009765625,50749900.0,0.0085809387203861,0.0061900975411633,0.016850439540450908,0.033179196931561725,0.054478955540470095,0.006311729540923716,0.00710741112342395,0.008145171178211287,0.007111004027065993,0.006887723861618494,-0.1929343850386438,0.7351474393605378
2020-12-07,341.1961049259402,341.7508709319728,339.9941354266788,341.2608337402344,48944300.0,-0.0020569158572562,0.0062713337503704,0.019230654334366108,0.03799376575424382,0.0526503123575156,0.005628462110893331,0.006475462440089083,0.00819019410998922,0.005147779444948733,0.00018971146903405843,-0.035578395228365034,0.7226149453288097
2020-12-08,339.9940864550397,342.82336164005824,339.9478677180988,342.2593688964844,42458900.0,0.0029217449981397,0.0062092664425075,0.01127457820264281,0.03493900245573582,0.043084775565309395,0.004045625252417129,0.006433261667044169,0.007856939856421049,0.008401505359022425,0.006662711299080946,-0.13250572589658038,0.6933204615582953
2020-12-09,342.9158052793327,343.0729715480787,338.35753202065183,339.1896667480469,74098300.0,-0.0090093983603435,0.0054174045084058,0.00016349251725230989,0.00994422267165642,0.03554291097938,0.006473762057411817,0.005871808101701079,0.008212840222572201,0.013902073057342179,-0.010866044883088928,0.7451771006785386,1.2213888053274213
2020-12-10,337.82129446332254,340.1235407764272,336.952167699225,339.0787658691406,57735400.0,-0.0003270117686786,0.0054984849467397,0.00010935773224750946,0.01116012103550392,0.027814809800218297,0.006474446109330395,0.005825837705813105,0.008115536438399063,0.00935290969658096,0.0037222976361385197,-0.22082692855301678,0.9523903785401797
2020-12-11,337.38674768616795,339.08800937588853,335.8704174000004,338.6811828613281,57698600.0,-0.0011732267572376,0.0059081390256649,-0.00964480774537619,0.00720563179507472,0.0363898140997358,0.004382228027072455,0.005834449626427148,0.0077125919186372335,0.009500356496645278,0.00383665091778957,-0.00063739057839729,0.9595772036842671
2020-12-14,340.8447456280566,341.91725738932104,336.9891490851876,337.1648254394531,69216200.0,-0.0044872942879705,0.005643213283775,-0.012075186176090491,0.007155468158275622,0.018152918781484596,0.00453219141695445,0.005839396316794518,0.007294612990695342,0.014616317991386732,-0.010796470345531349,0.1996166284797205,1.145103042597624
2020-12-15,339.69817587761173,341.7230529785156,338.3297853661233,341.7230529785156,63865300.0,0.0134287153525076,0.0040616377267996,-0.0015682158217225906,0.00970636238092022,0.019176716562748594,0.008405756991623815,0.006364738564729157,0.007382602989723767,0.009929876204768833,0.005960812405520325,-0.07730704661625454,1.0659922285500638
2020-12-16,341.935753088197,343.1747143338236,341.0573713537836,342.2593688964844,58420500.0,0.0015682158217226,0.0042552449045278,0.00900939836034351,0.009172890877595822,0.026137742437188895,0.006858845618373035,0.006356435396851667,0.00722990447521249,0.006186369672996134,0.000946422845124149,-0.08525443394143617,0.9814105598166885
2020-12-17,343.8959404400441,344.3767225815223,343.07303238358134,344.1733093261719,64119500.0,0.0055764984688991,0.0061231456793851,0.01491290859792121,0.015022266330168722,0.0438219540581441,0.0069086962325854455,0.006502210359650616,0.006552622493107354,0.0037878887252859677,0.0008065488815391176,0.09755137323371077,1.083035905741022
2020-12-18,344.4611087749372,344.62823947679175,340.7933577976849,342.79901123046875,136542300.0,-0.0040010343588059,0.006392022681836,0.012085100996352911,0.002440293250976721,0.0356194901825384,0.007430026662209712,0.006190097541163181,0.006675711726268626,0.011186968321004276,-0.0048252110387138865,1.1294972668221055,2.1661843441957225
2020-12-21,338.8898629814059,351.41588135786776,336.15994813580005,341.5733337402344,96386700.0,-0.0035819062815738,0.006413807934078,0.012990489002749607,0.0009153028266591211,0.0389090685809029,0.007227980348963538,0.006271333750370306,0.006489229084241081,0.04466371263533648,0.00791841554427294,-0.2940890844815123,1.4982693300887078
2020-12-22,341.8983673411588,342.0097878229692,339.87415302334546,340.9976806640625,47949000.0,-0.0016867203573045,0.0075088122791951,-0.002124946707062491,-0.003693162528785079,0.031245839926950694,0.004010514631865362,0.006209266442507442,0.006464880091882407,0.006262901247494666,-0.0026343696347562976,-0.5025351007971017,0.7542952662698157
2020-12-23,341.9633643931626,343.20760697353194,340.979112376798,341.3041076660156,46201400.0,0.000898215504623,0.0074997613034239,-0.0027949470241620906,0.0062144513361814206,0.016158674007837794,0.003937801880709126,0.005417404508405719,0.005501833080312556,0.006529351820502042,-0.0019278577642866791,-0.03644705833281192,0.7361925846938409
2020-12-24,341.7776869993081,342.6598131310871,341.19272941054123,342.6319580078125,26457900.0,0.0038829711630222,0.0081881910093509,-0.004488474330038991,0.010424434267882221,0.021584555303386092,0.003299179060667364,0.005498484946739583,0.0055135744299957285,0.004281806428904162,0.002499493211521772,-0.42733553528680945,0.42802737327742113
2020-12-28,345.1761753962295,345.9654417210335,344.5540681584186,345.5754699707031,39000400.0,0.008554193960439,0.0079343175376624,0.00806675398920591,0.020151854985558822,0.027357486780633496,0.0047885035409734175,0.005908139025664787,0.005753271003039893,0.00408412542341208,0.0011567848621512672,0.4740550081450152,0.6256291819974322
2020-12-29,347.098247357744,347.27467258670123,344.33118227864804,344.9161682128906,53680500.0,-0.0019096594997402,0.0078307319294053,0.00973900077103951,0.02272948977378912,0.029884957932064693,0.004375519632667709,0.005643213283774939,0.0056458049496526256,0.008533929630797684,-0.006286632564307893,0.3764089599081035,0.8824925579428317
2020-12-30,345.7332289197448,346.4389297116673,345.0182619794542,345.4082336425781,49455300.0,0.0014256066038011,0.0080388645020303,0.01285132773214511,0.010726381025082622,0.020432743406002794,0.0039276684927689424,0.004061637726799468,0.005196725710492154,0.004113010617121408,-0.0009400174758502426,-0.07871014614245397,0.8299335436277584
2020-12-31,345.2132342407314,347.8874388872676,344.70254763729105,347.1631774902344,78520700.0,0.0050679181253493,0.0084121220955746,0.017021030352871412,0.014226083328709322,0.023398974206305094,0.003926561862176143,0.004255244904527648,0.005270968946498632,0.009174046835846049,0.005648518237696459,0.5877105183873115,1.2826165274577868
2021-01-04,348.49106429337866,348.62107376333165,338.75066866047587,342.4369812011719,110210800.0,-0.0137072772662964,0.0070150651009204,-0.0005692180764471904,-0.005057692406486179,0.009964573923682492,0.00854929573478441,0.006123145679385033,0.0062327872885096945,0.02882400454598449,-0.017372276401067564,0.4035891172646193,1.73326678786288
2021-01-05,341.7962080602369,345.88178590422,341.74976397277425,344.7953796386719,66426200.0,0.0068634942999746,0.0077720956964119,-0.002259917736911591,0.005806836252294321,0.008247129503270995,0.008144607205758509,0.0063920226818359694,0.006126491373307252,0.011983982893784462,0.008774736254260666,-0.3972804843082529,1.0319529105517669
2021-01-06,343.2911234562188,350.0416393473608,342.743287286381,346.8567199707031,107997700.0,0.005960645348595,0.007745926011207,0.005610387111423609,0.015349387882463122,0.016264690709122193,0.008543230604383055,0.006413807934077888,0.006218039010491407,0.021041403094615593,0.010386509498370503,0.6258298683350847,1.604194344559764
2021-01-07,349.2246280958658,352.7530761209453,349.0482028609267,352.01025390625,68766800.0,0.014748521660808,0.0067067010372125,0.018933302168430508,0.03178462990057562,0.028091467371790493,0.01051231416169838,0.007508812279195064,0.00694856650179387,0.01052490153029831,0.007976601838114121,-0.36325681009873356,1.0018841747893552
2021-01-08,353.3937336428552,354.22941562712896,350.1531317059406,354.015869140625,71677200.0,0.0056814346205898,0.0065928538854514,0.019546818663671008,0.03656784901654242,0.04278230035272379,0.010534565292240365,0.007499761303423808,0.006555105115706813,0.011514410162130713,0.001760459902207993,0.04232274876830089,1.0461317155800025
2021-01-11,350.84951439553026,353.3844152987946,350.7287994312137,351.6294860839844,51034700.0,-0.0067637153326998,0.0061162095955992,0.026490380597267608,0.025921162520820423,0.03634559678870259,0.007710937520318828,0.00818819100935081,0.0068346089395057924,0.007552312797074706,0.0022230946786342422,-0.28799255551277114,0.7485136888903035
2021-01-12,351.81515363311456,352.7158118155588,349.46591609355505,351.7037048339844,52547700.0,0.0002110486217169,0.0102923529547266,0.019837934919009908,0.01757801718209832,0.03772987216765709,0.007943716663996634,0.00793431753766232,0.006809694118902412,0.009240436416607632,-0.00031678225903370246,0.029646495423701902,0.7736267560844616
2021-01-13,351.62953817301246,353.6444582491231,350.8495663690164,352.65093994140625,45303600.0,0.0026896555179763,0.0106959987150926,0.016566945088391207,0.02217733219981482,0.04490682197360389,0.007872920202232856,0.007830731929405203,0.0066432047289603224,0.007925377656929244,0.0029047666862708956,-0.13785760366295763,0.6789272483107219
2021-01-14,353.3936612748807,353.89508169750326,351.0816016465891,351.4158630371094,49989100.0,-0.003508411889176,0.0123795298667216,-0.0016899884615927917,0.017243313706837717,0.02796969473192029,0.004925522169272613,0.008038864502030245,0.006207829149044398,0.008006127061535247,-0.005596586624209189,0.10342445191993566,0.7570160401245412
2021-01-15,349.8002212044383,350.59875344385847,346.9960355450777,348.8531188964844,107160000.0,-0.0073193462736555,0.013533030919595,-0.014690769355838091,0.004856049307832918,0.019082132636542192,0.004351570878211655,0.008412122095574537,0.006505981227879406,0.010327320306543743,-0.0027075520555499733,1.1436673194756457,1.5650335632956107
2021-01-19,351.304439515749,352.13085517430096,349.828061713451,351.59228515625,51233300.0,0.0078212526122876,0.0140580096746444,-0.00010580141085069113,0.02638457918641692,0.021326886779930693,0.005795048011479181,0.007015065100920299,0.006608476552588697,0.006549613168635307,0.000819362376683299,-0.5218990294886152,0.7553518643332127
2021-01-20,353.87657321374,357.2936287805517,353.4866015027723,356.4579467773437,61836100.0,0.0137440480761512,0.0133055949387228,0.013427198043583609,0.033265132962593515,0.039071969214887786,0.008472439895738518,0.007772095696411825,0.007067601142296143,0.010680158240818843,0.007294559060976714,0.2069513382897452,0.9648058474916157
2021-01-21,357.0150639404166,357.4422136144088,355.8636810590546,356.7829284667969,47840100.0,0.0009112817933535,0.0138264028769459,0.011648824318960808,0.02821576940735202,0.04356515728981509,0.008509466004201507,0.007745926011206978,0.006952863501556257,0.00442435001623424,-0.0006502119856165979,-0.22634027695795822,0.7758136072784267
2021-01-22,354.9350642448892,356.6807271719311,354.5543587480902,355.5200500488281,52860500.0,-0.00354590610818,0.0137849702148475,0.011611330099956808,0.00992134163836402,0.041705971538939596,0.00851591109505218,0.00670670103721241,0.0070193682220674875,0.005981008450996994,0.0016481488104971246,0.10494125221310147,0.8538281376191246
2021-01-25,356.25362897614195,357.2750022410849,351.415906011499,356.92218017578125,70402000.0,0.003936128089402,0.0138935725842049,0.02286680446301431,0.008176035107176221,0.04474388412371859,0.006602834422540117,0.006592853885451303,0.00702519538039741,0.01641561257610937,0.0018766158300216739,0.33184513956546,1.115367023748246
2021-01-26,357.869315038569,358.2778757163541,356.1329463264064,356.3650817871094,42665300.0,-0.0015620593038961,0.0138739354566938,0.013483492546830608,0.01337769113597992,0.03929885365680029,0.006780025101492143,0.00611620959559916,0.007063461802698071,0.006018910099696831,-0.004203303240171723,-0.39397602340842586,0.6673710785479209
2021-01-27,353.05015999751345,353.14301984374345,345.4268398473695,347.65533447265625,123351100.0,-0.0247441452088871,0.0104352667418155,-0.025004700738207694,-0.01157750269462408,0.006000514487474188,0.011385986217243224,0.010292352954726577,0.009068382128560199,0.022194913269713856,-0.015280620535323346,1.8911340128863503,1.8100489765390544
2021-01-28,349.46593655582046,354.6379205656578,349.0295491652536,350.64520263671875,94198100.0,0.0085633227410266,0.0103359308418601,-0.017352659790534592,-0.005703835471573781,0.016473496728240986,0.01280514390642833,0.010695998715092518,0.009234918673187044,0.015994433570547504,0.0033744807649083194,-0.23634162970577477,1.342353982037317
2021-01-29,348.7882096621224,349.7539012035363,341.9541263228981,343.6255187988281,126765100.0,-0.0202224372790709,0.006167021084301,-0.034029190961425496,-0.022417860861468682,-0.005174547154631016,0.014839863157208163,0.012379529866721533,0.010360693327324203,0.022698473931455902,-0.014801792951360068,0.34572884166453455,1.7121324950308487
2021-02-01,347.0146573120808,350.37597423640665,343.9133309692816,349.3453063964844,75817600.0,0.0165083933950379,0.0052285874800108,-0.021456925655789588,0.0014098788072247192,0.0062659281150575855,0.01787062770320355,0.013533030919594968,0.01096826599726889,0.018499298970945235,0.006716284270112487,-0.40190478294104603,1.0258909682338542
2021-02-02,352.52093227928594,355.8358337158987,349.42890017127894,354.28515625,64450700.0,0.0140412653403934,0.0040194254002608,-0.005853601011500091,0.007629891535330519,0.03401447072174738,0.01973183622902161,0.014058009674644375,0.010855839769420695,0.01808411510218256,0.00500459351252465,-0.14992429198497448,0.8999465134572658
2021-02-03,355.11149587959494,356.281467508707,353.2915620518551,354.56365966796875,52427100.0,0.0007857907808976,0.0045792294586431,0.019676334978284613,-0.005328365759923081,0.027936767202670385,0.014791445891404655,0.013305594938722753,0.010788570611312314,0.008432633676140933,-0.0015427160708194629,-0.18655499474792359,0.7392825249072179
2021-02-04,355.59436662167684,358.6399826506837,354.6751192898168,358.59356689453125,47142600.0,0.0113017157254085,0.0034490379900939,0.022414727962666508,0.005062068172131918,0.03327783757948388,0.0150540143642139,0.013826402876945856,0.010972030879095953,0.011056705214215505,0.008434330108624336,-0.10079710683978327,0.694566290920741
2021-02-05,360.459948611988,360.7106447040377,358.54715471512554,360.00494384765625,48669800.0,0.0039281427580423,0.0042259868884983,0.04656530799977971,0.012536117038354219,0.022457458676718185,0.006704385766769337,0.013784970214847446,0.010551600118516833,0.006009611884184774,-0.0012622893780122701,0.0323953282169418,0.7278425287450003
2021-02-08,361.4534777465929,362.6513046740329,360.5992351085053,362.6048889160156,38365200.0,0.0071960169092776,0.0034114468128805,0.037252931514019406,0.01579600585822982,0.023972040965405984,0.005365635131490505,0.013893572584204856,0.010591399021151296,0.005659244064971398,0.0031855030877028785,-0.21172472457252756,0.5883963747978715
2021-02-09,361.76918395765694,362.95774475328056,361.3606516052226,362.3634643554688,35551100.0,-0.0006660278848916,0.0050429051837897,0.022545638288734408,0.01669203727723432,0.030069728413214186,0.004856481296927206,0.013873935456693801,0.01043676746784991,0.004407434261891463,0.0016427059687909432,-0.07335032790132723,0.5517889087031802
2021-02-10,364.0997382243803,364.2483082851128,359.809880441782,362.20550537109375,59154400.0,-0.0004360081468489,0.0093383414002639,0.021323839360987907,0.04100017433927252,0.029422671644648384,0.005114543343570271,0.01043526674181547,0.010441986345548002,0.012253893929037406,-0.005202510890351731,0.6639260107282194,0.91345252577474
2021-02-11,363.2826838806573,363.7005390243798,360.3670773709089,362.7905578613281,42913300.0,0.0016139470182017,0.0092922731540162,0.011636070653781107,0.034050798616447615,0.028346963144873782,0.0032928656994834406,0.010335930841860063,0.010438149262510162,0.009188391432020377,-0.001354664125667109,-0.27455438648688857,0.6638853489635808
2021-02-12,361.9920022182859,364.82404318438233,361.9177030106144,364.5826416015625,50593300.0,0.0049275595187309,0.0124385452714166,0.01263548741446971,0.05920079541424943,0.036782934552780686,0.0034413265957376937,0.006167021084300936,0.01039899901961734,0.007971691030052288,0.007156620498246274,0.1789654955456701,0.7823322883072147
2021-02-16,365.8083506928999,366.0033648900088,363.55200072791945,364.2669677734375,50972400.0,-0.0008662249215839,0.012637324466054,0.004573245583608209,0.04182617709762762,0.043236055904852286,0.002453914964752044,0.0052285874800107185,0.010198047631871493,0.006729581265831474,-0.004213635135837643,0.007493087029310175,0.8239900595622842
2021-02-17,362.5212660866274,364.60119044464864,361.5091306885375,364.3504943847656,52290600.0,0.0002292742516672,0.0131510040942492,0.005468547720167008,0.028014186008901418,0.035644077544231885,0.002339747868682123,0.00401942540026068,0.010117277359222148,0.00848649803901691,0.0050458510141612204,0.025861054217576562,0.8445775480946588
2021-02-18,361.7505480599932,363.542626693373,360.0327402924635,362.7998046875,59712800.0,-0.004265121117307,0.0135000947578144,0.0016394347497089082,0.02296327411069682,0.017634908350773686,0.0033668341572992457,0.004579229458642991,0.009792840124302541,0.009674444019981725,0.0029004976858605417,0.14194138143375667,0.9661146836478721
2021-02-19,364.0532596258665,364.3411052135776,361.7133169943616,362.1590270996094,83241000.0,-0.0017677631519557,0.0151863146165887,-0.0017422754204484917,0.009893795233332621,0.014955863405464485,0.003383522391179369,0.0034490379900937477,0.009810721298323598,0.00725589595339071,-0.005203174195456403,0.39402272209643496,1.309290122874238
2021-02-22,359.4013292371553,361.7783935972179,359.10418910793686,359.3734741210937,67414200.0,-0.0077212511226185,0.0150893574181997,-0.01439108606179789,-0.0017555986473281795,0.010780518391025984,0.0031747521279178368,0.0042259868884982,0.009950329214114416,0.007441296261003317,-7.750420990582851e-05,-0.19013226655133886,1.0483527029089625
2021-02-23,357.1728509983925,361.1563027953284,353.0315629822929,359.8099060058594,107284100.0,0.0012136874972332,0.015873466965291,-0.012311173642980792,-0.007737928059372579,0.008058077798857186,0.0036106290426715206,0.0034114468128804065,0.00991998583103036,0.0225806451612902,0.007383133964677339,0.5914169418312463,1.6218554508542005
2021-02-24,358.72354113198065,364.2019604215528,357.7392890909114,363.7748107910156,72433900.0,0.0109591714038772,0.0155743199113376,-0.0015812764907707933,0.0038872712293962193,0.020579308506630485,0.0071065172858737,0.005042905183789583,0.010181125212914331,0.017765582274892937,0.014081232703867968,-0.3248403071843824,1.0709145913608178
2021-02-25,362.5120024028312,363.8769599629682,353.5701404616122,355.0093688964844,146670500.0,-0.0243908441349231,0.0133735666577273,-0.021706999508386893,-0.020067564758677978,0.02093260958059449,0.013086192081189356,0.009338341400263853,0.010134251839685615,0.029032528165084392,-0.020696234763586417,1.0248875181372257,2.131733625334449
2021-02-26,356.88495379967856,358.0270417814493,351.202283993597,353.1800537109375,152701600.0,-0.005166186321825,0.0130934584058882,-0.02510542267825619,-0.026847698098704683,0.007203100517742887,0.013007118274757989,0.009292273154016137,0.010063042350829901,0.019323735064149708,-0.010381216829949733,0.04112006163475268,2.1288812901805576
2021-03-01,358.0363995657325,362.9855428178806,353.3751303176071,361.74127197265625,105348800.0,0.0239512439222486,0.0110536412254871,0.006567072366610912,-0.007824013695186982,0.05137678171906239,0.01808463457922088,0.012438545271416622,0.010155015015971294,0.026567088814239505,0.010347753500530807,-0.3101002216086799,1.4909730355127357
2021-03-02,361.9641337209318,362.1962691468464,358.41709761211445,358.91851806640625,79595300.0,-0.0078338444327768,0.0106076993801549,-0.0024804595633990886,-0.01479163320637988,0.027034543891247688,0.018543913183820877,0.012637324466053994,0.009850566888440278,0.010529330041513097,-0.008414136569878087,-0.2444593578664399,1.1234873752296068
2021-03-03,358.22218274333903,359.18784590388924,354.0623048857202,354.1644592285156,119940200.0,-0.0133340142080275,0.0090572514589134,-0.026773645175303788,-0.028354921666074583,-0.0003407356571732117,0.01796569148718732,0.013151004094249184,0.009896347061630518,0.014472206017888163,-0.011327393194214072,0.5068754059598997,1.6291550073070074
2021-03-04,353.9787065028338,356.5600515760826,345.306129482108,349.7817077636719,183433000.0,-0.0124521115416579,0.0095190163791177,-0.014834912582038588,-0.03654191209042548,-0.01357863797972871,0.015415550392495118,0.013500094757814378,0.010275265311942429,0.03217412987639211,-0.011856641832008977,0.5293704696173593,2.2880102949424423
2021-03-05,353.2730017544948,357.2657484566025,346.01182648724296,356.21649169921875,152039600.0,0.0182294009680984,0.0081708718544347,0.008560674707884812,-0.016544747970371376,-0.00665095273703881,0.017927187803240523,0.015186314616588651,0.010803581181492336,0.031592927985103304,0.008332054615284426,-0.17114368734088192,1.7799843835344924
2021-03-08,357.1729699525269,359.9771565977927,354.16450293331104,354.44305419921875,123149200.0,-0.0049909726579096,0.0079917706150915,-0.02038154187227339,-0.013814469505662478,-0.01557006815299071,0.012926325398698675,0.015089357418199733,0.010802533500605381,0.016399400681201118,-0.007643119673000426,-0.1900189161244834,1.381522202799017
2021-03-09,358.2778276525571,362.047704761688,357.77640719038783,359.5035095214844,113633600.0,0.0141762432298678,0.0076446919692628,0.0016285457903712115,-0.0008519137730278788,-0.00858984183240051,0.014920684671853823,0.015873466965291017,0.011179904823376179,0.011881101180306901,0.003421037458438212,-0.0772688738538293,1.223133925477305
2021-03-10,361.8434262973439,363.4312247093334,360.4320530796693,361.74127197265625,109899400.0,0.0062052986424056,0.0076130003169559,0.02116785864080431,-0.005605786534499478,-0.0017185153051033101,0.012865961925172842,0.015574319911337583,0.01127740850183005,0.008290930181422029,-0.00028231637571250317,-0.03286175919798373,1.1374269750300814
2021-03-11,364.2019950148293,367.37759240388,363.7469902205475,365.4090881347656,86245000.0,0.0100882773919645,0.0070513311082194,0.04370824757442671,0.028873334992388124,0.00880577023371009,0.008893588007846731,0.013373566657727211,0.01150348398193754,0.009935719447660512,0.0033143506528215297,-0.21523684387721864,0.8802702795665737
2021-03-12,364.0533342174548,366.0403986280399,363.2455075098559,365.901123046875,64653600.0,0.0013456259158714,0.0088120744122505,0.026824472522199713,0.03538514723008452,0.008537449131379792,0.007484233361701859,0.01309345840588812,0.011502199543533494,0.007638378081244541,0.0050755992480939535,-0.2503495854832164,0.6526539454519695
2021-03-15,366.1519298888917,368.3433035974085,364.01629476654966,368.0833129882813,73427200.0,0.0059461652424389,0.0086287684000301,0.03776161042254821,0.01738006855027482,0.00955605485508779,0.004827646682028966,0.011053641225487089,0.01152540859736847,0.01175551479291488,0.005274813381362474,0.13570164693071995,0.7327749407959538
2021-03-16,368.6960999272851,369.4017724273784,366.84828247322,367.6189880371094,73722500.0,-0.0012622633154084,0.0086656323679959,0.022323103877272012,0.02395164966764322,0.009160016461263291,0.004454654237672068,0.010607699380154862,0.011528179206652943,0.006946023021804817,-0.0029214084184458664,0.004021670443650205,0.7274638536386835
2021-03-17,366.33753812086064,369.6709992628649,365.1954216836132,368.8724670410156,97959300.0,0.0034039233057483,0.0086957005620503,0.019521728540614715,0.04068958718141902,0.01233466551534439,0.004356069226929813,0.009057251458913392,0.011546705212885117,0.012133129954516387,0.006919653751995976,0.328757163688155,0.9453227804345736
2021-03-18,366.2912411031278,368.37116601733726,362.8277694050452,363.505615234375,115349100.0,-0.0146562219842397,0.0075417286839786,-0.005222770835589486,0.03848547673883722,0.0019435646484116907,0.008057558075431126,0.009519016379117657,0.012002704816634052,0.015249823881586713,-0.007604948074552803,0.1775206641942113,1.0840362041783789
2021-03-19,363.2055437319176,364.7799210991891,360.662312193328,362.8329162597656,113624500.0,-0.0018523020266119,0.0081707800908762,-0.008420698778072786,0.01840377374412692,0.0018590257737554907,0.007946557677795408,0.008170871854434663,0.012003411017316104,0.011348498775434058,-0.0010259410369215414,-0.014951135292776474,1.0527978231056527
2021-03-22,363.3453740252096,367.1089779028957,363.2894813107104,365.730224609375,73778600.0,0.0079535278697851,0.0081863516687337,-0.006413336150726586,0.03134827427182162,0.01753380476615909,0.008462391766766364,0.007991770615091404,0.011978044860672298,0.010443480836905794,0.006563591432981724,-0.35068053104744135,0.6815924511603135
2021-03-23,365.09668084256,366.5406230570263,362.0690362260645,362.8515625,90686600.0,-0.0079021384828428,0.0072453063391883,-0.013053211318160986,0.00926989255911102,0.00841797878608309,0.008964481197407212,0.007644691969262711,0.012136931389248337,0.012323460315709198,-0.006149380315862513,0.2291721447682662,0.8442671769636476
2021-03-24,364.2489379839986,365.8792081667914,360.9604512667513,361.0070190429688,97588600.0,-0.0050964304258188,0.0064532119797184,-0.021553565049728086,-0.0020318365091133786,-0.007637623043612909,0.008321668006493737,0.0076130003169558496,0.011932471369465342,0.013625100456716121,-0.008900283852501438,0.07610826737357002,0.8980079654145569
2021-03-25,359.5724129695901,363.82972563036685,357.63470442840975,363.0379028320313,116128600.0,0.0056098428529826,0.0064831823911962,-0.0012875002125057869,-0.006510271048095279,0.022363063944292792,0.006823595634564426,0.007051331108219344,0.010562500647746175,0.017064392322758068,0.00963780795590198,0.1899812068212885,1.0838430815599185
2021-03-26,364.183703317546,369.28878794295866,363.587505033435,368.8882141113281,114409100.0,0.0159864110271946,0.0054613712170496,0.016551212841300712,0.008130514063227921,0.04351566129331239,0.009796978441395066,0.008812074412250454,0.010951958555236733,0.015455313266807361,0.012917960773439824,-0.014806860669981381,1.0872228313078924
2021-03-29,367.4163152580118,369.6055409089994,365.93510175704296,368.701904296875,108107600.0,-0.0005051852343618,0.0052585005667253,0.008092499737153811,0.0016791635864272202,0.019059232136701992,0.009521168150162143,0.008628768400030074,0.009684696492330147,0.009955031718526275,0.003498998235721776,-0.055078660700940696,1.025995142952075
2021-03-30,367.4349359437374,368.3944651831491,366.1306971541533,367.7237243652344,76262200.0,-0.0026565629137475,0.0053739656698918,0.01333807530624911,0.0002848639880881202,0.02423651365573129,0.00843713466633451,0.008665632367995862,0.009504996114268836,0.006156165292036897,0.0007859579839767728,-0.29457133448527206,0.7249129352494905
2021-03-31,368.29194499569184,370.769958683881,368.263998648555,369.2142028808594,112734200.0,0.0040450640219569,0.0057563982331611,0.022479569754024813,0.0009260047042967201,0.041615591885715696,0.007239553589099849,0.008695700562050221,0.008879006093216676,0.006787279621890994,0.002504148944062102,0.47824479230864037,1.0752814425002677
2021-04-01,371.1425953951237,373.257306623369,370.9376460344491,373.2013854980469,99682900.0,0.0107412102174562,0.0053724775651837,0.02761093711849841,0.02632343690599262,0.0648089136448298,0.007780444176444852,0.007541728683978517,0.00838168385281629,0.006215573358132858,0.005547167391905975,-0.11577054700348255,0.9903514085421483
2021-04-05,375.8564897892532,379.0984090413508,375.7819756542243,378.5580749511719,91684800.0,0.0142513141412703,0.0047179620869489,0.02587584023257411,0.04242705307387482,0.06083082681800169,0.007215206367766873,0.008170780090876115,0.008047814495361277,0.008760699101595609,0.007187810335358264,-0.08023542653755056,0.939043898925738
2021-04-06,377.9991164320186,379.3778410378448,377.663731778131,378.33447265625,62021000.0,-0.0005908429198663,0.0055631469419534,0.02579018254706961,0.03388268228422342,0.065230956556045,0.0072321472146745416,0.008186351668733634,0.007874956715250812,0.0045306716241826535,0.000887187852175127,-0.3235410885992007,0.6557522992195384
2021-04-07,378.1666632426824,379.1168673110784,377.7101968416363,378.7721862792969,55836300.0,0.0011562800740129,0.0060976549511855,0.029603025534830008,0.04294110084107912,0.052210993400190094,0.006349298178398045,0.007245306339188196,0.007451984993913357,0.0037137638939647236,0.0016012068103049978,-0.0997194498637558,0.6089678973363033
2021-04-08,380.02068189018087,380.6262052108521,379.089098803099,380.5703125,57863100.0,0.0047360172374627,0.0070012392258682,0.03029397875033581,0.05277354850436062,0.05074171199524719,0.006305641526098845,0.006453211979718318,0.007421863078110205,0.0040389551083365935,0.0014463176243075264,0.036298966801167065,0.6495032340968909
2021-04-09,380.4492124791382,383.5048037222059,380.32810213483407,383.3370971679688,61104600.0,0.0072438013594857,0.0074330831366986,0.02679656989236531,0.05440750701086372,0.04789723596276839,0.005832609183046335,0.0064831823911961186,0.007295727311311572,0.008286966252003224,0.007590723266351715,0.05602015792448034,0.6957047846995635
2021-04-12,382.7408177148852,383.7469146788607,382.13529455131146,383.4767761230469,56704900.0,0.0003643099361871,0.007429762602841,0.01290956568728211,0.03878540591985622,0.04691591998308409,0.0032935520664433334,0.005461371217049508,0.007306447040994082,0.0042026537926044705,0.0019228636562873397,-0.07200276247614745,0.6485467831456685
2021-04-13,383.3743494088719,385.2375154018544,382.9923969687516,384.61334228515625,56551000.0,0.0029594626057896,0.007425441276661,0.01645987121293801,0.04225005376000762,0.04392921734643479,0.002781419133920344,0.0052585005667252676,0.007259357327210218,0.005837338922678962,0.0032318095308012697,-0.002714051166654019,0.6530894598364303
2021-04-14,384.5853346192152,385.6380277861679,382.7594401974928,383.2997741699219,61659900.0,-0.003421140668848,0.0072770358204147,0.011882450470077108,0.041485476004907124,0.04177033999299519,0.004100589460527993,0.00537396566989177,0.007329208845628376,0.007510016396198109,-0.0033427183347128154,0.09034146168944845,0.7170852704271218
2021-04-15,385.4331430857711,387.6875864651336,385.3865753074208,387.41741943359375,60229800.0,0.0106853317297228,0.006776920945324,0.01783176496233721,0.048125743712673016,0.04905174841696969,0.005559899911334061,0.005756398233161003,0.007574725036090499,0.005939359053800192,0.005148172603779079,-0.023193355811475524,0.7161656958227414
2021-04-16,388.7030163808725,389.3178645876654,387.28702042046496,388.71234130859375,82037300.0,0.0033368726263265,0.007115783976534,0.013924836229178013,0.04072140612154332,0.0670448430275359,0.005175088511739964,0.0053724775651836625,0.006415588566579562,0.005224542550832382,2.3989851707543936e-05,0.36207159910874687,0.9951782487925607
2021-04-19,387.7807916208064,388.227933315343,385.4797802188034,386.8026123046875,78498500.0,-0.004925070381316,0.0069197556666768,0.008635455911674913,0.02154502159895702,0.06397207467283178,0.006227273761247224,0.004717962086948793,0.006581434349553036,0.007104794562180677,-0.0025225058519025385,-0.043136475725066514,0.9729794116101345
2021-04-20,385.59152639170094,386.6907875184191,382.4986639809094,383.9705810546875,81851800.0,-0.0073485793717549,0.0067777667256631,-0.0016725860658695878,0.01478728514706842,0.04866996743129179,0.0073265555479525134,0.005563146941953337,0.0068821520787612465,0.010917824813543808,-0.004203788792201855,0.042718013720007386,1.0094923493632506
2021-04-21,383.3556830388797,387.8086481028548,383.21592286206607,387.6036987304688,66793000.0,0.0094174848032097,0.0060712506296433,0.011166039406188114,0.02304848987626522,0.06598959071734428,0.008174990870897262,0.00609765495118547,0.006596923274971833,0.01184902325708309,0.011081133995236147,-0.18397640613889976,0.8360886677333339
2021-04-22,387.4360751101364,388.2651692129653,383.0017308457312,384.063720703125,97582800.0,-0.0091749444669749,0.005618615058399,-0.008694236790509588,0.009137528171827622,0.061911076676188184,0.007860396479902991,0.0070012392258681656,0.006924999614289127,0.013704596616410646,-0.008704286006543804,0.46097345530220224,1.2215077840409168
2021-04-23,384.6226834733431,389.6346047551007,384.5481693395225,388.2279052734375,73209200.0,0.0107840737533698,0.0050631384699498,-0.0012470356634662876,0.01267780056571172,0.0670853075765754,0.00958008076901725,0.0074330831366985145,0.007117842035155859,0.013101673904650831,0.009373398800968701,-0.24977352566230937,0.9417040128014489
2021-04-26,388.8799463969704,389.60657988132425,388.2930446539053,389.0382995605469,52182400.0,0.0020852433200321,0.0061625808576218,0.005763278037881812,0.014398733949556722,0.053184139869412894,0.009231354944524725,0.007429762602840944,0.0064684945764848095,0.0033763648178153118,0.0004072032128260394,-0.28721526802642294,0.6992160578074207
2021-04-27,389.3365423500406,389.532195282552,387.8180572539488,388.95458984375,51303100.0,-0.0002151940416421,0.0067974424785084,0.012896663367994613,0.011224077302125024,0.05347413106213259,0.008066824587201158,0.007425441276660936,0.006461349125982056,0.004407038953549312,-0.0009810343102785004,-0.01685050898387197,0.7146309690367579
2021-04-28,389.2246648182536,390.342575715046,388.3769209336228,388.84271240234375,51238900.0,-0.000287677629775,0.0094180025128664,0.003191500935009912,0.014357540341198021,0.05584301634610509,0.0071224297757949235,0.007277035820414656,0.006379692538556126,0.005055141111631036,-0.0009813160635341214,-0.0012513863684651128,0.7263964807858406
2021-04-29,391.5629298790943,391.93555735176267,387.948383691938,391.3207092285156,78544300.0,0.0063525284336046,0.0101651420830771,0.01871897383558941,0.01002473704507982,0.058150480757752795,0.004770958355622593,0.006776920945323912,0.006424252315763943,0.010189017769300682,-0.0006185995458086236,0.532903711828318,1.1411515905073706
2021-04-30,389.057011063111,389.9047550008008,387.8552610382918,388.7495727539063,85527000.0,-0.0065920875204444,0.011420896046339,0.001342812561775211,9.577689830892085e-05,0.04081718301985218,0.004688467576396976,0.0071157839765339514,0.006480753524215766,0.005272015987028161,-0.0007902140315236257,0.08890142250933541,1.2555125105354523
2021-05-03,390.7338415630485,391.1157939955126,389.0942748542552,389.5880126953125,68128300.0,0.0021544385916587,0.0114112353039918,0.0014120078334018114,0.007175285871283621,0.02872030747024059,0.0046952676891761835,0.006919755666676781,0.005811078928299812,0.005188863813523872,-0.0029325048046832565,-0.20342932641154254,1.01770063528332
2021-05-04,387.6037329855272,388.09747082223015,383.5047736052085,387.18450927734375,101591200.0,-0.0061884554887115,0.0115698192586566,-0.0045612536136675885,0.00833540975432702,0.023122694901395388,0.0055378374360162234,0.006777766725663007,0.006043969878584885,0.011861779350608866,-0.001081578097698794,0.4911747394254664,1.474005275828993
2021-05-05,388.8241796631968,389.05707545067736,386.7467390041926,387.3056945800781,60162200.0,0.000312942121462,0.0115731991140549,-0.003960633862430589,-0.00076913292742068,0.02227935694884449,0.005561237070357546,0.006071250629643234,0.006046909949482514,0.0059651496965198655,-0.003905325755291218,-0.40780106938396243,0.8701735141509758
2021-05-06,387.3801805344539,390.5289359008101,385.3772825937991,390.3985290527344,74321400.0,0.0079537970446613,0.0118435468984651,-0.002359365251373889,0.01635960858421552,0.02549713675604309,0.006095935206745395,0.005618615058398977,0.006189480018653314,0.013195882985294491,0.007791695780915133,0.23535043598804561,1.062324938380025
2021-05-07,391.1623952565096,393.8919265936675,390.4823294392389,393.2398071289063,67733800.0,0.0072515352953938,0.0114955789221543,0.01148425756446431,0.012827070126239518,0.02550487069195119,0.005755574188536334,0.005063138469949682,0.006189872793594216,0.008670529007026228,0.005310868062954753,-0.08863665108568997,0.9635986976711896
2021-05-10,393.5938416617148,393.81741249794896,389.2247148491328,389.3458251953125,81852400.0,-0.0099516625647085,0.0116511214211082,-0.0006218435919028882,0.0007901642414989175,0.015188898191055589,0.007956142526161903,0.00616258085762175,0.006680169533487828,0.011795933978519678,-0.010792893629807808,0.2084424615184739,1.1439901780456343
2021-05-11,384.8369282355566,386.8584473474661,382.0049080638009,385.8709716796875,116888000.0,-0.008964916143077,0.0112437159544475,-0.003398304246268389,-0.007959557859935983,0.003264519442188989,0.008559223084538159,0.006797442478508339,0.006998053167310055,0.012578140466327043,0.0026869652267308935,0.42803387561024486,1.5675616341945369
2021-05-12,383.0948850362776,384.3618242624742,376.3595297518344,377.6730651855469,134811000.0,-0.0214741288689481,0.0080286806308485,-0.02518537523667849,-0.02914600909910908,-0.014788468757911111,0.01254522365623616,0.009418002512866373,0.008489975933481629,0.02118841730666813,-0.01415268139175838,0.15333481623434397,1.723389861362809
2021-05-13,379.2194656575238,384.1382223326197,379.1728694537815,382.2098388671875,106394000.0,0.0119408597385479,0.0074569907836735,-0.021198312542791885,-0.023557677794165774,-0.01353294074908601,0.01365502402449409,0.010165142083077052,0.008583030592661108,0.012991169702890822,0.007885600504390557,-0.2107914042622635,1.3211307281666178
2021-05-14,384.9393967974584,388.9265708311616,384.9114504451291,388.0788269042969,82201600.0,0.0152387069193231,0.0058857943672967,-0.01321114091886259,-0.00172688335439828,-0.0016311064560894113,0.015655981212682708,0.011420896046338953,0.00926171331608515,0.010346146472512016,0.008155647701838943,-0.22738500291369812,1.020621301677803
2021-05-17,386.9702267000928,387.9018095813703,385.0790861586322,387.09130859375,65129200.0,-0.0025478763939555,0.0058026181774728,-0.005807354748109587,-0.006429198340012479,0.0007460875312710869,0.015133215556236567,0.011411235303991811,0.00921139993468885,0.007292138469842294,0.0003128971825293931,-0.2076893880411087,0.8154168129418616
2021-05-18,387.3521831986254,387.5944038655917,383.597905008926,383.75628662109375,59810200.0,-0.008652923877431,0.0047123234299241,-0.005495362482463587,-0.008893666728731979,-0.0005582569744050116,0.015093587169172536,0.011569819258656553,0.00927087008070328,0.010414158662661075,-0.009283274326319677,-0.08166843750575781,0.7592998367402901
2021-05-19,379.0798024141684,382.92721668401646,377.5985602871788,382.7502136230469,106467100.0,-0.0026250881772591,0.0048428241947143,0.013353678209225412,-0.01183169702745308,-0.012600829954873813,0.010336755163147917,0.01157319911405491,0.009012594152211019,0.013922020699603264,0.009682423557001654,0.7800826614858336,1.3184142612050773
2021-05-20,383.6257879012821,388.1253487720792,383.504706017484,386.8677062988281,78022200.0,0.0107001977341889,0.0045374787286327,0.012113016204866415,-0.009085296337925475,0.00727431224628999,0.010070045202154812,0.011843546898465108,0.009115972402790495,0.011943728254810819,0.00845073115465398,-0.26717079736369265,0.9780174770881548
2021-05-21,388.3490656109407,389.5880871287696,386.0946502945075,386.5511169433594,76578700.0,-0.0008186751178976,0.004547263570521,-0.003944365832354285,-0.017155506751216874,-0.004328436624977411,0.007076522977801059,0.011495578922154245,0.008780963557914028,0.00903745114458939,-0.004629723171221915,-0.01850114454603946,0.9579000892495843
2021-05-24,388.7868558465473,391.5629834929008,388.5446351628032,390.4916687011719,51376700.0,0.010142518819197,0.0034610848647836,0.008746029380798215,0.002938674632688624,0.0037288388741874897,0.008433574599157334,0.011651121421108216,0.009072123594054585,0.007729610058358007,0.00438495496693806,-0.3290993448569902,0.6429798033429213
2021-05-25,391.57227976579446,391.9262858634761,389.0476977323679,389.6252746582031,57451400.0,-0.0022211910830901,0.0033989872096293,0.015177762175139114,0.009682399692675524,0.0017228418327394895,0.0067784038190073035,0.011243715954447451,0.009087873029282158,0.007388093941373325,-0.004972275128249303,0.11823842325412093,0.7162490955160035
2021-05-26,390.2122010644439,390.9015634477315,389.1781574895125,390.3985290527344,43088600.0,0.0019826437197166,0.0035984266095853,0.019785494072114815,0.03313917228134022,0.00399316318223109,0.006095214502143385,0.008028680630848412,0.009097132419847076,0.004414478615994539,0.00047750425994422973,-0.24999912969918925,0.5399305661065839
2021-05-27,391.4231910374945,391.9355502494223,390.3239016330106,390.6033935546875,56707700.0,0.0005246197242839,0.0035968269864548,0.009609916062209815,0.021722932267076223,-0.00183474552708961,0.00485310754578746,0.007456990783673431,0.00898228697999367,0.00412604868008153,-0.002094401919912022,0.3160720004827262,0.7204441856392283
2021-05-28,392.1684587891069,392.42930086674016,391.069197778342,391.3020935058594,58520200.0,0.001787172871157,0.0036079063262169,0.012215764051264413,0.008271398218910122,0.00654451486451179,0.0046195099415404055,0.00588579436729664,0.008857685506886929,0.003475839028133852,-0.0022091661474321783,0.03196214976096723,0.7564483218105268
2021-06-01,393.65898211112926,393.7987138563774,390.5195523727247,390.9573974609375,54216600.0,-0.0008812831834233,0.0036820013020106,0.001191962048644114,0.009937991429442322,0.0035087930894297896,0.001790690091677844,0.005802618177472694,0.008850733733892249,0.008387516146130243,-0.006862753735996577,-0.07354041852215132,0.7071772557949584
2021-06-02,391.6095674253817,392.410743642536,390.6034702269548,391.5722961425781,49097100.0,0.0015715667104375,0.0042438649549861,0.004984719842171715,0.020162482017310822,0.01126881528857879,0.0011913316540307752,0.00471232342992401,0.008726286293581185,0.004615427172414428,-9.517459710864506e-05,-0.0944267991722092,0.6631024045229766
2021-06-03,389.2620085309456,391.25558160462,387.7994162238815,390.1190490722656,58138800.0,-0.0037182162844349,0.0040051265396891,-0.000716140161979786,0.01906935391013502,0.00723765688268189,0.002260434454521731,0.004842824194714261,0.008778774350019364,0.008859258190435733,0.0022017061067800014,0.18415955321190047,0.7862934351054807
2021-06-04,391.963486198523,393.98503350269976,390.18415953410863,393.6869201660156,55938800.0,0.0091040279784252,0.0050446317405143,0.007863268092161512,0.017473184154371317,0.00838788781644579,0.004763998572577353,0.004537478728632565,0.008834717674705716,0.009654559940646049,0.004396924785539129,-0.037840478303645786,0.7660624061188801
2021-06-07,393.6776507018846,393.854653743624,392.3734402072181,393.3050231933594,51555000.0,-0.000970523283891,0.0070935268022098,0.005105571937113512,0.017321335988377918,0.00016582923716099,0.00489089670275513,0.004547263570520878,0.008690182303465686,0.0037660681889580103,-0.0009465294965585991,-0.07836778765365005,0.713936891468506
2021-06-08,394.1620563356279,394.2552203184516,391.5629603216794,393.3888549804688,47134300.0,0.0002131242907883,0.0072916424064302,0.006199979411325112,0.007391941459969218,0.01033061609265779,0.004808265491912351,0.003461084864783519,0.008368302439209455,0.0068437627621807,-0.0019616331474095394,-0.0857472602075453,0.668795891274748
2021-06-09,394.2272616788116,394.3018042346096,392.5783701098852,392.8019409179688,48436300.0,-0.001493057854638,0.0072833860140182,0.003135354846249612,0.008120074688421318,0.01780247438109679,0.004948710108012799,0.003398987209629204,0.008084717244707698,0.004387539737448296,-0.00361547995126741,0.027623195846761206,0.7223500839438197
2021-06-10,394.0223149057569,395.5780709347275,392.7087795402519,394.6278381347656,51020100.0,0.0046376211261329,0.0073723438476111,0.011491192256817412,0.010775052094837617,0.04391422437617779,0.004505494268392254,0.003598426609585182,0.006163061330114861,0.007270879337954257,0.0015367739493473993,0.05334428930368329,0.8115919021039468
2021-06-11,395.1774772714472,395.3917231433167,393.8918883216148,395.2799377441406,45570800.0,0.0016510782079285,0.0074243023425553,0.004038242486320714,0.011901510578482218,0.03362444284555839,0.002459098800768897,0.003596826986454698,0.0057203142141510925,0.003794361105856987,0.00025927710607624336,-0.10680692511382772,0.7617596355385974
2021-06-14,395.3917787091995,396.2674690320145,394.1527857880061,396.1650085449219,42358500.0,0.0022365956694391,0.0074200714854164,0.007245361439650814,0.012350933376764319,0.02062233159567439,0.0022919173408513637,0.003607906326216826,0.004755983493900929,0.005337884968123368,0.001955604231951044,-0.07049031397298267,0.7324542591103738
2021-06-15,396.3140141846101,396.3512570316688,394.5626337646086,395.4383239746094,51508500.0,-0.0018359821000933,0.0073625211730408,0.005196255048769214,0.011396234460094317,0.021334225889536592,0.0027127379098239265,0.00368200130201045,0.00473038290066237,0.004523140926459707,-0.0022095867889061985,0.2160133149190835,0.9012879817070482
2021-06-16,395.5781066988787,395.8016775286566,391.1903585865381,393.2304992675781,80386100.0,-0.0055988785392153,0.0069851602400181,0.001090434364191914,0.004225789210441517,0.024388271227752292,0.0039911280014246165,0.004243864954986015,0.004440521221542034,0.01172675809914917,-0.00593462426647287,0.5606375646737918,1.3817107385137253
2021-06-17,392.82063411530976,394.0782484791992,390.63140827908353,393.10009765625,90949700.0,-0.0003316712157295,0.0070385675134805,-0.0038788579776704857,0.007612334279146918,0.026681688189281887,0.0031443436739304704,0.004005126539689039,0.0043649864529826145,0.008768352439153537,0.0007114278545210208,0.1314107787291583,1.5844121206272064
2021-06-18,389.8251604695109,390.5167781405025,387.5914076691271,387.7970275878906,118676300.0,-0.0135822028814635,0.0044277806495775,-0.019112139067062484,-0.015073896580741781,0.0023992875736294893,0.006149229633094807,0.0050446317405142905,0.004959301875267814,0.007543560840502816,-0.005202673114217513,0.30485642063690155,1.99672384404542
2021-06-21,389.5540951870982,393.53563141152,388.74097097735967,393.34869384765625,72822000.0,0.0142144022118502,0.0032341397503642,-0.007134332524651385,0.00011102891499942084,0.01743236490337729,0.01013871296323048,0.0070935268022097155,0.005865919812733966,0.012189338643176744,0.009740877345251758,-0.3863812741044337,1.2291115220977025
2021-06-22,393.33932268734105,396.2834035896653,392.6196388178262,395.4515686035156,57700300.0,0.0053318434026119,0.0031274838292807,3.34929780538137e-05,0.005229748026823021,0.01262168948679219,0.010564223134710005,0.007291642406430125,0.005556211179924579,0.009264762268555797,0.0053700349655952445,-0.20765290708851725,0.9687133245489231
2021-06-23,395.5263432061953,396.3301118664946,394.89080121581947,394.9749145507813,49445400.0,-0.0012060681686945,0.0045407994279047,0.004426303348574613,0.00551673771276652,0.01363681240118779,0.010156281226162658,0.007283386014018119,0.0055333738689318955,0.003644055856843691,-0.0013941641685456983,-0.14306511404620081,0.8357408543147888
2021-06-24,397.1152589733079,397.73209014648296,396.8628904252522,397.3115234375,45110300.0,0.0058984113551432,0.0051949594254255,0.010656385919447314,0.006777527941776821,0.01755258003661439,0.010349977828389739,0.007372343847611002,0.005649872661888335,0.002187703275531822,0.000494225441499062,-0.08767448539196776,0.7611671985183746
2021-06-25,398.0592289946144,399.1714418641056,397.73210252899935,398.7228088378906,58129500.0,0.0035457939985828,0.0051956891422191,0.027784382799493614,0.00867224373243112,0.020573754310913288,0.005587976172615344,0.007424302342555285,0.0056802440413455235,0.0036098745875645017,0.0016670379555129384,0.28860814492477327,0.9796711020493049
2021-06-28,399.2462335097463,399.69483801915226,398.04990728021846,399.526611328125,53159600.0,0.0020139138008827,0.0055170283646178,0.015583894388526113,0.008449561863874721,0.02080049524063899,0.002860566466069834,0.007420071485416383,0.0056820635389427535,0.004117199436266933,0.0007022679109930286,-0.0854970367885497,0.8999774834638897
2021-06-29,399.9098038354574,400.5453458904214,399.20883078354126,399.7415771484375,35970500.0,0.0005379066215696,0.0054994387280872,0.010789957607483813,0.01082345058553762,0.02221968504563189,0.0027330874171462584,0.00736252117304072,0.00566564470513496,0.0033434478255031483,-0.0004206615727008453,-0.32334893415300336,0.6185238703992983
2021-06-30,399.2835916114196,400.7509687229313,399.2555538300446,400.0780334472656,64827900.0,0.0008413305055721,0.0057564479189359,0.012837356281750414,0.01726365963032502,0.02148944884076649,0.002205527016636908,0.006985160240018061,0.005664873219505126,0.0037378080470988834,0.001989668126956717,0.8022518452620897,1.0998603965071727
2021-07-01,400.835099597294,402.4520211210759,400.7696685970019,402.2931213378906,53441000.0,0.0055213687699333,0.0062659479592261,0.012460313696540513,0.02311669961598782,0.030729033895134688,0.002065146123235233,0.007038567513480471,0.005630095392253454,0.004181907258267517,0.0036374602475218562,-0.1756481391499648,0.91029960714255
2021-07-02,403.4520604017495,405.7232062337711,402.3772122424309,405.3680419921875,57697700.0,0.0076144196371623,0.0072697560993771,0.016528939335120015,0.04431332213461362,0.029239425553871788,0.003117561617117404,0.004427780649577397,0.0055337435945814265,0.008254212579009112,0.004748969650892558,0.07965232686514101,0.9813370152797033
2021-07-06,405.42411100289456,405.63908633581775,401.9005634703671,404.6296691894531,68710400.0,-0.0018231483794651,0.0089096799298862,0.012691877154772213,0.028275771543298318,0.02838680045829769,0.003891310862958162,0.0032341397503641072,0.005556706133999284,0.009239369107410213,-0.0019595327260537934,0.19086896011452792,1.151839411956798
2021-07-07,405.3119382235839,406.34003766118167,403.302487995308,406.05963134765625,63549500.0,0.0035277723297111,0.0092429617856515,0.01568174286291371,0.02647170047039752,0.03170144849722049,0.0037335764457189194,0.003127483829280544,0.005568255249516984,0.007480550715648448,0.0018447350140964127,-0.07511090024217582,1.0508649074834737
2021-07-08,400.751035852626,403.5082084145723,399.5733917922776,402.7511596679688,97595200.0,-0.0081811226299907,0.0087898712303319,0.006659289727350914,0.019496646009101323,0.025013383721867788,0.006369762293064723,0.004540799427904658,0.005950546340514376,0.009769845543185022,0.004990938603782804,0.5357351356029552,1.5508172263270845
2021-07-09,404.2557870176814,407.3494121346729,402.5547524182168,407.0503234863281,76238600.0,0.0106179213015814,0.0087443354090507,0.011755842258999014,0.02421615595553952,0.030993683897316292,0.007512980248284382,0.0051949594254254074,0.006271308108752218,0.01177903428595877,0.006912792737644766,-0.2188283850025411,1.1876579139676837
2021-07-12,406.9663181183199,408.760821961799,406.5363958989324,408.5084533691406,52889600.0,0.0035757850393093,0.0087148601460798,0.007717207661146013,0.02424614699626602,0.032918390728697094,0.007005627161568646,0.005195689142219048,0.006287692161214456,0.005445238757046086,0.0037893436929892356,-0.3062621821492,0.8192529143799104
2021-07-13,407.7234101950886,409.21882546985023,406.854210227836,407.1159057617188,52911300.0,-0.0034146821264727,0.0087856167789095,0.006125673914138414,0.01881755106891062,0.02726711293278529,0.007229414124870671,0.005517028364617744,0.0063859645664285985,0.0058082113927482165,-0.0014899915437259711,0.0004102886011616569,0.8129447867182436
2021-07-14,408.8075027783235,409.29352904474496,406.48028123314407,407.7233276367188,64130400.0,0.001490900198756,0.0087891396803377,0.004088801783183314,0.01977054464609702,0.030593995231634592,0.007123840893856561,0.00549943872808719,0.006341415348134405,0.006899894170655573,-0.0026520431602562802,0.21203599231166126,0.9758561189547951
2021-07-15,406.3868250791765,407.059760411339,404.4334500856128,406.3307495117188,55126400.0,-0.0034213439192902,0.0087305188432459,0.008848580493883814,0.015507870221234722,0.03277152985155969,0.005819266442261748,0.005756447918935879,0.006230301782932375,0.006463479145701493,-0.00013798569244160777,-0.14040143208213263,0.8552817758006941
2021-07-16,407.5083229344722,407.5550430583768,402.7510563008199,403.1435852050781,75874700.0,-0.0078746925994098,0.0084239999043389,-0.009644033407107388,0.0021118088518916195,0.02522850846787939,0.004521724719413632,0.0062659479592261135,0.006574640674698275,0.011916316999346723,-0.010710794071550548,0.3763768357810413,1.1911194180626694
2021-07-19,398.3302530154178,403.20902632092094,394.38611039278754,397.1900024414063,147987000.0,-0.0148780275544847,0.0063532340791422,-0.028097846000901386,-0.02038063833975538,0.023932683794858186,0.006145265029083142,0.007269756099377098,0.0067330949445718975,0.02221333838692216,-0.0028625758786323978,0.9504129835109727,2.2709281922368407
2021-07-20,397.8536095081192,404.1530401378472,397.0591676686946,402.8819274902344,99608200.0,0.014228773356165,0.0053600017270738,-0.010454390518263688,-0.004328716604125281,0.02394705493917299,0.010930393406270313,0.008909679929886165,0.006734557930120687,0.017607820021474003,0.012638613454662103,-0.3269124990708643,1.4977511148568514
2021-07-21,404.0783031286955,406.2840467930264,402.8352566332123,406.1438293457031,64724400.0,0.0080638212155203,0.0053862172551759,-0.0038814695014993874,0.0002073322816839203,0.026679032752081392,0.011827321382925568,0.009242961785651508,0.006849557538066672,0.008491548832269847,0.0051116979085852506,-0.3502101232629442,0.968111046395273
2021-07-22,406.3213274734552,407.23727579624176,405.33997668113454,406.9942626953125,47878500.0,0.0020917324326866,0.0056395105862345,0.0016316068504774132,0.010480187344361219,0.02997683335346249,0.011775956517956742,0.008789871230331887,0.006824842730230094,0.004661734301958916,0.0016561651490008577,-0.2602712423753638,0.7169797673741074
2021-07-23,408.9196688873081,411.51794144372303,408.2374066385629,411.1814880371094,63766600.0,0.0102356049910233,0.0047315438217694,0.019741904440910514,0.01009787103380312,0.03431402698934259,0.01140211936045653,0.008744335409050629,0.0070375883468576,0.007978313471310897,0.005531206547133847,0.33184205854402293,0.9417486266971985
2021-07-26,410.59261588453984,412.2001818503904,410.5458957579973,412.1908264160156,43719200.0,0.002451719269101,0.0047004417870924,0.037071651264496214,0.00897380526359482,0.0332199522598608,0.0051907518674655885,0.00871486014607975,0.007026858167266365,0.004013398616308463,0.003892448304343614,-0.31438715565829134,0.6526195159346494
2021-07-27,411.1533566719681,411.1813944494709,407.489592116502,410.3121948242188,67397100.0,-0.0045680922990895,0.0043871802062409,0.018274785609241714,0.007820395090978021,0.02663794615988859,0.005793379918338133,0.008785616778909492,0.007162287378810931,0.008997544746508076,-0.0020458591279856283,0.5415904225145931,0.9954933524326606
2021-07-28,410.9384237416545,411.51789021824817,408.723353522504,410.14398193359375,52472400.0,-0.0004100472340805,0.004391492459928,0.009800917159640913,0.00591944765814152,0.02568999230423849,0.005407815918414674,0.008789139680337713,0.0071709496845504365,0.006813550408735811,-0.0019332380769538277,-0.22144424611741453,0.7657152138114872
2021-07-29,411.0691789301609,412.91972900071926,411.0598234982382,411.8449096679688,47435300.0,0.0041385721376836,0.0043183549189707,0.011847756864637914,0.013479363715115319,0.028987233936349992,0.005497000402219569,0.008730518843245863,0.0071980757997993665,0.004516033727308986,0.0018871050849076495,-0.09599522796746485,0.7011074501156004
2021-07-30,409.2841560298152,411.29360644207577,409.1532940336554,409.8449401855469,68951200.0,-0.0048679521408463,0.0037933426410221,-0.003255800267231687,0.01648610417367882,0.018597913025570394,0.00405435641224383,0.008423999904338847,0.007263332286739164,0.005222249193686239,0.0013701584766227836,0.4535841451408551,1.007569646217694
2021-08-02,411.5552501136449,412.1066787652008,408.6298516644557,408.9850158691406,58783300.0,-0.0021003741403998,0.0035546768553526,-0.0078078936767324875,0.029263757587763718,0.008883119248008293,0.003676930587044678,0.006353234079142171,0.007116122300913605,0.008501111204175592,-0.006245174235523739,-0.14746516376799823,0.8583074289579853
2021-08-03,409.779415089428,412.4337623928597,407.5923830546848,412.312255859375,58053900.0,0.0081024455027905,0.0038303676387853,0.004862644125147512,0.023137429734389217,0.01880871313026389,0.005155700951285239,0.005360001727073731,0.007293571771158169,0.01174202141550251,0.00618098585892661,-0.012408286026813764,0.8543036943466995
2021-08-04,411.0318728106122,412.28427447929056,410.0505220211944,410.2841796875,46732200.0,-0.0049309240678812,0.0050890856875625,0.0003417672913468119,0.010142684450987718,0.010350016732671592,0.005813273243763928,0.005386217255175828,0.007380374655855555,0.005444403095916407,-0.0018190636117814975,-0.19502048957951146,0.6963130892279565
2021-08-05,411.4431983310459,412.9666511964766,411.1254272613656,412.8825378417969,38969700.0,0.0063130997131088,0.0046402748149021,0.0025162948667720123,0.014364051731409918,0.02484423907577109,0.006258215498056697,0.005639510586234456,0.007190444914173248,0.004459437652014551,0.003498270275433974,-0.1661060253957657,0.6071701787870526
2021-08-06,413.2003281153851,413.98541465155415,412.91992173075016,413.5648193359375,46930000.0,0.0016511194408639,0.005326576651478,0.009035366448482213,0.005779566181250518,0.01587743721505359,0.005491563093567577,0.004731543821769298,0.006846399614663657,0.00257636256999533,0.0008821174518782374,0.20426895767737507,0.748281129842322
2021-08-09,413.5367786831312,413.8545497653774,412.46195885616,413.2283630371094,41222600.0,-0.0008138826603165,0.0059485839600278,0.010321857928565513,0.0025139642518330176,0.011487769515427793,0.005289123591149369,0.00470044178709226,0.0068228445238308405,0.0033700274080468774,-0.0007457997980348032,-0.12161517153206902,0.6634497338965057
2021-08-10,413.6768175506631,414.452576886428,412.99455549788365,413.74224853515625,43339300.0,0.0012428145740632,0.005950147342425,0.003462226999838212,0.008324871124985717,0.016145266215963693,0.00408365722880365,0.00438718020624078,0.006758707584078077,0.003523984784503975,0.00015816932860915854,0.051348046945122405,0.7029310785543844
2021-08-11,414.80783999492405,414.8639155599606,413.6862716488568,414.77044677734375,44034300.0,0.0024820350390666,0.0059420713969462,0.010875186106786013,0.011216953398132817,0.017136401056274293,0.0026122298812327554,0.0043914924599278565,0.006767611797797469,0.0028392666841473273,-9.014587954933442e-05,0.01603625346971449,0.7260358004735837
2021-08-12,414.62089804805976,416.15370620330873,413.7236604942885,416.0134887695313,38909400.0,0.0029924577657337,0.0062930368471291,0.007554544159410912,0.010070839026182919,0.023550202741298192,0.0014692057702901053,0.00431835491897059,0.0067058977904134185,0.005841266628656067,0.003358708468452863,-0.11638427316887068,0.6502297438655242
2021-08-13,416.4620332334132,416.7891596382073,415.9760356040396,416.7704772949219,39470300.0,0.0018179714421172,0.0068611283064018,0.007721396160664213,0.01675676260914642,0.033242866782825196,0.001475069735256934,0.0037933426410219876,0.0063585113609691156,0.0019510115962275557,0.0007406294857514846,0.014415539689637935,0.6802966843156956
2021-08-16,415.4713908619817,417.8827255582406,413.9199004513762,417.75189208984375,73740000.0,0.0023520406003864,0.0069366093534362,0.010887319421367113,0.02120917734993262,0.05047293493769629,0.0006690029510388235,0.0035546768553524582,0.005027490796314638,0.009486073389255119,0.0054889488855794834,0.8682401704572806,1.3578386317243878
2021-08-17,415.2003367624512,415.87327201338974,412.0319534928369,415.013427734375,92673900.0,-0.0065768210111476,0.0064762716431882,0.0030676838361563125,0.006529910835994517,0.029667340570383692,0.004041189625407831,0.0038303676387851752,0.004613495632440427,0.009255889722708957,-0.00045016588746918303,0.2567656631407649,1.717449793532935
2021-08-18,414.0040642835704,415.5649103189403,410.2281762683968,410.4711608886719,89351900.0,-0.0110052028898936,0.0047678211214032,-0.010419554092803887,0.00045563201398211677,0.010598316464969792,0.006333394871467689,0.005089085687562423,0.005124159054721553,0.013001483560963078,-0.00853349930516308,-0.03584612280264454,1.618941521035238
2021-08-19,407.7512775027748,412.3029524381432,407.6110886187138,411.1065979003906,92812200.0,0.0015468703518992,0.004746453306462,-0.011865141506638388,-0.004310597347227482,0.010053454384182394,0.006071298701712845,0.004640274814902057,0.005116861682099813,0.01141276701320727,0.008228840920291084,0.03872665270688147,1.6158607923919674
2021-08-20,411.4524681110036,414.70496457219946,410.966441910474,414.3778381347656,72008700.0,0.00792566695497,0.0044982027415571,-0.0057574459937855885,0.0019639501668786176,0.007743516348129094,0.007557786182783113,0.005326576651477921,0.004907391193157856,0.009022014011544762,0.007109861406816968,-0.22414617905835654,1.2447410642062722
2021-08-23,416.0601886079049,418.9295115835413,414.4526227295589,418.0229187011719,54973000.0,0.0087580503396431,0.0041703207564584,0.0006485637454711115,0.011535883166838217,0.014049847418671194,0.008749248376180805,0.005948583960027708,0.005238460943904851,0.010709673210962653,0.00471741865001334,-0.23657835789286574,0.9411084358140268
2021-08-24,418.6865234375,419.2192697916325,418.1724879522138,418.6865234375,38744700.0,0.0015862253777699,0.0042157324598282,0.00881161013438861,0.01187929397054492,0.020204165095530593,0.007905917993552595,0.005950147342424941,0.005091252188626137,0.0025001565152476574,0.0,-0.29520491877830934,0.6799652126085779
2021-08-25,418.8735372999682,420.0791906082296,418.49966212692135,419.5651550292969,40529700.0,0.0020963439409455,0.0044501265467214,0.02191315696522771,0.01149360287242382,0.02271055627055659,0.0036326962971628286,0.005942071396946125,0.005085296624141775,0.003764679841437213,0.0016511373188834537,0.046070817427932065,0.7188248005437072
2021-08-26,419.2846465858296,419.5183042507706,416.9948185830064,417.0882873535156,57829600.0,-0.0059209101075871,0.0047784028223792,0.01444537650574141,0.002580234999103018,0.012651074025285891,0.005910875724548786,0.006293036847129039,0.005266877508614348,0.006050243423942845,-0.005238348816725301,0.4268450050210093,1.016283940766211
2021-08-27,417.89207569885787,421.1913209422029,417.8360001384459,420.8174743652344,77235100.0,0.0089012674332018,0.0037481524238382,0.015420976983973211,0.009663530990187618,0.02642029359933399,0.0061307146159928815,0.006861128306401759,0.005408066426532282,0.007973340006420051,0.007000368842802885,0.3355634484762129,1.3475032533869857
2021-08-30,421.4904469021432,423.4531772582027,421.2474337704148,422.6680908203125,48357400.0,0.0043880286774247,0.0035090413034774,0.011050955321754811,0.011699519067225918,0.03290869641715849,0.005385874586743918,0.006936609353436112,0.005386592379750241,0.005218618428249493,0.0027939990735844425,-0.37389347589373223,0.8514242094433058
2021-08-31,422.574555391722,422.911008730897,421.4436603048322,422.0418090820313,59300200.0,-0.0014828329894299,0.0047546006570802,0.00798189695455501,0.01679350708894362,0.023323417924938094,0.005643488501982913,0.006476271643188124,0.005205216847718634,0.0034767845139712147,-0.0012607155421292655,0.2262900817661826,1.0429487667656088
2021-09-01,422.97650283531857,423.49053835442544,422.03251662178167,422.2661743164063,48721400.0,0.0005314772430629,0.0047349276877501,0.006417030256672411,0.028330187221900116,0.028785819235882193,0.00565221506059406,0.004767821121403165,0.005008034302006547,0.00345284993524314,-0.0016793569244408404,-0.17839400204383793,0.8553966480721561
2021-09-02,423.686814177093,424.36907636322894,422.3689814101181,423.5653076171875,42501000.0,0.0030718514269353,0.0052188558178438,0.015409791791194812,0.029855168296936217,0.025544570949708693,0.003965871717078029,0.004746453306461989,0.004893140748116744,0.004722046204309245,-0.0002867839069797888,-0.1276728501233544,0.7438797421545944
2021-09-03,422.4343619875005,423.97649682090514,422.0324491397837,423.4624328613281,47170500.0,-0.0002429076438679,0.0068602976677814,0.006265616714125112,0.021686593698098316,0.023650543864976892,0.0024176301495099552,0.004498202741557028,0.004903840353002378,0.004590838596910595,0.002433681931059505,0.10986800310580924,0.8254345953698458
2021-09-07,423.1167138270563,423.2101826143172,421.2754899564276,421.9484252929688,51671500.0,-0.0035817121871892,0.0069273542073738,-0.0017041241504887877,0.009346831171266019,0.020882714338104194,0.0024609140281024074,0.004170320756458303,0.005001234765973024,0.004585140130683802,-0.002761149573885668,0.09541980687081963,0.8960059012942981
2021-09-08,421.4156438263088,422.1446546206983,419.51831615140816,421.434326171875,56181900.0,-0.0012191361131727,0.0081224885580666,-0.0014404272742315875,0.0065414696803234185,0.018420763650868293,0.0024329885059495696,0.0042157324598281615,0.005026322818985285,0.006231904489476821,4.4332349403524805e-05,0.08728989868689707,0.9634898900007177
2021-09-09,421.23805907529504,422.985813884058,419.3874800599,419.6304931640625,57970400.0,-0.0042894096437611,0.0093101045511923,-0.006261314161055588,0.00015571609561681934,0.011649318968040591,0.002931230733591723,0.00445012654672135,0.005142362414004348,0.008575005588907943,-0.0038162883827769075,0.03183409603448806,0.9824219372271116
2021-09-10,421.55586791625456,421.9764346465892,416.2004233686548,416.3219299316406,89948200.0,-0.0079157148584216,0.0090046827738138,-0.017248880446412488,-0.0018390886552176805,0.0007411463438852916,0.0029969468071123304,0.004778402822379096,0.005442984561067042,0.013873905895091361,-0.01241576356292992,0.5516228972027104,1.4611568175091514
2021-09-13,419.3127250750678,419.5744205265016,415.07882068151736,417.3873596191406,83738600.0,0.0025558795634125,0.0089952732125959,-0.014450093239132088,-0.00818447652500698,0.0014790544651805922,0.0038776285692697387,0.00374815242383811,0.005458171675166413,0.010770809755921774,-0.004591717209589816,-0.06903528919978386,1.3130730334995244
2021-09-14,418.8267230433788,419.03234294728094,414.2470381175579,415.1349487304688,78197100.0,-0.0054110655339616,0.0109246005483732,-0.016279446585904488,-0.017983570736393284,-0.006284051669167408,0.004042027461593181,0.003509041303477351,0.005562674350855564,0.01152710665376898,-0.008814562466511116,-0.06617617204013437,1.2219089206565739
2021-09-15,415.55554197274927,419.0978006931455,414.45268447355176,418.6024475097656,78792200.0,0.0083180118529758,0.0104136826978397,-0.00674229861975599,-0.008182725893987584,0.008610781194955992,0.006651453420455728,0.004754600657080196,0.005676013737154206,0.01109672494087687,0.007332125863493268,0.007610256646346292,1.2447077897433034
2021-09-16,418.079031680648,419.0510271190857,414.99473310868217,417.9388427734375,77786700.0,-0.0015865442225842,0.0108262980150603,-0.004039433198579089,-0.010300747359634682,0.018029439862265392,0.006459754869935655,0.004734927687750069,0.00503138769922015,0.009705472655965637,-0.0003353167621129499,-0.012761415470059267,1.2401523161054218
2021-09-17,417.16807262421446,417.5899866501967,413.51131271479295,413.86761474609375,118425000.0,-0.0097889611231531,0.0116235527554302,-0.005912679463310588,-0.02316155990972308,0.006693608387213093,0.007006254321950165,0.005218855817843724,0.005565051419953083,0.009855020760457408,-0.007911578317484921,0.522432498100575,1.850270791055798
2021-09-20,407.7543679302111,409.3295710757895,402.1098470708217,406.9667663574219,166445500.0,-0.0168146245757561,0.0111194750353537,-0.025283183602479185,-0.03973327684161128,-0.018046683143513008,0.009376747288481339,0.006860297667781383,0.006465689334390554,0.017740328208095093,-0.0019315588862656736,0.40549292801351067,2.4218714362551514
2021-09-21,409.3013817803459,410.59530867420943,406.0572077545702,406.582275390625,92526100.0,-0.0009452189743776,0.0117121277114959,-0.02081733704289519,-0.03709678362879969,-0.027749952457533707,0.009545718121868834,0.006927354207373823,0.006053571244881788,0.0111615808025061,-0.006643286611673603,-0.444105728301456,1.3105004217912843
2021-09-22,408.851302198654,412.58305938264414,406.69477650086463,410.5484008789063,102350100.0,0.0097075210841703,0.0113189945260869,-0.019427827811700688,-0.026170126431456685,-0.019628656751133306,0.010008918371599231,0.008122488558066578,0.006518101963592345,0.014342481590900867,0.00415089464342146,0.10617544671179258,1.3871601545648637
2021-09-23,412.4143425807416,417.1399803704705,412.1799363417636,415.53662109375,76396000.0,0.0120769187444212,0.0109312310273502,-0.005764364844695287,-0.009803798043274383,-0.009648081947657604,0.012378319251317505,0.009310104551192244,0.007120373487460986,0.011936478704695995,0.007570732126992186,-0.2535815793047589,1.010833620842787
2021-09-24,413.9052257509271,416.9337651199925,413.6895616772255,416.2211608886719,62094800.0,0.0016460079227504,0.0108920300454896,0.005670604201208211,-0.00024207526210238278,-0.002081163917320104,0.011401657359486216,0.00900468277381382,0.007016463838334044,0.007794422166908241,0.005595327127225988,-0.18719828263259852,0.8192954564151423
2021-09-27,415.1896841659372,416.3523298980062,414.33644206403306,415.0303039550781,61371100.0,-0.0028652166008732,0.0110468466504603,0.01962001217609111,-0.005663171426388083,-0.013847647951395104,0.0066126999697960565,0.008995273212595913,0.006708165212415336,0.004857206364842504,-0.0003838732438144358,-0.011654760140945797,0.8183109561899474
2021-09-28,412.2642780676356,412.59245249230736,405.9353102459773,406.6666564941406,130436300.0,-0.0203577150984702,0.0089614874507482,0.00020751605199851447,-0.02060982099089668,-0.038593391727290004,0.012898010424661875,0.010924600548373232,0.007898325177626992,0.01637002232669151,-0.013577750659679087,1.125370084616375,1.6489794153643376
2021-09-29,408.0449990691309,409.7796109272895,406.78858508585967,407.3511657714844,82329200.0,0.0016818045501294,0.0090219884606405,-0.007818200482042384,-0.02724602829374308,-0.0354287541877307,0.011851275811393221,0.010413682697839715,0.007939341108733068,0.007342622515306029,-0.0017003842694539608,-0.36881680943111694,1.025874774524664
2021-09-30,408.8232109595568,409.52642965582174,402.0348156347722,402.3723754882813,140506000.0,-0.0122976615488595,0.0092247992593409,-0.03219278077532309,-0.03795714562001838,-0.048257892979653105,0.009645481994017715,0.01082629801506024,0.008255455097624242,0.0186186092222619,-0.015779034307114286,0.7066362845746101,1.6560919008070423
2021-10-01,404.0976889255961,408.8326843876151,400.58159468725086,407.1543273925781,129240100.0,0.0118143293076647,0.0088693474321319,-0.02202445939040878,-0.01635385518920058,-0.03951541509892371,0.01244256797266462,0.011623552755430153,0.008776188342175669,0.020265263427762907,0.007564107765894219,-0.08018091754088796,1.4492234230610583
2021-10-04,405.9916262485337,406.89173823936943,399.7657824946463,401.9035949707031,128570000.0,-0.012980050000268,0.0069810081502136,-0.032139292789803584,-0.012519280613712483,-0.052252557455323805,0.012941896662963122,0.011119475035353732,0.00909999352777788,0.017730510087232643,-0.010069250234555377,-0.0051849232552435565,1.3787839076604063
2021-10-05,403.4038264696727,408.3263583984505,402.6068680010138,406.08544921875,90682500.0,0.0103513571594433,0.0067692301023269,-0.001430220531890087,-0.0012227044798915811,-0.0383194881086913,0.01192541938468956,0.011712127711495851,0.009544375649791634,0.014084450473269021,0.006647489619880668,-0.29468382982033137,0.9525533724533319
2021-10-06,402.49420829771526,407.9793193826561,400.8721356232664,407.7730407714844,113032200.0,0.0041471434953422,0.0067689506428378,0.0010351184133227135,-0.00678308206871968,-0.032953208500176405,0.012077123568518802,0.011318994526086895,0.009639947017690428,0.017429263459750363,0.013115300456359584,0.24646100405260118,1.1528968148874708
2021-10-07,411.0454355366307,414.13020116989895,410.86728449835147,411.298583984375,72437500.0,0.0086086854417029,0.0065729889892984,0.021941465403885113,-0.010251315371437983,-0.020055113414712403,0.010127109081975501,0.010931231027350193,0.009882304068476844,0.00793320667418452,0.0006158648797883297,-0.35914279293864937,0.7334309655034574
2021-10-08,412.06737716353257,412.4518067836504,409.92020825664594,410.5484008789063,74557400.0,-0.0018256033729834,0.0065084260872857,0.008301532723237014,-0.013722926667171781,-0.013965001929274202,0.009440475303466027,0.010892030045489602,0.00975103865196468,0.0061663826276872336,-0.0036862328075620587,0.029265228645384056,0.7608230236994024
2021-10-11,409.89216791478833,412.7988112757424,407.5105922896659,407.57623291015625,65233300.0,-0.0072658392661637,0.0053198774931527,0.014015743457341313,-0.018123549332462283,-0.023786720758850403,0.007336482369505684,0.011046846650460327,0.009825565205840877,0.012974797250364252,-0.005650107969649072,-0.12505935024558257,0.672020132181311
2021-10-12,408.4950853785661,408.89825725037673,405.7853354665387,406.5729370117188,71181200.0,-0.0024646500749007,0.0049077633629907,0.001199736222997314,-0.00023048430889278156,-0.020840305299789502,0.006189106129181078,0.008961487450748215,0.009780921973609275,0.007656490386983893,-0.004705438169631775,0.09117889176233618,0.7359537864380417
2021-10-13,407.5949901170963,408.85140428938456,404.6227346402631,408.0356750488281,72974000.0,0.0035912696908845,0.0057526127044704,0.0006438624185396138,0.0016789808318623185,-0.025567047461880803,0.006105807055028158,0.009021988460640529,0.009598251967176546,0.01036348022416282,0.0010811833864916268,0.025186425629239118,0.7567660059888778
2021-10-14,411.69235787459854,415.0490712799511,411.2235453911505,414.8990478515625,70236800.0,0.0166806230228442,0.0043016197626354,0.008715799999680914,0.030657265403566017,-0.007299880216452399,0.009194388457163605,0.009224799259340898,0.010402802559583745,0.009220377604166613,0.00778904421135919,-0.03750924986981663,0.7312429181690546
2021-10-15,417.00867206884914,418.424494816852,416.3898362044381,418.0588073730469,66260200.0,0.0075868776749063,0.0040695710680984,0.018128281047570617,0.026429813770807623,0.010075958581606998,0.009244472953640772,0.008869347432131918,0.010299394052833153,0.004866919621187006,0.002518257711495166,-0.05661704405667689,0.709097410865863
2021-10-18,416.2773855665458,419.6340705825797,415.6210366001597,419.2965393066406,62213200.0,0.0029562905162001,0.0040883583802744,0.028350410829934412,0.04236615428727572,0.029846873673563198,0.007119798277331333,0.006981008150213569,0.00946465821361472,0.009570873132070296,0.007252745031983514,-0.061077388839756,0.7051140523668444
2021-10-19,420.9186254165008,422.59695355572194,420.3091462784129,422.5313415527344,46996800.0,0.0076852245951175,0.0037564765925315,0.038500285499952616,0.03970002172294992,0.0384773172430583,0.005478344851661231,0.006769230102326843,0.009544083814680714,0.00541452681096198,0.0038314202291186267,-0.24458475050310868,0.5467609276884451
2021-10-20,422.99085044016186,424.4910564453274,422.8783399972331,424.1910095214844,49571600.0,0.0039202227085312,0.0039089160638319,0.03882923851759931,0.03947310093613892,0.0326900188674192,0.0054183120363024305,0.006768950642837764,0.00938202843147126,0.0038018638111013063,0.002837316883033361,0.054786708882306856,0.5949828850421426
2021-10-21,423.5908483463569,425.5223536137635,423.1595488456662,425.2973327636719,41305400.0,0.0026046828722502,0.0039600547807474,0.024753298367005315,0.03346909836668622,0.0232177829952482,0.0024985198862445637,0.0065729889892983786,0.009060724070962591,0.005555653859250189,0.004028614933436059,-0.16675273745451025,0.5064326934724578
2021-10-22,424.8660443425605,426.3099949344086,422.9157682107572,424.8566589355469,58845100.0,-0.001036691874401,0.0037116124031115,0.016129728817698016,0.03425800986526863,0.0205350831980968,0.0031223368387714545,0.006508426087285686,0.00907301340104724,0.00798911033230698,-2.2090273248673864e-05,0.42463455141458506,0.7229217019202756
2021-10-25,425.9442973142117,427.4632452839596,424.1722008875209,427.1350708007813,45214500.0,0.0053484493265539,0.0037141185044586,0.018521887628051816,0.046872298457986225,0.028748749125523897,0.0032512986638725374,0.005319877493152624,0.00907346701173665,0.007704926664693616,0.0027956084729341265,-0.2316352593503962,0.5610354435253542
2021-10-26,428.6821446267776,429.8916602272119,427.144425952367,427.51947021484375,56075100.0,0.000899543433131,0.0041754355987206,0.011736206466065316,0.05023649196601792,0.050006007657125096,0.0025047269879120747,0.0049077633629906895,0.007493489706791072,0.006425986338035858,-0.002712206296686538,0.24020170520518858,0.729450176365323
2021-10-27,427.9789668380812,428.6446726137015,425.5504927707311,425.6255187988281,72438000.0,-0.0044399358882661,0.0049341576125609,0.0033760478692680153,0.042205286386867324,0.043884267218729595,0.003698232089222986,0.005752612704470324,0.007652032858559282,0.007269723515879824,-0.005498980607949958,0.2918033137702831,0.9484076974757767
2021-10-28,427.050677407055,429.80729721502064,427.0413206145411,429.7322998046875,51437900.0,0.0096025604101455,0.0041840464580592,0.010373925407163316,0.03512722377416862,0.06578448917773459,0.0054974619162158605,0.004301619762635303,0.007009041949730711,0.006436510827174615,0.00627940087559315,-0.28990447002954256,0.7151588443206367
2021-10-29,427.43510150597126,430.8949400235168,427.1444400469076,430.6042785644531,70162400.0,0.002027064942416,0.0046424919074676,0.013437682223980316,0.029567411041678322,0.055997224812485896,0.005228097581325365,0.004069571068098339,0.006718132646185835,0.00870985302123009,0.007414405244950597,0.3640214705499252,1.017270165665392
2021-11-01,431.5887947913139,431.9638676988326,429.6198050970678,431.3450317382813,48433600.0,0.0017187863539926,0.0046632582575208,0.009808019251419017,0.02832990687947082,0.0706960611667465,0.005013859441455523,0.004088358380274292,0.00561432919278786,0.0054343099590562815,-0.0005648039429532624,-0.30969294094842825,0.7455402328982004
2021-11-02,431.5137860979751,433.398421537022,431.3825048609663,433.0889892578125,48908400.0,0.0040349172828045,0.0046583873420525,0.012943393101092516,0.024679599567157824,0.0643796212901077,0.005043800363293426,0.003756476592531448,0.005383615431655667,0.004654740078962425,0.003650412131861118,0.009803111889266969,0.7778581656228882
2021-11-03,432.5264031559585,436.1362651463071,432.08571825925554,435.7330932617188,52509800.0,0.006086659674527,0.0045205883040117,0.023469988663885617,0.026846036533153622,0.0663191374692925,0.0032570038048002755,0.003908916063831837,0.005418569417752994,0.009295935860025742,0.0074138597837321695,0.07363561269638752,0.8773624422949456
2021-11-04,436.3331630823048,437.8708818410705,435.9862464051318,437.7864990234375,52847100.0,0.0047014619069395,0.0044103953940145,0.018568890160679613,0.02894281556784292,0.06241191393452909,0.0018394435290700123,0.003960054780747325,0.005286528683352974,0.0043049190419136765,0.0033307941364488186,0.006423562839698471,0.89769015131453
2021-11-05,440.0086386395661,441.29318025230174,437.795857475972,439.305419921875,66390600.0,0.0034635421534701,0.0043440722910236,0.020005367371733713,0.03344304959571402,0.0677010594609826,0.0016077261566350316,0.003711612403111365,0.005156775302522196,0.007961028063236005,-0.0015981929806317176,0.25627707102187247,1.1356245750426561
2021-11-08,440.4024705143944,440.89941061596096,438.9960330253521,439.6804809570313,50405200.0,0.0008533949351037,0.0044256095238165,0.019139975952844814,0.028947995204263822,0.07582029366225,0.0019292743975399965,0.0037141185044584735,0.004559120342337363,0.004329001793452032,-0.0016393858020818935,-0.24077806195455376,0.8732657436472356
2021-11-09,440.0461676231419,440.2805738708811,436.8207353651275,438.2271728515625,51149100.0,-0.0033108480754805,0.0043155022381449,0.011794210594559816,0.024737603695652317,0.0749740956616702,0.003708659174458526,0.004175435598720537,0.004623699237548388,0.007895079812692246,-0.004133645297729782,0.014758397943069435,0.9018024730450641
2021-11-10,436.53942763125457,438.2271697715408,433.220255788708,434.7016906738281,69429700.0,-0.008077408121609,0.0032354606489776,-0.002369857201576184,0.02110013146230942,0.0633054178491767,0.005241925780123556,0.004934157612560825,0.005327276171190241,0.011518045800722762,-0.0042097845947119865,0.35739827289238724,1.2279417649240978
2021-11-11,436.1925897370025,436.2676157731652,434.82366502454624,434.8424072265625,34848500.0,0.0003236559348802,0.0082165440244945,-0.006747663173635484,0.01182122698704412,0.04694845076121269,0.004470156753663142,0.004184046458059061,0.0042996332182707086,0.0033206300135915703,-0.003095381586500748,-0.4980750312906437,0.6362453445740908
2021-11-12,436.1081354103615,438.6772187538003,435.1611250038921,438.1240234375,53466700.0,0.007518345616907,0.0088647906779024,-0.002692859710198583,0.017312507661535123,0.0468799187032134,0.0057470534875031076,0.004642491907467518,0.004295262941192556,0.008025338857981531,0.0046224499463684895,0.5342611590168873,0.9877017355675946
2021-11-15,439.40862530276064,439.56800554034606,437.1489454567353,438.2740783691406,46980500.0,0.0003424355502314,0.0106997405912822,-0.0032038190950708836,0.01593615685777392,0.0442660637372447,0.005720596159244728,0.0046632582575207296,0.004315371048125847,0.0055195143929394844,-0.0025819860337022095,-0.12131289194956862,0.8802659881433293
2021-11-16,438.0114907479462,441.1431546549703,437.9364933419403,440.0086364746094,48857500.0,0.0039498906930869,0.0107438594720725,0.004056919673496516,0.01585113026805632,0.0405307298352141,0.005794436449915375,0.004658387342052396,0.0041434939151811625,0.0072877235745236035,0.004559573821346243,0.03995274635221002,0.913842039202762
2021-11-17,439.7461937448289,439.9243448118025,438.3210138230887,438.9398498535156,47858300.0,-0.0024319676624824,0.0123690879207649,0.009702360132623118,0.007332502931046921,0.0341785394642005,0.0038547529381133695,0.0045205883040116334,0.004233183388159863,0.003652735082606041,-0.0018336574660180998,-0.02045131249040577,0.8965893735210481
2021-11-18,439.971177803996,440.6931674194312,437.2520708292828,440.4306335449219,50625600.0,0.003390573478914,0.0123415008405724,0.012769277676656917,0.006021614503021421,0.0349644300708643,0.0037763733978254757,0.004410395394014442,0.004245565274465871,0.007813027360181145,0.001044285998958231,0.05782278100141469,0.9402241802178063
2021-11-19,440.31809847431913,441.5651558500262,439.2773483740664,439.6430358886719,57315600.0,-0.0017898453137807,0.0132652479388121,0.0034610867459692165,0.0007682270357706217,0.03421127663148459,0.00291277684415157,0.004344072291023503,0.004274806722447056,0.005203784182172627,-0.0015331247749895201,0.13214658196643603,1.0659856134830379
2021-11-22,441.518225650883,444.0029260411322,438.1990253218852,438.4053039550781,72762000.0,-0.0028192815754107,0.0150632717907967,0.0002993696203271168,-0.002904449474743778,0.026043545729519998,0.0033221251530232846,0.0044256095238163805,0.004299052373571756,0.013238664466161893,-0.007050494215082086,0.2694973096329796,1.3194649459208327
2021-11-23,438.0771054886185,439.8398448730952,435.47989482517465,438.9866027832031,73206500.0,0.001325061033077,0.0150804601191353,-0.0023254600396827828,0.0017314596338137216,0.026469063329465994,0.0027035432277904797,0.004315502238144808,0.004298007685869985,0.009931852180176344,0.002076112362845834,0.006108957972568163,1.3072204122557103
2021-11-24,436.98951426235885,440.2805872370219,436.1737850737096,440.15869140625,61858800.0,0.0026664291448541,0.015209669771732,0.002772936767653717,0.012475296900276822,0.033575428362586195,0.002737502457854863,0.0032354606489774585,0.004084930207296416,0.009330276201502678,0.007252295628284671,-0.15500945954252698,1.115121693215166
2021-11-26,433.50155816840993,434.9642509437394,429.2166048622244,430.3417663574219,112669600.0,-0.0225556256968587,0.0133386647623451,-0.023173262408118983,-0.010403984731462076,0.0014172422555819991,0.010263695221803587,0.00821654402449446,0.006447596720865842,0.013356003369520133,-0.007288997585933738,0.8213997038416523,1.924848304689859
2021-11-29,435.12360436955294,437.45828126856935,432.9295654860119,435.62054443359375,86268800.0,0.0121918549970994,0.0133088782430018,-0.009191562097238882,-0.005730475351269677,0.0115820323102654,0.012819073638693232,0.008864790677902428,0.006987899907289943,0.010396010565676683,0.0011420664359517484,-0.2343205265661722,1.4538151128264356
2021-11-30,433.1827469437874,435.0861245357968,426.9006480424914,427.1444396972656,148559600.0,-0.0196493311770391,0.0116841330118625,-0.026021611698867284,-0.025722242078540177,-0.009786085220766301,0.015140463752777052,0.010699740591282158,0.008312466689352933,0.019163251894620818,-0.01393939922382302,0.7220547868986238,2.308765772859325
2021-12-01,432.8451797070104,435.686182056288,422.2031311937479,422.4000244140625,131939200.0,-0.0111694321089379,0.0114628946584817,-0.03851610484088218,-0.04084156488056498,-0.024990434612508702,0.014821114888479005,0.010743859472072516,0.008568248869238225,0.031920099628884445,-0.024131388733537817,-0.11187698405219182,1.926191834774543
2021-12-02,422.6157769864965,430.4355669860337,422.2219618493188,428.8697204589844,127637800.0,0.0152004007030441,0.0114607510766534,-0.02598213328269218,-0.02320919651503848,-0.015876693583991602,0.017778413453802634,0.01236908792076484,0.009198141293093536,0.01915174875933074,0.014798177950388534,-0.032601380029589344,1.7665193826735979
2021-12-03,430.5292213858788,431.58871344638754,420.9185665300391,425.1378784179688,137331600.0,-0.0087396547748623,0.0116787718248123,-0.012166162360695787,-0.03533942476881478,-0.0293178102657934,0.01530787708510669,0.012341500840572433,0.00926627970895392,0.025098085722341245,-0.01252259475107223,0.07594772081624712,1.795699315594564
2021-12-06,427.6788574056175,432.0481929467621,425.2691545047344,430.1729431152344,98977500.0,0.0117737850021333,0.0116997729519513,-0.012584232355661884,-0.021775794452900774,-0.021007567417130203,0.015208842895978347,0.013265247938812067,0.00967620942467777,0.015758867568320588,0.005831678761831855,-0.2792809520896866,1.2671973931280907
2021-12-07,435.4424103932935,439.633595102183,430.0416814760553,439.0710144042969,95484700.0,0.0204738428908739,0.0111507991486812,0.027538941712251117,0.001517330013383826,-0.001387119461359998,0.014476805195065808,0.015063271790796697,0.010807821721713306,0.021845927677875444,0.00833314331446488,-0.035288828269051,1.1881913924325342
2021-12-08,439.4648423539088,440.68374339000826,437.7114595944113,440.2336730957031,72238800.0,0.0026444971475963,0.0116283644785427,0.041352870968785316,0.0028367661279031257,0.004568225761716801,0.011513203081733613,0.015080460119135325,0.010795846223317015,0.0067516048345325685,0.0017494704187853208,-0.24345156868063678,0.8872816127421849
2021-12-09,438.9492189926391,440.33691454965947,437.064611852568,437.2615051269531,61272600.0,-0.0067742351380024,0.0115168735403172,0.01937823512773882,-0.006603898154953375,0.005871398745323401,0.01236893537370758,0.01520966977173199,0.01074689949359628,0.007483628580890919,-0.0038448954746044695,-0.15180484725659893,0.7563770545653449
2021-12-10,439.9617996675269,441.52761743144606,437.41145846142433,441.3775939941406,77159800.0,0.0093693052853721,0.0119697434491053,0.03748719518797322,0.025321032827277427,0.014917048095815302,0.010215304740724738,0.013338664762345104,0.010936895557112953,0.00932570893047274,0.0032179937614665705,0.25928718546299656,0.9282541084162946
2021-12-13,440.86187964178026,441.20879629669554,437.1863772299923,437.4676818847656,87724700.0,-0.0088978982151792,0.0114335805566392,0.016815511970660717,0.004231279614998825,-0.0014991957362709002,0.01206716676772013,0.01330887824300176,0.011017590272284994,0.009194779942082256,-0.007699004866949652,0.13692233520563812,1.0340446134755128
2021-12-14,434.204767804998,436.6894683893485,431.5419161774256,434.4579162597656,97264100.0,-0.0069037486354773,0.0109663482508027,-0.010562079555690485,0.016976862156560624,-0.0087453799219796,0.007829277446873398,0.011684133011862469,0.011121793190707809,0.011848218249164447,0.0005830162944716595,0.10874246363908902,1.1134902193921727
2021-12-15,434.51422720060384,441.49013147147207,432.0013702393154,441.2463684082031,116899300.0,0.0155042935212791,0.0102130532143664,0.0022977168179923128,0.043650587786777634,0.002809022906212601,0.01117850278641805,0.011462894658481632,0.011649265677968191,0.02150445173381796,0.01549348855841084,0.20187510088511584,1.2881075938804936
2021-12-16,443.0934545318682,443.3747305871484,435.8080899456226,437.3551940917969,116568600.0,-0.0088577119002402,0.0096800566430507,0.00021424005575451308,0.01959247518349333,-0.0036167213315452,0.011548281445104438,0.011460751076653418,0.011811429603082818,0.01730090494806751,-0.012950451832184778,-0.002828930541072583,1.2376128404962572
2021-12-17,434.2812071966068,437.2827414785998,430.9974086651927,432.7004699707031,135511600.0,-0.0106999327115768,0.0085888632725587,-0.019854997941194386,0.01763219724677883,-0.017707227522036,0.010969513286313959,0.011678771824812263,0.012005824958947928,0.01452582848785129,-0.003639893229798496,0.16250516863031716,1.3766948660077518
2021-12-20,427.62887521925904,428.4945046145701,424.4862092214544,428.0993347167969,107134800.0,-0.0106904742526757,0.0071507071265633,-0.02164757397869089,-0.00483206200803017,-0.026607856460931,0.011197714397035388,0.011699772951951338,0.012204438177859045,0.00936300308844753,0.0011001583962182433,-0.20940495131044135,1.061544424926915
2021-12-21,431.51492459596,435.84315849906136,429.35082200169626,435.7020263671875,69806300.0,0.0176033248310802,0.0091140855636923,0.002859499487866613,-0.007702580067823872,-0.0061852500544401015,0.014627531192287054,0.011150799148681213,0.012907428798082942,0.014900863673958887,0.009703260611780715,-0.3484255349335603,0.6926895646060036
2021-12-22,435.44797367017134,440.1713773813337,435.2503599777173,440.0584716796875,58890200.0,0.0099490243204382,0.0085798207299632,-0.0026957697129742896,-0.0003980528949819734,0.0024387132329210985,0.013366380914959368,0.011628364478542668,0.013107401371104688,0.01118264439912499,0.010587942276218676,-0.15637700322177228,0.5885493412347321
2021-12-23,441.05577241344565,444.2925360057626,440.95228510851217,442.7964782714844,56439700.0,0.0062026392221261,0.0083698952169959,0.012364581409392011,0.012578821465146528,0.005974923310193099,0.012703651920319433,0.011516873540317189,0.01316724547180441,0.00754353537383483,0.003946679687499896,-0.04161133770983971,0.5655905941102807
2021-12-27,444.170258614502,449.1100837845784,444.12322414632985,449.0630493164063,56808600.0,0.0140530520377386,0.0065123111058591,0.03711756615870741,0.017262568217513027,0.0425836010447904,0.01099505151386697,0.011969743449105261,0.012341627388873285,0.011105032235094615,0.011015574786943965,0.006536179320584701,0.5856803350945243
2021-12-28,449.4959235413833,450.5215220285828,447.9339942160981,448.6961364746094,47274600.0,-0.000817397066013,0.0074740117302264,0.04699064334537011,0.025343069366679228,0.029574348981678,0.007139067874968125,0.01143358055663919,0.012124274092683428,0.005766770877090324,-0.001779297708581581,-0.16782670229507501,0.4973854558422401
2021-12-29,448.7995905115579,450.2862300149204,447.8022185897107,449.2700500488281,54503000.0,0.0012782522571036,0.0075459886874114,0.03066557077139351,0.03352507025926013,0.050501932415820704,0.006106773093728779,0.010966348250802714,0.011061336131678392,0.005528994031406568,0.0010482619574897509,0.15290240425090862,0.6032871807146899
2021-12-30,449.6934008752194,450.7001910745442,447.5669435079559,448.0279846191406,55329000.0,-0.0027684585834412,0.0085291793462271,0.01794808786751411,0.015252318154539828,0.058902905941317404,0.006736109095757438,0.010213053214366346,0.010666382939190382,0.006993419326812375,-0.00370344828907311,0.01515512907546368,0.6395464998182641
2021-12-31,447.5387114670403,448.68660504135966,446.62601892001857,446.89886474609375,65237400.0,-0.0025233804818396,0.0085775076358449,0.00922206816354841,0.02158664957294043,0.0411791247564337,0.007014500019841592,0.009680056643050635,0.01032541484640765,0.004610855573579973,-0.0014297013968894603,0.17908149433389364,0.7822901353227606
2022-01-03,448.15975083339737,449.61819265083415,445.8545162929149,449.4864501953125,72668200.0,0.0057733936367525,0.0093639482791357,0.0009424097625623101,0.03805997592126973,0.0556921731680485,0.003517396964853688,0.008588863272558707,0.01003238246336993,0.00837328101054841,0.0029603268911320203,0.1139039875899408,0.906543096638054
2022-01-04,450.9072545217483,451.6223622300133,447.4822951975026,449.3359069824219,71178700.0,-0.000334978793298,0.0094043302725809,0.00142482803527731,0.048415471380647425,0.0435834093726172,0.0034894125117264584,0.0071507071265632495,0.009824568254696879,0.009213746260150736,-0.003484857525730159,-0.02049727391073397,0.9036300553759639
2022-01-05,448.969002462942,449.74056308734737,440.6136354927347,440.7077331542969,104538900.0,-0.0193888113651372,0.008358891049035,-0.01924223558696349,0.011423335184430023,0.003720755116606099,0.009345445106270172,0.009114085563692285,0.009960321088569415,0.020709706020559458,-0.018400533808182032,0.4686823445778021,1.319561646954976
2022-01-06,440.246697215396,443.0035835732876,437.9320153144519,440.2937316894531,86858900.0,-0.0009398429215808,0.0094678779598099,-0.017413619925103093,0.0005344679424110237,0.00013641504742899874,0.009433639449119095,0.008579820729963153,0.009945994003387129,0.011518602000931357,0.00010683663126744913,-0.16912364679559477,1.0863683806014626
2022-01-07,440.3030723284207,441.479221117935,437.1980222953608,438.5529479980469,85111600.0,-0.0039615236838163,0.0100599147253119,-0.01885176312707979,-0.009629694963531377,0.002949126501615099,0.009418989742064923,0.00836989521699585,0.00986461675005131,0.009762102482989855,-0.003974817439085221,-0.020116533826700533,1.0488776936215731
2022-01-10,435.36328278709937,438.2236562011222,429.62367048499374,438.00726318359375,119362000.0,-0.0012450596729908,0.0101105028833264,-0.025870216436823093,-0.024927806674260776,-0.0076652384567478015,0.00806708970836449,0.006512311105859113,0.009624983866746444,0.019634344996063948,0.006073044055456877,0.40241753180530027,1.4336828877752354
2022-01-11,437.743881417485,442.0909238415966,434.7517363219708,441.996826171875,74303100.0,0.0090672085953989,0.0086337949848957,-0.016468029048126193,-0.015043201012848874,0.010299868353830299,0.010271662839133527,0.0074740117302263265,0.009626829512950477,0.01660461588195178,0.009715600685538499,-0.377497863641695,0.899722865436015
2022-01-12,443.7280727675989,445.2429675793777,441.2346426828555,443.1917419433594,67605400.0,0.0026998010149021,0.0078807032517866,0.005620583331913108,-0.013621652255050376,0.019903418004209698,0.005032696941956916,0.007545988687411407,0.009475634474654288,0.00904422288859901,-0.0012086925690645753,-0.09014024986844427,0.8335900589748685
2022-01-13,444.2926187440994,444.9418552591615,436.0595761258511,437.0851745605469,91173100.0,-0.0138744188953975,0.0129035401164846,-0.007313992641903592,-0.024727612567006674,-0.009475294412466903,0.008493345082049226,0.008529179346227057,0.009384757937997222,0.020321620705256862,-0.01622229107457628,0.3486067680984064,1.1423026833803618
2022-01-14,433.94241224020107,437.6119903971506,432.7286187563213,437.2638549804688,95890900.0,0.0004087164653297,0.0147588369097188,-0.0029437524927575917,-0.021795515619837374,-0.00020886604689700222,0.008396231057863315,0.008577507635844908,0.009175467340862576,0.011168020373070672,0.007654109500661614,0.05174552581847047,1.2171784420922225
2022-01-18,432.5781593461344,432.7851627070061,428.4098944174529,429.5201721191406,109709100.0,-0.0178680931915088,0.0140843581728633,-0.01956678601127559,-0.04543700244809867,-0.007377026526829002,0.011454984476252704,0.009363948279135689,0.009737762001183174,0.010186409331991988,-0.007069213183615361,0.14410335078719672,1.4157625045690687
2022-01-19,431.0632797435182,432.45582165960354,424.7873365975809,425.0602111816406,109357600.0,-0.0104378745803661,0.0139869401567211,-0.039071869187040593,-0.05553989823516677,-0.007124426854519403,0.008984031139417674,0.009404330272580887,0.009723823988342374,0.01804093834307549,-0.013926188668748085,-0.0032039274773013604,1.4092053825971558
2022-01-20,426.942024252304,431.6372011815895,418.2385229314581,420.3555908203125,122379700.0,-0.0111298343721291,0.015697719925995,-0.05290150457407179,-0.04728092124215868,-0.03585758605772871,0.006801542192782453,0.008358891049034964,0.009028457999766454,0.03187462839255749,-0.015426997245179161,0.11907814363153535,1.5253421106571232
2022-01-21,419.2358518525332,421.5881492656184,412.0754723100945,412.1036987304688,202271200.0,-0.0198259842589748,0.0140958662363786,-0.05885306993764909,-0.06616706257955268,-0.0656325946371417,0.007946557839339898,0.009467877959809863,0.009436048013309162,0.023083211785841284,-0.017012269085643766,0.6528166027535613,2.314314862688556
2022-01-24,406.5053054589265,414.36198622480896,395.90115681307793,413.8538818359375,251783900.0,0.0042379554740507,0.0141856838285531,-0.0550238309289281,-0.057967583421685676,-0.0675972783852171,0.009455113928782307,0.010059914725311841,0.009341871910484143,0.04460711913546671,0.018077442725414818,0.24478373589517433,2.591242552981717
2022-01-25,407.4743871661888,413.7409112645625,401.9135523304981,408.8010864257813,167997300.0,-0.0122842726179303,0.0134035316210397,-0.049440010355349596,-0.06900679636662517,-0.09393460304088601,0.008744895458320811,0.010110502883326385,0.008580393951985722,0.028931818742149312,0.0032559083500170822,-0.33277187302285804,1.6353813829085102
2022-01-26,414.6818862839636,417.80574473347866,403.5225703047687,407.7755432128906,186391100.0,-0.0025118126452896,0.0136049255746705,-0.041513948420273096,-0.08058581760731368,-0.09562901862016261,0.009319792184064783,0.008633794984895665,0.00854837976080962,0.03502705021535105,-0.016654556901344084,0.10948866440115412,1.699369466443167
2022-01-27,412.3672646800451,415.5005130340549,404.0777686865183,405.7619934082031,149878300.0,-0.0049501192647211,0.0152593208603435,-0.03533423331286509,-0.08823573788693687,-0.1018573901419873,0.009260730896197918,0.007880703251786626,0.008428616512101913,0.028151341261883855,-0.01601793313290029,-0.19589347345447283,1.309538111722133
2022-01-28,407.1168047933351,415.88617630742215,402.5439524748477,415.8391418457031,164457400.0,0.024531742653163,0.0151216863204454,0.009023493599272708,-0.049829576338376376,-0.0745571889053831,0.014010694255687822,0.012903540116484615,0.010723166411730043,0.03208506003873268,0.0214246549139521,0.09727292076304583,1.3715333853900447
2022-01-31,415.171167102493,423.6770844746201,413.82565957531546,423.3289489746094,152251400.0,0.0178510267515768,0.0137078853821675,0.02263656487679881,-0.03238726605212927,-0.054182781671966704,0.01580900832637715,0.01475883690971878,0.011761179220319171,0.023271323454648718,0.019649201386141773,-0.074219828356766,1.2252806430213685
2022-02-01,424.0534262540882,426.82914917104256,420.5343978995624,426.1893310546875,123155400.0,0.0067341526530747,0.0146763588638841,0.04165499014780381,-0.007785020207545771,-0.053222022655644505,0.012743622015529062,0.014084358172863323,0.011799548700055404,0.014769847137896622,0.005036876648933101,-0.19110497506098467,0.9713892465654831
2022-02-02,428.5886700615122,431.05387362428513,426.2834066730469,430.3293762207031,117361000.0,0.009667220045926,0.01419313360362,0.05383402283901941,0.01232007441874633,-0.0432198238164205,0.011226673447490346,0.013986940156721046,0.012111178176945665,0.011085617703197662,0.004061484310682126,-0.04704950006252262,0.9091277750151027
2022-02-03,424.30745056905977,426.2080966836343,419.3770152968473,420.2144470214844,118024400.0,-0.0237857375589742,0.013838118594153,0.03499840454476631,-0.0003358287680987719,-0.0476167500102575,0.018574533346401734,0.015697719925995016,0.012474811082572182,0.016256179279904182,-0.009646315524476562,0.005652644404870344,0.9095161495903322
2022-02-04,419.9792336074007,426.0293363499769,417.6080991681987,422.1903991699219,118454400.0,0.0046912260327093,0.0136740030469234,0.015157887924312607,0.02418138152358533,-0.0419856810559674,0.015805692891375654,0.014095866236378622,0.012572211398942866,0.01994653880887725,0.005264940229373749,0.003643314433286582,0.9018506590022233
2022-02-07,422.95248633834746,424.3450280068108,419.5087195361271,420.8354187011719,84472900.0,-0.0032145673520953,0.0138783977360373,-0.005907706179359493,0.01672885869743933,-0.0412387247242464,0.01350857239946595,0.014185683828553116,0.012567496742203785,0.011492161200713715,-0.005005450270558284,-0.2868741051408812,0.6432894654476241
2022-02-08,420.3367735452306,425.2201456654425,418.91597660458353,424.2980346679688,81012000.0,0.0081942924591679,0.0137759994161994,-0.004447566373266293,0.03720742377453753,-0.031799372592087705,0.013736336476380107,0.013403531621039662,0.012775316216581609,0.014857879475666752,0.009424017530819173,-0.04097053611276513,0.6260757634210761
2022-02-09,428.3251785502613,430.828026712605,428.1275935863995,430.5081176757813,92589900.0,0.0145300598219291,0.0138459146892992,0.00041527340273680817,0.05424929624175623,-0.026336521365557506,0.014801494292054818,0.013604925574670503,0.013070161151377081,0.006272664824032915,0.005096452963396986,0.14291586431639747,0.7105311746177332
2022-02-10,424.67441942143387,430.6680694415039,420.7790293131962,422.7737731933594,140103700.0,-0.0181289592438174,0.0157800853189026,0.006072051717893611,0.04107045626265993,-0.047165281624277,0.012568763991910373,0.015259320860343461,0.013554132801527343,0.023390855240646363,-0.004475537355567324,0.5131639628080384,1.04605167545465
2022-02-11,422.858462906652,424.92846773085336,413.00703862428105,414.4372253417969,153214600.0,-0.0199157044323252,0.0145733975409984,-0.01853487874714089,-0.0033769908228282706,-0.0532065671612047,0.0153719599503597,0.015121686320445362,0.013887504488528343,0.028765343404517776,-0.01991502666629649,0.09357996969387683,1.1180461801016814
2022-02-14,413.9291560964369,415.50989334254666,409.61973040303707,413.0823059082031,123006300.0,-0.0032746553844398,0.0152774759590954,-0.018594966779485387,-0.02450267295884487,-0.0568899390109742,0.015371502233156522,0.013707885382167473,0.013869073580446955,0.014259054080177741,-0.002045881948060843,-0.19716332516613955,0.8888150736472025
2022-02-15,417.5139841588956,419.9133160423361,416.9964614975675,419.7439575195313,88482700.0,0.0159980394079104,0.0155840050401132,-0.010791219830742889,-0.015238786204009175,-0.023023806411555003,0.01717401840299302,0.014676358863884036,0.01400499877518094,0.006949128135174747,0.005341074659159291,-0.2806652992570299,0.6442965403758738
2022-02-16,417.7021805621434,421.5881807733141,415.8297608700527,420.2144470214844,84863600.0,0.0011202686909612,0.0155740763890173,-0.02420101096171079,-0.023785737558973973,-0.011465663140227702,0.014799259227321103,0.014193133603620034,0.013839108031170305,0.013703526720886296,0.006014492086107823,-0.04090178080008855,0.6235039405599513
2022-02-17,417.0341941741858,420.18627912524965,410.6359553270565,411.2381286621094,102259100.0,-0.0215927339302079,0.014265545913817,-0.027664785648101292,-0.02159273393020767,-0.0219285626983065,0.015634329241681948,0.013838118594153025,0.014443720607496482,0.023223342225740275,-0.013898298012597864,0.20498187679994717,0.7569055657622826
2022-02-18,411.492143665792,412.7435821681036,406.3076988713617,408.5753173828125,132642900.0,-0.0064961624047137,0.0169217329998942,-0.014245243620489793,-0.03278012236763067,-0.0085987408440454,0.013562600470886666,0.013674003046923384,0.013828416366323704,0.015752011986352663,-0.0070884130544871795,0.2971256347845814,1.0077707347391391
2022-02-22,406.37352124987865,409.77022506154026,400.6997521061171,404.1905822753906,124391800.0,-0.0107897677500705,0.0167982988191163,-0.021760355986120493,-0.04035532276560587,-0.023626464068166597,0.014029923565170308,0.013878397736037254,0.013968992227703427,0.022441079414470606,-0.005371754950406175,-0.062205364930953744,0.9931440598525307
2022-02-23,407.098048185768,407.66260537056274,396.4562558034865,397.0208129882813,132578000.0,-0.0178978000568483,0.0182635034877598,-0.05565619545087919,-0.06644741528162207,-0.0292399915070846,0.009040591837252593,0.013775999416199369,0.014257244993834062,0.028226101001427896,-0.024753828328079375,0.06580980418323401,1.0736839044879862
2022-02-24,386.7365259239518,403.4284488931798,386.3790008159794,402.99560546875,213942900.0,0.0149369523669929,0.0176746365997619,-0.04183951177484749,-0.06604052273655828,-0.011791226494802102,0.014302099639972737,0.013845914689299157,0.014716106837806256,0.042306784108400115,0.042041747947012965,0.6137134366184436,1.7135015952432353
2022-02-25,404.22823397331,411.97200837339045,402.581625575988,411.8873291015625,121804500.0,0.0218241815513084,0.0161017433771052,0.0015774037066688118,-0.026087381941432473,0.0149830743212274,0.017159984461468134,0.015780085318902563,0.015495721741872316,0.02279842601102924,0.01894745216821791,-0.4306681829590979,0.986643183590381
2022-02-28,406.5052626502716,412.3107459178309,405.2538529277807,410.83349609375,145615000.0,-0.0025618254744352,0.0161210695328345,0.005511740636947312,-0.008733502983542474,-0.012110493806370802,0.0168570821479084,0.014573397540998338,0.014456610996691675,0.017177014671753643,0.010647422902374791,0.19548128353221772,1.1885839941735998
2022-03-01,409.3374644946176,411.3416268267393,401.8759540045587,404.576416015625,137785900.0,-0.0153473800155083,0.0175761531515152,0.0009541283715095127,-0.020806227614610973,-0.04530890057345591,0.01775993837394447,0.015277475959095344,0.014128079031696756,0.023396501742244433,-0.011631108539920179,-0.0537657521546544,1.131358125858818
2022-03-02,406.8251214742269,413.74088149381066,406.07239780068846,412.0190124511719,117726500.0,0.0182288616063961,0.0180561737186633,0.03708079003475391,-0.018575405416125276,-0.03381419162013451,0.015801952941369372,0.015584005040113232,0.014734255030396198,0.018611965616589076,0.012766888529704628,-0.14558383695283772,0.9688099828002931
2022-03-03,414.4465875237106,415.04876074406366,408.1706452434173,409.9678039550781,105501700.0,-0.0049908653348261,0.018413946499864,0.01715297233293491,-0.02468653944191257,-0.048472277000886604,0.015943299248986836,0.01557407638901733,0.014502291368774867,0.016777208927850364,-0.01080666050453666,-0.10384068157976323,0.8724654666366312
2022-03-04,406.2417947777143,407.76607902539786,402.600442693899,406.6369934082031,113978200.0,-0.0081577503081574,0.0183208828716002,-0.012828959526530891,-0.011251555819862072,-0.032844289750069804,0.012579125614892318,0.014265545913816957,0.013688913947619017,0.012703311344605827,0.0009728162773234059,0.08034467691041947,0.9441430110155347
2022-03-07,406.0536235461076,406.7593128666358,394.5838174926232,394.6496887207031,137896600.0,-0.0299223719616035,0.0143468307709559,-0.040189506013699194,-0.03467776537675187,-0.0674578877443826,0.017547080674357843,0.016921732999894152,0.014973820515666102,0.03085139991743234,-0.028084800046389784,0.2098506556516948,1.1331473578197806
2022-03-08,394.8284856869652,401.9700585274636,390.59434954887394,391.6575927734375,164772700.0,-0.0076105371515436,0.0135746698539345,-0.032452663149734495,-0.03149853477822497,-0.0718538575438309,0.017076171795716525,0.016798298819116323,0.015003608402992114,0.02904503624718489,-0.008031064192368646,0.19490038188033632,1.3107529860964773
2022-03-09,400.0222969242245,404.134108148982,397.83935806469975,402.1581726074219,116990800.0,0.0264575051750357,0.0133457157849659,-0.024224019581094894,0.012856770453659027,-0.05359064482796311,0.02017030739464678,0.018263503487759836,0.016261774956238637,0.01565242363090572,0.00533939157796984,-0.289986751446083,0.9175218655988278
2022-03-10,397.5571135281268,401.2361105228519,395.6000145047704,400.3422546386719,93972700.0,-0.0045256575735063,0.013373339491588,-0.023758811819775093,-0.006605839486840173,-0.0726463622233985,0.020170538158264355,0.017674636599761883,0.015750594427049465,0.014078194227007965,0.007005637720397648,-0.1967513684836757,0.7365987672809046
2022-03-11,402.82621713239433,403.4378087082755,394.743726780533,395.2518310546875,95636300.0,-0.0127967091280613,0.0116694239327494,-0.028397770639678993,-0.041226730166209875,-0.0673141121076424,0.02047082597961482,0.0161017433771052,0.015535960128749004,0.021996310313207833,-0.018803111008083687,0.01770301374760974,0.7629350170247031
2022-03-14,396.0234396841189,399.4671781987032,391.2247467020312,392.3632507324219,95729200.0,-0.0073350379904811,0.0104165339755319,-0.005810436668556592,-0.04599994268225577,-0.05473344566579831,0.01572583657765812,0.0161210695328345,0.015078556690187955,0.021007144479728682,-0.00924235432785622,0.000971388479060753,0.7815976747662678
2022-03-15,394.9695806826798,401.6218852812804,393.6993629323293,400.9914855957031,106219100.0,0.0217521234149258,0.0095464112842833,0.02355222389791281,-0.008900439251821674,-0.02970666686643271,0.018029511407275836,0.01757615315151516,0.0160394075087501,0.019757333094446203,0.015246503041107218,0.10957889546763155,0.8732286080402659
2022-03-16,404.49170046381727,409.939601038674,399.7023972745846,409.8831481933594,144954800.0,0.0219319205177125,0.0092166812246917,0.01902663924058961,-0.005197380340505275,-0.023772785756630603,0.016731717886978532,0.018056173718663263,0.016429960085458717,0.02497590791232067,0.013328945249951762,0.3646773508719241,1.1646406246541394
2022-03-17,407.9731146505722,415.0111999511719,407.5967527483876,415.0111999511719,102676900.0,0.0124333930302436,0.0109458631930377,0.03598568984433951,0.012226878024564425,-0.012459661417348205,0.016334915403923386,0.018413946499864,0.016706061851426254,0.017865655682681898,0.017251345855541916,-0.2916626424237072,0.8190969590226956
2022-03-18,413.40286121868064,419.8776045343294,412.6666654946888,419.55670166015625,106345500.0,0.0108931739359358,0.0105638070985381,0.05967557290833661,0.031277802268657624,0.020026246448795495,0.011926676959977569,0.018320882871600146,0.01612921876219817,0.017187042921987493,0.014885819665917522,0.03572955552806922,0.8469823930116814
2022-03-21,419.3868421211315,421.3877829881189,415.9323761926658,419.4340515136719,88349800.0,-0.0002923754448881,0.0107300474220535,0.06671823545392962,0.06090779878537302,0.026230033408621095,0.009181985164985479,0.014346830770955877,0.016036831639797425,0.01300659013202523,0.000112567653056534,-0.1692191959227236,0.716291003547047
2022-03-22,420.8214082000754,425.276343887646,420.8214082000754,424.3419494628906,74650400.0,0.0116333085885709,0.011241290125226,0.05659942062757471,0.08015164452548754,0.048653109747262495,0.007889551750267239,0.013574669853934433,0.015929744886225485,0.01049845694777398,0.008365879668225997,-0.15505864189845364,0.6176786288683572
2022-03-23,421.8125310374547,423.3037890750717,418.7922244044908,418.8771667480469,79426100.0,-0.0129618959566246,0.0108912450406347,0.021705604153237607,0.04073224339382723,0.0535890138474862,0.010982417188621288,0.013345715784965854,0.015633677051272846,0.010770614940905952,-0.00695893097862272,0.06397420509468144,0.6719705567180981
2022-03-24,420.8969363393452,425.2008538879378,419.7832096061072,425.19140625,64736900.0,0.0149617163627297,0.0098390019437022,0.024233927485723714,0.06021961733006322,0.053613777843223,0.01149442958076549,0.013373339491587949,0.015634699897406932,0.012741659878810346,0.010203138915680834,-0.18494172570477463,0.5845926366336255
2022-03-25,425.8238060374059,427.54160557531713,423.2471067305392,427.2678833007813,77101300.0,0.0048717426934911,0.0096793823927484,0.01821249624327901,0.07788806915161563,0.036661338985405696,0.011007701036275833,0.011669423932749341,0.014988400994673823,0.010051068691616965,0.0033912553570303156,0.19099462593976546,0.7105893165296693
2022-03-28,426.6732699189053,430.30706787109375,424.7855856636152,430.30706787109375,68529800.0,0.0070878872796644,0.0104119137053756,0.02559275896783151,0.09231099442176112,0.0463110517395053,0.010841721872813305,0.010416533975531822,0.014994794417155845,0.012831493181823793,0.00851658214464453,-0.11117192576519463,0.6548534693001542
2022-03-29,434.18629362949696,436.1211874892994,431.5057851443897,435.63037109375,86581500.0,0.0122950459061898,0.0088088422214197,0.02625449628545041,0.08285391691302513,0.0739534776612034,0.010944680957715362,0.009546411284283308,0.014548357197706542,0.010594767149319072,0.003325939776176611,0.26341387250510007,0.8480995572091915
2022-03-30,434.4882852945164,435.30000450918726,430.83562083793777,432.9403991699219,79666900.0,-0.0061940387962185,0.010223134814211,0.03302235344585651,0.05472795759909413,0.049530577258588795,0.008204634125043901,0.009216681224691638,0.014287104796327992,0.010311774276110687,-0.0035625497326016455,-0.07986232624752398,0.7951910578997875
2022-03-31,432.1758685328461,432.9970065427643,425.8238008960685,426.27685546875,121699900.0,-0.0155110416242192,0.009868446392193,0.00254959545890761,0.02678352294463133,0.0390104009691957,0.011211585729420962,0.010945863193037645,0.014762261480280653,0.016827574743198008,-0.013649566053102663,0.5276093333617851,1.2049999717809963
2022-04-01,427.8531604316954,427.9947310191564,423.91735408137134,427.4850769042969,89048800.0,0.0028303492960025,0.0097352603996476,0.0005082020614190102,0.018720698304698028,0.0499985005733556,0.011049027695596016,0.01056380709853804,0.014569475967688856,0.009538056783904724,-0.0008603033971448298,-0.2682919213573717,0.8927260642430573
2022-04-04,427.683210068739,431.2509323439472,426.8620719837448,431.1470947265625,59601000.0,0.0085299390058375,0.0109610161734568,0.0019502537875921086,0.027543012755423625,0.0884508115407966,0.011293103219732314,0.010730047422053477,0.012448524928450605,0.010179496542788718,0.008099183171737686,-0.33069283359236734,0.6219157773211573
2022-04-05,429.65584243367965,432.1192567211848,424.5591003737765,425.7011413574219,74214500.0,-0.0127117649857468,0.0103728681476661,-0.02305655710434449,0.003197939181105924,0.0833495837065934,0.0101857408838248,0.011241290125225976,0.012756500976729791,0.017759304857162025,-0.009204346096767466,0.24518883911343758,0.8128053379706026
2022-04-06,421.7936733149173,423.7190907497015,418.5657201739074,421.4444274902344,106898000.0,-0.0100496298375422,0.0109427590301175,-0.02691214814566819,0.006110205300188326,0.04684244869401551,0.010477290134029645,0.010891245040634677,0.011987889527663852,0.01222787689110805,-0.0008280015722810541,0.44039237615290805,1.1772652069112597
2022-04-07,420.5666429127626,425.38024389891154,418.6223302828864,423.5680541992188,78097200.0,0.0050262717435225,0.0133039226458277,-0.006374834777926491,-0.003825239319018874,0.056394378011044306,0.009493293283362193,0.009839001943702151,0.011889749452472924,0.01595472923188546,0.007136589021109812,-0.26942318846002733,0.8676676607057835
2022-04-08,422.8130169818533,425.3236408416978,420.8970183524694,422.43548583984375,79272700.0,-0.0026774569664724,0.0137435610244544,-0.011882641040401392,-0.011374438978982375,0.0665136301726332,0.009213260012012772,0.00967938239274833,0.01139525028877721,0.01047881306758082,-0.0008929033091376236,0.01505175601686104,0.8888068916683106
2022-04-11,419.1696987316592,420.0097320215141,414.7147916975716,415.2150268554688,89770500.0,-0.0172402158557137,0.0154413979863861,-0.03765279590195259,-0.035702542114360476,0.0566084523074006,0.008784854114842974,0.01041191370537554,0.01207777955470422,0.012752284916185267,-0.009434536628378905,0.13242642170633778,1.0098818702408583
2022-04-12,418.19758861647455,420.7176599600039,412.1286901933345,413.6766052246094,84363600.0,-0.003712001274485,0.0156644486070325,-0.02865303219069079,-0.051709589295035274,0.0311443276179898,0.008370065543170515,0.008808842221419672,0.01129493106468873,0.020762522362138363,-0.01081063955156214,-0.06023025381389213,0.9608686538008473
2022-04-13,413.4311571589825,419.1697044984065,413.2518248542716,418.4146423339844,74070400.0,0.0113883863857778,0.0176881544306942,-0.007215015967370791,-0.03412716411303897,0.020600793486055105,0.010755466436309287,0.010223134814210989,0.010512896633153239,0.014143576838334298,0.012053966153028724,-0.12200996638360617,0.8791208269506819
2022-04-14,418.6411928370952,419.7549485147844,413.1008437773758,413.2046813964844,97869500.0,-0.0125298413612394,0.0206419432222486,-0.02477112907213269,-0.031145963850059175,-0.004362440905427896,0.010978880565984702,0.009868446392192923,0.01056950596151951,0.01610365283113469,-0.01298608816721564,0.3213037866678188,1.1649090281387016
2022-04-18,412.2796514632989,415.0545494478205,411.14702946006696,413.37451171875,66002500.0,0.000410923299473,0.0209109662518307,-0.021682748806187292,-0.033565389846588675,-0.014844691541890696,0.011223154681534207,0.009735260399647535,0.010244422333216527,0.009452735659745028,0.002655625257189266,-0.3256070583787595,0.8049324391523089
2022-04-19,413.2706473332826,420.7647551726943,413.1007626849386,420.0474548339844,77821000.0,0.0160137025000196,0.0198904624497582,0.011571169549546009,-0.026081626352406573,0.0014613864030170037,0.011514125620728665,0.010961016173456769,0.01090938812284103,0.018245539639764632,0.01639798893154051,0.17906139918942454,0.9551973168407826
2022-04-20,421.82193478222695,422.4354264021452,418.57511557097627,419.7360229492188,65224400.0,-0.0007416957043847,0.0230333020826555,0.014541475119646308,-0.014111557071044471,-0.010913617889938597,0.011197756555596473,0.010372868147666092,0.01056470765436175,0.009196996731528963,-0.004945005607840259,-0.16186633427995012,0.8052412458915806
2022-04-21,423.3509483444846,424.7383973991878,412.55339229515056,413.45947265625,85417300.0,-0.0150664977347968,0.0250810576386812,-0.011913409000928292,-0.01912842496829907,-0.013018219668110797,0.012377076128481039,0.010942759030117488,0.010704446116177395,0.02947085726626432,-0.023364718390062093,0.30959119593281037,1.050651244163778
2022-04-22,412.374123706912,413.4784030168014,401.54825187367607,402.1145629882813,132471800.0,-0.027822468578447,0.0238614303194244,-0.027206036218135894,-0.05197716529026857,-0.055802404609287495,0.01665992998699185,0.01330392264582766,0.011653174972526603,0.02966853787753269,-0.024879254368352362,0.5508778666616716,1.5642679621798752
2022-04-25,399.8776083235588,404.6156854519276,395.31883470061024,404.44580078125,119647700.0,0.0057807062918386,0.0252407125727068,-0.02183625322577029,-0.04351900203195758,-0.05489344101093999,0.017292556681364712,0.013743561024454414,0.01168635476220667,0.02298664180307736,0.011423976643360579,-0.09680626367272127,1.3782161635092258
2022-04-26,401.9162927984164,402.1145203899857,392.7044129382394,392.7327270507813,103996300.0,-0.0293884402018653,0.0241305362308518,-0.0672383959276552,-0.05566722637810917,-0.0913697684924697,0.015768131069149344,0.015441397986386107,0.012858607397641528,0.02396058897971493,-0.022849448783707742,-0.13081237666917123,1.1739483687040193
2022-04-27,393.8087220181219,399.1697677643689,391.7039722839688,393.8370361328125,122030000.0,0.0028079131929181,0.0242591401569058,-0.0636887870303524,-0.04914731191070607,-0.1008569012057414,0.016544018196480104,0.01566444860703245,0.01236945330508681,0.01895656018973897,7.189814015673051e-05,0.17340713083061599,1.350498897732605
2022-04-28,398.5750669559005,405.5123117771295,394.1484454415817,403.7850646972656,105449100.0,0.0249455084532332,0.0218403958644199,-0.023676780842322394,-0.03559018984325067,-0.0697173539562897,0.02339461219387915,0.017688154430694155,0.014061063551069166,0.028143354792153526,0.013071559596429923,-0.13587560435958368,1.1505842279033842
2022-04-29,399.8021348013602,401.95409397695,388.1173631500213,388.8630065917969,145491100.0,-0.037655604865042,0.0213919518553031,-0.03350991712891739,-0.06071595334705327,-0.09186191719711251,0.026079788245762226,0.02064194322224863,0.0158197140529379,0.03558253316045981,-0.027361355173849588,0.37972822906975967,1.5671524992979697
2022-05-02,388.929072135393,392.56287045835074,382.2749671742883,391.2037353515625,158312500.0,0.0060013731115641,0.0211818686323602,-0.03328925030919189,-0.055125503534962164,-0.0886908933815509,0.02610636610931646,0.0209109662518307,0.015913642222319977,0.02629807017260977,0.00584852966552632,0.08812497809144348,1.6439331843249276
2022-05-03,391.703889272382,395.4037338921699,390.1465268831045,392.9969482421875,100028200.0,0.0045733599922909,0.0224062680010854,0.0006725498849643081,-0.06656584604269086,-0.09264747239509749,0.02293986149922879,0.019890462449758194,0.015767918713201948,0.013377220949373853,0.0033011134308812595,-0.3681598105013818,1.0173488924168512
2022-05-04,393.65769528593023,405.53124638806986,390.4769516548114,404.9649353027344,144247900.0,0.02999863730684,0.0224281322891637,0.027863273998886207,-0.03582551303146618,-0.049937070102510694,0.026654272186957758,0.023033302082655454,0.017421612983711195,0.03717431664053711,0.028723533547569083,0.4420723356013605,1.4166383130278066
2022-05-05,400.7081751004019,401.1329155913623,386.4467339742489,390.5713195800781,172929100.0,-0.0361898946864817,0.0203030921173261,-0.03327212914082869,-0.056948909983151066,-0.07607733495145019,0.02942403983466848,0.025081057638681143,0.018933054222336147,0.037601792248604445,-0.0252973514148641,0.19883270397697306,1.644975478865099
2022-05-06,388.01353835630266,391.50573725161655,382.9451102963641,388.2400512695313,151770800.0,-0.00598675201918,0.0204071640164849,-0.001603276294966688,-0.03511319342388407,-0.0870903587141527,0.023988986636021163,0.023861430319424348,0.018822550318350204,0.022049829550711022,0.0005837757986182565,-0.12235245542826512,1.3948327220499126
2022-05-09,382.35045035687074,383.5868812355381,374.23340232624,375.80963134765625,155586100.0,-0.0325411215835616,0.0192232207405261,-0.04014577099009239,-0.07343502129928427,-0.11695402333124189,0.027399687713925463,0.02524071257270683,0.01983956676328003,0.024888874922541042,-0.01710686885057817,0.025138564203391,1.3814527308726066
2022-05-10,381.7746587518607,383.27536414376215,372.6477223262594,376.6779174804688,132497200.0,0.0023077764396948,0.0193303861948888,-0.04241135454268849,-0.04173880465772417,-0.0974060310358334,0.02715683037749315,0.024130536230851818,0.01972998786464644,0.028214135536771462,-0.013350129859469305,-0.1483995035546235,1.1545457496242746
2022-05-11,375.71524733858433,381.3499860628742,369.9483568889677,370.6940002441406,142361000.0,-0.016013566919886,0.0188191256287921,-0.08842355876941449,-0.06056028477052827,-0.10970759668123439,0.016601876999134596,0.024259140156905792,0.019883132602002893,0.03075752282582772,-0.01336450178695755,0.07444534676959202,1.2099231186628692
2022-05-12,367.5038249274551,373.5727232304534,363.5208097766853,370.3070373535156,125090800.0,-0.0010444328851569,0.0196798486156319,-0.05327809696808969,-0.08655022610891838,-0.1221404159521691,0.014052630251948616,0.021840395864419875,0.01951882971162621,0.02714480806415772,0.007627709525509969,-0.12131271907334173,1.040583105468941
2022-05-13,374.4316198234749,380.5382798257655,373.3933876739787,379.1602783203125,104174400.0,0.023626521424746,0.0197527048691828,-0.02366482352416369,-0.025268099819130373,-0.0859840531661837,0.021023696937676212,0.021391951855303123,0.020540302275126952,0.0188439890999101,0.012628897364669529,-0.16720973884570245,0.8643208775825857
2022-05-16,377.5180783730131,381.2840001806902,375.271728942545,377.6218872070313,78622400.0,-0.0040656170359016,0.0198235560825271,0.0048106810234963115,-0.035335089966596074,-0.0904605935015583,0.014430559793191472,0.021181868632360185,0.020510643756165434,0.015921405622468562,0.0002749771202099245,-0.2452809903392772,0.6489221078297838
2022-05-17,383.70016285890136,385.625608984084,379.9719747013643,385.3896484375,83029700.0,0.0203614997567899,0.0191106210453893,0.02286440434059141,-0.019546950202097076,-0.08611279624478799,0.016898974800572942,0.022406268001085382,0.020761275830533946,0.014669917330788415,0.004403140113390862,0.05605654368220758,0.6838285212457469
2022-05-18,380.8403413333533,381.12348248197793,368.6175728842904,369.85400390625,117674500.0,-0.0411465526176171,0.0131333588766572,-0.0022685813571396846,-0.09069214012655417,-0.1265176531580204,0.025896103804209043,0.022428132289163683,0.022304713266056972,0.03381309777805603,-0.028847619946561435,0.4172579209608127,0.9486712077044925
2022-05-19,366.795982093924,372.00600991179766,365.3707710345012,367.58880615234375,98510700.0,-0.0061434048778302,0.0145638926985132,-0.007367553349812988,-0.06064565031790268,-0.1175945603010538,0.02602525925037614,0.020303092117326123,0.022209716117821757,0.01805070983186178,0.002161485122857001,-0.16285431423120555,0.7900064849680701
2022-05-20,371.1659719805041,374.7336946022532,359.1697448163897,367.749267578125,131432200.0,0.000436428995208,0.0144909457557685,-0.03055764577935099,-0.054222469303514674,-0.08933566272739879,0.022222379807236223,0.020407164016484906,0.02163165324726989,0.042322177521555676,-0.00920532769787029,0.3341921232921905,1.054459985004503
2022-05-23,370.7695124155736,375.3943621595535,368.4571163473613,374.6298522949219,76414900.0,0.018537110108756,0.0138595344564185,-0.007954918634693393,-0.0031442376111970732,-0.0765792589104814,0.024882371588677555,0.019223220740526122,0.022131986610152244,0.018517600158385022,0.01041169715977465,-0.4185983343503342,0.623884508510587
2022-05-24,370.5146932699092,372.9592411216309,365.22917116715337,371.77001953125,91448800.0,-0.0076630419330143,0.014215707337966,-0.03597946032449759,-0.013115055983906174,-0.0548538606416304,0.02164724599041406,0.019330386194888825,0.021330094174657113,0.02079261249797406,0.003388060673821531,0.19674042627812116,0.7504718515200065
2022-05-25,370.278726265349,377.01777330975807,369.8823286767236,375.0545654296875,91472900.0,0.008796087172214,0.0166526282408651,0.013963179465333505,0.011694598108193826,-0.0488656866623345,0.01093909994008927,0.018819125628792104,0.02145377741276495,0.019025084056394904,0.012897957202423864,0.00026353544278334695,0.7602012562162267
2022-05-26,376.2816083941698,384.1815635422074,376.07396194375553,382.5487060546875,82168300.0,0.0197844580530489,0.0177272100380642,0.039891042396212606,0.03252348904639962,-0.054026737062518794,0.011758762800799717,0.019679848615631847,0.021135678838703147,0.0211936453322962,0.016655338769448143,-0.10171974431771591,0.6895443999373129
2022-05-27,385.0026051853853,392.0531062882977,384.8044064245167,391.9398498535156,84768700.0,0.0242524025147284,0.017797234009294,0.06370701591573301,0.03314937013638203,0.0078812703172516,0.012724040682937818,0.019752704869182812,0.02026235117060567,0.01849441914745384,0.01801869539243753,0.03164724108932515,0.7299651231145059
2022-05-31,390.3259001664865,393.07248421298215,387.0035862482344,389.74072265625,95937000.0,-0.0056266794303064,0.0178905554185088,0.039543226376670605,0.03158830774197723,-0.0037467822246189005,0.014444924198084972,0.01982355608252707,0.02025981434513046,0.015571629065050243,-0.0014992023588158577,0.1317502804690882,0.8489377946465516
2022-06-01,391.8550043373775,392.8648936661983,384.0777245169053,386.5883483886719,86585800.0,-0.0081212766889911,0.0194598888820303,0.0390849916206938,0.003105531296196229,-0.016441418905900902,0.01456933680888633,0.01911062104538928,0.0203016292944731,0.022730041362908647,-0.01344031820548395,-0.09747229952989978,0.7707740766641836
2022-06-02,386.4279236844996,393.99752849345634,384.1815744219799,393.9503479003906,79609600.0,0.0188644531531363,0.0185574985073273,0.0491533576016161,0.06311653706694963,-0.027575603059604603,0.015410025508773809,0.013133358876657154,0.019550759252009175,0.024916729033980612,0.01946656479730158,-0.08056979319934676,0.7296654681034638
2022-06-03,389.2405486758481,390.7884638335638,386.5128594774759,387.4850158691406,71874300.0,-0.016547701478343,0.0190905725916296,0.012821198070224207,0.05271224046643683,-0.007933409851465904,0.01790677998132988,0.014563892698513171,0.01815344428777783,0.01103424437328912,-0.004510148833875644,-0.09716541723611227,0.6907569477250713
2022-06-06,391.4868739358077,393.21409252067,387.4944109852668,388.664794921875,57508900.0,0.0030400830998559,0.0219225113875653,-0.008391121344648294,0.055315894571084726,0.0010934252675699964,0.013439387962475376,0.01449094575576851,0.018119328625367633,0.0147162326254759,-0.007208617202311185,-0.19986838132684426,0.5789190706797099
2022-06-07,385.18200495505744,392.8459989582093,384.7195026936411,392.3929443359375,59272400.0,0.0095464843134805,0.0211402277694343,0.006782042399138605,0.046325268775809225,0.043181031164612096,0.014025221925367069,0.013859534456418455,0.016506668193247632,0.02071009782890203,0.01872086257435995,0.030664818836736663,0.62707036852778
2022-06-08,390.6845741806073,392.4684496696644,387.333946070098,388.1267700195313,64350000.0,-0.0109317336201452,0.0220369806205653,0.003971585467984507,0.04305657708867833,0.0299415211047721,0.014546645547175925,0.014215707337965977,0.016763861676962453,0.01322893445177198,-0.006546980173047595,0.08566550367456016,0.7062475137974809
2022-06-09,386.352312221375,388.6175274447086,378.8959655761719,378.8959655761719,86289800.0,-0.0240703428734513,0.0243757822148361,-0.03896321055860309,0.010190147043013027,0.0218847451512068,0.013869586716971938,0.016652628240865115,0.017295175505411646,0.02565760195876872,-0.019299345207310952,0.340944832944833,0.9771037971650562
2022-06-10,372.7044332589276,373.5538855253832,367.86251789521714,367.9096984863281,132893900.0,-0.0294241467314933,0.0224989988288344,-0.0518396558117534,-0.03901845774152917,-0.0064949686951296,0.01678967020171262,0.017727210038064198,0.01859522613174061,0.015469468876688333,-0.012864710866662722,0.5400881680105876,1.4982070294726295
2022-06-13,358.5184977773577,360.3684205912054,352.33631352731584,353.9408569335937,170004900.0,-0.0387076951423602,0.0195697795997463,-0.09358743405396949,-0.10197855539861778,-0.0688291852622358,0.01872407594705253,0.017797234009294012,0.019567932689728423,0.02269335937500015,-0.012768213835947622,0.2792528475723868,1.8480102150712086
2022-06-14,355.6869276147928,356.7157121238985,349.7784664118968,352.874267578125,104011800.0,-0.0030180173798201,0.0195202693437554,-0.1061519357472701,-0.09936989334813147,-0.0677815856061543,0.014303950646797172,0.017890555418508765,0.01956757611067796,0.019659256424714718,-0.007907684590854305,-0.38818351706333165,1.1152531034428408
2022-06-15,356.1683036625761,362.3410401471121,351.2225794060758,357.9049987792969,125666800.0,0.0141557736594785,0.0192686875824659,-0.08106442846764639,-0.07709284299966188,-0.07398731170346569,0.021439761684787277,0.019459888882030263,0.019217203052908888,0.03106539662468512,0.004876051852065119,0.2081975314339335,1.317333720775795
2022-06-16,349.70293778443306,350.1087829653544,343.63401132773026,346.0596923828125,134473300.0,-0.0336563031312553,0.0153904480850783,-0.09065038872545039,-0.12961359928405347,-0.06649706221710389,0.022709076248063825,0.018557498507327286,0.01850894246031605,0.01870998495387243,-0.010418114942649874,0.07007817498336877,1.3973465925770057
2022-06-17,346.47397650063243,350.142419392661,343.3079296571313,346.80572509765625,111113900.0,0.0021534716102975,0.0153948754016503,-0.059072770383659594,-0.11091242619541297,-0.05820018572897619,0.023169191614708724,0.019090572591629613,0.018535405620341033,0.01970696917879655,0.0009574993203658761,-0.1737103201899559,1.1471016697377823
2022-06-21,352.52169557516805,356.9200257502837,352.44584583713896,355.5360717773437,76811900.0,0.0248619586983701,0.0136022227206816,0.004496883457070711,-0.08909055059689877,-0.03377465602581409,0.022141313959410488,0.02192251138756533,0.01954470880101595,0.012584320602908337,0.008550895561924034,-0.3087102513726906,0.8159855703410551
2022-06-22,351.31777542093766,358.9959259866764,350.9006886988741,354.8914489746094,90059400.0,-0.0018147466442846,0.0140755459603912,0.005700154192606211,-0.10045178155466386,-0.05412651277885469,0.022094581080415326,0.021140227769434337,0.018957207287405606,0.022810460244088584,0.010172196807832596,0.17246676621721369,0.9498321593416815
2022-06-23,357.0243929538025,359.1003099203532,353.4696950419875,358.37042236328125,79292100.0,0.0097551856274571,0.0139775484488294,0.0012995661605848113,-0.07976486230706156,-0.03670828521838329,0.021526845729964116,0.022036980620565305,0.019116937858557316,0.0157117176167455,0.003770132898602659,-0.11955775854602624,0.8416680125320188
2022-06-24,361.5363809433128,369.77380119326506,361.507944524138,369.7643127441406,98050300.0,0.031298659281816,0.0103522136778903,0.0662545285736561,-0.02439586015179427,-0.014205713108781291,0.014342985601336868,0.024375782214836134,0.020395057022289255,0.022354392742186133,0.022758240206309788,0.2365708563652622,1.0371615265976641
2022-06-27,370.6838633295004,370.97771602411575,367.2618882407592,368.35198974609375,66009600.0,-0.0038268351934918,0.0105988389142867,0.06027422176986681,0.0012014513862072316,-0.03781700635532199,0.015686206685917425,0.02249899882883444,0.01982158893574324,0.010087709274810388,-0.006290734002990203,-0.3267781944573347,0.7042585012443291
2022-06-28,369.9065842044397,372.6839810010183,360.711754792998,360.8255004882813,86548900.0,-0.0206445115762057,0.0085045070383039,0.014767751495291012,0.019264634952361734,-0.08271392044625608,0.019204727632937114,0.01956977959974626,0.01923874362349679,0.033180100053402724,-0.02454966768350212,0.31115625605972475,0.9225168711880409
2022-06-29,361.3752476683845,362.3610628098229,358.71159702593604,360.5315856933594,65676000.0,-0.0008148940845434,0.0085269314684719,0.01576760405503221,0.021467758247638434,-0.07790213510049308,0.019147785969436226,0.01952026934375537,0.0192492008010154,0.010122457861405825,-0.002334587054504865,-0.2411688652311006,0.711509364913215
2022-06-30,356.6451313576215,360.8349471944622,353.1567954408799,357.6025390625,112508300.0,-0.008157425673868,0.0100407727279969,-0.0021450072462928915,-0.0008454410857080662,-0.07793828408536999,0.019279095112542326,0.01926868758246585,0.019249620205407388,0.021471189141194447,0.002684482755264299,0.71308088190511,1.2019949935527074
2022-07-01,356.94850998659183,361.8208293565842,354.33224330989844,361.384765625,74839700.0,0.010521079931869,0.0100432226694985,-0.022922586596239893,0.04333194197741623,-0.08628165730663728,0.011331949297145314,0.015390448085078312,0.01881590564570254,0.020721919568841212,0.012428278909400155,-0.3348072986615209,0.8016007658724068
2022-07-05,356.3039239194396,362.0862376429184,353.4791138897527,362.0672607421875,81438000.0,0.0018867742290623,0.0130997880995638,-0.017208977173685795,0.04306524459618103,-0.06784718159923199,0.011709256648749429,0.015394875401650306,0.018635740293851562,0.023772168009673918,0.016175339186135278,0.08816577297877992,0.867829672948374
2022-07-06,362.2093972721212,365.7735827766986,359.8301397142112,363.2900390625,70426200.0,0.0033715231898417,0.0131515203106065,0.006807057592361604,0.02157480908765263,-0.06751574150924619,0.006774227777474409,0.01360222272068161,0.018641907808447093,0.01636004961166827,0.0029834725396893943,-0.13521697487659323,0.7453544334101059
2022-07-07,365.06263643850446,369.5273277554807,363.3089801388069,368.7310791015625,64525900.0,0.0148660745150044,0.0127545753830048,0.022488026191909406,0.038255630246941626,-0.06219615130772228,0.00883206812208512,0.014075545960391173,0.018872507604665273,0.016864180887125792,0.010048803402196438,-0.08377990009399916,0.6810154793899517
2022-07-08,367.1006852895569,370.29519752923926,365.5745491503481,368.42779541015625,72397800.0,-0.0008228448954623,0.0132723414629758,0.029822606970315104,0.027677599724022228,-0.05208726258303939,0.006508069538087693,0.01397754844882938,0.01878717019104699,0.012812953956516344,0.003615112076275648,0.12199597370978155,0.7608653214320151
2022-07-11,365.7547105106273,366.7215778956689,363.5270941091934,364.2190856933594,58366900.0,-0.0114891801807851,0.0124592982105319,0.007812346857661006,-0.015110239738578873,-0.03950609989037319,0.009439266912218388,0.010352213677890236,0.01823304535709427,0.008770775371076928,-0.004198510020893703,-0.19380285036285638,0.6225418848843239
2022-07-12,363.6691716276499,366.0484579218352,359.25186497173377,360.99603271484375,62219200.0,-0.0088886017873958,0.0128078342140479,-0.002963029158797095,-0.020172006332482874,-0.01897055494627569,0.010515429240282466,0.010598838914286726,0.017152112416199034,0.01882733419253443,-0.007350468836393738,0.06600144945165831,0.6896230294935124
2022-07-13,355.5645600399159,362.02937706003513,355.14747320454023,359.10028076171875,84224600.0,-0.0052652854829041,0.0143340146968021,-0.011599837831542895,-0.0047927802391812754,0.014471854713180412,0.010410304172332662,0.008504507038303874,0.01473746422380328,0.019164295390961806,0.009943962698098913,0.3536753928047933,0.9801190531743149
2022-07-14,354.1521096552973,359.3087928722651,351.715979081912,358.2281799316406,89704800.0,-0.0024315256051966,0.0141684346536933,-0.028897437951743897,-0.006409411759834475,0.01505834648780391,0.004424611300262737,0.008526931468471867,0.014730209042123021,0.021195467625696,0.011509377369827455,0.06506650076106024,1.0526548012102652
2022-07-15,362.6264957021304,365.1858892356065,360.7211976903377,365.0721435546875,79060400.0,0.0189248301512647,0.0138244396745981,-0.009149762905016897,0.020672844065298224,0.01982740297959011,0.012104230819813109,0.01004077272799689,0.014994818004767041,0.012229614403871927,0.006744261330992239,-0.11866031695070944,0.9538293896680989
2022-07-18,368.1528525900141,368.8258671021295,360.834915426236,362.0577392578125,63203600.0,-0.0082912878070094,0.0132725424925243,-0.005951870531241198,0.001860476326419825,0.04519241830383601,0.011537466001129157,0.010043222669498506,0.012825927785871981,0.022070931814009154,-0.016555931291368547,-0.20056564348270434,0.796779027751733
2022-07-19,365.9726786043327,372.40905889172745,365.318640887001,371.8403015136719,78506000.0,0.0266607652734731,0.0119809347427576,0.029597496529627704,0.026634467370830625,0.06969971196701161,0.015780718001259058,0.013099788099563825,0.013937753073432854,0.01906844948184233,0.016032953420774005,0.2421127910435481,1.0104580204156128
2022-07-20,372.02991057920354,375.622533036146,370.6649043931411,374.2101135253906,71843800.0,0.0063529754409845,0.0125256592345387,0.04121575745351631,0.029615919621973425,0.051190728709626016,0.014527697132969551,0.01315152031060644,0.01302846987368561,0.013248248681201205,0.005860289412732379,-0.08486230351820245,0.9276742258949326
2022-07-21,373.6318507302927,378.068105826219,371.2336162126565,378.0207214355469,64903900.0,0.0101315721961284,0.0124869385995359,0.0537788552548413,0.024881417303097425,0.06313704755003902,0.013250160870108194,0.012754575383004821,0.01309106799581079,0.018079669250956058,0.01174651116246059,-0.09659706195941753,0.8518992010479437
2022-07-22,378.1439131775614,379.3382716136925,372.2952393998938,374.5133666992188,72197300.0,-0.0093215182885904,0.0118120262303177,0.0255325068149862,0.016382743909969327,0.04406034363399151,0.014824471600516347,0.01327234146297578,0.013278635125913619,0.01880582334316294,-0.009600965007832401,0.1123722919578023,0.9520620166324334
2022-07-25,375.13906335562353,375.8215664094441,372.73134023128426,374.9684448242188,53631500.0,0.0012143808533555,0.0119100047185611,0.0350381754753511,0.029086304944109923,0.013976065205531008,0.013196932721465632,0.012459298210531915,0.011377005173130653,0.008241296623262458,-0.00045481408915014777,-0.25715366087097435,0.7285738311424201
2022-07-26,373.328540675696,373.5370840827539,369.64114957187473,370.5321960449219,52946400.0,-0.0119015354271033,0.010935453229891,-0.0035241252252253014,0.026073371304402425,0.005901364971919508,0.00962467051361513,0.012807834214047903,0.011685158783031963,0.010514429116995896,-0.007490304989039804,-0.012774209186765195,0.7257061072835145
2022-07-27,373.8214415390077,381.8977324950311,373.5275888700464,380.153564453125,82342100.0,0.025634948201742,0.0099905712372287,0.015757847535532197,0.05697360498904853,0.05218082474986721,0.015330927420290434,0.014334014696802106,0.011900618897754829,0.02201779598469823,0.01693889705215463,0.5551973316410559,1.1318794217637513
2022-07-28,380.9593045771308,385.6135629225869,377.4140666940386,384.9216003417969,73966600.0,0.0124643900063492,0.0096752940149807,0.018090665345752995,0.07186952060059433,0.0654601088407598,0.015629052455204042,0.014168434653693274,0.012068788518563411,0.021301730589469214,0.010400837352074286,-0.10171589017039884,1.0109885303498438
2022-07-29,386.3529667558723,391.519138929218,385.5851543751429,390.5332946777344,87003700.0,0.0144735492284894,0.0099927706506326,0.0418857328628328,0.06741823967781903,0.08809108374311721,0.01426738901914211,0.013824439674598095,0.012001418434097343,0.0151945676205963,0.010819971066777278,0.1762565806728984,1.2102771249823683
2022-08-01,387.8411455020427,391.8792906615118,387.1302060825981,389.3767700195313,69997500.0,-0.0029657919759684,0.0097229120318395,0.0377055600335089,0.07274373550886003,0.07460421183527981,0.014900468372546877,0.013272542492524263,0.012018543071921822,0.01219663047355263,0.003959416207635226,-0.19546525032843431,0.9770004484592223
2022-08-02,387.8127450392465,391.4906766053588,385.632542188754,386.8079528808594,63435400.0,-0.006619111254736,0.0090034446329537,0.0429879842058762,0.039463858980650926,0.06609832635148151,0.01327601609516418,0.011980934742757538,0.012235743314110288,0.015144813784139441,-0.0025909209308875663,-0.09374763384406581,0.8966745154934936
2022-08-03,388.9313454473331,394.0311568044841,388.6469811787288,392.865234375,67820600.0,0.0155383139109075,0.0089548153948025,0.032891349915041695,0.04864919745057392,0.07826511707254731,0.010518129832512156,0.012525659234538685,0.012537952730779012,0.013704892046049449,0.010114610132907351,0.06912859381354886,0.9604290312667723
2022-08-04,392.7893284721279,393.4718315474268,390.95985110646615,392.5997619628906,45656600.0,-0.0006759624514281,0.0088670580654152,0.019750997457264403,0.03784166280301742,0.0627230801061148,0.010319495232750735,0.012486938599535839,0.012302810670041556,0.006398323902188442,-0.00048261624106406097,-0.3268033606308408,0.65531304185137
2022-08-05,388.3246478205913,392.58079648264055,388.2677749733455,391.9362182617188,56814900.0,-0.0016915574967054,0.0102791024068019,0.0035858907320696,0.04547162359490243,0.06185436750487171,0.008584787775086788,0.01181202623031768,0.012319046550268727,0.01100439640006673,0.009300389407154235,0.2443962099674526,0.8246917035273468
2022-08-08,393.6235081493515,395.8700723692773,390.3816112599049,391.481201171875,53886100.0,-0.001161621198921,0.0126287383813995,0.005390061509116999,0.04309562154262593,0.07218192648673581,0.00842776566167211,0.01191000471856109,0.011884430252787105,0.014019730942234321,-0.005442528032811608,-0.05154985751977037,0.7847309346022361
2022-08-09,390.7512903773344,391.25368644325886,388.8554517997777,389.9266052246094,44931800.0,-0.0039789671554159,0.0125825554910519,0.008030205608437101,0.051018189814313324,0.0770915611187157,0.007890535377989285,0.010935453229891012,0.01166130576308638,0.006150477067600174,-0.002110511655453886,-0.1661708678119218,0.6626729915751134
2022-08-10,396.96963344138766,398.258818700046,395.01692204612334,398.1166076660156,68665700.0,0.0207864167768129,0.0104383112398135,0.013278308474342502,0.04616965838938423,0.1031432633784327,0.010214111105052966,0.009990571237228654,0.012037913094786308,0.00814308318592505,0.00288932484503835,0.5282205475854518,1.024464634473208
2022-08-11,400.96036549541424,402.8183081055924,397.3772317875,398.1166076660156,59489700.0,0.0,0.0115470625740254,0.013954270925770602,0.03370526838303503,0.1055747889836293,0.010163337261988831,0.009675294014980677,0.011969320872166964,0.013667041799615025,-0.0070923664135355445,-0.1336329492017121,0.9080292536783079
2022-08-12,400.0503656332881,404.9605804756404,399.10244636975136,404.8563232421875,61694500.0,0.0167873002800909,0.0142590293474345,0.0324331287025669,0.03601901943463653,0.1034372591124555,0.011409300472197133,0.009992770650632563,0.01185000761698333,0.014469661876528709,0.012013381368347141,0.03706187793853388,0.954330591489443
2022-08-15,402.6476415005727,407.0460006197272,402.5907686609456,406.5246276855469,54048300.0,0.0041122651264388,0.0138759700776275,0.0377070150279267,0.04309707653704373,0.11584081204590371,0.010750205588081199,0.009722912031839418,0.01142528323445373,0.010959316251382793,0.009628731887080091,-0.12393649352859659,0.8420165286578162
2022-08-16,405.4534599727927,409.24513649357584,404.6477229264871,407.3208618164063,59289000.0,0.0019567212577307,0.0136218114324112,0.0436427034410733,0.05167290904951043,0.0911367680301613,0.009403336415001722,0.009003444632953637,0.010333635316665963,0.011286958263289093,0.004605711944692532,0.09696327174027686,0.9376976469544398
2022-08-17,403.7283584655346,407.1313856683042,402.4297135053033,404.4298095703125,63563400.0,-0.0071230356111876,0.013620736049847,0.0157332510530728,0.029011559527415326,0.0776607569779892,0.008714693508996129,0.00895481539480247,0.010645012578897975,0.01162543425766802,0.0017374333263185516,0.07209431766432228,1.011926433890399
2022-08-18,404.628809463559,406.28766820146114,403.3396531299256,405.6051940917969,49023200.0,0.0029020606297015,0.0136408160995815,0.0186353116827743,0.03258958260854493,0.0704312454115623,0.008547771012936576,0.008867058065415203,0.010543929174335486,0.007268188658521882,0.0024130378396247845,-0.22875113666040525,0.7904390528152797
2022-08-19,402.8467811218481,403.1121973862413,399.282595061536,400.1546936035156,68016900.0,-0.0135290517867736,0.0135313081633245,-0.0116810403840902,0.02075208831847673,0.06622371191337911,0.007675366051947213,0.010279102406801853,0.010851165255912206,0.009570304649480874,-0.006682658629753832,0.3874430881704989,1.1003977515723486
2022-08-22,395.329701995395,395.5003494416631,390.92188337608326,391.8224182128906,77695600.0,-0.0210424839692085,0.012663155965691,-0.0368357894797375,0.0008712255481892299,0.04396684709081511,0.010215608729068069,0.0126287383813995,0.01214201966719524,0.011685053873288607,-0.008871794263880602,0.1422984581773059,1.2329816676823075
2022-08-23,391.39585573923233,393.7846307828097,390.3247023494631,390.87451171875,49105200.0,-0.0024221558085271,0.0146848861070835,-0.0412146665459953,0.0024280368950780297,0.05344622670939131,0.009369072220897383,0.012582555491051861,0.01174105193057456,0.008851762725926086,-0.0013320121121304799,-0.3679796539314968,0.7816518773417227
2022-08-24,390.6469519154063,393.4907094010359,389.9644778899244,392.125732421875,49177800.0,0.0031959677599266,0.014891548459901,-0.0308956631748811,-0.01516241212180827,0.03100724626757591,0.010716995589042018,0.01043831123981347,0.0104302440813336,0.008992604207156972,0.003785465365128259,0.001478458493194168,0.8040301402169981
2022-08-25,393.6139571012594,397.70897496462175,392.5238558131296,397.6615905761719,50942300.0,0.0140188343247864,0.0150771033394227,-0.019778889479796197,-0.0011435777970218702,0.03256169058601311,0.01378576480052769,0.01154706257402542,0.010521246222180173,0.0130390243221112,0.010283256987940553,0.03588001089922699,0.8488556878844902
2022-08-26,397.5479234905298,398.0882155528186,384.1443295439162,384.2012023925781,103087000.0,-0.0344349887311955,0.0108159020207031,-0.0406848264242181,-0.05236586680830827,-0.016346847373671786,0.01943008186284401,0.014259029347434499,0.012812766771904505,0.03629318680438311,-0.03357260926120675,1.023603174572016,1.6950338371255111
2022-08-29,381.2531682301508,384.70357956798847,380.30524889484775,381.6607666015625,65370800.0,-0.0066342114153497,0.0180955327551798,-0.0262765538703593,-0.06311234335009677,-0.020015266813053087,0.018057536638961938,0.013875970077627463,0.012871265670814445,0.011524188646124029,0.0010691015980375232,-0.3658676651760163,1.0789799711945418
2022-08-30,382.8172261577202,383.0542059895712,375.3760536519589,377.470947265625,85652400.0,-0.0110385636732043,0.0179157773130891,-0.0348929617350365,-0.07610762828103176,-0.024434719231521386,0.01813056306356927,0.013621811432411235,0.01300998633369074,0.020341041855624454,-0.013965617341087309,0.3102547314703201,1.3882841823186662
2022-08-31,379.10134082789193,380.3431127380741,374.4660307121569,374.5987243652344,76029700.0,-0.0076382201625418,0.0181122935168067,-0.0457271496575049,-0.07662281283238596,-0.04761125330497069,0.017235912928430807,0.013620736049847034,0.01245909001248274,0.01568900704580898,-0.011877078706249412,-0.11234594710714474,1.2241719115762149
2022-09-01,372.4280160542996,376.1154069737023,369.7264403478649,375.774169921875,78740100.0,0.0031329663612663,0.0181410222830669,-0.056613017621025,-0.07639190710082118,-0.04380232449227629,0.01395333500125581,0.013640816099581522,0.012515500911703248,0.01700214420582893,0.008984699655590784,0.03564922655225522,1.2349214773493982
2022-09-02,379.4331695900639,380.6465052435593,370.00136015495065,371.8118896484375,99632100.0,-0.0106002976510288,0.01814257767595,-0.0327783265408583,-0.07346315296507637,-0.052711064646599685,0.005733740198810005,0.013531308163324438,0.012654584787235334,0.028630459070779227,-0.02008596125072667,0.2653285936898735,1.5118202642465912
2022-09-06,372.6555302445026,373.5939611226999,368.1908383071308,370.4089660644531,76637400.0,-0.0037803444728108,0.0184602531727147,-0.0299244595983194,-0.05620101346867867,-0.05532978792048949,0.005864521114568763,0.012663155965690955,0.012652079072699857,0.014586911523704752,-0.006028527682322251,-0.2307960988476605,1.1431653613320893
2022-09-07,370.0961115930664,377.8311362647998,369.8781086762223,377.0633239746094,70964200.0,0.0178054325287989,0.0177684519637163,-0.0010804633963162023,-0.03597342513135267,-0.03354538823627469,0.011309455639013439,0.014684886107083456,0.013454470707301545,0.021092021108669295,0.01882541362445787,-0.07402651968882035,1.0383799597505254
2022-09-08,374.7978458005912,379.9829368756566,373.59396971166063,379.5279541015625,80821700.0,0.0065151130242071,0.0173292841499298,0.0130728697904327,-0.03265427986707217,-0.04781669198888049,0.01074445127948165,0.01489154845990098,0.012548321937542597,0.01683398309650274,0.01262042552797368,0.13890806913908693,1.17219428573832
2022-09-09,381.7650275183075,386.28662130528346,381.49961125899546,385.4240112304688,76706900.0,0.0154158016729315,0.0157621196673377,0.0253557051020979,-0.03125731251892708,-0.03240089031594899,0.012198381294802626,0.015077103339422703,0.013161397189688099,0.01242011371062597,0.009584386856875893,-0.050912069407102245,1.0987964820188534
2022-09-12,387.4904302585194,390.2868036201907,387.1870891554379,389.5663757324219,69256300.0,0.0106902073131857,0.014074205067134,0.0466462100663124,0.013867883525454126,-0.038497983282854184,0.008522394330480838,0.010815902020703075,0.012777608651641924,0.007956832667924851,0.0053574109495233176,-0.09713076659335729,0.9867254402336353
2022-09-13,380.9024232007864,382.1062993004574,371.5085678123265,372.6271057128906,122947100.0,-0.0444560604492218,0.0082525684865066,0.005970494089901399,-0.02395396550841797,-0.0870663088585148,0.025887349949363283,0.01809553275517977,0.015822346937098917,0.02844058128260935,-0.021725557475735967,0.7752478835860419,1.6697292672825639
2022-09-14,373.9257465690702,375.5656574561683,370.7502109658769,374.0489807128906,85023700.0,0.0038085503059402,0.0114851304751802,-0.0080263881329573,-0.009106851529273471,-0.08521447981030529,0.02435331577086474,0.017915777313089062,0.015866572964566332,0.012873839359523975,0.0003295684904052155,-0.3084529850643082,1.1348645462895002
2022-09-15,372.4943639805088,375.3381219106829,368.53206820723454,369.8022766113281,87633800.0,-0.011418278046993,0.0123782684224119,-0.0259597792041574,-0.012886909413724671,-0.0895097222461107,0.024178341992413897,0.0181122935168067,0.015936270963197666,0.018404574914506804,-0.007227189534930923,0.030698499359590237,1.1512099923269132
2022-09-16,365.6295510878898,367.6378630769438,363.69734233012485,366.9811096191406,103084800.0,-0.0076581009630008,0.0126855117528042,-0.049033681840089695,-0.02367797673799177,-0.10006988383881299,0.021291372028685397,0.018141022283066924,0.015853697730300306,0.010737666445306921,0.003696524329692185,0.17631324899753298,1.3077464384027206
2022-09-19,363.8401119198844,369.8269958496094,363.7639505998914,369.8269958496094,73278500.0,0.0077249432019733,0.0160361155346635,-0.0519989459513021,-0.005352735884989672,-0.07881588885006609,0.020608048315404064,0.018142577675950032,0.015964098329145245,0.016394274397922817,0.01645471110409961,-0.2891435012727386,0.9265278001329382
2022-09-20,366.505230286068,367.51415006942193,362.8312448574466,365.58197021484375,77274900.0,-0.0115447947453556,0.0195061912356504,-0.019087680247435908,-0.013117186157534473,-0.06931819962621319,0.008994689615145967,0.0184602531727147,0.015564871049050872,0.01280945340171803,-0.0025190911204831415,0.05453714254522124,0.9773179111460991
2022-09-21,367.504586823731,370.5504007332188,359.19527603958755,359.2048034667969,106746600.0,-0.0175978137400041,0.0186961395006929,-0.04049404429338021,-0.04852043242633747,-0.08449385755769019,0.009535593071291908,0.01776845196371629,0.01587806374263292,0.03161183977507932,-0.022584162632274928,0.38138774686217647,1.302575624855057
2022-09-22,358.4338263970015,360.0709463739704,355.4451478506608,356.18756103515625,89472600.0,-0.0084352600670026,0.0188018798627107,-0.03751102631338981,-0.06347080551754718,-0.09612508538461939,0.00936782772784986,0.01732928414992977,0.015804802159639548,0.012986973800730257,-0.006266889998705874,-0.16182248427584578,1.065592157317182
2022-09-23,352.722940486398,352.7610211494688,345.78424282582023,350.2196960449219,122346900.0,-0.0168967884061873,0.0202133968334966,-0.04674971375657631,-0.09578339559666596,-0.1270407081155931,0.010273607024690044,0.015762119667337687,0.015372655017584582,0.01992114778933978,-0.0070969141899990635,0.3674230993622629,1.3976852215461464
2022-09-26,348.7538794551558,352.3707580104209,345.53674617910787,346.75506591796875,92581200.0,-0.0099419917446535,0.020119236661258,-0.0644166487032031,-0.11641559465450517,-0.10254771112905109,0.0041401291888682286,0.014074205067134015,0.013925161054482216,0.019708470049950893,-0.005731301226841483,-0.2432893681817847,1.0640283824570451
2022-09-27,350.28630194167937,352.5516221250691,343.4808430109905,345.8699035644531,108294100.0,-0.0025559657084591,0.0201837194818955,-0.0554278196663066,-0.07451549991374247,-0.09846946542216048,0.0062702799225943335,0.00825256848650657,0.01393179281343938,0.026225985610766712,-0.012607967690273966,0.1697202023737001,1.214655169996495
2022-09-28,346.82173847556913,354.36008362291216,345.1275119459914,352.6753845214844,110802200.0,0.0194853401670577,0.0187807462239297,-0.018344665759244805,-0.05883871005262496,-0.06794556158189849,0.013914060877914781,0.011485130475180192,0.014867153085500283,0.02617866764205183,0.016877967545069508,0.02316007981967627,1.2255017876707677
2022-09-29,349.1346285560483,349.4201609225776,342.36725004597866,345.308349609375,112952300.0,-0.0211102584166069,0.0198534217410636,-0.031019664108849106,-0.06853069042223887,-0.08141759983596358,0.01599808737438436,0.012378268422411865,0.015366234118030382,0.020424964773013626,-0.010959322375148075,0.019404849362196774,1.224284187697208
2022-09-30,344.36600021604005,348.2779675279083,339.8353891876637,339.9686279296875,153711200.0,-0.0155844422852128,0.0206651099491809,-0.029707317987874605,-0.07645703174445087,-0.10013500848244268,0.015788188190305696,0.0126855117528042,0.01547400453990007,0.02483340416337094,-0.012769472838764083,0.3608505537293176,1.601017827341715
2022-10-03,343.6806581182504,350.79070306991537,341.9007722856018,348.9441833496094,89756500.0,0.0260586337581319,0.0205703504291619,0.006293307514910789,-0.05812334118829227,-0.06347607707328198,0.020891748032003096,0.01603611553466346,0.016883545360286894,0.025476655604276605,0.015315162803104151,-0.4160705270663426,0.9397145327818577
2022-10-04,354.455289584228,359.7854502115852,348.90623047409554,359.75689697265625,103602800.0,0.0305165408385836,0.0181968329182477,0.03936581406195349,-0.016062005604353072,-0.029179191761887588,0.02433400156121231,0.019506191235650335,0.018484539189024513,0.03024047580195958,0.014957055358510695,0.1542651507133188,1.0695816866547945
2022-10-05,355.3974984990643,361.1749817964111,353.0750722691506,358.919189453125,88065700.0,-0.0023312530213465,0.018274198809856,0.01754922087354929,-0.0007954448856954716,-0.04931587731203299,0.023678414325320918,0.018696139500692904,0.017919785270291956,0.02256750200400843,0.009909160781754878,-0.14996795453404732,0.9012229989585336
2022-10-06,357.5200770483229,360.4707038397252,354.72174385776447,355.2167053222656,82333500.0,-0.0103692233716022,0.0181888388436457,0.028290255918553987,-0.0027294081902950722,-0.06620021370784229,0.02124896654796874,0.01880187986271063,0.017872072961894962,0.016184373921111297,-0.006442636019419792,-0.06509004073095426,0.8419110947773872
2022-10-07,351.19054873616767,355.3023890964065,343.5474892236813,345.308349609375,107789500.0,-0.028290255918554,0.0173230842013868,0.015584442285212791,-0.014122875702661774,-0.10990627129932778,0.024874840721812466,0.020213396833496586,0.018132051408125037,0.03404174815356413,-0.01674930930789849,0.3091815603612138,1.0849721649346522
2022-10-10,346.4218681376383,346.65982139917173,340.43498499131846,342.6717224121094,76042800.0,-0.0076648734840701,0.0170844733131058,-0.01813906495698921,-0.011845757442078376,-0.1282613520965836,0.02143302666852,0.020119236661257964,0.017729762268217528,0.01816559698604795,-0.010825372386823236,-0.29452497692261304,0.7628153450446189
2022-10-11,340.9775545535183,345.5367479558779,338.56946829764377,340.50164794921875,92482800.0,-0.0063529459891206,0.0168711722283606,-0.05500855178469341,-0.015642737722739875,-0.09015823763648238,0.010089798911457733,0.020183719481895512,0.015308557763439784,0.020461808922796195,-0.0013957124096414875,0.21619403809433635,0.9421271503085352
2022-10-12,340.91094386553914,342.4814298234217,339.13102879643657,339.3785095214844,76991800.0,-0.0033039336038044,0.017219389148753,-0.05598123236715131,-0.038432011493601974,-0.09727072154622698,0.009888198563493336,0.018780746223929678,0.015187327688673778,0.009872166130109786,-0.004495116310080033,-0.16750141647960481,0.7875414046683165
2022-10-13,332.3826260098785,349.80082219820514,331.3356258487721,348.33502197265625,147254500.0,0.026048691721266,0.0161701316264839,-0.01956331727428311,0.008726938644270925,-0.059803751777967984,0.01944450069619817,0.019853421741063557,0.016582895465130133,0.0530098760809716,0.047994072837921585,0.912599783353552,1.4616809104648787
2022-10-14,350.79069404097305,352.41831529855494,339.7591840858435,340.3969116210937,123737000.0,-0.023052399622878,0.014173458770411,-0.01432546097860711,0.0012589813066057262,-0.07519805043784519,0.01788106462041847,0.020665109949180853,0.017158256771055543,0.037189324522434855,-0.02962958424052533,-0.15970649453836727,1.215779339444605
2022-10-17,346.4695113964719,350.24821073516875,340.0637984886666,349.14410400390625,93168200.0,0.0253724185711822,0.0135780377039166,0.01871183107664519,0.0005727661196560235,-0.057550575068636284,0.021418195935142006,0.020570350429161867,0.018201978658538096,0.0291696526726633,0.007719561229656868,-0.2470465584263397,0.906566879135525
2022-10-18,357.0536513093477,357.3582384713204,349.81033854515664,353.24639892578125,97162900.0,0.0116810849531682,0.0136697569582814,0.03674586201893399,-0.018262689765759378,-0.034324695370112485,0.02080275907633563,0.018196832918247724,0.018360122940659335,0.02136723813495868,-0.0106629700315482,0.042876217421824236,0.9363767109554685
2022-10-19,351.2095432352664,353.9317440906568,347.93530350478727,350.7431640625,79746900.0,-0.007111598083081,0.0162392717241173,0.032938197539657384,-0.023043034827493876,-0.023838479713189385,0.021352661979597534,0.018274198809856017,0.01802947226400871,0.017096386188729898,-0.001327922836236728,-0.179245370403724,0.7786660068660018
2022-10-20,350.2958089110657,354.7122360773966,347.0405950042413,347.80206298828125,88283100.0,-0.0084206958670688,0.0163838747557874,-0.001531190048677411,-0.021094507322960476,-0.023823915513255585,0.018925079496498694,0.018188838843645732,0.018029164599519677,0.022057491572192806,-0.007118971621546224,0.10704115144287751,0.8625161990886744
2022-10-21,347.5260408349085,356.7395859020458,346.02218871676973,356.2541809082031,131038400.0,0.0240109339579058,0.0151426292653197,0.04553214353210639,0.031206682553499326,0.017083806850837515,0.016306287488424498,0.017323084201386795,0.018468713748213624,0.030083568866347277,0.02511506778693722,0.48429767418679237,1.2748182286834295
2022-10-24,357.77707959447656,361.74612439325887,355.13101099924324,360.6134643554688,85436900.0,0.0121621814316249,0.014939166442203,0.03232190639254909,0.05103373746919433,0.03918798002711592,0.013905333257432321,0.017084473313105784,0.01845001462554862,0.01834405547180258,0.007927798964112385,-0.34800104396879084,0.8340787417840532
2022-10-25,360.5372986706981,366.6860032724813,360.4230857441992,366.3719177246094,78846300.0,0.0158423372696835,0.0140696460226076,0.03648315870906439,0.07322902072799842,0.05758628300525851,0.014410950950369905,0.01687117222836054,0.018670382304957288,0.01709442570592898,0.016183121900074007,-0.07713997113659321,0.7809636791266347
2022-10-26,363.2308833811119,368.903680899248,362.9739043202817,363.6116027832031,104087300.0,-0.0075627134589026,0.0153478398866623,0.03603204333324279,0.06897024087290023,0.03053822937929821,0.01452467195211714,0.017219389148752984,0.01838159307156633,0.016307996041869527,0.0010481471138889462,0.32012916268740566,1.0344128846527665
2022-10-27,364.61105138754175,366.4480437002583,361.0512506396155,361.6699523925781,81971800.0,-0.0053542104174572,0.0232201569534365,0.03909852878285439,0.03756733873417702,0.046294277378447914,0.013743602787590029,0.016170131626483897,0.01768477197847797,0.014921872898041678,-0.008066401124626246,-0.21247068566482175,0.8273670497432286
2022-10-28,361.5652980348159,370.75029017440346,361.3844511918501,370.2743835449219,100302000.0,0.0235122457326192,0.0223077063770291,0.03859984055756779,0.08413198408967422,0.08539096539627991,0.013597763350779172,0.014173458770410964,0.017762764208292543,0.02529432064105271,0.02408717196434975,0.22361592645275574,1.0404228368362711
2022-10-31,367.81871998807645,369.68426585196175,366.6955873080766,367.5997924804688,96631300.0,-0.0072494819982503,0.0223735866627559,0.019188177127692586,0.05151008352024172,0.05208284963989771,0.014735885743310069,0.01357803770391662,0.017163689238447393,0.008130250900628435,-0.0005952049085885093,-0.036596478634523755,0.9987857727397582
2022-11-01,371.340363735998,371.57831700264165,364.8204384205559,365.99114990234375,85407600.0,-0.0043856734416666,0.0223177947133713,-0.0010398335836575116,0.035443325125406926,0.017180635359647513,0.013325359033160162,0.013669756958281369,0.01590448406442008,0.018464595616284572,-0.014405150519692014,-0.11614973616209245,0.8911569051497451
2022-11-02,365.4010855031739,369.90317244332704,356.7015278683844,356.80621337890625,126990400.0,-0.0254163377815436,0.0203773438830099,-0.01889345790629851,0.01713858542694432,-0.005904449400549589,0.01752055981739362,0.0162392717241173,0.01695143329564962,0.03699948061421032,-0.023521747650070868,0.4868747043588626,1.2986662098833925
2022-11-03,353.570119725643,356.1685807268447,351.0192668219738,353.1322937011719,87100100.0,-0.0103500583163965,0.0198779882352979,-0.023889305805237813,0.015209222977616623,-0.005885284345343888,0.01777349829928012,0.01638387475578744,0.01695083437804735,0.014581826688522443,-0.0012383004107102088,-0.3141205949426098,0.8885627315386767
2022-11-04,358.8336081280306,360.61349432188257,352.170915138916,358.2149353027344,103505200.0,0.0142904277701854,0.0196681891184592,-0.03311112376767161,0.005488716789896221,0.03669539934339551,0.014228932466821692,0.0151426292653197,0.015890359364602778,0.02356847342457011,-0.0017241217413378502,0.18834765976158474,1.0582340453800103
2022-11-07,359.50936758378657,362.2315685306912,357.43442171013305,361.6414489746094,68286900.0,0.0095200643514035,0.019779433382824,-0.016341577418017814,0.0028465997096748206,0.053880337178869114,0.01592000773808856,0.01493916644220304,0.01581408651477563,0.013264925340167447,0.005930530837491755,-0.3402563349474229,0.7009423067191383
2022-11-08,362.7455236557189,366.5623039769019,359.5188919325988,363.5926513671875,84641100.0,0.0053809027998024,0.0200110921062718,-0.006575001176548815,-0.007614834760206278,0.06561418596779212,0.016342198990150245,0.014069646022607657,0.015677857286051606,0.0193717117709016,0.0023353223023438578,0.23949249416798835,0.8723235004287614
2022-11-09,361.6223724698831,362.77408732506177,355.6069062348671,356.10186767578125,78495500.0,-0.0208173162607709,0.0179148119816219,-0.001975979655776113,-0.02086943756207458,0.04810080331082561,0.014692732305330605,0.01534783988666229,0.016530880763701006,0.020126771973912112,-0.015265938211722788,-0.07260775202590708,0.8083596803325731
2022-11-10,369.3510591794325,376.0042524525567,367.0572151863192,375.6711120605469,141455800.0,0.0534972235712709,0.0076095313403857,0.06187130223189129,0.03798199642665352,0.07554933516083051,0.026709099779907226,0.02322015695343651,0.019474474803931715,0.023816143906203655,0.01711123529780928,0.8020880177844589,1.4610978380512016
2022-11-11,376.5277303971915,380.1065568499029,374.6431300540452,379.3070373535156,93839900.0,0.0096319434033757,0.0089417531768099,0.05721281786508159,0.024101694097410024,0.10823367818708421,0.02670679854664592,0.022307706377029134,0.018448888230246353,0.014403705330586334,0.007381413723213199,-0.336613274252452,0.9844735431895214
2022-11-14,377.5462755014452,380.8966479353896,375.80444085717625,376.0804748535156,71903500.0,-0.0085428526969313,0.0085234676936478,0.03914990081674678,0.02280832339872902,0.07431840691897072,0.02821116543237577,0.0223735866627559,0.01807244768921247,0.013540205936500063,-0.0038824396982403467,-0.23376410247666501,0.7628480729395789
2022-11-15,381.8198207261606,382.9239274120566,375.4807419701021,379.2879943847656,93194500.0,0.0084926468085264,0.0128739307784328,0.04226164482547079,0.035686643648922024,0.07112996877432891,0.028177934528662317,0.02231779471337131,0.01801245023470269,0.019624099766268534,-0.00663094528874854,0.2961051965481514,0.9908171241802618
2022-11-16,377.6604299906343,378.61224316456577,375.76633106956126,376.39453125,68508500.0,-0.0076579176489596,0.0124596505932777,0.055421043437282096,0.05344506378150602,0.07058364920845031,0.02521992236882896,0.020377343883009914,0.018029885756170906,0.007560981519984578,-0.003351949635458818,-0.2648868763714597,0.7327401868982951
2022-11-17,371.6449756187588,375.9186366580597,371.3404174691277,375.2428283691406,74496300.0,-0.0030645197912283,0.0123711490940172,-0.0011406999252171132,0.06073060230667423,0.0759398252842908,0.00874148815629905,0.01987798823529791,0.017882219504101838,0.012200684044594793,0.009680886293139573,0.08740229314610604,0.8027016075786985
2022-11-18,378.574156087368,378.6407899797016,374.1006516739386,376.9465637207031,92922500.0,0.0045300778848883,0.0140572668994042,-0.006242565443704513,0.05097025242137713,0.056458969211273316,0.0075144535274409485,0.01966818911845922,0.01724232928239383,0.012044514376119834,-0.004299269615988436,0.24734382781426723,1.0222365674721239
2022-11-21,375.6235358176049,376.7466683045898,373.73893542221714,375.575927734375,51243200.0,-0.0036427814917695,0.0148460786877546,-0.0013424942385427134,0.03780740657820412,0.04065400628787891,0.006587697597933471,0.01977943338282397,0.017153724486238316,0.008008321780675589,-0.00012674414324503983,-0.448538298044069,0.5745301807678166
2022-11-22,377.51758689522217,380.7918258701002,376.1088932279287,380.6300048828125,60429000.0,0.0133671323789434,0.0140607924434179,0.0035319913318742867,0.04579363615734512,0.03817880139713881,0.008336841164246718,0.02001109210627182,0.017057506383858504,0.01230310953444996,0.008244431771212203,0.17925890654760046,0.684587918380997
2022-11-23,380.29695819857307,383.51409151080327,380.06853232216565,383.0286865234375,68261600.0,0.0062820984196988,0.0141645895026385,0.017472007400532688,0.07289305083781482,0.05202361327574021,0.007075901431282151,0.017914811981621922,0.016933368349066745,0.008995564326816507,0.007183145344638952,0.12961657482334643,0.7893400197862298
2022-11-25,382.4670560829331,383.4950305265415,382.191051189936,382.9429626464844,30545400.0,-0.0002238304182769,0.0142754092669788,0.020312696773484087,0.019171996848267023,0.05715399327492051,0.00650894425473039,0.0076095313403857275,0.016845140966852908,0.003405152891683424,0.0012443073357097112,-0.5525244061082659,0.3640343535715867
2022-11-28,379.8590644182219,381.4961840165325,376.0708380444372,376.8323059082031,67881600.0,-0.0160857789212755,0.0142444808335829,-0.00030316003267971334,-0.006545725476384176,0.01755596862102582,0.011070217341441028,0.008941753176809905,0.016615246073276732,0.014397242187130564,-0.007968109210858153,1.2223182541397395,0.8249371604832574
2022-11-29,376.96561491269216,378.15538144006086,374.34812855248094,376.1851501464844,52310000.0,-0.0017188337822567,0.0143655404223242,0.0016207876768330883,0.00027829343829042347,0.023086616837019416,0.010947332679511746,0.008523467693647733,0.01651860521642418,0.010120688937607978,-0.002070387152919893,-0.2293935322679489,0.6532957716364728
2022-11-30,376.4325522787015,388.03515625,374.51942770651925,388.03515625,144566700.0,0.0310145016172808,0.0101272359802808,0.01926815691517049,0.02280014824704482,0.05848679189596681,0.017239986006903314,0.012873930778432765,0.017744831092004584,0.034831195900128564,0.030822530891824167,1.7636532211814187,1.7411615246910759
2022-12-01,389.07263892248426,390.2433795179694,385.2463606338978,387.7496337890625,76398200.0,-0.0007360868052466,0.0123805502795649,0.012249971690225086,0.029721979090757827,0.08316704287226381,0.017278494915661975,0.012459650593277728,0.016483565287342027,0.012887230441048003,-0.003400406507858663,-0.47153666784951165,0.9490545101182588
2022-12-02,382.8668240269508,388.20648163886,382.7621385272809,387.3022766113281,85342700.0,-0.0011543929417144,0.0125263785113063,0.011319409166787586,0.03163210594027173,0.09236270824694592,0.017319458895381182,0.012371149094017236,0.016183087078214958,0.014057090392584196,0.01158484440549261,0.11707736569709759,1.0613258156601044
2022-12-05,384.4850042087997,385.4177626770895,378.98352435280736,380.3350830078125,77289800.0,-0.018152803108832,0.0117965592951078,0.009252384979231084,0.008949224946551423,0.059919477367928506,0.017882471041045428,0.014057266899404175,0.01677762934202164,0.016917288495707828,-0.010793453985356277,-0.09435956443843474,0.9771072002140059
2022-12-06,380.17323078475664,380.7157422182558,372.7681254520418,374.8525695800781,77972200.0,-0.0145198606733952,0.0113687333420409,-0.003548641911907416,-0.0019278542350742774,0.03587955234312981,0.019375279354218906,0.014846078687754621,0.01714279484020236,0.021201980221496684,-0.013995359940771116,0.008829108109996486,0.9797361057185471
2022-12-07,374.005504706076,376.5754121268759,373.0822446819997,374.21490478515625,65927900.0,-0.0017025567676541,0.0127002469781969,-0.03626570029684231,-0.016997543381671778,0.028796092775673313,0.008397671663541146,0.014060792443417871,0.017137960073594367,0.009334656103240118,0.0005598850189245299,-0.15446915695594066,0.8382522196018677
2022-12-08,376.0994825728711,378.2124799961138,374.3195674856605,377.1464538574219,60737900.0,0.0078033396692924,0.0128648177686956,-0.027726273822303315,-0.015476302132078176,0.05741674870573661,0.010626909184639148,0.01416458950263849,0.016358873150376298,0.010322018066554575,0.0027837615659252984,-0.07872236185287262,0.781080732127113
2022-12-09,375.90911499149865,378.459967446831,374.2053611965191,374.3291015625,81447700.0,-0.007498222595984,0.0130908137275549,-0.03407010347657291,-0.022750694309785276,-0.0035786974615182876,0.010346622349132924,0.014275409266978789,0.011339511950736824,0.011365951064324404,-0.004203179348376235,0.34096997097364246,1.0894416744676416
2022-12-12,375.11918006522006,379.7259826660156,374.4529280869199,379.7259826660156,75405800.0,0.014314533169955,0.0117321270217364,-0.0016027671977859124,0.007649617781445224,0.0011038923050610133,0.011567547200582834,0.014244480833582896,0.011598132892727686,0.013886472929964361,0.012280903898314663,-0.07418134582069225,1.0212156813618773
2022-12-13,390.4528004635384,390.7097795629701,379.8400894083029,382.600341796875,123782500.0,0.0075410560020891,0.0112354541389825,0.020458149477698386,0.016909507565791022,0.01718780100408141,0.00863250197118965,0.014365540422324208,0.011527984583334833,0.028410037752757605,-0.0201111598055926,0.6415514456447646,1.6194860348644307
2022-12-14,382.2577351529548,385.9603029263179,377.21313615399055,380.15423583984375,108111300.0,-0.0064138961978477,0.0135304845686152,0.01574681004750479,-0.020518890249337476,0.0022812579977073127,0.009623337475844642,0.010127235980280815,0.011490311652147577,0.02300952073571658,-0.005502829948671605,-0.12660271039928905,1.4007857573766143
2022-12-15,375.2999318308924,376.2041659865488,369.1988348015829,370.85498046875,117705900.0,-0.0247659561946252,0.0113162083444917,-0.016822485816412814,-0.04454875963871607,-0.014826780547958288,0.01513182220075859,0.012380550279564903,0.012675079974321922,0.018889678051812454,-0.011843730800743234,0.08874742973213712,1.4779948645705974
2022-12-16,368.3029384387337,369.641590174743,364.3443519350762,366.47662353515625,119858000.0,-0.0118763616611357,0.0107751945652442,-0.021200624881564514,-0.05527072835813738,-0.023638622417865688,0.015551677589600826,0.012526378511306249,0.012911040822100744,0.014454505142968909,-0.004958730199979775,0.01828370540474178,1.463342660782513
2022-12-19,366.66780330486046,367.0024734712642,361.70520704366805,363.3689575195313,79878100.0,-0.0085160063376289,0.0106775283268603,-0.04403116438914842,-0.04563393158693428,-0.03668470664038288,0.011588570005109381,0.011796559295107811,0.012936802101826524,0.014578203002691545,-0.008996824252350221,-0.3335605466468654,0.983057303401554
2022-12-20,362.6136124267533,365.4821639806004,361.2940740431172,363.8662109375,74427200.0,0.0013675177357462,0.0113756334993263,-0.05020470265549131,-0.029746553177792876,-0.031674407412867187,0.009563323845972728,0.011368733342040917,0.012948443012258016,0.011509972104012075,0.0034543615237271324,-0.06824023105206556,0.9030895548964845
2022-12-21,366.4574464966575,370.4351746621718,365.9219858955704,369.306884765625,78167400.0,0.0148417167261565,0.012723925163217,-0.02894908973148711,-0.013202279683982273,-0.030199823065654087,0.014844692800487927,0.012700246978196925,0.013041915459744695,0.012220700324787106,0.007775632058259986,0.05025313326310821,0.9383740714910687
2022-12-22,366.2662256920997,369.28777027212345,358.34902428686854,364.038330078125,100120900.0,-0.0143687999242013,0.0116366483455492,-0.018551933461063215,-0.03537441927747598,-0.050850721409554184,0.011972307156712327,0.01286481776869562,0.013208946213390473,0.030048335797242517,-0.006082721959320249,0.28085237579860656,1.1793656219660644
2022-12-23,363.0152466207401,366.2758375341586,361.46623322301946,366.1324157714844,59857300.0,0.005735895190626,0.0116896370496397,-0.0009396766093015133,-0.022140301490865977,-0.044890995800651284,0.011552654787462745,0.013090813727554915,0.013330671110901016,0.013136242801678003,0.008586882175780797,-0.40214980089072316,0.6931180841750333
2022-12-27,366.017616610939,366.36182878328543,363.0151853768708,364.6885070800781,51638200.0,-0.0039514757310368,0.0119227408580785,0.003624853997290587,-0.04040631039185777,-0.03275669261041259,0.010891462392503357,0.011732127021736425,0.012937910348808023,0.009176717503959509,-0.0036312720222799067,-0.13731157269038197,0.6036217280302935
2022-12-28,364.6216127041186,366.59137848650926,359.9267751898031,360.15625,70911500.0,-0.0125056188997286,0.0105028471732311,-0.010248282638184213,-0.060452985293675474,-0.043543477727884486,0.012355552045445414,0.011235454138982491,0.013164316595456903,0.018504755357448777,-0.012246566162116493,0.37323725459059376,0.820000749329073
2022-12-29,362.99604137114017,367.5092298344996,362.4701228008423,366.63909912109375,66970900.0,0.0178400180115558,0.0095256785768443,-0.0072499813527849115,-0.03619907108427198,-0.056717961333609485,0.013408219178430063,0.013530484568615154,0.011659664378367435,0.013744052518503911,0.010036081209571075,-0.05557067612446498,0.8108095674001063
2022-12-30,363.9617919629837,365.8167615683377,361.848604892548,365.67333984375,84022200.0,-0.0026375622912712,0.0094680236446725,0.004481256280145188,-0.014070677180917973,-0.05861943681963409,0.011468563598805274,0.011316208344491705,0.011649389060561352,0.010851643375164522,0.004702548230503242,0.25460759822549783,1.0125746621696128
2023-01-03,367.5284134560836,369.49815002254616,361.274962367188,364.1339721679688,74850700.0,-0.0042185654579352,0.0111582847160931,-0.005473204368416013,-0.006412880977717474,-0.06168360933585489,0.011280876997405622,0.010775194565244164,0.011644942998388983,0.022582863132487287,-0.00923586085819845,-0.10915567552384964,0.9077855007211885
2023-01-04,366.3905568832152,368.9722652057651,363.34989894273167,366.9451599121094,85934100.0,0.007690553529218,0.0114270492805362,0.0061688248918387876,0.009793678889129426,-0.035840252697804886,0.011736092935445253,0.010677528326860298,0.011314003436634532,0.015322088631391392,0.0015136935668103322,0.1480734315109946,1.0367697903582114
2023-01-05,364.9945163658359,365.1092537639918,362.16422021646383,362.7570495605469,76970500.0,-0.0114790836201712,0.0116372364454842,0.007195360171396187,-0.003052922466787974,-0.03279947564458088,0.011440920032511332,0.011375633499326316,0.011153252331536608,0.008118473648122428,-0.006130138138969794,-0.10430783588819803,0.9291880492006523
2023-01-06,365.84547897836046,372.1945535777828,362.785708249104,371.0758056640625,104189600.0,0.0226730444342852,0.0101487310191306,0.012028386594125588,0.004778405241340725,-0.008423874442641584,0.013236290367918301,0.012723925163217029,0.012407375046437625,0.025355588225001932,0.014296545908693352,0.3536302869281087,1.2293847324083826
2023-01-09,373.26550947515705,376.4496182467044,370.6838304181261,370.865478515625,73978100.0,-0.0005669644176875,0.0101707839123953,0.014098984467709286,0.018580240747854526,-0.016794178529621485,0.013070409221150861,0.011636648345549158,0.012255592397758449,0.015546844240277252,-0.006429822468480125,-0.2899665609619386,0.8661385287056839
2023-01-10,370.2821684139384,373.5331874264222,369.3450978055792,373.46624755859375,65358100.0,0.006988227253977,0.0101069969113964,0.025305777179621486,0.019832572811205526,-0.002307728679660486,0.012510607652457735,0.011689637049639663,0.012269429863808697,0.011214104750352144,0.008599061516502396,-0.11652097039529263,0.7724912319519037
2023-01-11,375.0439955334967,378.26633038365287,374.2312334389066,378.1898193359375,68881100.0,0.0125686046239522,0.009936995181143,0.030183828274355687,0.03635265316619453,-0.004053657225663289,0.012949422745977646,0.01192274085807849,0.01216714279164386,0.01066950176456756,0.008387879395231779,0.05390303573696298,0.8172822051269638
2023-01-12,379.2894696301709,381.0297021014003,375.2256881711222,379.5667419433594,90157700.0,0.0036342123401011,0.0099261367768996,0.04529712423462799,0.05249248440602423,-0.007960500887651286,0.009000488062654272,0.01050284717323109,0.012067226194085226,0.01529115512218448,0.0007310308758606409,0.3088887953299235,1.091504978726248
2023-01-13,376.3730941204777,381.61299228704434,376.1053638013344,381.0392761230469,63903900.0,0.0038720072795914,0.010932416535895,0.026496087079934186,0.038524473674059825,0.002325402589787813,0.004871293580611792,0.00952567857684425,0.012016421860280783,0.01445422776819303,0.01239775657575445,-0.29119864415352215,0.7949326942083047
2023-01-17,381.0202202604648,382.6935423019026,379.6624261074559,380.34130859375,62677300.0,-0.0018334266431863,0.0117433914313012,0.025229624854435386,0.03932860932214473,0.025257932141226715,0.005269244282851255,0.009468023644672507,0.010517840926229717,0.007969463547501013,-0.0017818258208204263,-0.019194446661314868,0.8073055801284016
2023-01-18,381.52697849057256,382.5883286998047,374.1356658339176,374.3364562988281,99632300.0,-0.0159140213324962,0.010081794545898,0.0023273762679621862,0.027633153447583724,0.02122027246986621,0.010508377063894465,0.011158284716093128,0.010817787118111507,0.02258038917571918,-0.018846693935490884,0.5896074017227928,1.3002354085614538
2023-01-19,372.2997830998825,373.944420724422,370.2918200719056,371.6113586425781,86958900.0,-0.0073064354495204,0.0095067208573276,-0.017547663805510413,0.012636164468845325,0.022429843357974714,0.008315908938669887,0.011427049280536165,0.010764678067618536,0.009829087748713147,-0.0018491132376504738,-0.12720172072711355,1.129623977637423
2023-01-20,373.0072861994072,378.687020001049,371.3626489844468,378.5340270996094,91806400.0,0.0184573953780845,0.0100522851263076,-0.0027244807675270155,0.042572643467101025,0.039519721000313014,0.012885892020255238,0.011637236445484197,0.011442205804392216,0.019349306778898408,0.014816710302135027,0.055744725381760896,1.179282731372662
2023-01-23,379.3373059432333,385.0074698849866,378.3811219727352,383.0759887695313,84178800.0,0.0119274048955285,0.0101069629169987,0.005330916848410085,0.031827003928344325,0.036605409169685015,0.01402904330309957,0.010148731019130547,0.011287245830365122,0.017297737541670966,0.009855826905823796,-0.08308353230275889,1.077144987663136
2023-01-24,381.40265563212273,383.57318267652687,380.2169968812223,382.6648254394531,59524900.0,-0.0010738969686956,0.0105586828001797,0.006090446522900785,0.03132007137733622,0.049900312125190714,0.013993865196610883,0.010170783912395313,0.010656905434157354,0.008770562571175188,0.003309284266095423,-0.2928754033081964,0.781986366943039
2023-01-25,378.6009940622238,383.1428671935605,376.31570073269967,382.8081970214844,84800300.0,0.0003745960458457,0.0115219855635259,0.022379063901242686,0.024706440169204924,0.044539012980410415,0.010457670717475415,0.010106996911396379,0.010638506863536396,0.01783443122164303,0.011112498448879236,0.4246189409810013,1.0960745353898014
2023-01-26,385.4664286118992,387.17800600043023,382.5022526217131,387.0154418945313,72287400.0,0.0109305210936941,0.0116062643360435,0.04061602044445718,0.023068356638946824,0.05942100980514131,0.00827309006074095,0.009936995181142976,0.010703870996542254,0.012081568001080772,0.004018542647696386,-0.1475572610002559,0.9220362798420173
2023-01-27,385.97318218490153,390.2760095744735,385.762820567528,387.9046630859375,68346200.0,0.0022950019646867,0.0116068638860341,0.024453627031059386,0.021729146263532423,0.0742216306695566,0.006097210731998368,0.00992613677689959,0.010070438915864876,0.011634789257342897,0.005004184202908395,-0.05452125819990761,0.8731942813901412
2023-01-30,385.1508780562935,387.3788029699873,382.7413050405992,383.0377197265625,74202000.0,-0.0126261264776052,0.0110656350114165,-9.990434207431294e-05,0.005231012506335822,0.043755486180395604,0.00844769163658789,0.010932416535895011,0.010124824315043073,0.012107157312597525,-0.0054865727955633395,0.08567850151142276,0.9436493127410525
2023-01-31,383.554027333468,388.7174142189188,383.20978597821664,388.6696166992188,86811800.0,0.0145961990916594,0.0103126653994729,0.015570191718280687,0.021660638241181522,0.06098924756332621,0.010593223911045722,0.01174339143130117,0.010421547229581071,0.014170462531843259,0.013337337118619844,0.16993881566534585,1.1020571200573093
2023-02-01,387.4553193407529,395.5446571758706,384.7206470447407,392.8003845214844,101459200.0,0.0105718870554465,0.009846506526201,0.025767482727881486,0.04814654662912422,0.07577970007670791,0.010910815572589279,0.010081794545897969,0.010403413044793131,0.02755600696347558,0.013795307262334102,0.16872591053289998,1.266610347461697
2023-02-02,396.6825158155469,399.9813625836192,394.78929000119456,398.5184020996094,101654500.0,0.0144521201779897,0.0095419131891034,0.029289081812177088,0.06990510225663432,0.08254126672547961,0.011475992796288324,0.00950672085732757,0.01064395883078533,0.013028438724711395,0.004628099830132579,0.0019249116886392859,1.2567167703376048
2023-02-03,393.5557920006054,398.70006688935706,393.0776999727351,394.2825012207031,94736800.0,-0.010686015037419,0.0090586351457168,0.01630806481007139,0.04076169184113082,0.08333433530823181,0.013730413259567769,0.010052285126307535,0.010584067849038025,0.014259742441561684,0.0018465214713359573,-0.06805109463919456,1.1584735684178238
2023-02-06,391.834637420615,393.2689133762878,390.2186841761235,391.8728637695313,60295300.0,-0.0061302004782462,0.0108347270549498,0.022803990809430387,0.022704086467356124,0.05453109039570041,0.012056569551406873,0.010106962916998686,0.009868846110463566,0.007783721411131515,9.755735013096434e-05,-0.3635493282441459,0.7576447349324695
2023-02-07,390.9548967397829,398.241013206568,389.7118693730586,396.99798583984375,90990700.0,0.0129937471565399,0.009384341542295,0.021201538874310887,0.036771730592591624,0.06809180196992781,0.01174026473163946,0.010558682800179714,0.010093931684607652,0.02148409850358843,0.01545725389413167,0.5090844560023751,1.1312582692863815
2023-02-08,395.0283294198983,396.3669812815154,391.9685287244116,392.656982421875,76227500.0,-0.0109947947463811,0.0094675608944806,-0.0003651429275167116,0.025402339800364826,0.05010877996956971,0.012750787855404474,0.01152198556352583,0.010548614413507929,0.011201768347463219,-0.006002979587579511,-0.16224954858023954,0.9413516118535405
2023-02-09,396.2521723000143,396.40516522520073,388.028984948847,389.2528991699219,78694900.0,-0.0087071536980084,0.009636838550419,-0.02352441680351481,0.0057646650086623265,0.02883302164760911,0.010082511347603454,0.011606264336043509,0.010553158900526194,0.021518607296736582,-0.017663683935070205,0.032368895739726566,0.965968693712106
2023-02-10,388.0768430374244,390.54381421799513,387.26410994237983,390.1613464355469,70769700.0,0.002331103600237,0.0097041177196579,-0.010507298165858811,0.0058007666442126266,0.027529912907745008,0.009829423192043735,0.01160686388603413,0.010542927260312624,0.008406020497873938,0.005371367644117478,-0.1007079238934162,0.8791492055573099
2023-02-13,390.8114921464456,394.875273798094,390.3525133608386,394.7413940429688,64913500.0,0.0116704894881013,0.0083181133499835,0.007293391800488689,0.030097382609919128,0.03532839511625491,0.01114151199680397,0.01106563501141652,0.010781589824638407,0.011457527651034919,0.010055748040926632,-0.08275010350474854,0.805894144168191
2023-02-14,393.2210725630297,396.86413102531327,390.61070909281807,394.5597534179688,88389300.0,-0.0004602568456686,0.008222031442165,-0.006160612201719812,0.015040926672591126,0.03670156491377261,0.009096092756600142,0.010312665399472901,0.01076181313870273,0.015849112531938263,0.0034043975471954127,0.3616474231092146,1.0801045824218338
2023-02-15,392.3701118499811,395.9175463340548,391.5286652576529,395.841064453125,61555700.0,0.0032421832786286,0.0087930004899279,0.008076365823289888,0.007711222895773227,0.055857769524897405,0.0073336032446802545,0.009846506526200992,0.00991839656660655,0.011087483009033863,0.008846118749409266,-0.30358425737051886,0.77011827445925
2023-02-16,390.8784407346895,394.8179138959173,390.2569270102,390.3907775878906,76431500.0,-0.0138645470218813,0.0100298714133493,0.0029189724994169858,-0.020605444304097775,0.049299657952536505,0.009258503411656304,0.00954191318910342,0.010368069887993166,0.011683131742758566,-0.001247608197275504,0.24166405385691325,0.9625670402255206
2023-02-17,388.26803395095567,389.6545122847336,386.3460949650578,389.41546630859375,89257800.0,-0.002501420822115,0.0100278436072571,-0.0019135519229350126,-0.012420850088793773,0.02834084175233701,0.009282703643430009,0.009058635145716773,0.009704542888935496,0.008495854956757275,0.0029552583712905396,0.16781431739531483,1.1259064647116248
2023-02-21,385.39950609313314,386.4513142893378,381.3452954245831,381.60345458984375,82655900.0,-0.020264818014408,0.009051017154062,-0.033848859425444314,-0.026555467624955573,-0.00385138115759949,0.009883321194110836,0.010834727054949768,0.0105061467504962,0.01338043144877381,-0.009849653264402632,-0.07396440423133888,1.0436318726034244
2023-02-22,382.0145867260471,383.5540580010402,379.624126941612,381.0775451660156,83742300.0,-0.0013791074049317,0.0090577077211138,-0.034767709984707414,-0.04092832218642717,-0.004156591593835589,0.009744236470072292,0.009384341542295045,0.010507715831732508,0.010312680737239687,-0.002452894712901317,0.013143647337939601,1.0414269221363242
2023-02-23,383.9652350352112,384.5772067863999,378.88790045752,383.1046752929688,96242400.0,0.0053053704403866,0.0105637148566369,-0.03270452282294941,-0.024628156999659475,0.0007741828007053111,0.010311126872668157,0.009467560894480632,0.010579698224862495,0.014850527012047508,-0.002241243903666133,0.14926864917729743,1.1884239722747503
2023-02-24,378.0942481460913,379.84405183245593,376.3922419822525,379.0121765136719,108194400.0,-0.0107399229062602,0.0109613482717761,-0.02957989870732831,-0.026660926207911273,-0.020896261199248988,0.009840232600854716,0.009636838550419023,0.010514994832072758,0.009107385102913562,0.002427776598246275,0.12418642926610302,1.3070339340242287
2023-02-27,382.3492272761536,383.707021167783,379.3659383654355,380.3030090332031,80444700.0,0.0033999945940746,0.010768607452311,-0.02367848329113871,-0.025592035214073675,-0.01979126856986109,0.010671030116389134,0.009704117719657917,0.010536348389463329,0.01141480003900914,-0.005351699694877627,-0.2564800026618753,0.9647556749690092
2023-02-28,379.82499112745273,381.785156708453,378.7922960384065,378.8974914550781,96438600.0,-0.0037026297610764,0.0124068098976494,-0.007116295037807113,-0.04096515446325137,-0.010867771853332289,0.006335138833340457,0.008318113349983539,0.010201258436160354,0.007898866415169445,-0.002441913233832947,0.19881856728908187,1.1413483527047206
2023-03-01,378.0846868266854,379.3086010755079,376.1436346387775,377.4440307617188,99706800.0,-0.0038434025895548,0.0124889778141713,-0.009580590222430213,-0.04434830020713757,-0.029307373534546488,0.0064260511123249466,0.008222031442164978,0.009574994383852946,0.00838526027380328,-0.0016944776852607201,0.03388891999676469,1.171091286917471
2023-03-02,375.4742885040699,381.2209631061389,375.1396183015111,380.3795166015625,85127800.0,0.0077471874081989,0.0135967067795671,-0.007138773254617911,-0.03984329607756727,-0.032132073181794084,0.0071626394210991436,0.008793000489927918,0.009407462181461098,0.01598757172562962,0.013064085205502575,-0.14621871326729974,1.009538206458567
2023-03-03,382.1962660076362,386.7285976253681,381.5460679461616,386.47998046875,90120000.0,0.0159105874875132,0.0126874546583994,0.019511737139155487,-0.010068161568172772,-0.03067360587227059,0.00832263935826255,0.010029871413349293,0.00954316941521716,0.01340956825996717,0.011208153616624295,0.05864359233998773,1.076101075169696
2023-03-06,387.3023155770407,389.5971805098177,386.3079052319517,386.7477416992188,72795900.0,0.0006925805516156,0.0132861626451219,0.016804323096696487,-0.006874160194442171,-0.019295010283235988,0.00845058474931483,0.010027843607257055,0.009305026800698358,0.008504963114753348,-0.001431888877286046,-0.19223368841544608,0.8807759637704827
2023-03-07,386.6998590400402,386.9389049862105,380.207362971541,380.8193054199219,108310600.0,-0.0154476516232574,0.0132101342593323,0.005059301234515487,-0.002056993803291572,-0.028612461428247186,0.011852507678743,0.00905101715406196,0.00979747217098955,0.017676472591763113,-0.015207022921385281,0.4878667617269654,1.2734857525822894
2023-03-08,380.93414163742426,382.1962822868647,379.21299300204765,381.44091796875,74746600.0,0.0016309723833132,0.0143313220966913,0.010533676207383488,0.0009530859849533279,-0.039975236201473884,0.011540620861291383,0.009057707721113759,0.009230025476423147,0.007821104512603556,0.0013303515645706862,-0.3098865669657448,0.8873232773763999
2023-03-09,382.2249278212765,383.8887075845493,373.4184826190144,374.4033508300781,111945300.0,-0.0186222765915223,0.0129987200326629,-0.015835787792337713,-0.022974561046955572,-0.04760271804661509,0.0140672600748805,0.010563714856636944,0.00976345966169672,0.02796509417536377,-0.020463283323204982,0.49766410779888326,1.3013235754572974
2023-03-10,373.8583166785041,375.9332484862883,367.48058669730784,369.00091552734375,189253000.0,-0.014534569288687,0.0118998469757921,-0.046280944568537916,-0.026769207429382373,-0.053430133637293695,0.009636225962957608,0.010961348271776094,0.01004510591723056,0.02290688568319846,-0.012992625640417163,0.6905845980134941,2.0671619839590774
2023-03-13,365.0805347641921,373.28460811867615,363.9713580532645,368.4749755859375,157790000.0,-0.0014263246755815,0.0118120846209533,-0.048399849795735014,-0.03159552669903847,-0.057187561913112195,0.009122201097839315,0.010768607452311039,0.009981554989371286,0.025275122280969,0.009297786374553954,-0.1662483553761367,1.6453064788673943
2023-03-14,373.38980130348455,376.21055539266825,370.0909552792131,374.56591796875,149752400.0,0.0163950029404234,0.0109422256465291,-0.016557195232054213,-0.011497893997538668,-0.05246304846079009,0.013934716910293868,0.01240680989764942,0.010391027115595971,0.016337845543025867,0.0031498360725432007,-0.05093858926421191,1.4953549875905
2023-03-15,368.98181836154816,372.4240570496017,366.8973152870415,372.2232666015625,172996900.0,-0.0062739501320046,0.0112896983105738,-0.02446211774737201,-0.013928441539988469,-0.05827674174712609,0.013679883247647646,0.012488977814171291,0.010408639379648345,0.014847921283964585,0.00878484542790721,0.1552195490689965,1.6574485010504867
2023-03-16,369.8710404113854,379.0982086417623,369.3642641428275,378.75396728515625,143254200.0,0.0173929781748012,0.0102453325127926,0.011553137018951488,-0.00428265077338617,-0.04412594685095349,0.014117961723957894,0.01359670677956708,0.01129255369587703,0.025699914297151974,0.024016281090541394,-0.17192620214581877,1.3207978159392895
2023-03-17,377.4256197444262,378.55821591341066,372.94318572096427,374.3253479003906,140553400.0,-0.0117614980183414,0.0095365651543643,0.014326208289297086,-0.03195473627924077,-0.04202289784741359,0.01332285114371577,0.012687454658399384,0.011187586034069651,0.01500040065130876,-0.008214259133057667,-0.018853199417538935,1.2586896064126691
2023-03-20,375.10286177523193,378.33752477252494,374.4022021758944,377.9247741699219,93055800.0,0.0095698322513029,0.0093930372835715,0.02532236521618149,-0.02307748457955347,-0.029951644773995686,0.013344889943248582,0.013286162645121898,0.011486480092183863,0.010412978628548874,0.007523036164893042,-0.33793277145910383,0.8319223718635553
2023-03-21,381.28421132599215,383.36706269720565,379.69088436328576,382.88714599609375,91524200.0,0.0130451221048482,0.0093061104802311,0.021972484380606287,0.005415289148552131,0.0033582953452605153,0.012702459031234011,0.01321013425933234,0.011027832679848587,0.009601205922847557,0.004204041558728796,-0.016458941839197605,0.8149990340585308
2023-03-22,382.71431965042825,386.3232727268631,376.3218267349629,376.3601989746094,111746600.0,-0.0171936269667786,0.0066583750246496,0.011052807545832283,-0.013409310201539671,-0.012456224216586386,0.015602830855462779,0.014331322096691305,0.01169159320333474,0.026574133022431876,-0.016602777449306674,0.22095139864647817,0.9828198738469435
2023-03-23,379.2205184817109,383.25182988301947,374.6709182110407,377.3776550292969,119351300.0,0.0026997627020548,0.0066456652369989,-0.0036404079269141145,0.007912729092037428,-0.015061831954918186,0.013232051509773475,0.012998720032662926,0.011636445426570373,0.02273826114933221,-0.004859609020609695,0.06805307723009024,1.0391437757511237
2023-03-24,376.10105243097433,379.94038538264834,373.7590569871103,379.85400390625,107682400.0,0.0065405551278103,0.0066396450377069,0.014661645219237584,0.02898785350853473,0.0022186460791523126,0.01187910476679094,0.011899846975792142,0.011496590153660566,0.016272905726863535,0.009978572117833791,-0.09776935818880905,0.937756371221501
2023-03-27,382.1287415933862,382.8966256334002,379.6715712489034,380.564208984375,74010400.0,0.0018679333887276,0.0067007609921769,0.006959746356662284,0.03228211157284383,0.0006865848738053125,0.011287882444300287,0.011812084620953277,0.0114786114132476,0.008474402764000478,-0.004094255256716607,-0.3126973395838132,0.6463332597140936
2023-03-28,379.8731161528176,380.5641971213973,377.8766762945765,379.7099609375,62871700.0,-0.0022472114407251,0.0068916880716036,-0.008332587188911016,0.013639897191695328,0.002142003194156612,0.009224168266732112,0.01094222564652911,0.01145826875119448,0.0070778254544213845,-0.0004294992416677537,-0.15050182136564594,0.5572261893836259
2023-03-29,383.8660584843338,385.46899270747423,382.6662670661032,385.2290344238281,77497900.0,0.0144303514175803,0.0066736735669635,0.023291391195447885,0.034344198741280224,0.020415757201291712,0.006291740134938035,0.011289698310573826,0.011848604366106732,0.007275478717648939,0.003550654998975271,0.23263566914844036,0.6936839572600334
2023-03-30,387.8589998974814,388.10856590647154,385.6226013974357,387.4846801757813,69840000.0,0.0058382609661503,0.0067918847006415,0.026429889459543384,0.02278948153262933,0.01850683075924311,0.006203436901407343,0.01024533251279265,0.011799153580937841,0.006415645924138477,-0.000965092267548335,-0.09881429045174128,0.6294447664470609
2023-03-31,388.4060846284512,393.2436518891425,388.3004877505952,392.9461059570313,112062600.0,0.0139961545143856,0.0054362213519884,0.03388548884611869,0.04854713406535633,0.01659239778611551,0.0073672677749327484,0.009536565154364306,0.011678333024339698,0.01257975092158773,0.011688852230322523,0.6045618556701031,1.0000940634201638
2023-04-03,392.42785614585927,394.846625551224,392.0343209722465,394.4435119628906,67391100.0,0.0038034735966902,0.0053531370593931,0.035821029054081285,0.04278077541074363,0.01970329083119011,0.00709048341962073,0.009393037283571519,0.011697113736744128,0.007129803111686298,0.005136372929352322,-0.39862987294601415,0.6028806831021359
2023-04-04,395.0865256835199,395.3744932102715,390.8824517022873,392.2550354003906,66601500.0,-0.0055637123398043,0.0048937894060212,0.032504528155002085,0.024171940966091127,0.02958723011464321,0.008251137961203189,0.009306110480231092,0.01116289118875779,0.011451838988883823,-0.007166759935005713,-0.011716680689289882,0.6071440926962347
2023-04-05,391.5255427585898,392.2838191469049,389.577082640603,391.2279968261719,65200200.0,-0.0026217266239317,0.0052215412623032,0.015452450113490085,0.03874384130893803,0.02533453110739831,0.007656969803533378,0.006658375024649622,0.011200292100738965,0.006918565461214952,-0.000759965570372423,-0.021040066665165225,0.5969673146290557
2023-04-06,390.4313108155922,393.03247968178334,389.3850962213968,392.7541198730469,63743300.0,0.0038932647621746,0.0051247320006424,0.013507453909514387,0.039937343369057826,0.04785007246109521,0.007530842356052424,0.006645665236998888,0.010181156733856944,0.009286684151309536,0.005949341134045901,-0.022345023481523008,0.5967973937014358
2023-04-10,390.277787817443,393.2340906618624,389.6635097627265,393.15728759765625,63681000.0,0.0010259878050965,0.0051248408847498,0.0005372872002252854,0.03442277604634403,0.06341062955487871,0.004136640631869318,0.006639645037706858,0.0093827897254711,0.009081812831077203,0.0073780775388635296,-0.0009773576203302436,0.6334505268036233
2023-04-11,393.7812271299072,394.6642573806665,392.4950539964702,393.2629089355469,59297900.0,0.0002686129857581,0.0073769605530647,-0.002997573410706815,0.03282345564337453,0.06510556721621831,0.003616406041946788,0.006700760992176937,0.009346669886485286,0.005515911454929172,-0.0013162592796465526,-0.06882900708217521,0.6202336805300602
2023-04-12,395.3264818376402,395.61444936283374,391.0744279375137,391.659912109375,86420400.0,-0.0040844755987492,0.0073848210770065,-0.0015183366696517155,0.030986191485350426,0.044626088677045705,0.003137580141591504,0.006891688071603595,0.008944547576063108,0.011591743972133155,-0.009274789058454832,0.4573939380652603,0.9348897014835923
2023-04-13,392.7445509263928,397.2173772579594,391.60234704835096,396.86224365234375,85814800.0,0.0131953350687954,0.0088998933379764,0.014298725023075385,0.029751175136565527,0.06409537387784571,0.006445762473481409,0.006673673566963537,0.009029226389578947,0.014148562377547018,0.010484404471655424,-0.007007604685930646,0.9742820833347762
2023-04-14,396.22873922494233,398.4171577397506,393.58919793642514,395.8927917480469,78161500.0,-0.002445780459953,0.0092662156018637,0.007959679800947785,0.02146713371046223,0.044256615243091504,0.006805056097462445,0.006791884700641538,0.00846029816243455,0.012195119244298044,-0.0008478624684130633,-0.08918391699333916,0.9214398045868336
2023-04-17,395.8064701519047,397.3326016491202,394.5778846470639,397.31341552734375,66436400.0,0.003581982302258,0.0092288232937695,0.010515674298109286,0.011052961498334629,0.059600095563690905,0.006847782843991661,0.0054362213519883905,0.007796010608015497,0.00693336014944277,0.0038072782763270687,-0.1500111947698035,0.8189936951080227
2023-04-18,398.8874765900454,399.0218673008723,396.1999552913603,397.572509765625,63560000.0,0.0006519029692505,0.0099366274403192,0.010898964281601685,0.007901390870894929,0.050682166281638505,0.0068242168189016975,0.0053531370593930885,0.007652985675981649,0.007097854957767488,-0.003296585883471779,-0.04329554280484793,0.7980437131080563
2023-04-19,395.6624782963843,398.4075874340768,395.60489064257166,397.50537109375,55227300.0,-0.0001688857749683,0.010113514258045,0.014814554105382585,0.01329621743573093,0.037468158401822,0.00611327661871677,0.0048937894060211975,0.007257989685791989,0.007050714267818341,0.004657739610035097,-0.13109974826935178,0.7095896224478724
2023-04-20,394.69301944461137,397.0830241368381,393.79077385332334,395.3361206054688,75840400.0,-0.0054721048885071,0.0101979948463565,-0.0038528858519199143,0.01044583917115553,0.049189680480093506,0.0034000340142237647,0.005221541262303237,0.006001863335028365,0.008327724465127506,0.001629370495992999,0.37324113255581937,0.9974458340383303
2023-04-21,395.63361128968654,396.1039201394264,393.6947589557848,395.6432189941406,73457400.0,0.0007765017080163,0.0120141716518202,-0.0006306036839506143,0.00732907611699723,0.047266419486055006,0.0033072440079362606,0.005124732000642356,0.006013207635762442,0.006089226525268232,2.4284348396902463e-05,-0.03142124777822897,0.9961688317764423
2023-04-24,395.4416619438188,396.4782981802782,394.1075090570705,396.0559692382813,64332100.0,0.0010426947195884,0.0120099419325216,-0.0031698912666202144,0.007345783031489131,0.041768559077833105,0.00274216870603782,0.005124840884749752,0.005937384238973641,0.005985995180851229,0.0015534713551496446,-0.1242257417224133,0.8988395595815957
2023-04-25,394.0882614021865,394.6449810037149,389.7114248085009,389.7690124511719,97766700.0,-0.0160012498348414,0.0107875138485451,-0.019823044070712115,-0.008924079789110369,0.023899375854264104,0.007230352732193402,0.00737696055306466,0.007185586961396664,0.012657640904257514,-0.01096010557545286,0.5197187718106513,1.3436835874992665
2023-04-26,390.3833857943013,391.4583943618871,387.56147365849546,388.1181640625,80447000.0,-0.0042444480816684,0.0106560779648212,-0.023898606377412215,-0.009084052272029568,0.021902139213320806,0.006918467271190194,0.00738482107700649,0.00724953625769088,0.010040552244713017,-0.005802556702540863,-0.17715336612568489,1.0924513818938952
2023-04-27,390.652086810784,396.11353970438057,390.4025208217605,395.84478759765625,92968400.0,0.0197123440996125,0.0086894997084694,0.0012858426107073828,-0.0025670432412124716,0.027184131895353007,0.012884014656090508,0.008899893337976401,0.007833590104924237,0.014427419689620491,0.013292392290194995,0.15564781781794235,1.2493653620023517
2023-04-28,394.9617574024191,399.23302689490464,394.9041697532796,399.2234191894531,89433100.0,0.0084990241099755,0.0081520040537247,0.009008365012666584,0.008377761328716031,0.029844895039178206,0.013413820678282045,0.009266215601863696,0.007935591470579213,0.01084319439579467,0.010790061840574358,-0.03802689946261306,1.1862388069421812
2023-05-01,398.781880454679,400.845515871164,398.5899021077479,398.8202819824219,62122300.0,-0.0010103136976849,0.0082751240169248,0.006955356595393284,0.0037854653287731294,0.014838426827107707,0.013474147405423942,0.009228823293769475,0.007381177921998066,0.005655714780111291,9.62970727232256e-05,-0.30537686829596644,0.8522145646472453
2023-05-02,398.1099974743272,398.1580067083917,391.43917444922255,394.3378601074219,103998500.0,-0.0113028395163814,0.0077239694545606,0.011653766913853286,-0.00816927715685877,-0.00026788628596389336,0.012046141690244266,0.009936627440319147,0.00781175595167497,0.017038263222656058,-0.00947511338784849,0.674092878080818,1.3917402504178291
2023-05-03,394.83697342513307,397.2461641447407,391.3911757317852,391.6311340332031,91531800.0,-0.0068876426294009,0.0081962147606718,0.009010572366120788,-0.014888034011291369,-0.0015918165755604919,0.012457792478420788,0.010113514258044945,0.007866680936124493,0.01495026289829934,-0.008119400177039946,-0.11987384433429327,1.2048092702544126
2023-05-04,390.584896203044,390.9112359586152,387.5230261150929,388.8572082519531,94901900.0,-0.0071082098494452,0.007885464858357,-0.01780998158293691,-0.01652413897222947,-0.0060782998010739915,0.007673583015448535,0.010197994846356447,0.00800572595878116,0.008713249418092242,-0.004423335279694912,0.03681889791307502,1.225218704906496
2023-05-05,392.485388641624,397.1021838881152,392.22624422840113,396.0559692382813,87891800.0,0.0183433353998343,0.0059771610071975,-0.007965670293078111,0.001042694719588528,0.008371770836585708,0.011731674604485239,0.012014171651820216,0.008995334219161513,0.012311238911742071,0.009097359290278113,-0.07386680350972952,1.1172989200279388
2023-05-08,396.3823322476967,396.6414766761157,394.76021173712985,396.16156005859375,50046800.0,0.0002665702715047,0.0059742777976466,-0.00668878632388851,0.0002665702715048288,0.007612353302993908,0.01176139330808954,0.012009941932521565,0.00899423808690267,0.00474873165056096,-0.0005569677837330701,-0.430586243540353,0.6417669531720607
2023-05-09,394.6162642629288,395.5376960174301,394.19393527299343,394.4242858886719,49220100.0,-0.0043949103696924,0.0070285016283035,0.0002191428228004895,0.01187290973665383,0.0029488299475434084,0.010651536438430155,0.010787513848545083,0.009057523063796593,0.0034068914935323274,-0.0004864938210681352,-0.016518538647825598,0.6352707352004774
2023-05-10,397.2557473304781,397.8892407221348,392.44697389350114,396.2671203613281,96142900.0,0.0046613325877849,0.007301325028003,0.01176811803998629,0.02077869040610713,0.01169463813407751,0.01000526359941573,0.010656077964821155,0.009053575593155767,0.013733833944313191,-0.0024886410726425727,0.9533259786144279,1.2331536716575349
2023-05-11,395.40337837653095,395.8640796589068,393.5028977113591,395.5761413574219,70157100.0,-0.0017452423041208,0.0078116483963076,0.01713108558531069,-0.0006788959976261699,-0.0032459392388386916,0.008971389580018791,0.008689499708469437,0.00856128929818856,0.005968969562838928,0.0004369284390038916,-0.27028308902685483,0.9089806033582236
2023-05-12,396.8142197460938,397.0253842033069,392.6389398327061,395.0577087402344,70481500.0,-0.0013114356068267,0.0086645048686175,-0.0025236854213503113,-0.01048935571442837,-0.0021115943857123918,0.003339395708469492,0.008152004053724734,0.008549114144091709,0.01110330028640202,-0.0044265324135393455,0.004623908342847649,0.9177496730879348
2023-05-15,395.6624389099318,396.8238288685914,393.75238023444746,396.4207153320313,54289400.0,0.0034442074420169,0.0086630035896748,0.0006539517491618886,-0.0060348345747265695,-0.0022493692459534913,0.003794272889109101,0.008275124016924762,0.008546041331817973,0.007747951898960174,0.001916473103154835,-0.22973546249725108,0.7125451128794051
2023-05-16,395.31692397910456,396.2383850257728,393.7619987390595,393.7716064453125,57705500.0,-0.0067049976021454,0.0085461187347055,-0.0016561354832911115,-0.00143699266049057,-0.009606269817349392,0.004548756872638452,0.007723969454560615,0.008668857157516833,0.006288889920399151,-0.003909059896139787,0.06292388569407659,0.7603023000575772
2023-05-17,395.7871593165039,399.1561533635068,394.1458530222317,398.5514831542969,87287000.0,0.0120656200964855,0.0082331676098719,0.005748152025409487,0.017516270065395828,0.0026282360541044075,0.007080893830771491,0.008196214760671772,0.009112316447046862,0.01257127511261931,0.006984369686390941,0.5126287788858948,1.126268103214297
2023-05-18,398.23468451704434,402.8131064286181,398.0139416856029,402.3907775878906,97177200.0,0.0095870177610004,0.008863125967308,0.017080412090530687,0.034211497675841425,0.017687358703611905,0.00770846002008913,0.007885464858357005,0.009246114790242555,0.011926627075758325,0.010436291042520689,0.11330667797037353,1.236855879800822
2023-05-19,403.29311788250186,403.82101441184767,400.5863812999512,401.8053588867188,103793300.0,-0.0014559105124437,0.0088846223190312,0.016935937184913687,0.014412251763563427,0.015454946483151906,0.007730849522608142,0.005977161007197465,0.009260948628361458,0.00805024880917134,-0.0036890264916856516,0.06808284247745355,1.2960437396796791
2023-05-22,401.8245672616326,403.50427528786696,400.586374286309,401.9685363769531,60745400.0,0.0004060283456272,0.0088668309514561,0.013897758088523986,0.014551709837685927,0.014818280109190706,0.007843820643785334,0.005974277797646546,0.009261066110207881,0.007259028350471747,0.0003582884847028393,-0.4147464239021208,0.7602165986685377
2023-05-23,400.3272283937197,401.9013689419868,397.0638012887145,397.4573364257813,86383500.0,-0.0112862192492462,0.0078311586837013,0.009316536441423186,0.007660400958132127,0.019533310694785908,0.009351387690997059,0.007028501628303491,0.008863941956200654,0.012171287858906147,-0.007168865279170691,0.4220582957721901,1.088827959737182
2023-05-24,395.85441436146,396.2383417764392,393.4164298740769,394.5778198242188,89213700.0,-0.007271215843484,0.0069831284276393,-0.010020299498546312,-0.004272147473136773,0.016506542932970308,0.00797438850890622,0.007301325028002971,0.008982817887308958,0.007151724604336383,-0.0032249091861219084,0.03276320130580501,1.1183226833216002
2023-05-25,398.0811934806872,399.4441694496832,395.8447951170828,397.9948120117188,90961600.0,0.0086225873088533,0.0068454523723147,-0.010984729950693412,0.0060956821398373265,0.005416786142211107,0.007628073359360547,0.0078116483963076135,0.008049380649944263,0.009043771988903269,-0.0002169945990492728,0.01959228235125332,1.141669162245956
2023-05-26,398.6475494260872,403.8690448929482,398.5707756508926,403.149169921875,93830000.0,0.0128676720950287,0.0063592909498192,0.003338852656778987,0.020274789841692727,0.009785434127264308,0.010223876386103234,0.008664504868617437,0.008338499691450405,0.013142205509395767,0.011292231702586775,0.03153418585425061,1.1744301657451026
2023-05-30,405.078431774124,405.6063283533129,401.920572129655,403.302734375,72216000.0,0.0003808397107449,0.0063526329812039,0.003313664021896687,0.01721142211042073,0.011176587535694107,0.010224043804481648,0.008663003589674798,0.008331131220041338,0.009138931897820472,-0.004383589102354742,-0.2303527656399872,0.8982229201324647
2023-05-31,401.4789748516719,402.3812202796991,399.5017210732584,401.0662536621094,110811800.0,-0.0055608470972346,0.0055497285376021,0.009039036173908287,0.01835557261533153,0.016918579954840907,0.008768178277441151,0.008546118734705439,0.00799292426585403,0.007179609802989362,-0.0010280020011384854,0.5344494294893098,1.3724622602232133
2023-06-01,401.2966428186588,405.93265339027886,400.048871425913,404.8768310546875,88865000.0,0.0094562652382077,0.0058959224157345,0.025766517255599985,0.01574621775705373,0.033262487822449505,0.007543744533167608,0.008233167609871845,0.007996129069797549,0.014532276270387886,0.008921550429332946,-0.19805471980420852,1.1024603294478734
2023-06-02,407.4491692853337,411.51885243910056,406.92127277329087,410.7318115234375,91426200.0,0.0143575748012683,0.0053508541573094,0.03150150474801498,0.020516774797321627,0.054728272473163,0.008569378487101407,0.008863125967307955,0.008194983360307832,0.011193629363055409,0.008056568734356602,0.028821245709784504,1.136685279009214
2023-06-05,411.0773899248413,412.3635629860605,409.2441048720611,409.9447937011719,65460200.0,-0.0019179736781019,0.0057724913626651,0.016715858974884385,0.02005471163166343,0.034466963395226806,0.0082828678688256,0.008884622319031216,0.007375487761883755,0.007609459034314139,-0.002755189780387894,-0.2840104915221239,0.8253639388677771
2023-06-06,409.53204325524,411.3652988856477,408.8793344192004,410.83740234375,64022200.0,0.0021750203617206,0.0062870213729959,0.018510039625860085,0.021823703647756827,0.0363754134854427,0.008160406700676377,0.008866830951456113,0.007367990055228738,0.006050969196731666,0.003187440665531575,-0.02196754669249401,0.8001826783526153
2023-06-07,411.2309077542299,412.36350381538136,408.99448016231673,409.4168090820313,85373300.0,-0.0034637912546352,0.0059986549988591,0.02060709546845949,0.029646131642367828,0.03730653260049991,0.007599960791997251,0.007831158683701241,0.007329502571264687,0.008228835695872976,-0.004411386979897916,0.3334952563329594,1.0434647312286887
2023-06-08,409.4839979895144,412.3443112113528,408.716143215812,411.8931884765625,61952800.0,0.0060303342375841,0.0066624998539012,0.017181164467835887,0.042947681723435924,0.038675534250299105,0.007139215453330654,0.006983128427639283,0.007363303326492148,0.008808516618009745,0.005883478961025897,-0.2743304991138916,0.7733694797006553
2023-06-09,412.6898813507892,414.6383416076032,411.64366666036057,412.6322937011719,85742800.0,0.0017928018928481,0.0068725606869416,0.004616391559415686,0.03611789630743073,0.042213578447268,0.0037324268880140894,0.006845452372314698,0.007312589313242081,0.007257490489611003,-0.0001395421894737383,0.38400201443679705,1.060032944757941
2023-06-12,413.61131547404943,416.4524134072559,412.8914406087862,416.3756103515625,76104300.0,0.0090308960221528,0.0071440922618408,0.015565261259670386,0.03228112023455483,0.052555910076247506,0.004727823083093734,0.006359290949819177,0.007422709224860795,0.008552308804694514,0.006683315407715198,-0.11241177101750821,0.9376138840819899
2023-06-13,417.8346155400201,419.76386044542505,417.1723282571571,419.1207885742188,95899700.0,0.0065713942154198,0.006862482531786,0.019961635113369586,0.03847167473922973,0.05568309684965041,0.004914871542502071,0.006352632981203857,0.007473574886116377,0.0061832585233576876,0.0030781868863029517,0.2601088243371268,1.1519680667206615
2023-06-14,419.456717805613,421.4243641568749,416.1740753599218,419.619873046875,100612100.0,0.001190080687386,0.006955823013903,0.024615507055390787,0.04522260252385033,0.0635781751391818,0.0033373278631658268,0.005549728537602045,0.007147368139922723,0.012512011785406073,0.00038896800155106446,0.04913883985038536,1.178211723658732
2023-06-15,418.8040012480244,426.0699454976172,418.7080413628314,424.8221740722656,110303100.0,0.0123214301318314,0.0068469298696583,0.030906602949638085,0.04808776741747403,0.06383398517452771,0.004747229583745636,0.00589592241573451,0.007164317067916986,0.017329378229521207,0.014369902881317346,0.09632042269269792,1.2745215738778257
2023-06-16,426.8047878199797,427.3731894001626,422.90303570152577,423.3750915527344,114165800.0,-0.0034121400343357,0.0067060387939822,0.025701661022454286,0.03031805258187003,0.05083482737919161,0.0062749872745839486,0.005350854157309346,0.007143208152308578,0.010558376692030825,-0.00803574928192214,0.035018961389117864,1.3063324383076484
2023-06-20,421.4387253030806,422.32503554227975,419.1072877770987,421.1785888671875,76160400.0,-0.005201582063836,0.0064224926973861,0.011469182936465485,0.027034444196135925,0.0470891558277993,0.00722509305485496,0.0057724913626650744,0.007300898884414292,0.007639865487549104,-0.0006172580265518729,-0.33289654169637495,0.8854573977885423
2023-06-21,420.1959468611093,420.9955547817965,418.4329109170005,419.0205993652344,76982300.0,-0.0051368634425744,0.0067764207954488,-0.0002390747215287141,0.019722560391840928,0.041546264039597706,0.007387642093387867,0.006287021372995869,0.007481720530891624,0.006115794470911619,-0.002797141439975416,0.01079169752259701,0.8866442290261003
2023-06-22,418.0668136298408,420.6390713007603,417.72961825633774,420.5331115722656,70637200.0,0.0036031377711472,0.0068000237953321,0.002173982362232486,0.026789489417623328,0.05643562105999111,0.007565406863440968,0.00599865499885903,0.00679088473176323,0.00691848742550818,0.0058992913620943555,-0.08242284265344113,0.8210093270891223
2023-06-23,417.0841314152319,419.13617505158805,416.6409763099136,417.3538818359375,92074500.0,-0.0075887202418165,0.0061940498853294,-0.017736168011415414,0.013170434938222727,0.056118116661658606,0.004264489042340812,0.006662499853901222,0.0068160457118193055,0.005978616349986025,0.0006467530178869949,0.30348456620590847,1.0683967342099359
2023-06-26,416.7854848977608,418.7026386450145,415.4078319979814,415.648681640625,72823600.0,-0.0040941112354796,0.0060283174812992,-0.018418139212559314,0.00728352180989503,0.0434014181173257,0.004269990488828147,0.006872560686941619,0.006837981522846871,0.007926902676625802,-0.002727550018721641,-0.20907960401631287,0.8540037185203575
2023-06-27,416.5253768197751,420.82212620155866,416.0725783167209,420.20556640625,72813700.0,0.010903647192888,0.0056385464267671,-0.0023129099558353156,0.00915627298063023,0.041437393215185005,0.007608219258748535,0.007144092261840765,0.0066887401405848765,0.011302915202807974,0.008835451070409278,-0.00013594494092572518,0.8645413004980269
2023-06-28,419.1265310456325,421.4290677123489,418.509971256602,420.4175109863281,75636000.0,0.000504255926988,0.0058674886546566,0.0033282094137270847,0.0030891346921984295,0.041560809431428106,0.0071460028001927405,0.006862482531786027,0.0066871546842297335,0.006943327476770678,0.0030801675510135954,0.03876056291604457,0.8962317528573045
2023-06-29,420.003162191216,422.23825355642686,419.59855132372985,422.074462890625,67882300.0,0.0039334595273331,0.0059608176668522,0.0036585311699129847,0.00583251353214553,0.0510551160559958,0.007181388299848944,0.006955823013902986,0.0064490945970612865,0.006254115007619043,0.004931631201543161,-0.10251335342958379,0.8253480755347847
2023-06-30,425.2827088718478,428.0380149404403,424.9647708481831,427.0553588867188,104964000.0,0.0117319001124423,0.0050436698724056,0.022979151524171786,0.005242983512756431,0.0533307509302304,0.006771389187284129,0.006846929869658252,0.006595712017521572,0.007196359976066734,0.004168168556801572,0.5462646374680882,1.2638373690162739
2023-07-03,426.7085093216887,427.82602579498047,426.4291155030701,427.5466613769531,32793400.0,0.0011497809102013,0.0053475982204804,0.028223043669852683,0.00980490445729343,0.0401229570391634,0.005344795075392129,0.006706038793982219,0.005997643532745202,0.0032672697932232945,0.0019642262503664592,-0.6875747875462064,0.4093025995883559
2023-07-05,425.7355410321933,427.6430811230002,425.72589763659545,426.910888671875,58418400.0,-0.0014881320256817,0.0051804089453976,0.015831264451282984,0.01351835449544773,0.040552798691583604,0.005166589890426268,0.006422492697386061,0.0059835953584517305,0.004490828267156889,0.0027607458771990103,0.7814072343825282,0.732352953897169
2023-07-06,423.3366038147622,423.9917077726785,421.06296794825374,423.56781005859375,80658300.0,-0.0078616803378736,0.0049149491661098,0.007465328186421384,0.01079353760014853,0.030516097991989406,0.007199060874821122,0.006776420795448843,0.006378438273112399,0.0069144532584278235,0.0005461522621670215,0.38070025882256275,1.0007245666557898
2023-07-07,422.5755014325792,426.43873894163033,422.25756345371417,422.4984130859375,86134200.0,-0.002527928696109,0.0046688667583569,0.0010039399629792846,0.00466247113289233,0.031451960550515606,0.007231335897559087,0.006800023795332095,0.006343243050764606,0.00989631051481772,-0.00018242502554064144,0.06789009934501467,1.0681596610627913
2023-07-10,422.1419696202549,423.7412147414674,421.5735680037754,423.56781005859375,62443500.0,0.002527928696109,0.0046842438435502,-0.008200031453354018,0.01477912007081783,0.027949555009040505,0.004021047581795337,0.006194049885329382,0.006261519144573795,0.00511759082304233,0.0033776325050586795,-0.2750440591542036,0.7741331533570502
2023-07-11,424.3289087055748,426.7566624993896,423.3558667490492,426.2653198242188,64463800.0,0.0063483494117817,0.0045566543523403,-0.003001462951773614,0.025221580718079128,0.0325051025279741,0.005368919489289244,0.006028317481299182,0.006358761118699276,0.007978119711316943,0.00456346734553408,0.03235404805944575,0.8098616896568316
2023-07-12,430.0515200243212,431.1016209821125,428.6256794960012,429.6950378417969,91924500.0,0.008013773866307,0.004241934674324,0.006500442940215086,0.022331707391498132,0.031487980372128306,0.006531803442976159,0.005638546426767131,0.006300212795354614,0.0057620900128309924,-0.0008289290141426368,0.4259863675427138,1.1434883195002732
2023-07-13,431.5061931540125,433.8954320784897,431.0726814584312,433.1054382324219,72425200.0,0.0079054619153261,0.0045191692074808,0.022267585193414784,0.02973291337983623,0.03282204807203461,0.004489716495644957,0.0058674886546565405,0.006362655658904906,0.006517467505323062,0.0037061926428447653,-0.21212299223819553,0.9142770291513128
2023-07-14,433.9917833635624,434.83954937929775,432.0746002832751,432.835693359375,69815800.0,-0.0006230097449602,0.005313772981989,0.024172504144563584,0.025176444107542932,0.031008957639688407,0.0037727646772684528,0.005960817666852221,0.006382306017952546,0.0063879877247714646,-0.002663852285928879,-0.03602889601961745,0.8988078685823163
2023-07-17,432.6912196663996,435.3887239970372,432.6430320958501,434.338623046875,52680200.0,0.0034662723834858,0.0052784583402886,0.025110847831940383,0.016910816378586428,0.022153799891342807,0.0036507084771349126,0.005043669872405602,0.005883421873928126,0.0063215467275880175,0.0038073418308453926,-0.24544014392157654,0.7043291948356608
2023-07-18,434.0110663595222,438.2114701147798,433.5775252322227,437.5660095214844,80668200.0,0.0074031060142327,0.0050004393560657,0.026165604434391383,0.02316414148261783,0.03296904593991121,0.00377486068048752,0.005347598220480392,0.005942856516779923,0.010590276167988267,0.008190904420435583,0.5312812024251996,1.1032306835444077
2023-07-19,438.3560144106052,439.724023983291,437.4889321342748,438.5390625,65891700.0,0.0022213166198832,0.0067191662252633,0.020373147187967587,0.02687359012818273,0.04039194462363041,0.0035925866165173047,0.00518040894539753,0.005720156234276273,0.005096676761870347,0.00041757859679627423,-0.18317627020312832,0.9075174219843006
2023-07-20,437.5467915202886,438.442745236727,434.9167025391431,435.6296081542969,70591600.0,-0.0066565302243809,0.0064747422092134,0.005811155048260583,0.028078740241675428,0.038872277841823906,0.0052368621709873876,0.004914949166109774,0.005829274345196824,0.008094130039790539,-0.004381664779966329,0.07132764824704774,0.9765461994171705
2023-07-21,437.3444566290197,437.5467915202886,435.6199941598992,435.6296081542969,71275600.0,0.0,0.0065749690743792,0.006434164793220783,0.03060666893778443,0.035269140070676705,0.00519097702102119,0.004668866758356912,0.00583096468414107,0.004423017454100463,-0.003921047697598828,0.009689538132015674,0.9855732783638584
2023-07-24,436.7760157789645,438.38490436691495,435.7451722274282,437.5756530761719,54023400.0,0.0044572524471219,0.0070950057905225,0.007425144856856884,0.03253599268879733,0.047315112759615106,0.0053124891755216945,0.004684243843550192,0.005421889724793578,0.006032630291309243,0.0018307719936985602,-0.24204917250784275,0.7671994452426332
2023-07-25,437.3059083742901,440.0226701000181,437.2577208036124,438.770263671875,55191200.0,0.0027263465552375,0.007060556903621,0.002748385397861684,0.02891398983225313,0.054135570550332204,0.0043310790402465915,0.004556654352340235,0.005204325575051923,0.006301587699373806,0.0033485833818910457,0.021616558750467307,0.7937211250489863
2023-07-26,437.83576473919794,440.263518637083,436.7856637889011,438.8377075195313,71052900.0,0.0001536992598128,0.0072158709620673,0.000680768037791284,0.02105391522575893,0.043385622617257,0.004229077735834705,0.004241934674324027,0.004856718504100067,0.00792515043394967,0.0022883986668612707,0.28739545434779457,1.0231283814596832
2023-07-27,442.2192143317386,442.6238546795818,435.02262562113657,435.92822265625,92194400.0,-0.0066520551191897,0.0070707019812267,0.0006852431429824838,0.0064963981912431286,0.03622931157107931,0.00422728086524977,0.004519169207480814,0.0052347502974216375,0.017436882182411906,-0.014225957334294645,0.2975459129746991,1.3119158364832373
2023-07-28,439.1941631701477,441.0246146496096,435.9282277689279,440.1961059570313,80011800.0,0.0097427201151955,0.0059109910105102,0.010427963258177984,0.01686212805139883,0.0420385721589417,0.006015514055092915,0.005313772981988995,0.005512493788650132,0.011577537401430691,0.0022813208164049344,-0.1321403469191187,1.128817052160798
2023-07-31,440.6681750532694,441.39072403261815,439.357937615742,441.0342712402344,62040400.0,0.0019022620137487,0.0063055525389974,0.007872972824804784,0.015298117681661729,0.03220893406024811,0.005870453178895512,0.0052784583402886035,0.005025391285850309,0.004609134821109802,0.0008307751902453857,-0.2246093701179076,0.9026037345643426
2023-08-01,439.5698514127993,440.51399258801536,438.8184017102693,439.7721862792969,55291500.0,-0.0028657506173008,0.0070019921904359,0.0022808756522664847,0.005029261050128229,0.028193402532746006,0.006123412133678505,0.005000439356065693,0.005124012093474569,0.003855611906909415,0.0004603019653127647,-0.10878234182887281,0.7914634203948105
2023-08-02,436.6604316074864,436.9205386548979,432.9031828085776,433.6546325683594,93933400.0,-0.0140083945638121,0.0061010540447202,-0.011881218171358416,-0.011200450133567071,0.015673139994615604,0.008930341666611004,0.006719166225263279,0.0061573067913406835,0.009263952335818807,-0.006883607539299343,0.698875957425644,1.3112673897524108
2023-08-03,431.6411275781037,434.2904737931767,430.9956375639887,432.4118347167969,64276100.0,-0.0028699845833213,0.0063285476562334,-0.008099147635490016,-0.007413904492507471,0.020664835749167908,0.008632850251976304,0.006474742209213381,0.0058835072754368205,0.00761967172185736,0.0017855275817148047,-0.3157268873478444,0.9076433773103912
2023-08-04,434.2230692550645,436.32327139401457,429.9359332204392,430.4561767578125,100128900.0,-0.0045329326887305,0.0063775995978719,-0.022374800439416018,-0.011946837181237971,0.018659831756546407,0.005846456126433984,0.006574969074379212,0.005963912793575362,0.01483853297607358,-0.008675016976215312,0.5577936433604405,1.4000868754151594
2023-08-07,432.2865513057545,434.3674956833761,431.5929031798807,434.2133483886719,58357500.0,0.0086904769234251,0.0059797471668674,-0.015586585529739617,-0.007713612704934772,0.024822379983862507,0.008064861973190606,0.00709500579052246,0.006204975782208163,0.006389929083920775,0.0044572218985239435,-0.4171762598011164,0.8183416219213328
2023-08-08,431.67967473239247,434.20380401220746,428.9725267488997,432.3251647949219,71361300.0,-0.004357998065661,0.0059471718771784,-0.017078832978099815,-0.01479795732583327,0.014116032506419806,0.00808082046642883,0.007060556903620987,0.006203003433402626,0.012100330235898354,0.0014952987140975716,0.22282997044081743,0.9958764543983137
2023-08-09,432.5948520910791,432.7586427817327,428.67381291504086,429.4349060058594,78789600.0,-0.0067078290680787,0.0070663951070966,-0.009778267482366418,-0.02165948565372477,-0.0006055704279658951,0.0061068177961432326,0.00721587096206728,0.006163504481758568,0.009512104883798415,-0.007304631735549183,0.10409423595141898,1.1097121290151477
2023-08-10,431.7855978075418,435.1671361209915,428.4233462814403,429.5890502929688,93005500.0,0.0003588823981765,0.0082058918349129,-0.006549400500868618,-0.014648548136358571,-0.008152149945115495,0.006156477342108293,0.0070707019812266654,0.005876424303310958,0.015698234940932747,-0.005087125475528416,0.1804286352513529,1.2912220833122192
2023-08-11,427.7200594884635,430.3501481391964,427.1227570858758,429.3385620117188,68690900.0,-0.0005832582042135,0.0086944902972736,-0.002599726016351618,-0.024974526455767573,-0.008112398404368795,0.005887036154550281,0.005910991010510184,0.0058763543356834995,0.007517123638273435,0.0037840229546188867,-0.26143185080452236,0.9544007628992646
2023-08-14,428.4233633029166,431.7085266113281,428.1150686990038,431.7085266113281,47867400.0,0.005504857087987,0.0087688239614913,-0.005785345851789718,-0.02137193138152927,-0.006073813699867595,0.004692161306092324,0.006305552538997347,0.005964075180280803,0.008323805741181342,0.007668030247194449,-0.30314786965959106,0.6673073369526766
2023-08-15,429.9358890851779,430.2923712690211,426.1111954097984,426.67962646484375,75707500.0,-0.0117172112975075,0.0091613004964375,-0.013144559083636216,-0.030223392061735972,-0.025194131011607793,0.006680279989716292,0.007001992190435835,0.006191794540777293,0.009799333269940345,-0.007573832989990356,0.5816087775814021,1.0590812254412274
2023-08-16,426.2653150386881,427.9223617239687,423.4425643377815,423.5485534667969,80107200.0,-0.007365286699105,0.0086447060400567,-0.013802016714662517,-0.023580284197028872,-0.034780734330595996,0.0067862691138014675,0.006101054044720175,0.006278591492841964,0.010576821357361568,-0.006373405191657742,0.05811445365386514,1.1095963073848494
2023-08-17,425.012913286652,425.273020314269,419.8009235363625,420.3211669921875,95711300.0,-0.007649053241307,0.0080333105761509,-0.021809952354146015,-0.02835935285501457,-0.03577325734752209,0.00681097169265722,0.00632854765623342,0.006323268680758593,0.01301884655741875,-0.011039067632517174,0.19479023109033888,1.3030652181341846
2023-08-18,417.5080258452247,421.5543115245304,417.1612164787308,420.5234680175781,98852000.0,0.0004811852769724,0.0079936647090571,-0.020745508872960117,-0.023345234889311672,-0.03529207207054969,0.006973311039045852,0.006377599597871878,0.006331342786627915,0.010446729802047524,0.00722247713980776,0.03281430719256773,1.321026100461969
2023-08-21,421.5350602162778,424.00135836533855,419.3867000805202,423.2595520019531,68719000.0,0.0064853013374973,0.0082441645114026,-0.01976506462344982,-0.025550410475239475,-0.033264023180174296,0.007317916729402611,0.005979747166867424,0.006451339794997202,0.01090266779093754,0.00409098067617557,-0.30482944199409223,0.9094086388990384
2023-08-22,425.0321640493009,425.0321640493009,421.5543094057689,422.1130676269531,64994200.0,-0.0027123780715612,0.0086035129880828,-0.010760231397503517,-0.023904790481139672,-0.038702747806973,0.005900140151191258,0.005947171877178409,0.0063706959656145735,0.008239154175168984,-0.006867942403552235,-0.054203349874125006,0.8545724494915761
2023-08-23,423.1728380844883,427.43107286328376,423.0283341735705,426.8144836425781,68441000.0,0.011076243370544,0.0080593863442852,0.007681298672145483,-0.006120718042516973,-0.027780203696241793,0.007399972640924553,0.007066395107096633,0.0069966054434726236,0.010315345093584477,0.008605574910180637,0.05303242443171863,0.9014403803169339
2023-08-24,428.4137593836846,428.9243595057039,420.87033128977225,420.8992614746094,88517300.0,-0.0139559331431463,0.0062848969365043,0.0013744187703061822,-0.020435533583839774,-0.0350840817201984,0.00957498171304069,0.008205891834912936,0.007460978649829328,0.01913528711766932,-0.017540281432336696,0.29333732704080884,1.168696566512442
2023-08-25,422.6236931625658,425.1477928046301,419.0783933508206,423.8664855957031,102325100.0,0.0070249920388232,0.0062444154377979,0.007918225532156983,-0.012827283340803075,-0.03780180979657069,0.010045872527692934,0.008694490297273604,0.0072626787941254085,0.014319130339544475,0.0029406596299352762,0.1559898460526925,1.331389781559258
2023-08-28,426.0533657437924,427.1709115909124,423.8664616174519,426.5543518066406,61595400.0,0.0063212824592241,0.0064325387189567,0.007754206653883782,-0.012010857969565976,-0.0333827893510953,0.01002611356422774,0.008768823961491281,0.007448955713380965,0.00774684388862699,0.0011758763176852058,-0.3980421226072586,0.8016726535218541
2023-08-29,426.44841900560834,432.9995476574254,426.2653709047112,432.72015380859375,83081900.0,0.0143514273699342,0.0043406867197649,0.024818012095379184,0.014057780697875725,-0.0161656113638603,0.011062742481585732,0.009161300496437437,0.008254686088063316,0.015562429189958598,0.01470690128857747,0.34883286738944785,1.0621143044336314
2023-08-30,433.057282576268,435.13822692888783,432.3539910652405,434.50238037109375,69053900.0,0.0041102000958155,0.0050517752314734,0.017851968820650682,0.025533267492796222,0.001952983295767304,0.010526108601926792,0.00864470604005673,0.0077057438411388835,0.006407872521364333,0.0033369668470388837,-0.1688454404629649,0.8970467977367897
2023-08-31,435.11898360214246,436.2557869248091,433.6835290574293,433.8665771484375,66084600.0,-0.0014643621948166,0.0063248658861542,0.030343539768980386,0.03171795853928663,0.0033586056842720043,0.005704485361367536,0.00803331057615087,0.007683630979211959,0.005928684076763421,-0.002878308005173409,-0.0429997436784888,0.8574667759618501
2023-09-01,436.5833515582069,437.0650508527564,433.2210704898494,434.6758117675781,58944100.0,0.0018634320296438,0.0062685570560284,0.025181979759800983,0.03310020529195803,0.009754970402646303,0.005949918885025502,0.007993664709057057,0.0076104376209575894,0.008843327047060076,-0.0043692453773617355,-0.10805089234102949,0.7858130482952782
2023-09-05,434.2326334717444,434.5505420529184,432.7297341050141,432.7971496582031,55166200.0,-0.0043313512466276,0.0061889480115318,0.014529346053949281,0.022283552707833127,-0.003266857767406396,0.007159157985046552,0.008244164511402634,0.007426542100099752,0.00420707010048998,-0.0033057944126962746,-0.06409292872399441,0.7370157982342733
2023-09-06,431.9878663952489,432.0938555148443,427.5658709631412,429.8876647949219,70758500.0,-0.0067452117988203,0.0064839277485803,-0.0065672931148052175,0.018250718980574024,-0.005654071500565696,0.004419929254405532,0.008603512988082792,0.007516150857544998,0.01053294830839854,-0.0048617143297386605,0.28264227008566833,0.9457084229309484
2023-09-07,426.8915375451562,429.24223247025344,426.5447281630559,428.56787109375,70355400.0,-0.0030748121150726,0.0081049365437436,-0.013752305325693319,0.004099663494957424,-0.0020210545475595957,0.0032211997216910365,0.008059386344285229,0.007395630439811328,0.006294228963812077,0.003926837149861439,-0.0056968420755103555,0.9456508239635737
2023-09-08,428.6160459403085,430.74514868706615,428.25959315019446,429.2133483886719,61659700.0,0.00150499311968,0.0079733298707002,-0.010782950011196718,0.019560589757783724,-0.0008749438260560959,0.003748197446980044,0.006284896936504322,0.007403817674177681,0.00579095581766694,0.001393560633160657,-0.12359676727017399,0.8466060693684873
2023-09-11,431.8337979292306,432.3443980335229,430.1285929169173,432.0361328125,60180100.0,0.0065551146171801,0.0076858077640956,-0.006091267423660417,0.019090712336140625,0.006263428995337505,0.0052803120065234065,0.006244415437797875,0.007547114797633079,0.0051287495381023215,0.00046854804843814385,-0.023996224438328384,0.83114693805452
2023-09-12,430.59096036501694,432.1131170199776,429.0880610953536,429.66607666015625,67565400.0,-0.0055008844185958,0.0084971881692014,-0.007260800595628616,0.007268545458320726,-0.0047423125112452955,0.0054750061191162535,0.00643253871895668,0.007549880522488759,0.0070404811758426255,-0.0021479403656701375,0.12271996889337178,0.9206225450835314
2023-09-13,429.8876899365114,431.3231443270165,428.78940150844926,430.1670837402344,60199300.0,0.0011653589553225,0.0084461125201589,0.0006497701585141836,-0.005917522956290973,0.008140257741584705,0.004642799589347056,0.004340686719764899,0.007052022963475405,0.0058901364477652665,0.000649922782772075,-0.10902177741861963,0.8290135532898036
2023-09-14,432.6333966988673,434.5698078044724,431.3328027678492,433.8761596679688,83430800.0,0.0085854469413906,0.0080042642043471,0.012310029214977383,-0.001442276110715875,0.024090991382080304,0.0054830388049160505,0.0050517752314733705,0.007028686997284478,0.00746066582478368,0.00287255440422357,0.385909802937908,1.1463146810409641
2023-09-15,432.2935859212208,432.62229333118586,428.21370176743056,428.6487426757813,111848900.0,-0.0121213450925,0.0075698693864828,-0.001316308997202616,-0.012099259008399274,0.019618699530887303,0.008586001553190316,0.006324865886154228,0.007387184825577682,0.01028485826468372,-0.008431407182857755,0.34061881223720736,1.5199207377660464
2023-09-18,428.3393877167999,430.1956508895868,427.86566664070887,428.900146484375,55752200.0,0.0005863311560986,0.0075148842135522,-0.007285092458284117,-0.013376359881944473,0.019723845410013503,0.007777916924149153,0.006268557056028399,0.007386847853226961,0.005432463168820085,0.001309145933471506,-0.5015400240860661,0.7804753082055866
2023-09-19,427.981617392204,428.57137880593234,425.3326034960519,428.0106201171875,66514600.0,-0.0020761244259427,0.0080767855519139,-0.0038603324656310166,-0.011121133061259574,0.011162419646573503,0.0074777772606105675,0.006188948011531788,0.0072989457976773255,0.0075670442686531685,6.776628669295207e-05,0.193039915913632,0.9325771348910169
2023-09-20,429.267438505262,429.6831540306982,423.872696066376,424.0757446289063,82562600.0,-0.0092359263619633,0.0087463072749721,-0.014261617782916815,-0.013611847624402575,0.004638871356171402,0.008214538488221889,0.006483927748580265,0.0075926451621118754,0.013701462622925252,-0.012094310936868495,0.24127033764015726,1.143497015658186
2023-09-21,421.2334205936458,421.4944451347644,416.9118372759941,417.0665283203125,104095800.0,-0.0166663328598256,0.0073774820540453,-0.03951339758413301,-0.027203368369155573,-0.023103704874198196,0.007113163022485697,0.008104936543743543,0.0080288536633927,0.010987714303581801,-0.009892121730182014,0.26081058493797427,1.406992996784871
2023-09-22,418.0913196169548,419.6865285568745,415.712978065788,416.1287231445313,100829700.0,-0.0022511063767063,0.0084956785880578,-0.029643158868339313,-0.030959467865541875,-0.011398878107758196,0.0070186745542737405,0.00797332987070016,0.007452583726037981,0.009548849358582811,-0.004694181343495953,-0.031375905656136016,1.3516007528665135
2023-09-25,414.9202354602061,417.9172822244127,414.4851650567311,417.8786315917969,70874500.0,0.0041963922866513,0.0086482078462157,-0.026033097737786615,-0.03331819019607068,-0.014227477859930095,0.007976716617252116,0.007685807764095612,0.007326641865747265,0.008213191362783683,0.0071300357966622594,-0.29708706859189304,0.9705155634137631
2023-09-26,414.8428197503268,415.54859200929735,410.90794984146544,411.7394104003906,96168400.0,-0.014800385110568,0.0069960341424849,-0.03875735842241192,-0.042617690888042875,-0.035349145429722194,0.008723115956257833,0.008497188169201367,0.007768525157134084,0.011270823366942653,-0.0074809282026478,0.35688294097312845,1.286424841882955
2023-09-27,412.9092550416893,413.4700137261174,408.2686420542666,411.9037780761719,104705800.0,0.000399123504602,0.0069987278104642,-0.029122308555846615,-0.043383926338763375,-0.049301449295054395,0.009354581324221182,0.008446112520158934,0.006812496142893544,0.012627637687967283,-0.0024351039683425963,0.08877552293684832,1.3806595086007882
2023-09-28,411.35270706101295,415.964317107926,410.762945679416,414.291748046875,92258300.0,0.0057806573502168,0.0073585535769102,-0.006675318345804216,-0.04618871592993717,-0.04763099204065309,0.008160758413481035,0.008004264204347118,0.006906938920602068,0.012554851630598853,0.007144819847815231,-0.11888071147921131,1.1981948302511976
2023-09-29,417.3371661441051,417.5111824781116,411.7684074215334,413.2862854003906,115111300.0,-0.0024298932561456,0.0075411368995954,-0.006854105225243517,-0.036497264093582775,-0.04859652310198209,0.008166165504164793,0.0075698693864828465,0.006903564265016499,0.013895392272730747,-0.009706494106771461,0.24770671039895586,1.4488688855805505
2023-10-02,412.4548865420046,414.36915501527096,410.3666017087048,413.1219787597656,83798600.0,-0.0003976403671542,0.0080902052567991,-0.011448137879049018,-0.03748123561683557,-0.05085759549878009,0.007623601926123351,0.00751488421355223,0.006847845925159426,0.00968855086960567,0.0016173701404143424,-0.2720210787298901,1.0385019891425158
2023-10-03,410.94667474306095,413.1799731499237,406.2287013020404,407.5918884277344,103760600.0,-0.0134764971056019,0.0061017854224661,-0.010124249874082916,-0.04888160829649477,-0.060002741357754394,0.007084378681386073,0.00807678555191392,0.007266109346131897,0.01705449015361288,-0.008163556299425258,0.2382140035752387,1.248300004120473
2023-10-04,408.0559666596498,411.3043900178651,406.59609392791054,410.5599670410156,87453000.0,0.0072556008137795,0.0078796360776653,-0.0032677725649054162,-0.03239008112075197,-0.046001928745154595,0.008240184287949603,0.008746307274972063,0.007555005286269,0.011467986330689158,0.006136414085213813,-0.15716562934292977,1.041649668726271
2023-10-05,410.2699077129364,411.2463819980621,407.1858528256416,410.4052734375,70142700.0,-0.0003768578685652,0.0085071364655084,-0.009425287783687416,-0.016100606129491574,-0.043303974498647195,0.007461518417790276,0.0073774820540453215,0.007564524916345896,0.009893949798476149,0.00032994309847924133,-0.19793832115536347,0.8355731267201986
2023-10-06,407.9592644123595,416.81512702154566,406.6347574601129,415.2779235839844,113273300.0,0.011802848187323,0.0083561390851475,0.004807453659781184,-0.0020466515654622743,-0.03300611943100419,0.009607871256367136,0.0084956785880578,0.008154922447620333,0.02451459368119752,0.017939681262458745,0.6148979152499119,1.30911996174111
2023-10-09,413.3829806224,418.5070215863633,412.8319288458573,417.9366149902344,80374400.0,0.0063817907791831,0.0078333550297605,0.011586884806118483,0.0001387469270695248,-0.03317944326900119,0.009843589769991385,0.008648207846215677,0.008145830678861292,0.01357883596927394,0.011015534217152114,-0.2904382586187566,0.9181866982513824
2023-10-10,418.5650271110164,422.70291641435927,418.16863686530417,420.1119079589844,78607300.0,0.005191341060878,0.0081243952606494,0.03025472297259838,0.020130473098515525,-0.022487217789527395,0.0043789443215487365,0.006996034142484849,0.008230837102451807,0.010793027912690784,0.003695676293465668,-0.02198585619301663,0.8923713366293894
2023-10-11,421.1753489650396,422.0841107631383,418.79700772466646,421.832763671875,62451700.0,0.0040878175661694,0.0085480831188363,0.027086939724988282,0.023819167160082925,-0.01956475917868049,0.004390225349198085,0.006998727810464232,0.008299282967772685,0.007792431791829112,0.0015609049970538398,-0.20552289672842095,0.7080633407491832
2023-10-12,422.4419089154139,422.8189443567332,416.91182957643576,419.2611389160156,81154200.0,-0.006114971851094,0.008879909689625,0.021348825742459485,0.011923537958772124,-0.034265177971165094,0.006517920718491971,0.007358553576910155,0.008055075903384806,0.01408934487839742,-0.007529484959398621,0.2994714315222804,0.9212970896522121
2023-10-13,420.7596904875113,421.9585387631344,415.6066757486928,417.1728820800781,95143100.0,-0.0049932478170641,0.0088810341204031,0.004552729738072384,0.009360183397853624,-0.027137080695729194,0.005970080880997404,0.007541136899595381,0.007721093080929316,0.01522597294141078,-0.008524600831599012,0.17237431950533666,1.090445270319096
2023-10-16,419.4157523775379,422.62552450947527,419.1740532020178,421.5620422363281,75433200.0,0.0104662393217099,0.0091614742619083,0.008637178280599185,0.020224063086717724,-0.01725717253011789,0.007081801938349767,0.008090205256799104,0.008155783312876898,0.008187338900694,0.005117332495557389,-0.20716058232283796,0.854906103434037
2023-10-17,418.43931518310666,423.5923585822175,418.0912825017143,421.542724609375,75324700.0,-4.58249738731252e-05,0.0097250814425976,0.00340001224584806,0.0336547352184465,-0.015226873078048318,0.006824000032417166,0.006101785422466042,0.008152521895196866,0.013049866026274799,0.0074166296369888385,-0.0014383587067763326,0.8494357446240343
2023-10-18,419.77352121429993,420.7306406420036,414.8428514424272,415.9256591796875,93559800.0,-0.0134145951569791,0.0101464411903089,-0.01410240047730044,0.012984539247687901,-0.01940554187306412,0.008832404731315135,0.0078796360776653,0.00842996475506476,0.014155869131009193,-0.009166519182728651,0.24208659310956437,1.0485708092773833
2023-10-19,416.64111990263626,418.4490253157197,411.59443909771255,412.2711791992188,121323000.0,-0.0088252056273527,0.0116912609110032,-0.01681263425355914,0.004536191488900401,-0.01156441464059122,0.009162143208770266,0.008507136465508353,0.00782197101793198,0.016626401659512752,-0.010488500761611468,0.296742831857272,1.3467258122058827
2023-10-20,411.8361966032146,412.3776005627674,407.0988677006733,407.2052307128906,123919900.0,-0.0123640240535668,0.0109059527884858,-0.02418341049006184,-0.0196306807519894,-0.021677332317451718,0.010040935032023246,0.0083561390851475,0.00825091522789038,0.012963322825820953,-0.011244679143115005,0.021404844918111232,1.3581470090108831
2023-10-23,405.6776368923659,410.3569598965053,403.92773684712256,406.4994201660156,92035100.0,-0.0017348081349356,0.0107788777536034,-0.03638445794670733,-0.0277472796661081,-0.02760853273903862,0.006102266209491398,0.007833355029760526,0.008157199189480418,0.015816069422084394,0.0020257051385549982,-0.25730169246424506,0.9971308750863489
2023-10-24,408.61664598235126,410.7146079399578,406.7700606245001,409.5641174316406,78564200.0,0.0075109633802089,0.0106893818119152,-0.028827669592625317,-0.025427657346777197,-0.005297184248261718,0.008716678434521934,0.008124395260649403,0.007740290322143104,0.009631086190347337,0.0023187294463042738,-0.14636698390070746,0.8593792301463219
2023-10-25,407.881928845422,407.91093157015536,403.17360349885,403.6860046386719,94223200.0,-0.0144561064300826,0.0088377564529455,-0.029869180865728817,-0.0439715813430292,-0.020152414182946318,0.008954368980085337,0.008548083118836274,0.008361083167282507,0.011735180355201049,-0.010287104943892464,0.19931470058881784,1.0366092608683501
2023-10-26,402.6225823087564,403.4733388003184,397.9336114254036,398.85205078125,115156800.0,-0.0120468114515738,0.0080170626851689,-0.033090786689949914,-0.049903420943509004,-0.037979882984736923,0.00931930613668127,0.00887990968962497,0.008547509960329084,0.013889178616642073,-0.009364928081989547,0.22217033596821167,1.2511535002985914
2023-10-27,400.4375948467834,400.8339851009318,395.6229358498949,397.0441284179688,107367700.0,-0.0045431188643598,0.0078593284768497,-0.025269881500742917,-0.0494532919908047,-0.04009310859295112,0.008752933168871163,0.008881034120403072,0.008567456354811563,0.013124609780279219,-0.008474395192871426,-0.06763907993275253,1.171454499877664
2023-10-30,399.8285107141757,402.8449122242464,398.53300645045545,401.7911071777344,86562700.0,0.0118848904611368,0.0080258081048388,-0.011650182904670518,-0.0480346408513778,-0.02781057776466012,0.011675449114626646,0.009161474261908333,0.009111643271123947,0.010731710325991762,0.0049085955877760405,-0.19377336014462454,0.9430358116919938
2023-10-31,402.361504611754,404.63348310254605,400.4569136434261,404.314453125,79665200.0,0.006260604847404,0.009091908008415,-0.012900541437475415,-0.04172821103010068,-0.00807347581165422,0.011422626763751576,0.009725081442597629,0.008797159765689722,0.010330002864945063,0.004853716100724947,-0.0796821263662062,0.8794353611940641
2023-11-01,405.2812038082296,409.4384179741357,404.7494479004914,408.6263122558594,98068100.0,0.0106081519094685,0.0091188539387102,0.012163716902075683,-0.01770546396365308,-0.004720924715965219,0.010358005052296707,0.010146441190308842,0.008980810585732083,0.01147495874105213,0.008253796169665524,0.23100299754472475,1.0762815469671225
2023-11-02,412.4161946501383,416.61211901779166,412.39686933434086,416.4574279785156,94938900.0,0.0189831662124757,0.008014512776598,0.04319369456612518,0.010102907876175323,0.01463909936507568,0.008672372219795927,0.011691260911003174,0.00995532650170168,0.010121682074231728,0.009798920073460183,-0.03190843913566188,1.0279520330412342
2023-11-03,418.7584345746445,421.8038389898476,418.63274625361095,420.2569580078125,100167800.0,0.0090820863360139,0.0078903360972212,0.056818899766498884,0.031549018265756026,0.01191833751376658,0.004747264970304338,0.010905952788485827,0.009813663620023371,0.007545604363741862,0.0035784913435596964,0.05507647550161199,1.092318001615013
2023-11-06,421.0109668724997,421.6683815579989,419.2803924905788,421.2236633300781,67831700.0,0.0022976304457419,0.0079714069893706,0.04723163975110398,0.035581456846433525,0.00783417718032538,0.00619851793989035,0.010778877753603403,0.009729059437577322,0.005669171215456712,0.0005052040785503933,-0.3228193091991638,0.7447901543471108
2023-11-07,421.2237277176419,423.0606358569916,420.0829145000172,422.4225463867188,64256100.0,0.0028421484026388,0.0082191206328302,0.043813183306338786,0.030912641868863423,0.005484984522086181,0.006797346642633768,0.010689381811915144,0.009682131134030955,0.007049153465990395,0.0028460378421049006,-0.0527128171636565,0.7111330339406239
2023-11-08,423.0219303160148,423.544008852029,420.4309219590949,422.7319030761719,61746000.0,0.0007320714065122,0.0081540998365579,0.03393710280338248,0.04610081970545822,0.002129238362428981,0.007523169944908013,0.008837756452945522,0.00964155711568412,0.007364210910698921,-0.0006856080478528654,-0.0390639954805847,0.6836202934675877
2023-11-09,423.8727442351021,423.91142437106953,419.00975716373983,419.4351501464844,83174400.0,-0.0078292537263296,0.007173065610823,0.007124682864577183,0.05031837743070242,0.00041495648719338044,0.006072934354452246,0.008017062685168929,0.009707173839926314,0.011686352957347105,-0.010469165920600971,0.34704110387717413,0.919835953387122
2023-11-10,421.5040416459852,426.2896676737884,419.42540510915256,425.9802856445313,89462200.0,0.0154841418585423,0.0063561560732668,0.013526738387105582,0.07034563815360452,0.02089234616279978,0.008341974803368169,0.007859328476849716,0.010217027798266073,0.016114038127961364,0.010619694134049736,0.07559778008618045,0.9924912109387459
2023-11-13,424.64619358239656,426.6764433760795,423.86309048956497,425.5743103027344,52236100.0,-0.0009534922939447,0.0062472573158036,0.010275615647418981,0.05750725539852303,0.009472614547145179,0.00850677805137574,0.008025808104838833,0.009979110947339661,0.006610720662422541,0.0021856235481779347,-0.4161098206840431,0.5870598043272595
2023-11-14,431.5007656250588,435.1165763059157,431.2783917339626,433.8307495117188,97176900.0,0.0192149048807442,0.0028688688699575,0.026648372125524383,0.07046155543186322,0.028733344401762506,0.011507458030485154,0.00909190800841496,0.010820271393685611,0.008847193464900796,0.0053997213267625264,0.8603398798914927,1.0788827445307794
2023-11-15,435.1649221132853,436.3927730128096,433.8984205823122,434.7492065429688,77327600.0,0.0021148481890942,0.0029812299995168,0.028031148908106384,0.061968251711488925,0.0442627877478358,0.011385309626648165,0.009118853938710259,0.010240088769993253,0.005737451369565273,-0.0009553057914172984,-0.2042594484903305,0.8663168727645407
2023-11-16,434.3044705903049,435.59997479434537,433.24098818272,435.2809448242188,66665800.0,0.0012223446431629,0.0032867877119815,0.03708274727759888,0.044207430142176124,0.0543103380183514,0.009230669617975262,0.008014512776598058,0.009911232045587753,0.0054194575702779905,0.0022483633027923586,-0.13787832546206014,0.770459549654375
2023-11-17,435.29057073108856,436.4314133493685,434.3721314970017,435.82232666015625,83133200.0,0.001242979847195,0.0040074379941934,0.02284158526625158,0.036368323653357224,0.06791734191911321,0.008265679370530925,0.00789033609722121,0.009267760118840597,0.004725049008268359,0.0012216114127502906,0.2470142111847453,0.9839647613799761
2023-11-20,435.57093106914016,440.0182019431349,435.5612536604329,439.1770935058594,69936200.0,0.0076680811588641,0.0033340669786685,0.031463158719060386,0.04173877436647943,0.0773202312129129,0.0077061286504464775,0.00797140698937062,0.009232218878835859,0.010148407894234898,0.008279162312020298,-0.15874524257456712,0.8387341118769477
2023-11-21,438.13299304399567,439.0514618608499,436.9534996970191,438.2200012207031,49244600.0,-0.002181663628767,0.003545746117516,0.010066590209549182,0.03671496233507362,0.067627604203937,0.003563831693161303,0.008219120632830255,0.009285060988436932,0.004787463278688168,0.000198588506432611,-0.29586394456661924,0.601151945638674
2023-11-22,439.8732451207241,441.22675482120695,438.8194400859089,439.9118957519531,59394900.0,0.003853399769709,0.0041125481175018,0.011805141790163983,0.039836290698270424,0.0859371104037286,0.003659735831423674,0.008154099836557896,0.008282256765867108,0.005472265602600136,8.786765655276504e-05,0.20612006189511134,0.7408097558803549
2023-11-24,439.9602422808771,440.3759578384197,439.6315348978691,440.1825866699219,29737400.0,0.0006151406057212,0.0042651840349839,0.011197937752722284,0.04828068503032122,0.0985990624610236,0.003716599572047342,0.007173065610823006,0.007404632578083184,0.0016911685357259545,0.0005053738217164736,-0.4993273833275248,0.39177297050543985
2023-11-27,439.55417048077294,440.36627627306393,439.00308920962266,439.3898315429688,50506000.0,-0.0018025925442835,0.0042182731370584,0.008152365361243781,0.030993950627495423,0.1013395887810999,0.004145580185030514,0.0063561560732667815,0.0072437110392043575,0.003102454735136411,-0.0003738764157882573,0.69839999461957,0.6912797818936051
2023-11-28,439.00310690168646,441.1203943936042,438.4423777026132,439.8248901367188,62115000.0,0.0009896527401799,0.0043071580003615,0.0014739369425595826,0.03293709566162002,0.090444351060143,0.0024382882491515642,0.0062472573158036575,0.00711248352074627,0.006088824782423168,0.0018719303397011678,0.22985387874707963,0.8646393010613077
2023-11-29,441.9711751961111,443.10234049536746,439.1191421839662,439.5155029296875,63146000.0,-0.0007036802181209,0.0055361399034765,0.002951920353205683,0.013018510562754925,0.0834800659946181,0.002133555674917268,0.0028688688699575475,0.007192920381327169,0.009062702646096429,-0.005556181950856841,0.016598245190372785,0.8892143993701457
2023-11-30,440.3566875915756,441.5941865135412,438.2877279462496,441.2461242675781,79752700.0,0.0039298341610287,0.0055336972557124,0.003028354744525383,0.014833496534689425,0.0768017482461783,0.0021628526465340627,0.0029812299995167616,0.007031715080408247,0.00749345633976949,0.002019809624936236,0.262988946251544,1.137739982788253
2023-12-01,440.6369649429203,444.388141230824,440.0472330596215,443.8564147949219,89183400.0,0.0058982953494792,0.005662576933519,0.008311509488283384,0.019509447241005725,0.06371687738318181,0.003207068943924172,0.0032867877119814944,0.006094941882881161,0.009779982955091818,0.007306354455347623,0.11824928811187574,1.2775216051637523
2023-12-04,440.4726537072012,443.8757680204174,439.2544802266773,441.5264587402344,72430900.0,-0.0052631725840563,0.0049867100049135,0.004850929448510583,0.013003294809754425,0.04937161846311161,0.0043215374956451095,0.004007437994193381,0.006207588292111562,0.010466615765056541,0.0023924414470772207,-0.18784325334086838,1.058577576162234
2023-12-05,440.143918442316,442.3965419933345,439.7668535301099,441.4394226074219,69793500.0,-0.0001971449518787,0.0048343051376751,0.0036641317564519845,0.005138068699011625,0.046876843065491,0.004352681067116264,0.0033340669786684984,0.006236204019331164,0.005957076619237937,0.0029433649104835665,-0.03641263604345657,1.0185717666328158
2023-12-06,443.5760992801804,443.60510200805135,439.2255130737281,439.66058349609375,69124700.0,-0.0040377744088039,0.0071850652743483,0.00033003756576898465,0.0032819579189747247,0.0399969202540483,0.004854255183905937,0.0035457461175160353,0.006395000616338349,0.00996129536902675,-0.008827156806781577,-0.009582554249321196,1.0052399952737154
2023-12-07,441.7391409339485,443.6630571746833,441.1397316230239,443.0153198242188,66995400.0,0.0076013233590679,0.0073283560845508,0.004001526763808184,0.007029881508333625,0.046866172206604,0.0057751847483111535,0.004112548117501811,0.006506816626741486,0.005695797501225394,0.002888987576632138,-0.030803750323690426,0.9705702180072115
2023-12-08,442.2709087807209,445.4516788944759,442.02920955180366,444.9199523925781,83194400.0,0.0042900322784445,0.0073370200366219,0.002393263692773484,0.010704773181056924,0.05898545821137811,0.005456244713550149,0.004265184034983866,0.006058484453315472,0.007692326056109057,0.005989640193971307,0.24179272009720076,1.2052295707623495
2023-12-11,444.4268307846884,446.8244975103325,444.2141343049595,446.65045166015625,65002200.0,0.0038819176429071,0.0073407640643718,0.011538353919736883,0.016389283368247524,0.04738323399574291,0.004499153932089224,0.004218273137058367,0.005303503062111215,0.005844308890029192,0.005003345256049924,-0.21867096823824683,0.9586660068318127
2023-12-12,446.3024099023236,448.7870847504341,445.30661038207074,448.6903991699219,68327600.0,0.0045568143970134,0.0073407389440062,0.016292313268628983,0.019956445025081024,0.052893540686701004,0.004336878590706278,0.0043071580003614714,0.005264795545772013,0.007756961982699466,0.0053506080509870615,0.051158268489374104,0.9958924007811172
2023-12-13,449.0674408996175,455.1292757819329,448.709730800554,454.8778991699219,93278000.0,0.0136959137034787,0.0063322149484688,0.03402600138091158,0.03435603894668063,0.0473745495094355,0.004124397955239038,0.005536139903476524,0.004428839627591735,0.014112677254915098,0.012938943555258127,0.36515844256201,1.3634249184839904
2023-12-14,456.81145899765846,458.0006296077065,453.6693695971455,456.3377380371094,119026000.0,0.0032041594910104,0.0064651237328888,0.02962883751285408,0.03363036427666232,0.0484638608113517,0.004373479928202997,0.00553369725571242,0.004432249936523996,0.00949134741560388,-0.001037016369047598,0.2760350779390639,1.688326545213615
2023-12-15,455.7417134699126,456.9163018501235,453.7420397034311,455.5863952636719,141553700.0,-0.0016478189709235,0.0067669091627617,0.02369098626348608,0.026084249956259624,0.045593697197265304,0.0055709351455949935,0.005662576933519046,0.004518797933207787,0.006967420844196382,-0.0003408031383789269,0.1892670508964427,1.9066065996900212
2023-12-18,457.1881393985243,459.12957270241793,456.1300618027728,458.1491394042969,70375300.0,0.0056093930096377,0.0070576779361133,0.025418461630216684,0.03695681554995362,0.049960110359708,0.005558106841226127,0.004986710004913519,0.004571249289948401,0.006547018517911491,0.002101979301205987,-0.5028367326322095,0.9561095616050861
2023-12-19,458.6927056575324,461.012732509764,458.6150613654376,460.93505859375,55761800.0,0.0060623993493029,0.0066730476936529,0.026924046582506186,0.04321635985113522,0.0483544285501468,0.005563207629360632,0.004834305137675094,0.00448902985589297,0.005201754780036426,0.004888573348911736,-0.20765097981820324,0.7649377359273525
2023-12-20,460.0808267995912,461.9640193545055,454.1206423401612,454.5477600097656,102921000.0,-0.0139541717175541,0.005094935772522,-0.0007260388385266145,0.03329996254238502,0.036581920461359704,0.008303815434120307,0.007185065274348347,0.005725434190923281,0.017255341912092558,-0.012026292919691138,0.8457259270683515,1.3617312129854866
2023-12-21,457.5278204873464,459.1295265010188,455.1107457468796,458.8577270507813,86667500.0,0.0094372085333141,0.0061818374123783,0.005507010203777085,0.035135847716631224,0.042165729224964796,0.00933605462863291,0.007328356084550827,0.005960651505859273,0.008758228351016592,0.0029067228349487838,-0.15792209558787806,1.1263619778509546
2023-12-22,459.9838104781131,461.4593188510491,457.887088433067,459.7799682617188,67160400.0,0.0020078460212852,0.0061805696447332,0.009162675195985785,0.032853661459471925,0.043558434640528804,0.00920921157492597,0.007337020036621923,0.005950416099688108,0.007769434652596024,-0.0004431508495536935,-0.22507975884847264,0.8521187541453472
2023-12-26,460.1876248035588,462.6241033206968,460.1099508863103,461.7213439941406,55387000.0,0.0042135124037603,0.0063025775917324,0.007766794590108385,0.03318525622032512,0.0495745395885726,0.009086432356479504,0.007340764064371781,0.005890362525572775,0.005445172650321364,0.003332812765742126,-0.17530270814348936,0.7005707386779568
2023-12-27,461.51747852635486,462.7017539013479,460.98359627385656,462.55615234375,68000300.0,0.0018064024709496,0.006278601650796,0.003510797711755085,0.03043484429426132,0.05039128931934231,0.008751612643086838,0.007340738944006196,0.005882321270773717,0.00371448443348016,0.0022505622554354083,0.2277303338328489,0.8569224346218324
2023-12-28,462.91536504878167,463.5657286208665,462.3135254600746,462.7309265136719,77158100.0,0.0003777728577302,0.0062816804826779,0.017842742287039387,0.017116703448512825,0.0514727423951934,0.003555950965558759,0.0063322149484687975,0.005856044358659604,0.0027061151287775657,-0.00039842819883577476,0.13467293526646196,0.9638173001595971
2023-12-29,462.5367348441508,463.060930093317,459.44014657654174,461.3912963867188,122283100.0,-0.002899250839615,0.0063262479318993,0.005506282914110285,0.011013293117887422,0.0446436573945497,0.002623583416144827,0.006465123732888852,0.005970776495323356,0.007847533200410567,-0.0024764269973453473,0.5848381440185801,1.487968996321118
2024-01-02,458.33359292378987,459.79938459581,456.7124830275094,458.8092346191406,123623700.0,-0.0056119692550406,0.0063226078602601,-0.002113532362215514,0.0070491428337703214,0.0331333927900299,0.0038783353238544455,0.006766909162761672,0.006150820653265113,0.006728072007667996,0.001037763111179694,0.010963084841650206,1.4734081155159342
2024-01-03,456.6542157231931,457.3919698393569,454.4604162904711,455.062255859375,103585900.0,-0.0082002771631938,0.0061863236168925,-0.014527321929169614,-0.006760527339061178,0.030196288210892402,0.004133448488733835,0.00705767793611332,0.006356360900997284,0.006442093386430452,-0.003486138546420597,-0.1620870431802316,1.212084158173707
2024-01-04,454.5866169474703,457.1687269140432,453.3732210773095,453.5964965820313,84232200.0,-0.0032262068565505,0.0067680014402658,-0.019559931256669712,-0.01604913354491458,0.027167226306220604,0.003208478641189703,0.006673047693652941,0.006434776324363164,0.008367581904476399,-0.002178067564081876,-0.18683720467747056,0.977365409373772
2024-01-05,453.80034274035296,456.66396886840727,452.7713854034213,454.2177734375,86118900.0,0.0013687314090102,0.0067498230869842,-0.018568972705389715,-0.0007262304183502785,0.0325737321240347,0.0035519321076099863,0.005094935772522031,0.006308477554575106,0.008569861622822661,0.0009198554029869427,0.022398797609465282,0.9895013507865585
2024-01-08,454.7127832861343,460.8477194894472,454.5865853845721,460.7021179199219,74879100.0,0.0141749089012033,0.0055623299822683,-0.001494812964571414,0.00401146994953892,0.0391473176661701,0.008824705802767296,0.006181837412378353,0.0067889833159662655,0.01359041745487124,0.013171687390232644,-0.13051490439380897,0.8564775496212204
2024-01-09,458.052084815237,461.0224755494377,457.54732279549,460.0032348632813,65931400.0,-0.0015181473394466,0.0054313449611918,0.002599008951022585,0.0004854765888071199,0.033339138048279,0.008387613279423386,0.006180569644733239,0.006808148009058754,0.007554626773397641,0.00425966852400935,-0.11949529307911022,0.7616521759823927
2024-01-10,460.27499186871785,463.4686578138975,459.9934757568045,462.6047058105469,67310600.0,0.0056394005017456,0.0054174897772078,0.016438686615961984,0.0019113646867924194,0.0350966209071175,0.006951104310475906,0.006302577591732384,0.006849458398564894,0.007512206454977547,0.005061569676793391,0.02091871247994126,0.7765495434423162
2024-01-11,463.6045580641455,464.119036700077,458.4306513904914,462.40087890625,77940700.0,-0.0004407041664688,0.0054716028547721,0.019224189306043683,-0.00033574195062598057,0.0300991023436353,0.006387280459205567,0.00627860165079601,0.00683299668902972,0.012301847961536662,-0.0025963488429054174,0.15792609187854523,0.8942282809831856
2024-01-12,463.8472262405501,464.5849803515552,461.3136700813151,462.72119140625,58026400.0,0.0006924762106077,0.0057055441655681,0.018547934107641186,-2.1038597748480512e-05,0.017095664850764303,0.006459570869126769,0.006281680482677889,0.006201414154015289,0.007069722180430779,-0.002427598507867694,-0.25550578837500815,0.6794886785162808
2024-01-16,461.3428445667553,462.6532884587613,459.2072559019865,461.0224914550781,85014900.0,-0.0036778641034372,0.0053923524840096,0.0006951611030006858,-0.0007996518615706809,0.010213641256316701,0.003471721021319194,0.006326247931899276,0.006254894603223137,0.007474760170373576,-0.0006943927178018597,0.4651072615223415,1.0157509385088521
2024-01-17,458.0034788442628,458.9450750603383,456.1105697671889,458.459716796875,68843900.0,-0.0055744010520127,0.0078976805403075,-0.003361092609565414,-0.0007620836585427804,0.006287059175227501,0.004324864860018741,0.006322607860260121,0.006386452070433365,0.006182670340053553,0.0009961451685115284,-0.19021371547811028,0.8598919000748303
2024-01-18,460.129384955841,463.09005873569527,458.5859491170127,462.5367431640625,91856200.0,0.008853569315643,0.0083794212124157,-0.0001469237956680143,0.016291762820294018,0.009531235481232801,0.005560030288208304,0.006186323616892481,0.006566674892631965,0.009737841772031793,0.005231915819617911,0.334267814577617,1.1321380972280142
2024-01-19,463.662771314668,468.5843115147551,462.5852901238366,468.30279541015625,110834500.0,0.0123890869678753,0.008150247669551,0.012682867338676086,0.031907056644719815,0.015857923099805202,0.007822791948733285,0.006768001440265756,0.006988744673175936,0.012810133635150128,0.010007325113318715,0.20660880811529325,1.3212075177148221
2024-01-22,469.83656769535,471.0111265282756,468.6425755704272,469.29296875,75844900.0,0.0021121548236599,0.0083764527778161,0.014102545951728286,0.03265048005936952,0.0319242496410192,0.007764673761844204,0.006749823086984167,0.006067022942020415,0.005047062529313493,-0.0011569958209436471,-0.31569231602073367,0.9189424339266554
2024-01-23,469.836566173897,470.9043307691421,468.7493682867175,470.6616516113281,49945300.0,0.0029122338440775,0.008376271481187,0.020692643899242986,0.02138780500224372,0.0253992749517826,0.006896635307645895,0.0055623299822682905,0.005792411136068087,0.004578580972227071,0.0017561115860994078,-0.34148110156384937,0.618909495330635
2024-01-24,473.5252650573401,474.45714470411593,470.6810725123754,471.1761474609375,81765000.0,0.0010925361060956,0.0086098371982239,0.027359581057351284,0.023998488447785918,0.024483965036593,0.004906673249324203,0.005431344961191771,0.005789889687712699,0.008014141233780466,-0.004960912901063786,0.6370909775294171,1.004124999286189
2024-01-25,473.30199623812143,474.0106300348732,471.1761540957068,473.7388305664063,72525000.0,0.0054241692601903,0.0085713515271499,0.023930181001898587,0.023783257206230618,0.025694621893022997,0.004541924553778453,0.005417489777207742,0.005828984303473602,0.005983203732270524,0.0009229505300144558,-0.11300678774536788,0.8813770944403
2024-01-26,473.3117152908374,474.79691054106985,472.29247468488353,473.1369934082031,76641600.0,-0.0012712062638214,0.0085537824818964,0.010269887770201887,0.02295275510887802,0.022617013158252,0.0024535381426972085,0.00547160285477207,0.005855052668072076,0.005293257325211083,-0.00036914759763959234,0.05676111685625651,0.9265399930148274
2024-01-29,473.4475958586122,477.029542315143,472.9039969579279,476.8839111328125,61322800.0,0.0078881151671185,0.0084063878867831,0.016045848113660485,0.030148394065388818,0.0301273554676403,0.00358611318792616,0.005705544165568077,0.006042064950983219,0.008651047479071049,0.0072580689061656975,-0.19987578547420726,0.7485117264839419
2024-01-30,476.1946921260682,477.22364926399433,475.757857843928,476.5150451660156,58618400.0,-0.000773791460049,0.0097858325323503,0.012359822809533988,0.03305246670877702,0.032252814847206296,0.004015572275785949,0.005392352484009594,0.005978858368644965,0.0030760653518414676,0.0006727354278501609,-0.044101052137214825,0.744426144421344
2024-01-31,474.31152767890586,474.7580490082776,468.7201907326481,468.7396240234375,126011100.0,-0.0164518552981577,0.0079929871590958,-0.005184568594719314,0.022175012462632017,0.021412928804089196,0.009475577608918952,0.007897680540307546,0.0070615492245568925,0.012881049448739593,-0.011747350275746126,1.1496850818173132,1.5978595133500815
2024-02-01,470.4383605479544,474.90366254751126,469.6326492320253,474.8745422363281,91891600.0,0.0130032059176941,0.0073682290145276,0.0023944680627844862,0.02632464906468312,0.0426164118849771,0.011214246418142388,0.008379421212415757,0.007186978861845497,0.011099801835371422,0.009429889355125233,-0.270765829359477,1.173917611938773
2024-02-02,475.311399216602,481.5239798187347,474.971642466127,479.873779296875,99228200.0,0.0104724619831134,0.0071484365400358,0.014138136309719287,0.024408024079921216,0.056315080724640997,0.01196101063171663,0.008150247669551023,0.007301417308716693,0.013654293348155806,0.009598717993703924,0.07983972419677099,1.2556156858006118
2024-02-05,479.2428126687566,479.90289286822576,475.8744247735656,478.12646484375,75757100.0,-0.0036478412221722,0.0073076190728057,0.002602179920428585,0.018648028034089117,0.051298508093458595,0.01185295952088961,0.008376452777816118,0.007438622851948592,0.008425528371404149,-0.0023293992011898636,-0.23653658939696576,0.964942621227627
2024-02-06,479.0680669349689,479.8446580236344,477.6411122849623,479.5146179199219,55918600.0,0.0028991113130472,0.0072726490286302,0.006275082693524785,0.018634905503058817,0.0400227105053025,0.011866503553097747,0.008376271481187015,0.006921712107968282,0.004595367182403827,0.0009321242966786913,-0.26186984454262374,0.7209590439369269
2024-02-07,481.756982255993,483.93137810724,480.854193242822,483.5139770507813,70556500.0,0.008305842928674,0.0094040771837424,0.031032780920356485,0.025848212325637217,0.0498467007734231,0.006649205676976715,0.008609837198223863,0.007006877508365913,0.006364210778739887,0.003647056211952654,0.2617715751109648,0.9069813972821217
2024-02-08,483.51398020972,484.10610316011065,482.6985817601752,483.7275390625,52343600.0,0.0004415898441732,0.0094002180774777,0.018471164846835583,0.020865632909620117,0.0446488901158507,0.005751723527818694,0.008571351527149924,0.0069803520834513175,0.0029097400628943196,0.00044168082314265594,-0.2581321352391346,0.679396007349796
2024-02-09,484.2322866772762,486.9599980744067,483.8925299274153,486.523193359375,63979400.0,0.0057627620166426,0.0094420486624392,0.013761464880364786,0.027899601190084118,0.05085235629896209,0.004642937197067387,0.008553782481896439,0.006993132937084823,0.006304875469165149,0.004731007710821265,0.22229651762584157,0.8380162745386971
2024-02-12,486.4940393494017,488.7557959365899,485.59125041969,486.3096008300781,56502300.0,-0.0004391145816727,0.009432389065124,0.016970191520864285,0.019572371441292917,0.0497207655066817,0.003653479245084288,0.008406387886783075,0.007013437990487898,0.006507265148576803,-0.0003791177371262994,-0.11686730416352764,0.7408190201015353
2024-02-13,480.0484676099725,482.5334996770295,476.35003982173856,479.6116333007813,113099200.0,-0.0138687807064394,0.0079216196634835,0.00020229950137768543,0.006477382194902518,0.0395298489036795,0.008586605401557488,0.009785832532350306,0.007809817063741495,0.012892639431481603,-0.0009099795930316079,1.0016742681271382,1.4560705180841118
2024-02-14,482.2423099561509,484.4555426281319,479.9222830533005,483.9701843261719,68387800.0,0.0090466230712126,0.007596853282414,0.0009430796439162861,0.03197586056427282,0.0541508730269048,0.008769319196775123,0.007992987159095764,0.007749885044836921,0.009366815811480352,0.003583000359669979,-0.39532905626211323,0.8807021066121684
2024-02-15,484.6690979139186,487.4938867654942,484.19342663721847,487.3094482421875,61683000.0,0.0068760364383237,0.0078138866900571,0.007377526238066786,0.025848691084902422,0.052173340149585495,0.00927336256940645,0.007368229014527613,0.007679640941409179,0.006772821951597893,0.005447738136459092,-0.098040878636248,0.8100963459510516
2024-02-16,487.0085622942672,488.1442842020213,484.144936285217,484.8826904296875,75532900.0,-0.004992352347355,0.0075089337217032,-0.0033775881259308143,0.010383876754434019,0.0347919008343552,0.009277649589784895,0.007148436540035784,0.007495872456463498,0.008248073185001132,-0.004365163221288905,0.2245335019373247,1.0155313322007808
2024-02-20,483.1450448811934,483.814841673976,479.9708124113375,482.2131652832031,71736700.0,-0.0055207183671276,0.0081561013115283,-0.008459191911385715,0.008510999609478619,0.027159027643567698,0.009520434234681744,0.007307619072805704,0.0076682334688876344,0.007971638975018281,-0.0019287781337371565,-0.05025889380653992,0.9671628783816277
2024-02-21,480.9124325062878,482.8053121078392,479.1068842202188,482.6499938964844,59293400.0,0.0009054727377057,0.0081953831654893,0.0063150615327593855,0.0065173610341371195,0.0251522665371959,0.006658961251374851,0.007272649028630176,0.007659950098021581,0.007662753412183075,0.0036130515094841983,-0.17345793715071922,0.7943948335276222
2024-02-22,489.2508198232781,493.5996106700064,488.2897903691996,492.63861083984375,76402500.0,0.0204841236952491,0.0060002912935905,0.01775256215679589,0.01869564180071222,0.0445438541263494,0.01072462472729517,0.009404077183742376,0.00878291296113626,0.010778327528479218,0.0069244462743861,0.2885498217339535,1.0273076740263098
2024-02-23,494.3568862406584,495.191718012327,492.250447577862,492.9784851074219,61321800.0,0.0006896679906368,0.0064505786899932,0.01156619370910899,0.01894371994717582,0.039809352856795904,0.010601195595830823,0.009400218077477651,0.008755972967748049,0.005966326164972604,-0.002788271331099686,-0.19738490232649453,0.8307900843263764
2024-02-26,493.41526570907337,493.8521000550051,491.0467146922128,491.17291259765625,50386700.0,-0.0036693023853744,0.0062956038580802,0.012889243671089587,0.00951165554515882,0.0374112567352429,0.010387618076106362,0.00944204866243916,0.008819181029155247,0.0057116043878632,-0.004544555605094005,-0.17832320642903499,0.695001619339828
2024-02-27,491.86214231163,492.30866367947897,489.9692329795254,492.08538818359375,48854500.0,0.0018560247030834,0.0070042532496555,0.02026598674130059,0.01180679482991492,0.0313791662712078,0.00942949376096555,0.009432389065124044,0.008704962577432977,0.00475411535503828,0.00045387894850890635,-0.030408818200040932,0.6797122765390847
2024-02-28,490.5322390639573,492.01743437576624,490.1730786379002,491.4350280761719,56506600.0,-0.001322514899462,0.0070173506041585,0.01803799910413289,0.02435306063689232,0.0308304428317948,0.009665127217430949,0.007921619663483478,0.008713595493265542,0.0037530001576936717,0.0018404274792157874,0.15663040252177374,0.7873325328559729
2024-02-29,493.1920036518268,494.8130838290683,490.5516532421677,493.2016906738281,83924800.0,0.0035884594994201,0.007088976547922,0.0011423349083038875,0.018894897065099822,0.050870757629372605,0.002817328125228052,0.0075968532824139965,0.007619075064679721,0.00864034058982754,1.964148228198554e-05,0.48522119540018327,1.2046847960019154
2024-03-01,494.0753617325155,498.2591184201671,493.6676477127876,497.8320007324219,76844800.0,0.0093444729308418,0.0069096668821554,0.009797139848508888,0.021363333557617922,0.047212024642520306,0.004991419623840202,0.007813886690057118,0.007395356073942489,0.009222932034550714,0.0076033724627219326,-0.08436123767944637,1.1150984240713875
2024-03-04,497.0360730146448,499.1425115484434,497.0069230762816,497.2981262207031,49799300.0,-0.0010729743748649,0.007169998353097,0.012393467859018388,0.02528271153010802,0.03566658828454201,0.004353784393679096,0.007508933721703179,0.007176191774553697,0.004294382704377992,0.0005272317650284889,-0.35194964395769135,0.749520161134049
2024-03-05,495.29842384541166,495.7449748064334,490.1245174506037,492.3280334472656,72855600.0,-0.0100444688358898,0.0062816338391364,0.0004929743200451885,0.02075896106134582,0.0292699606708244,0.007140365625472889,0.008156101311528283,0.007563103630683235,0.011416082315027653,-0.005997173128645227,0.46298441945971125,1.0989358412585883
2024-03-06,495.5993764159242,497.0748846909984,493.53177482463775,494.8228149414063,68382400.0,0.0050545199036925,0.0066348807840739,0.006870009123199688,0.02490800822733262,0.0314253692614697,0.007388294974565167,0.008195383165489348,0.007599904283727609,0.0071603607581840695,-0.0015669137441895965,-0.0613981629414897,1.0218576924071225
2024-03-07,498.1135389799133,500.7830096761973,494.8810360564722,499.734619140625,58652100.0,0.0098774469234661,0.0061162475963051,0.013158996547245689,0.01430133145554962,0.0329969732562618,0.008334298016571881,0.0060002912935904675,0.007680895533526342,0.011810215649807268,0.003254439066305062,-0.14229246121809125,0.884320673802595
2024-03-08,500.36560770630734,503.04473579557066,496.1623881738849,496.735107421875,86532500.0,-0.0060202948434864,0.005657093310493,-0.002205771227082512,0.007591368621426419,0.026535088568602202,0.008068854039580978,0.0064505786899932025,0.007868024503248075,0.013855166503946375,-0.007255695092783612,0.4753521186794676,1.2719024033821955
2024-03-11,495.5314524357439,496.8904498381802,493.6094227797772,496.3080139160156,62557200.0,-0.0008601711708502,0.0058000398954275,-0.0019929680230678123,0.01040049983595062,0.019912155381109402,0.008065248655735064,0.006295603858080248,0.007810659720584088,0.006610868586454417,0.0015671285373604154,-0.27706699794874756,0.9204623028728729
2024-03-12,498.41443934118087,502.2293483869414,495.9002573325016,501.6469421386719,73114400.0,0.0106998399606467,0.0050007400228312,0.018751340773468687,0.01924431509351392,0.031051109923428806,0.0071459777611478864,0.007004253249655495,0.008094935320225925,0.01261662440810858,0.0064855721310237875,0.1687607501614523,1.0628111035635535
2024-03-13,501.9672879725168,502.14200986510485,499.4240150117718,500.8606567382813,55104100.0,-0.0015686376093324,0.0054651191643522,0.012128183260443787,0.018998192383643517,0.0433512530205358,0.007451114605625069,0.007017350604158483,0.0072887481383135146,0.00542664874305209,-0.00220458834818745,-0.24633040823695473,0.8362580585338604
2024-03-14,501.8312904786425,501.9866383004977,496.8321359535948,499.8704833984375,110171800.0,-0.0019789004723864,0.0053597752032906,0.0002718358645912868,0.01343083241183702,0.03232572947693681,0.006281566518605925,0.00708897654792199,0.007156832270268378,0.010311675760207585,-0.00390730334558208,0.9993394320930749,1.6205821305974866
2024-03-15,496.8081029776196,498.2589847627136,494.7730054035866,496.4380798339844,107646300.0,-0.0068902692816064,0.0046205138234613,-0.000598138573528713,-0.0028039098006111818,0.018559423757006706,0.006500142257636572,0.006909666882155388,0.007285189291415815,0.007021982198248776,-0.0007448009430955677,-0.0229232888997003,1.53165534592412
2024-03-18,500.4985887866016,501.9396941096388,498.9795682095847,499.3885192871094,88893300.0,0.0059256261862596,0.0051788057678329,0.0061876587835810876,0.004194690760513318,0.029477402290621305,0.006996332582867926,0.007169998353097021,0.00722703946513599,0.0059275009050663695,-0.0022179273315903964,-0.17420942475496137,1.2529175870455753
2024-03-19,498.6971800566581,502.4460268329335,497.69420694089,502.1636657714844,60755300.0,0.005541705420745,0.0049464196629991,0.001029524243679387,0.019780865017148118,0.04053982607849391,0.00546498038509748,0.006281633839136375,0.007085478270933825,0.009462691580330052,0.00695108344994537,-0.3165367918617039,0.8630017882109893
2024-03-20,502.2220463909248,506.9446253921805,501.5501685674469,506.8082885742188,69594600.0,0.0092067090478654,0.0054855178694399,0.011804870900877187,0.023933054161321018,0.0488410623886536,0.006597497605475598,0.006634880784073939,0.0072573775929415055,0.010643979087061856,0.009131901349715206,0.14549018768732935,0.9813801108171286
2024-03-21,509.6419595938359,510.34301859328446,508.2007948195373,508.4832153320313,60256100.0,0.0032994037098013,0.0065255917706482,0.017083175083064887,0.017355010947656218,0.0316563424032058,0.006135591609437721,0.00611624759630508,0.00589903680954608,0.004212968509389881,-0.002273643761059376,-0.13418426142258166,0.8594789360542514
2024-03-22,508.3955192473561,508.8823855528386,507.2854498071945,507.5191955566406,79070800.0,-0.0018976727896672,0.0065227640276944,0.02207577157500409,0.02147763300147542,0.029069001622901804,0.0041111532716557484,0.005657093310493015,0.0059478233451467615,0.0031465524055551176,-0.0017237045912851794,0.312245565179293,1.1137491626189728
2024-03-25,506.1462159868013,507.2660322991133,505.96120440733904,506.1170349121094,48512100.0,-0.0027665971217987,0.0064877589946515,0.013383548266945787,0.019571207050526916,0.0299717068864775,0.005044586308877576,0.0058000398954274794,0.005910209320714637,0.002578114945292957,-5.7653448292630134e-05,-0.38647262959271944,0.684218921959684
2024-03-26,507.53866742888704,507.87950952715136,504.78304672651166,505.1822509765625,65463700.0,-0.001848679643738,0.0072150043892015,0.005993163202462789,0.007022687446142217,0.026267002539656102,0.005077863560942229,0.005000740022831203,0.00595629294978198,0.006129397449443166,-0.004642831381226148,0.349430348304856,0.9126164109157029
2024-03-27,508.0060617645378,509.466660680705,505.8443444640109,509.42767333984375,82999800.0,0.0083686292406205,0.0070976104792186,0.005155083395217889,0.016959954296095116,0.0359581466797386,0.004750733662315799,0.005465119164352181,0.006122453728802961,0.007110560352848435,0.0027984145905032426,0.26787517356947443,1.1361034705307054
2024-03-28,509.46662856862366,510.82981847863687,509.04793070421056,509.3302917480469,96294900.0,-0.0001911770909885,0.0081684720921315,0.0016645025944280892,0.018747677677493017,0.03217851008933,0.004587734417603877,0.005359775203290604,0.006122608881153854,0.003498491653246819,-0.00026760696958667,0.16018231369232216,1.3070217592643807
2024-04-01,510.070420797236,510.6059618999613,507.2855000855941,508.4442443847656,62477500.0,-0.0017411470923462,0.0087765224112426,0.0018210282917490892,0.023896799866753218,0.021092890066142,0.004569205196090249,0.004620513823461238,0.005882535232960387,0.006530631138100649,-0.003188140982432749,-0.35118578450156757,0.8563642347261095
2024-04-02,504.6272115527488,505.3477642225264,502.9134325371014,505.2114868164063,74230300.0,-0.0063784348651846,0.0087257051674193,-0.0017908094516368104,0.011592738815309016,0.0157874295758223,0.005398211400557268,0.005178805767832894,0.006099166059605422,0.004818440888517673,0.0011578354283742949,0.18811252050738259,1.0007018230683284
2024-04-03,504.1208688391064,507.266065898289,504.0721940901131,505.7664794921875,59155800.0,0.0010979323981891,0.0086421922650181,0.0011558025902902891,0.007148965792753118,0.0269298308099012,0.005355483362851525,0.004946419662999064,0.005540815845514211,0.0063149139725169326,0.0032643176563403272,-0.2030774495051212,0.8049147370676899
2024-04-04,509.7685667902679,510.1093494656175,499.2911933332161,499.5930480957031,96858100.0,-0.0122811965682602,0.0081018830976953,-0.019494023218590412,-0.014338939823372483,0.0095941143379485,0.005472257981321579,0.005485517869439897,0.006241837701778652,0.021653936486180032,-0.019961055579857428,0.6373390267733678,1.2928715077952564
2024-04-05,500.94653513579135,506.7694375345306,500.5083435441168,504.8122253417969,74546500.0,0.0103926659086646,0.0068340927707336,-0.008910180218937313,-0.007245677624509183,0.010109333323147002,0.008483491492424448,0.006525591770648229,0.006283588429432027,0.012402817673788556,0.007716772020306825,-0.23035347585798194,0.9846093251965959
2024-04-08,505.5132702303462,506.5161838386092,504.2863577249252,505.0945129394531,48401800.0,0.0005590369769953,0.0079980236510492,-0.006609996149595811,-0.004788967857846682,0.0166886651436287,0.00854838132689266,0.006522764027694378,0.0060933057037884835,0.004414671029996505,-0.0008283804116601788,-0.3507166667784537,0.6558045623331249
2024-04-09,506.8278303713481,507.0712635271461,500.8393509659492,505.6788330078125,68049200.0,0.0011561842935285,0.009319225486039,0.0009246230091172884,-0.0008661864425194821,0.018705020608007404,0.008085775292277246,0.006487758994651556,0.00608045907499267,0.012323854894477203,-0.0022670368410782687,0.4059229202219752,0.9185929447452761
2024-04-10,499.9921838509081,502.601780021425,498.6387407392185,500.6153869628906,82652800.0,-0.010063634826619,0.0089600560216312,-0.010236944215690812,-0.009081141625400482,-0.0020584541792582987,0.009230416009694724,0.007215004389201481,0.006098057790665099,0.00791633534528222,0.0012464257084634344,0.2146035515479976,1.1085892435747593
2024-04-11,502.1343964769264,505.8345682969367,498.6289830541626,504.3934631347656,70099000.0,0.0075185287549161,0.0083598066877207,0.009562781107485489,-0.00993124211110488,0.0070287121849902014,0.007892598640680176,0.007097610479218586,0.006317682953708734,0.014285643588622244,0.0044989283221569705,-0.15188596151612532,0.9308494480920202
2024-04-12,500.85886371567153,502.2707879594682,495.70780962230026,497.4313354492188,92561100.0,-0.0138991164459771,0.0081842779487418,-0.014729001247156212,-0.023639181466093482,-0.004891503788600499,0.008792767588412758,0.008168472092131514,0.007066944662338559,0.013193737244641101,-0.006843301606015843,0.3204339576884121,1.2436670274279333
2024-04-15,501.5989207934361,501.7644387082916,490.3522904966187,491.199462890625,92101400.0,-0.0126072445069476,0.0070454818209028,-0.027895282731099112,-0.034505278880694885,-0.010608479013941699,0.009429216231875188,0.008776522411242613,0.0074548768310334175,0.023233226161352774,-0.020732616183386295,-0.004966449188698041,1.2505501624230868
2024-04-16,491.6765860412786,493.19560665785394,489.0182851042901,490.3036193847656,73484000.0,-0.0018254527587405,0.0088799423351411,-0.030876919783368113,-0.029952296774250785,-0.0183595579589418,0.008980374648525344,0.008725705167419351,0.007301481961160462,0.008519866850678275,-0.002792418218584248,-0.20214024976819023,1.0083119460623637
2024-04-17,492.7573849272521,492.9229325491744,486.00942494137024,487.40185546875,75910300.0,-0.0059358825553831,0.0087302651122175,-0.026749167512132212,-0.036986111727822985,-0.0298371459350699,0.008719514230198799,0.008642192265018087,0.0072176182288084135,0.014184409702657384,-0.01086849151797641,0.03301807196124318,1.0308858480751057
2024-04-18,488.7943295112607,490.88784877913054,485.4641507516637,486.39892578125,74548100.0,-0.0020598259139245,0.0091674043625136,-0.036327522180972814,-0.02676474107348728,-0.0411036808968598,0.00572276464561359,0.008101883097695342,0.006764079939213502,0.0111507195842494,-0.004900637313869452,-0.017944863872228156,1.008992989181032
2024-04-19,486.3211091060285,487.3143058583513,480.88766347352384,482.1535339355469,102212600.0,-0.0087665236755312,0.0090710531919588,-0.031194929410526914,-0.045923930657683076,-0.0531696082821923,0.004582021647357759,0.00683409277073358,0.0067993572083581795,0.013329037189399835,-0.008569595463669205,0.3710959769598421,1.3452302659502993
2024-04-22,484.7533503648902,489.18385210193054,482.416397763488,486.5937194824219,67961000.0,0.0091669248599031,0.0091582254225061,-0.009420760043676214,-0.03731604277477528,-0.042105010632621995,0.006818067304266224,0.007998023651049194,0.007296480860791686,0.013907812755250723,0.003796506235895784,-0.3351015432539628,0.9010288229522976
2024-04-23,488.5995792337359,492.7963646750655,486.4086807205422,492.367919921875,64633600.0,0.0117967184199858,0.0086692582727173,0.004201411135050089,-0.02667550864831798,-0.027541695090837495,0.009165072662328114,0.009319225486038989,0.007926494146139869,0.012973395901863099,0.0077125336334692655,-0.04896043318962351,0.8478530854630416
2024-04-24,493.2540334865075,494.0427545951939,489.914137461728,492.1342468261719,55928100.0,-0.0004747030691929,0.0086511870640728,0.009662590621240289,-0.017086576890891884,-0.026167718516292397,0.008453432860649347,0.008960056021631179,0.007928145664629774,0.008389209164149479,-0.0022702027440517207,-0.13469000643628082,0.7382731464513471
2024-04-25,486.0678327855915,491.02412816029823,484.4222223121161,490.2646179199219,69122400.0,-0.0038062567670701,0.0084259559082846,0.007916159768094688,-0.028411362412878085,-0.038342604523983,0.008692336146099516,0.008359806687720685,0.007606914180551852,0.013466005105961899,0.008634155258287975,0.23591539852060062,0.9208778010809148
2024-04-26,493.0495298783495,496.4868049205615,492.4166096033967,494.9093627929688,64306100.0,0.0094293584254176,0.0081524246305294,0.02611204186904349,-0.005082887541483384,-0.0287220690075769,0.006900236674367815,0.008184277948741795,0.008015031532822164,0.008224122684192283,0.0037721015880050985,-0.069677846834022,0.8753656738243596
2024-04-29,496.6913201679961,497.3339873298741,493.9259228058318,496.662109375,46415400.0,0.0035352941401766,0.008172806299054,0.020480411149316986,0.011059651105640816,-0.0234456277750541,0.006545936828765273,0.007045481820902775,0.008090942238234195,0.006861937844082769,-5.881075792949656e-05,-0.27821155380282736,0.6388124892649047
2024-04-30,495.20145909113546,496.1751917116098,488.7943115234375,488.7943115234375,77483600.0,-0.0159681643207716,0.0051469472036928,-0.007284471591440413,-0.0030830604563902853,-0.033035357230641105,0.009493334570307543,0.008879942335141148,0.008678526287436126,0.015100176115323662,-0.012938466658513639,0.6693511205332714,1.0640202703746535
2024-05-01,488.2101273744075,494.8412449760708,486.7397814235659,487.2071838378906,80242800.0,-0.0032523087148499,0.005007291720619,-0.010062077237097414,-0.0003994866158570846,-0.037385598343680104,0.009502754858937094,0.00873026511221755,0.008660479510033306,0.016628374583246168,-0.002054327594371464,0.0356101162052358,1.0861837951337172
2024-05-02,490.9073621306573,492.6016773299733,486.4281855177434,491.7642517089844,62550200.0,0.0093099770251768,0.0053775426562533,0.0030541565551494877,0.010970316323244215,-0.015794424750243098,0.010627570118341421,0.009167404362513547,0.008639971491509057,0.012553762886943806,0.001745521954708443,-0.22048831795500656,0.8668204904345175
2024-05-03,497.73321224009646,499.0866852455328,495.2015012680421,497.85980224609375,72756700.0,0.0123190773320014,0.004694820488124,0.005943875461733288,0.03205591733077681,-0.0138680133269063,0.011285250283330498,0.00907105319195882,0.008780787354422687,0.007803771182093281,0.000254333050084313,0.16317293949499767,1.0095140889519933
2024-05-06,500.2552260399176,503.0400875844757,499.81703439349593,503.0011596679688,47264700.0,0.0102739598041806,0.004075675305185,0.012682541125737287,0.033162952275054315,-0.004153090499721001,0.012014366425759952,0.009158225422506095,0.00911602901219168,0.0064076456465971595,0.005489065351277499,-0.3503732302317175,0.6563251349682573
2024-05-07,503.96501181752166,504.94849119357485,502.8841829600825,503.5560607910156,52561300.0,0.0011025725472584,0.0040436314550759,0.02975327799376729,0.022468806402326916,-0.004206702245991102,0.00668452048584716,0.008669258272717304,0.009115614738106995,0.004099460604743001,-0.0008114670997321266,0.11206249061138651,0.7378084934592705
2024-05-08,501.7255308629162,504.14036899052337,501.6086876910597,503.6048278808594,42047200.0,9.684071419049226e-05,0.0043556328037061,0.03310242742280768,0.02304035018571031,0.005953773294818391,0.005613833197301714,0.008651187064072826,0.008815773207232109,0.005027118802885303,0.0037456675061183446,-0.20003500674450592,0.6075352682898354
2024-05-09,503.7898075228845,506.545487586906,503.1374232827404,506.5065002441406,43643700.0,0.0057452683957576,0.0051373073935077,0.029537718793388477,0.03259187534853801,0.004180512935659891,0.005409521775339047,0.0084259559082846,0.008747985206496386,0.006728569727185964,0.005392512275335676,0.037969234574478206,0.6428901442646032
2024-05-10,508.10351940578255,508.9117342857,505.94186107705553,507.1590270996094,52233200.0,0.0012874600704076,0.0054241477505534,0.01850610153179468,0.024449976993528008,0.019367089452044593,0.004270532694962433,0.008152424630529419,0.008093562745757179,0.005855901305018387,-0.0018588580281391086,0.1968096197160185,0.7929701874835282
2024-05-13,508.8337334335511,508.940829761858,506.0878002167031,507.22705078125,36716400.0,0.0001341179324634,0.0054096817405686,0.00836625966007748,0.021048800785814805,0.03210845189145559,0.0023403970922640637,0.008172806299054057,0.007444147639806113,0.005624758263110342,-0.0031575788842838873,-0.29706776532933077,0.5818665198545762
2024-05-14,507.4218746415022,510.07045870728615,506.8863334989738,509.5543518066406,57535900.0,0.0045777884680771,0.0059409820620594,0.011841475580896179,0.04159475357466351,0.03851169311827319,0.0026270261983743193,0.005146947203692783,0.007426500648874547,0.006248843125415282,0.0042025723992388745,0.5670354392042793,0.9234753685838546
2024-05-15,512.0178797101214,516.1562436643347,511.3849296855296,515.8641357421875,59504900.0,0.0123069042579132,0.0046521064179615,0.02405153912461889,0.057153966547426605,0.056754479931569485,0.004780281968965722,0.005007291720619084,0.00752971129765888,0.009249167849089832,0.0075119564852767435,0.03422211175978829,0.9678206611720124
2024-05-16,515.9614174721102,517.5583531460086,514.6565896819933,514.8026733398438,50244800.0,-0.0020597593097421,0.005683220817243,0.01624651141911919,0.04578423021250771,0.0567545465357519,0.0056023290353288254,0.005377542656253352,0.007529709017601868,0.005636651894578854,-0.002245796086737515,-0.1556191170811143,0.8336863385568151
2024-05-17,514.9195824580145,515.6109540647997,513.4687302561026,515.5427856445312,59187600.0,0.0014366296770221,0.0056661027020297,0.016395681025733688,0.034901782557528405,0.06695769988830519,0.005589652701088718,0.004694820488124006,0.007031257491365995,0.004155278414028909,0.0012102922626128524,0.17798458745979673,1.0184218106309033
2024-05-20,515.6595992673854,517.5973177042522,515.2700824401487,516.13671875,37764200.0,0.001151390850654,0.0056651268558239,0.01741295394392429,0.02577921360400181,0.058942165879056097,0.005463654015290275,0.004075675305185033,0.006909505194344076,0.004508951174292865,0.000925260546477725,-0.3619575721941758,0.667127857015917
2024-05-21,515.3772058901883,517.5583573493641,515.1727006539206,517.4025268554688,33437000.0,0.0024494642922206,0.0068278752906551,0.01528462976806779,0.027126105348964008,0.049594911751290896,0.005439852949227099,0.004043631455075962,0.006588057260024668,0.004610833097283786,0.003929783743117256,-0.11458471250549462,0.6074229603590076
2024-05-22,516.7112486575287,517.4220544657823,513.741316563043,515.9127807617188,48390000.0,-0.0028834318333155,0.0067238088995704,9.429367683908745e-05,0.024145832801458017,0.04718618298716829,0.0023422473359295372,0.004355632803706059,0.006666460740292555,0.00713441891729219,-0.0015452883944068465,0.4471992104554834,0.8851223984896399
2024-05-23,518.9605990872589,519.0676954201629,510.93699174891134,512.1444702148438,57211200.0,-0.0073309680370467,0.0061444308702362,-0.005176915050465513,0.011069596368653718,0.04366147171719169,0.004064685186098612,0.005137307393507678,0.00688116562432359,0.015875800958742574,-0.01313419339426389,0.18229386236825795,1.0580002587154895
2024-05-24,513.9847589456947,516.3412347653415,513.0402667962413,515.5330200195312,41291100.0,0.0065946021338459,0.0059183780686388,-1.8942593641712267e-05,0.016376738432092017,0.04082671542562,0.005312051233910471,0.005424147750553423,0.006752034838048299,0.006403019478703998,0.0030122703969129535,-0.2782689403473446,0.7801947298295795
2024-05-28,516.3411878885217,516.5748741957514,513.2641596915468,515.8932495117188,36269600.0,0.0006985075278292,0.0059279406920647,-0.0004718259164665124,0.016941128027457817,0.037989928813272594,0.0052912501582212165,0.005409681740568621,0.006748794913087347,0.0064174410255186075,-0.0008675240079815303,-0.12161216339598602,0.6919460276146171
2024-05-29,511.871810616093,513.4589997088932,511.56995584928654,512.28076171875,45190300.0,-0.0070270258119967,0.005476724364977,-0.009948316020683813,0.005336313747384017,0.04693106732204749,0.005822784020567804,0.005940982062059383,0.005720741226123965,0.0036875166915672167,0.0007989326510572688,0.245955290380925,0.8895353620930142
2024-05-30,510.7422171925198,511.4043481960487,507.63600797436754,508.8823547363281,46377600.0,-0.0066559778237463,0.0043794438713743,-0.013720862011114613,-0.013626568334275484,0.043527398213151096,0.006199768223841384,0.004652106417961502,0.005942398002586526,0.007405130452270635,-0.0036414895686811624,0.026273337419755904,0.9443831746926421
2024-05-31,509.8367164200918,513.6439850215788,504.7440541264526,513.5173950195312,90785800.0,0.009067044546237,0.0040367157064662,0.002677150572169086,-0.002499764478296385,0.04328446573421129,0.007389785050816032,0.005683220817242989,0.005927278074432757,0.017331313372135528,0.007219328229798677,0.9575355343959153,1.7970034437396503
2024-06-03,515.1242033171059,515.4065644656448,508.8727952408666,513.9362182617188,46835700.0,0.000815264572476,0.0042531976642741,-0.003102186989200814,-0.0031211295828424846,0.031780652974685894,0.006616651071775008,0.005666102702029718,0.005427035759643873,0.012713190844726439,-0.002306210905519816,-0.4841076467905774,0.9514691939661889
2024-06-04,512.631323194632,515.2506664560023,511.17072418863216,514.5106201171875,34632700.0,0.0011170279177484,0.0041845437144314,-0.002683666599281614,-0.0031554925157480846,0.022623721088253692,0.006640113398223221,0.005665126855823864,0.005027314781244349,0.00792975326037161,0.003665981452018953,-0.2605491110413638,0.7127095028688283
2024-06-05,516.8281493311971,520.6451650598835,514.84169649016,520.6256713867188,47610400.0,0.0118151058103515,0.003540270934123,0.016158465023066587,0.006210149002382816,0.033336254351346795,0.007345122058469748,0.006827875290655077,0.005565927304674702,0.011147104126205839,0.007347746171403101,0.3747238881172996,0.9847955749313819
2024-06-06,520.9275073614583,521.3559521321091,518.6879340097541,520.6159057617188,30808500.0,-1.875765473567605e-05,0.0036584498629152,0.02279568519207721,0.00907482318096264,0.033220655982420626,0.005472479533533223,0.006723808899570435,0.0055677031818241384,0.0051247341712531026,-0.0005981669144673297,-0.35290398736410533,0.6447514446923448
2024-06-07,519.6421901069427,522.7873872843439,518.55161418802,519.9830322265625,43224500.0,-0.0012163641343128,0.003914704512728,0.012512276511527412,0.01518942708369654,0.02625902345235023,0.005283881477158377,0.0061444308702362106,0.005516302499369782,0.008145983299082579,0.0006559169484479686,0.4030056640212929,0.9049868966431245
2024-06-10,519.1748224338155,521.9110090941606,518.5808597177815,521.5896606445312,35686100.0,0.0030850073224678,0.0039464931500502,0.014782019261519213,0.01167983227231844,0.02805657070441043,0.005199519730844721,0.005918378068638822,0.00553049082442662,0.006384615393380222,0.004651300691731035,-0.17440109197330222,0.7603267610471157
2024-06-11,520.0414700499772,522.9042467845098,518.0745108271142,522.8458251953125,36383400.0,0.0024054432724837,0.0039509011171527,0.016070434616254514,0.01338676801697294,0.030327896044430726,0.005116841619407542,0.005927940692064732,0.005526386038100314,0.009237399869438521,0.005392560606879683,0.019539820826596443,0.7754584992102806
2024-06-12,527.4028194115604,529.8274041983666,526.1077383475028,527.139892578125,63251300.0,0.0081793328234006,0.0032804033583258,0.012434661629303612,0.028593126652370245,0.03392944039975423,0.0036318261433667376,0.005476724364977042,0.005687715136519448,0.0070563163654180725,-0.0004985313383965484,0.738465893786727,1.33994685022043
2024-06-13,528.8829798084458,529.0582445758802,525.4164935113477,528.2013549804688,44760900.0,0.002011601011022,0.0036455020675239,0.01446502029506129,0.03726070548713854,0.023634137152863027,0.0033868728519184993,0.004379443871374304,0.005113811723721543,0.006894626509746788,-0.0012888008387487986,-0.29233233150939186,0.9632808220261482
2024-06-14,526.6725890295746,528.551886156822,525.6696157422205,528.522705078125,40089900.0,0.0006082006073453,0.0036723943978723,0.016289585036719387,0.028801861548246842,0.02630209706995043,0.002896171758778625,0.004036715706466232,0.0050593126356860306,0.005453446724063578,0.00351283907134663,-0.1043544700843817,0.8722896452716191
2024-06-17,527.8410283318889,534.1216160104203,527.3833430672393,532.7291259765625,55839500.0,0.0079273228159539,0.0034206358541249,0.021131900530205486,0.035913919791724744,0.03279279020888223,0.0035579169609496813,0.004253197664274143,0.005271254947931446,0.012648591215711987,0.009260548881774586,0.39285705377164826,1.2194164546481223
2024-06-18,532.7875604635906,534.2092316077063,532.3688625324717,534.0826416015625,41376400.0,0.0025374979774265,0.0035863781809264,0.021263955235148287,0.03733438985140284,0.034178897335654726,0.003541472737703267,0.004184543714431427,0.005273609291459263,0.0034458507576953195,0.0024307645937623624,-0.2590119897205383,0.9000231550992499
2024-06-20,535.0077463215187,535.6698774866474,530.8596351285086,532.6318359375,70328200.0,-0.0027201403734049,0.0036460593470699,0.010364482038342789,0.022799143667646442,0.02900929267002923,0.003860455144361296,0.0035402709341230583,0.005361364371941739,0.009031083073868752,-0.004440889688708963,0.6997177134791814,1.4707734075772596
2024-06-21,531.8102827682807,533.0313753907063,530.4621917432297,531.917724609375,64338600.0,-0.0013416217745124,0.0034963990780163,0.007011259252808387,0.021476279547869716,0.03055110272883233,0.00415387807859749,0.003658449862915185,0.005306572685471512,0.00483003955050258,0.0002020303942508431,-0.08516640551016519,1.323442337315026
2024-06-24,531.7419157804823,534.3013212499749,530.0714395414016,530.1886596679688,45528700.0,-0.0032559195472098,0.0030187978935528,0.0031471390982532885,0.019436724134972716,0.03462615121866923,0.004666384329644473,0.003914704512728035,0.005018976913369751,0.007978068997594713,-0.00292107141908056,-0.2923579313196122,0.9479130535081279
2024-06-25,531.4097461795637,532.5917853363576,529.8956032092343,532.2303466796875,37936200.0,0.0038434732678634,0.0038298290192205,-0.0009367104498372121,0.020195190080368318,0.03187502235268673,0.0031951456221754266,0.003946493150050254,0.004915301726834284,0.0050658181066588525,0.0015441954273952637,-0.16676294293489602,0.7926044312362974
2024-06-26,531.1166742934914,533.6076912884868,530.4719636310322,532.8945922851562,38550600.0,0.0012472634285068,0.0053199130319255,-0.002226944998756912,0.019037010236391413,0.03242377825336433,0.002963790678765255,0.003950901117152744,0.004911571547362118,0.005884330039845181,0.0033475092719125526,0.01619561263384317,0.803526457025604
2024-06-27,532.7577451835803,534.3110010096894,532.0153114364416,533.734619140625,35041500.0,0.0015751059883659,0.0054851429245379,0.002068301363013888,0.012432783401356716,0.041025910053726924,0.0027547367693461586,0.0032804033583258415,0.004471299342347965,0.004301181693899057,0.0018336175604694947,-0.09102582060979592,0.7381925064238853
2024-06-28,534.5064730466929,537.554375472948,530.3938707314409,531.6344604492188,76144500.0,-0.0039425987708119,0.0050040594199936,-0.0005326756332856121,0.006478583619522816,0.043739289106661326,0.0033502708918422635,0.0036455020675239458,0.004227727253409267,0.013468849885044418,-0.005373204520992353,1.172980608706819,1.5553129877300125
2024-07-01,533.0117876323043,533.2560061424955,529.9737236752046,532.728515625,40297800.0,0.0020557940959815,0.0050602938651826,0.0047790380099056885,0.007926177108159016,0.03672803865640583,0.0029159666179547792,0.003672394397872289,0.0039056214467252165,0.006161266707189668,-0.000531455427210346,-0.4707720189902094,0.8678647874681236
2024-07-02,531.126400132376,536.3135986328125,531.0775683576217,536.3135986328125,40434800.0,0.0067071192045698,0.007363402704413,0.007642683946612088,0.006705973496774915,0.04261989328849963,0.003778568638059237,0.0034206358541249374,0.004044288802871611,0.009763001140636178,0.009766410592927837,0.0033996893130643357,0.8768590789301768
2024-07-03,536.0010100914286,539.068408833479,535.9619565950238,538.7069702148438,32789900.0,0.0044527064983749,0.0078014275013467,0.010848127016480188,0.008621182017723314,0.045955571869126126,0.003985191480315028,0.003586378180926406,0.00406897792802602,0.0057664972057374355,0.005048423552324217,-0.18906733803555353,0.7124973259539622
2024-07-05,539.0098526062544,542.213968717536,538.3748605783948,541.8134765625,41488400.0,0.005750034469207,0.0078108077584947,0.015023055497321289,0.017091356860335215,0.03989050052798163,0.004257548435414535,0.0036460593470699415,0.003509943356538291,0.007085663803525499,0.005201433596601858,0.26527985751710137,0.9075448673996065
2024-07-08,542.5949332840256,543.3861988920726,541.3738407022457,542.4386596679688,36110500.0,0.001153206258698,0.008584959619244,0.02011886052683119,0.019586184893545616,0.0410624644414153,0.0023705170239104903,0.0034963990780162587,0.0034842516382933477,0.0037098354882349692,-0.00028801156529609923,-0.12962418410929322,0.7853508752756764
2024-07-09,543.3958913589794,544.2945986626197,542.6730142045088,542.966064453125,27289700.0,0.0009718122925821,0.0085868807297724,0.01903487872343179,0.023813916733337517,0.0432506408683102,0.0026307756359106823,0.0030187978935527987,0.003409741926096046,0.002986530032487634,-0.0007910013908633523,-0.24427244153362593,0.6039769742589886
2024-07-10,544.1872136667199,548.6808102777995,543.894163387503,548.3389282226562,38701200.0,0.0098467563470123,0.0103313630678968,0.022174515865874288,0.029817199812486414,0.05001238989285471,0.0036667620302213598,0.0038298290192205543,0.0038169341517901973,0.008729358146815526,0.007629202692878775,0.4181614308695223,0.8536885037973623
2024-07-11,548.4561564855596,549.3255886798729,542.9759074999535,543.61083984375,53054200.0,-0.0086599550009583,0.0102023681963557,0.009061854366541089,0.019909981383021316,0.0389469916194127,0.006907734622655725,0.005319913031925488,0.004560920686567606,0.0116805639522283,-0.008834464860159163,0.3708670532179881,1.1491642197868464
2024-07-12,544.7342644743289,550.6345620898736,544.2653840243584,547.0396728515625,53084400.0,0.0062877049330387,0.0108062476610103,0.00959952483037279,0.02462258032769412,0.0370553637290508,0.006988075430945353,0.005485142924537957,0.0044429726258000575,0.011642991142332585,0.004232170670332793,0.0005692292033430135,1.1626197907786355
2024-07-15,549.0325043663784,551.7775178290722,546.6879829958002,548.5440673828125,40584300.0,0.0027462902588418,0.010703858391885,0.01119260883051659,0.03131146935734782,0.0377900529768706,0.006980692933588947,0.005004059419993628,0.00444738997811731,0.0092782606465054,-0.0008896321796640291,-0.2354759590388137,0.8929347587532933
2024-07-16,549.8531491181022,552.090169461466,549.1009369415549,551.797119140625,36475300.0,0.0059128228140013,0.0102374751308023,0.016133619351935788,0.03516849807536762,0.0430946751835266,0.007105165614501107,0.005060293865182623,0.004524463877072575,0.00541726735465117,0.0035354349168330757,-0.10124604834874573,0.8057325716618399
2024-07-17,545.8772131422685,547.5476892504238,543.7378565645935,544.0602416992188,57119000.0,-0.0141204617872271,0.0113640297674256,-0.007833598782303611,0.014340917083570718,0.02104689058034561,0.009275613522394059,0.007363402704412961,0.005601685176348776,0.0070025934516578115,-0.003328535061191851,0.5659638166101444,1.2599674723290901
2024-07-18,545.593898977862,546.580551242634,537.7007404833427,539.879150390625,56270400.0,-0.0077146602031409,0.0119600353963497,-0.0068883039844862114,0.002173550382054917,0.010794732399778205,0.00910291840453469,0.00780142750134667,0.0059187392564187735,0.016447774937903083,-0.010474363071037267,-0.01485670267336614,1.2211879706786757
2024-07-19,539.6446767543289,541.2663208584747,535.2389658144236,536.2940063476562,65509100.0,-0.0066627889450316,0.0130755960049542,-0.01983879786255651,-0.010239273032183683,0.006852083828151505,0.008171355202012141,0.007810807758494728,0.006096031348943468,0.011238900626727904,-0.006209030777112648,0.16418401148738937,1.4291609340003715
2024-07-22,540.2113152231016,542.4288382548532,538.2771238069361,541.8231811523438,43346700.0,0.0102571841830748,0.0145744910985291,-0.012327903938323514,-0.001135295107806883,0.018450889785738705,0.010162086861876392,0.008584959619244006,0.006467758215151479,0.007662489521189011,0.00298376928401898,-0.3383102500263322,0.9678225304803578
2024-07-23,541.7156406949248,543.8647752379528,540.4848296428585,540.9732666015625,34439600.0,-0.0015698513364921,0.0153892615705946,-0.01981057808881691,-0.003676958736881082,0.020136957996456404,0.009116998401366518,0.008586880729772421,0.006421249116926812,0.0062478976388748945,-0.0013704128837962897,-0.20548507729538812,0.7785880377058921
2024-07-24,536.1671163330532,536.4699449259502,527.7952979520205,528.7135620117188,74515300.0,-0.0229230483081558,0.0142026011325888,-0.02861316460974561,-0.036446763392049185,-0.006629563579562795,0.01197190988419689,0.010331363067896822,0.008310385130707741,0.016407082392445715,-0.013901550643968376,1.1636517265008886,1.6177047810837308
2024-07-25,528.8306910081631,534.7994361794972,525.0209183627663,525.9586791992188,61158300.0,-0.0052241615363358,0.0165690923717249,-0.026122665942940514,-0.033010969927426685,-0.013100988544405395,0.011920007229577466,0.010202368196355657,0.008371441043375292,0.018591798564135936,-0.005430872031025853,-0.17925177782280954,1.2959258886085139
2024-07-26,529.7393433023149,534.535769150024,528.9675745637637,531.849365234375,53763800.0,0.0111376481954826,0.0161314863760185,-0.008322228802426312,-0.028161026664982783,-0.003538446337288694,0.013880089849838188,0.010806247661010333,0.008769148944726465,0.010469495594502488,0.003983132381496488,-0.12090754648183488,1.1170802715875672
2024-07-29,533.3927971337158,534.3989464184045,530.1690650137424,532.1619262695312,39515800.0,0.000587514524785,0.0161303372731025,-0.017991898460716107,-0.030319802399039586,0.000991666958308205,0.012398317822526173,0.01070385839188505,0.008725158539614225,0.00794848559406291,-0.0023076255824954475,-0.2650110297263214,0.8535204711709129
2024-07-30,533.6271294303981,534.6821699039564,526.066135221137,529.4656372070312,46853600.0,-0.0050795494628998,0.0170860676197492,-0.02150159658712381,-0.041312174675940685,-0.006143676600573095,0.012354032537251763,0.010237475130802306,0.0087844866390665,0.0162730762439459,-0.00779850197610622,0.18569281148300165,1.0048983152142033
2024-07-31,536.2842643515584,540.6997538692295,534.9166765387299,538.0719604492188,65663400.0,0.0161240404452725,0.0161956739403319,0.01754549216630449,-0.011067672443441083,0.0032732446401296036,0.00969409470188106,0.011364029767425598,0.009410318157181477,0.01074777679489472,0.0033334860194377657,0.4014590127546229,1.3712257352754615
2024-08-01,539.7913062018092,542.0381046138815,526.9551667505608,530.452392578125,76428700.0,-0.0142620933353225,0.016428535270145,0.00850756036731779,-0.017615105575622687,-0.015441555193567796,0.012238366652608638,0.011960035396349692,0.009880128927607798,0.028434102804238515,-0.01730097079442907,0.163946734406077,1.5264801272095068
2024-08-02,523.3603616135271,524.571676102486,516.3756871144337,520.5762939453125,82789100.0,-0.0187937578652847,0.0147551124519109,-0.02142384569344951,-0.029746074495875786,-0.039985347528059496,0.013701715991881358,0.013075596004954197,0.010530269961280779,0.015744068801014695,-0.005319599787097447,0.08322004691954721,1.5880174827683173
2024-08-05,499.80782241877216,511.4717002411795,498.4694800108966,505.4150695800781,146267400.0,-0.0295564438538603,0.0089188408407217,-0.05156780407209481,-0.0695597025328109,-0.07069499764061779,0.017205630139245313,0.014574491098529156,0.012159360437170525,0.02572582618299407,0.011218806328740968,0.7667470717763569,2.5375378644522653
2024-08-06,507.2124748611044,517.4989864003181,505.8937188490462,510.0747680664063,84826300.0,0.0091773073801554,0.0093821194931214,-0.037310947229039604,-0.05881254381616338,-0.062489502553044494,0.019338965256030325,0.015389261570594604,0.012454277786116554,0.02275209102239116,0.005643183768470449,-0.42006010908787605,1.4016637448229499
2024-08-07,516.2485361223863,519.2964376315753,506.0695264870208,506.6654052734375,70698300.0,-0.0067064834476109,0.0082432618257273,-0.060141471121923015,-0.04259597895561849,-0.0790427423476677,0.014456802858273185,0.014202601132588814,0.012091643740402272,0.026105810672856434,-0.018563017962102205,-0.16655211885936316,1.1381262964206114
2024-08-08,511.7939934684511,519.0033278281719,509.7719169059722,518.378173828125,63276600.0,0.0228542056194912,0.0077104961380576,-0.02302517216710931,-0.014517611799791486,-0.04752858172721819,0.021049178147859192,0.016569092371724912,0.013425640167570732,0.017808255417135856,0.012864903542639501,-0.10497706451215938,1.010335902047078
2024-08-09,517.5576103421191,522.1489300560904,516.3365178449808,520.6640625,45619600.0,0.0043999989217965,0.0079270513697345,0.00016858461997189007,-0.021255261073477586,-0.0494162877384604,0.019649760082023262,0.016131486376018463,0.013368035423937016,0.01116345956969064,0.006002137918187378,-0.2790447021489777,0.7327739979565032
2024-08-12,521.8559471668351,523.3407552909962,518.6713279832952,520.9376831054688,42542100.0,0.0005253843187516,0.0081725528795468,0.030250412792583788,-0.021317391279510985,-0.051637193678550596,0.011046867540741686,0.01613033727310255,0.013331591793962965,0.008963504578638058,-0.001759612142683492,-0.06746003910599829,0.682268251939894
2024-08-13,524.122235093717,529.739260585726,523.8780165940644,529.5047607421875,52333100.0,0.0163117315783076,0.0071876048600759,0.037384836990735984,7.388976169641487e-05,-0.04123828491424429,0.01197366937955148,0.017086067619749176,0.013872154521550533,0.01106929422777255,0.010269599891155293,0.23014848820345013,0.8287528697015732
2024-08-14,530.2960214933445,532.3572709257232,527.6291745808618,531.1752319335938,42446900.0,0.0031498144285724,0.0077772047693608,0.047241134866919283,-0.012900336255003683,-0.023968008698444798,0.00963846054884399,0.016195673940331872,0.013617205013589876,0.008901198814655106,0.001657961599963279,-0.18890912252475012,0.6800948613358343
2024-08-15,536.7923373384469,540.5630571909627,536.1866801444643,540.27978515625,60846800.0,0.0169951555957451,0.0059277344806171,0.041382084843173184,0.018356912676063916,0.0007418071004412045,0.007777690237812659,0.016428535270145022,0.014107020023814927,0.008100205054373378,0.006496828615502808,0.433480419064761,0.9713415235219487
2024-08-16,538.6679083622046,542.1846909540823,538.5116347380534,541.4910888671875,44430700.0,0.0022394838801406,0.0065185462477311,0.03922156980151729,0.03939015442148922,0.009644079925613405,0.008100219764511373,0.014755112451910943,0.014024699821584505,0.006783225599728636,0.005241040836397108,-0.26979397437498764,0.721416903475111
2024-08-19,541.901367537868,546.6685180664062,541.0514918139045,546.6685180664062,39121800.0,0.0095160089312214,0.0090307733920255,0.04821219441398709,0.07846260720657092,0.008902904673760006,0.006991348362920765,0.00891884084072176,0.013998465749649589,0.010275013224411522,0.008797081561535396,-0.11948720141703817,0.6374030864400688
2024-08-20,546.2191462607274,547.8700657821756,544.4412283435015,545.779541015625,33732300.0,-0.0016274956774618,0.0090331717525852,0.030272967158217687,0.06765780414895371,0.008845260332790306,0.007308977232728435,0.009382119493121451,0.013998908390832277,0.006282458723706463,-0.0008048147856254995,-0.1377620661625999,0.5499099752948636
2024-08-21,546.8248322343893,549.1106842316043,541.9013486274712,547.6551513671875,41514600.0,0.0034306798645063,0.0088739054231981,0.030553832594151585,0.07779496746107092,0.03519898850545241,0.007282101294040648,0.008243261825727355,0.012879371918090467,0.013164005827637068,0.0015184371371823318,0.2307076600172535,0.6954864230159558
2024-08-22,549.5502187339081,550.155875826028,542.1454973391976,543.3568115234375,56121500.0,-0.0078795874463419,0.009946402010895,0.005679089552064587,0.047061174395237826,0.0325435625954463,0.006434778691568382,0.007710496138057676,0.012968537838944213,0.014742390850629615,-0.011269956774358826,0.351849710704186,0.9441766283162645
2024-08-23,546.5903394303513,550.0680084955276,544.4020915801096,549.1301879882812,50639400.0,0.0105693343958269,0.0100325377171875,0.014008940067750887,0.05323050986926822,0.03197524879579061,0.007738239141157324,0.007927051369734543,0.012947207519911599,0.010317984768192807,0.004646713223246829,-0.09768270627121511,0.8541918985753179
2024-08-26,550.1559715338451,550.8690705771505,546.1214765619129,547.8212280273438,35788600.0,-0.0023865424905803,0.0102887319516978,0.0021063886459491876,0.05031858305993632,0.029001191780425307,0.006946676270743203,0.008172552879546833,0.012976479230141032,0.008666319909385914,-0.004243784721616391,-0.29326571799823853,0.6055903984361992
2024-08-27,546.5512279111676,549.0618012606642,545.4083020191189,548.5733642578125,32693900.0,0.0013720176180151,0.0109819743154776,0.005105901941426088,0.035378869099643814,0.03545275886134021,0.006854419426626862,0.007187604860075959,0.012885488392769354,0.006660001158620394,0.0036998111858116975,-0.08647166974958509,0.559931994104032
2024-08-28,548.2315309438809,548.661357929549,542.204174863817,545.3887939453125,41066000.0,-0.0058221014030409,0.0112450899502976,-0.004146879326121113,0.026406953268030522,0.013506617013026807,0.007277264053493077,0.007777204769360794,0.012528527586309358,0.011839596151254052,-0.005185285482712215,0.25607529233282045,0.7184497119754244
2024-08-29,547.3522554939839,550.6443160255352,544.294635177053,545.4375610351562,38715200.0,8.941311264362222e-05,0.0113584275028864,0.003822121232864409,0.009501210784929041,0.027858123460992933,0.0061292736984603965,0.0059277344806170935,0.012028987876999617,0.01164144404802537,-0.00349810280237106,-0.057244435786295234,0.7004295547722589
2024-08-30,547.8017316610252,551.1524028130747,544.2556737558524,550.6444091796875,62700100.0,0.0095009086059135,0.0109396396989248,0.0027536954429510097,0.016762635510701944,0.05615278993219114,0.005705996264345559,0.006518546247731103,0.011162539157646879,0.012524832618379892,0.005189245222067539,0.6195215315948257,1.1553562932543884
2024-09-03,547.5086116923438,547.8407751289367,536.8021094517958,539.3126831054688,60600100.0,-0.020793725645796,0.0082073149941066,-0.01565348771226469,-0.013547099066315455,0.06491550814025544,0.011285247525587239,0.009030773392025496,0.009929208937651675,0.020468025364391736,-0.014969497121774117,-0.033492769549011925,1.2123488530068454
2024-09-04,537.4760847370844,541.608242662233,536.7532075195429,538.208740234375,47224900.0,-0.0020490418722639,0.0082624496776623,-0.01907454720254369,-0.013968645261117555,0.05368915888783614,0.011045157903131458,0.009033171752585254,0.009893498888874199,0.009020728910080251,0.0013631406458744495,-0.22071250707507084,0.9816918499655706
2024-09-05,538.1501466111926,540.9928237930679,534.4477558926965,536.8997192382812,44264300.0,-0.0024351434153945,0.0093368575244719,-0.01568758921489729,-0.019834468541018356,0.05796049892005254,0.010995029447982608,0.008873905423198072,0.009724774129674388,0.012190484863089861,-0.0023235659802109533,-0.0626915038464878,0.9461433601391931
2024-09-06,537.2221175565589,538.8437022454943,526.9649400293706,527.8636474609375,68493800.0,-0.0169733275867793,0.0063242553659921,-0.03275032991432021,-0.028928208681455753,0.018132965713782038,0.012312105974275256,0.009946402010895035,0.009498374625318112,0.022503467085224455,-0.01742011318928279,0.5473824278255841,1.455927580495904
2024-09-09,532.0544335310877,535.043665505135,530.1299607989381,533.773681640625,40445800.0,0.0111339250614472,0.0060277561649626,-0.03111731345878651,-0.028363618015835458,0.024866891853432736,0.012854067639700933,0.010032537717187491,0.009744876368887958,0.009205595695714991,0.0032313387525541716,-0.4094969179692176,0.8644833470286417
2024-09-10,535.6786451567546,536.4504138231891,530.8138314182086,536.0986938476562,36394600.0,0.0043463424617538,0.0060496376751019,-0.005977245351236712,-0.021630733063501356,0.028687849996434936,0.010415515266741929,0.010288731951697787,0.009767488596621203,0.010514075989489962,0.0007841430579686008,-0.10016367583284291,0.7830379149856106
2024-09-11,536.0108800293665,542.5168359009789,527.4730091477311,541.5985717773438,75248600.0,0.010206810117591,0.0059822325854191,0.006278606638618187,-0.012795940563925454,0.022582928535718336,0.011545275499121715,0.010981974315477615,0.009365191502579084,0.027776710532819604,0.010424586433154354,1.0675759590708513,1.5800398513412057
2024-09-12,542.1749203516514,546.4634120914028,539.9573969973035,546.1605834960938,51819600.0,0.0083879569192666,0.0057033716412027,0.017101706973279288,0.001414117758382045,0.027821071026412535,0.011693929485131725,0.011245089950297642,0.0094969932900512,0.011912275053708371,0.007351249559565165,-0.31135462985357865,1.0774844556800525
2024-09-13,546.7661412876428,550.0093699640063,546.5121445202687,549.012939453125,39310500.0,0.0052089688926125,0.005758856497187,0.039284003452671086,0.006533673538350923,0.016034884323279937,0.00299493512430161,0.01135842750288642,0.008819259774895415,0.006370023714233659,0.004109248901534005,-0.2413970775536669,0.8361033824109779
2024-09-16,548.7490724919011,550.0873848124489,546.9516581100409,549.8236694335938,36656100.0,0.0014756154300315,0.0057897273113148,0.029625693821255388,-0.0014916196375310783,0.015271015873170837,0.0034351833209549194,0.010939639698924853,0.00881435834869726,0.005703149712776786,0.0019582665293863166,-0.06752394398443162,0.7861462265309258
2024-09-17,552.0314851715059,553.477299266029,547.8211605278194,550.0484619140625,49321000.0,0.0004087611226647,0.006795145008149,0.02568811248216629,0.019710867130929618,0.006163768064614136,0.004243785248857846,0.008207314994106658,0.00857026254899145,0.010282982554895887,-0.003592228542593551,0.3455059321640872,1.04632093164801
2024-09-18,550.7028435611916,555.5383809459731,547.8601669493836,548.4169921875,59044900.0,-0.0029704546831043,0.0066419248402868,0.01251084768147099,0.01878945432008922,0.004820809058971636,0.004397585810390838,0.008262449677662332,0.008591461654018842,0.014000685802901609,-0.004150789124148725,0.19715536992356197,1.2198559288724344
2024-09-19,557.8049085738365,559.6316584337985,554.9426745171918,557.7755737304688,75315500.0,0.0169207516297586,0.0039427209365143,0.02104364239196299,0.03814534936524232,0.018310880824223937,0.007681899882078958,0.00933685752447193,0.00935102279024938,0.008406578088829265,-5.2589790654215745e-05,0.2755631731106327,1.5035068618068472
2024-09-20,556.4096197933483,557.8500005367814,553.7933228326182,556.8113403320312,77503100.0,-0.0017302080740723,0.0048591042116454,0.014104465425278188,0.05338846887794932,0.024460260196493534,0.00807289282547015,0.006324255365992085,0.009145449948041397,0.007285551515068289,0.0007219870476577668,0.02904581394268102,1.5148478469498048
2024-09-23,557.8793836152081,558.8494456443765,556.6642942041962,558.2026977539062,44116900.0,0.0024956782542853,0.0057206972774217,0.015124528249531987,0.04475022207078742,0.016386604054951938,0.008043231337125497,0.0060277561649626325,0.0088856851096519,0.00391461999193651,0.0005795412918882019,-0.43077244652149393,0.8678249297867119
2024-09-24,558.9964868304339,559.8587776289324,556.1744550910837,559.7999877929688,46805700.0,0.0028574012325729,0.0064549250783877,0.017573168359440186,0.04326128084160652,0.021630547778105136,0.007917685255725152,0.006049637675101929,0.008863448788194866,0.0065814980675049945,0.001437398948767563,0.0609471653720004,0.9108465696499681
2024-09-25,559.6431398003925,560.3780425284191,557.4579883539482,558.5652465820312,38428600.0,-0.0022081189126418,0.0066958397860344,0.01833550412990269,0.030846351811373716,0.018050411247448238,0.007767500470569832,0.005982232585419131,0.008893375072240054,0.005227776329335375,-0.0019260366860670063,-0.17897606488098672,0.7436771831895741
2024-09-26,562.817932214862,563.1413061737785,558.4281322177342,560.77978515625,48336000.0,0.0039568522676857,0.0066815953589293,0.005371604767829786,0.026415247159792814,0.027829364918174837,0.0028349785350467046,0.005703371641202742,0.008772196772755586,0.008404678771955195,-0.0036213257288929815,0.2578131912169581,0.9288727991373106
2024-09-27,561.8478858705382,562.6611352170194,558.9376397719122,559.9664916992188,42100900.0,-0.0014513429427987,0.0068306792359978,0.005650469899103386,0.019754935324381617,0.026288608862732515,0.002767962024439123,0.005758856497186961,0.008790978688113309,0.006649496890087422,-0.0033485828079683907,-0.1289949520026481,0.8064294614373101
2024-09-30,558.937595094156,562.8179029799776,556.6447321030395,562.2103881835938,63557400.0,0.0039991903509177,0.007124842467544,0.007153981995735786,0.022278510245267818,0.020786890607736714,0.0030232945161686457,0.005789727311314777,0.00860544774047636,0.010980179318426651,0.0058553819212794865,0.5096446869306832,1.2164231886615382
2024-10-01,561.8576982708267,562.5043864049716,554.6066335561335,557.1738891601562,72668800.0,-0.0089987560345483,0.0069299308232257,-0.004702175271385413,0.012870993088054818,0.032581860218984404,0.005366281499182839,0.006795145008149,0.00734182441722706,0.014174664323812059,-0.008336290710415441,0.14335702844987375,1.3749268014875262
2024-10-02,556.2823034605133,558.4282222492225,553.8914170466389,557.4091186523438,38097800.0,0.0004220941715981,0.0069449811962387,-0.0020719621871455127,0.01626354194275722,0.03505299626284641,0.005339797933133622,0.006641924840286757,0.007297325299494327,0.008139093981010282,0.002025617541346898,-0.47573373992690127,0.7271058875216748
2024-10-03,555.9391917508498,558.3300776437013,554.1068390984451,556.3899536132812,40846500.0,-0.0018300703401281,0.0068429762857266,-0.007858884794959314,-0.0024872800271294833,0.035658069338112816,0.004750064127599303,0.003942720936514243,0.007280283901008943,0.007590429190588099,0.0008108114504607388,0.0721485230118275,0.7821163584414197
2024-10-04,560.828843806913,561.8185225581165,556.6643942780399,561.4461669921875,42939100.0,0.009046492180058,0.0064802251817438,0.0026389503278973856,0.008289420227000816,0.061677889104950104,0.0067257836637995005,0.004859104211645391,0.005956686232277109,0.00918009344990014,0.001100733658925377,0.051230827610688756,0.8428046157768715
2024-10-07,559.7999074826037,560.446655391967,555.2239297880301,556.370361328125,49964700.0,-0.0090817060260141,0.0054035811269038,-0.010441946049034416,-0.003287964053298585,0.04146225801748881,0.007533499995975124,0.005720697277421706,0.006227804216499365,0.009387138436831307,-0.006126378566050824,0.1636177749417198,0.9716256952153395
2024-10-08,558.9376805045769,562.2300906410503,558.0656412646009,561.63232421875,37398700.0,0.0094132184353859,0.0049358531842234,0.007970028420899786,0.003267853149514416,0.04652913399112091,0.007806217662104327,0.006454925078387647,0.006425079466379752,0.00741490330394051,0.004821009225466012,-0.25149755727543643,0.7265548717586076
2024-10-09,561.6224751598685,566.0809331902332,561.0247685875196,565.5223999023438,37912200.0,0.0069024971379386,0.0056419326402485,0.014450431387240286,0.012378469200094815,0.04322482101146851,0.008095611730324555,0.006695839786034422,0.006251928244544794,0.008940697315591203,0.006944032539590108,0.013730423784783952,0.7642479317518425
2024-10-10,564.1799758679994,565.9535388259317,562.9257131010544,564.53271484375,44138100.0,-0.0017515699875317,0.0056312674874378,0.014528931739836687,0.006670046944877415,0.033085294104670204,0.008084237426612673,0.0066815953589292884,0.006130352132667849,0.005363419417978856,0.0006252242029822941,0.16421890578758291,0.8966943890701778
2024-10-11,564.4542980317323,568.6481717987969,564.3171018304082,567.9132690429688,42268000.0,0.0059703761399285,0.0052986969300175,0.011452815699707186,0.014091766027604615,0.033846701351986204,0.007602804146787424,0.00683067923599774,0.006155900195604904,0.00762628768242595,0.00612799127103472,-0.042369290930058146,0.8561301168702274
2024-10-14,569.520288010914,573.4888112745962,569.0401610478535,572.5579223632812,36217200.0,0.0081451930291419,0.00462319668661,0.028679714754863188,0.018237768705828813,0.04051627895109661,0.004381937314787328,0.007124842467544018,0.006321955403486328,0.007769781978355069,0.005333671892491127,-0.1431532128324028,0.7338985518567681
2024-10-15,572.8225499433973,573.1263074210011,566.8942852830332,568.109375,54203600.0,-0.0077999429410253,0.0038952545789404,0.011466553378451986,0.019436581799351815,0.032307574887406605,0.006841870458831939,0.006929930823225687,0.006688311799520361,0.01096975760691834,-0.008227984292627924,0.49662591254983823,1.0929646885958222
2024-10-16,568.1092586044506,571.0978512020905,567.305757742965,570.5784912109375,30725400.0,0.0043367812269977,0.003749839444924,0.008900837467511085,0.023351268854751413,0.0396148107975086,0.006497294781770825,0.00694498119623872,0.006623892790259067,0.0066460504865465606,0.004346404444371377,-0.4331483517699931,0.6377579772676749
2024-10-17,574.1159614831146,574.3217558411061,570.4414467039803,570.6276245117188,34393700.0,8.610767175996963e-05,0.0071747472639696,0.010738515126802755,0.025267446866639485,0.022780166839509976,0.006296439770491641,0.006842976285726583,0.005618852658307227,0.006800072359704152,-0.006076014612769864,0.11938982079972926,0.7455639490218317
2024-10-18,572.3128969974695,573.6063330690159,570.8528997080355,572.8224487304688,37416800.0,0.0038389553958553,0.0072115458617621,0.008607094382729556,0.020059910082436787,0.02834933030943758,0.00603985780246368,0.006480225181743846,0.005607162388097711,0.004806783266058842,0.0008903376731025118,0.0878969113529513,0.8479381183387286
2024-10-21,572.0973787445921,573.0772492638474,568.9127995570122,571.8818359375,36439000.0,-0.0016434165876186,0.0072078237420552,-0.0011815152340309437,0.027498199520832288,0.024210235467533675,0.0049196899492599325,0.005403581126903788,0.0056415516267807175,0.007282010802123634,-0.0003767589489137187,-0.02613264629791967,0.8330264264540242
2024-10-22,569.3537388044809,572.7343039714391,568.6972423190728,571.5780639648438,34183800.0,-0.0005313207395003,0.0085385037260542,0.006087106967494057,0.017553660345946086,0.020821513495460478,0.0026983888727941142,0.004935853184223438,0.005640373980587655,0.007063010123871097,0.00390675428782361,-0.06188973352726479,0.7929102497772362
2024-10-23,569.5593582450659,570.0003117934486,562.8570198066266,566.3551635742188,49314600.0,-0.0091796898808434,0.0112463618263416,-0.007429364140347042,0.0014714733271640867,0.013849942527258876,0.004768535647178881,0.005641932640248522,0.006052138365746485,0.012612742756226281,-0.005625743172265653,0.4426307198146491,1.129614946268123
2024-10-24,568.3051725972728,568.3835789691921,564.9638411001258,567.580078125,34979900.0,0.0021604673392081,0.0113781810196879,-0.005355004472898912,0.005383510653903887,0.012053557598781277,0.005022942593523575,0.005631267487437776,0.0060143546238243415,0.00602511962781241,-0.0012758892708277238,-0.29067862255802546,0.813707261346166
2024-10-25,569.8044663478088,572.6950960929863,566.4435179318251,567.3841552734375,47268200.0,-0.0003452493880304,0.0113310571495903,-0.009539209256784613,-0.0009321148740550128,0.013159651153549577,0.004296432814903267,0.005298696930017564,0.0059995401652685985,0.011018245932772662,-0.004247616888446651,0.35129603000580323,1.0929903859660888
2024-10-28,570.8528344834444,570.9802224021391,568.834304134212,569.1380615234375,30174700.0,0.0030864467344501,0.0113546297390307,-0.004809345934715911,-0.005990861168746813,0.012246907537081977,0.004853761842144702,0.0046231966866100305,0.005976212827330932,0.003770470493895822,-0.0030038792074293724,-0.36162790205677386,0.7257451980083478
2024-10-29,568.1778707648036,571.1762720247682,566.7864714367279,570.0592651367188,42899700.0,0.0016172857722106,0.011517755000298,-0.0026607394230050117,0.003426367544489087,0.02286294934384088,0.0049944815153912265,0.0038952545789404497,0.0055326252123645975,0.007700603878418675,0.0033112770995157633,0.4217109035052544,1.0701092329745117
2024-10-30,569.588797638648,571.5779630983764,567.6290569957021,568.3345947265625,41435800.0,-0.0030300088404782,0.0113807567297345,0.003488941617360188,-0.0039404225229868126,0.019410846331764577,0.0024328478080643074,0.0037498394449240104,0.005609617484014291,0.006948206460270469,-0.0022019444857150298,-0.03412378175138753,1.0293078159682343
2024-10-31,563.9741056373006,564.0427037299961,556.9974344033881,557.1934204101562,60182500.0,-0.0197978869804634,0.0089418837754519,-0.01846941270231131,-0.02382441717521018,0.0014430296914292803,0.009289434929052995,0.007174747263969652,0.007273710630883971,0.012644207681817088,-0.01202304353935191,0.45242761090651085,1.4599328987597515
2024-11-01,559.8195584319851,563.9643910438907,559.1336371976272,559.545166015625,45667500.0,0.0042118166428562,0.0104579363353871,-0.013912346671424713,-0.02345155592820928,-0.0033916458457725193,0.009903380365183697,0.0072115458617621276,0.00703622129757834,0.008633358198163082,-0.0004901443906830778,-0.24118306816765667,1.104167742102393
2024-11-04,559.6823835212687,560.9758196621659,556.4586313456186,558.3399658203125,38217000.0,-0.0021562155680064,0.0103318187454085,-0.01915500897388121,-0.02396435490859708,0.0035338446122351813,0.00939093561611975,0.007207823742055203,0.0067386646898569165,0.008090390430695083,-0.00239853484848009,-0.16314665790770244,0.9373385833646867
2024-11-05,559.251198693126,565.1304208425688,559.0356559214524,565.0912475585938,39478300.0,0.0120191836087507,0.0098635003060339,-0.008753111137341112,-0.011413850560346082,0.006139809785599981,0.011754396317736374,0.008538503726054239,0.00694858587366311,0.010785452698919095,0.010442621990109247,0.03300363712483967,0.9658110666947192
2024-11-06,577.3395892403747,580.0146160051545,573.6062858121453,579.1425170898438,68182000.0,0.0245613725800187,0.0060249193542747,0.018838270283155788,0.02232721190051602,0.023798685227680083,0.01651583108780073,0.011246361826341643,0.008725511946334336,0.011065204166343484,0.0031228204042636366,0.7270753806521557,1.6084723287415288
2024-11-07,581.1415036340469,584.6396478381987,581.0630972629532,583.6205444335938,47233200.0,0.007702428174841,0.0057257112045518,0.046338585438460186,0.027869172736148917,0.03325268339005279,0.009999812027548256,0.0113781810196879,0.008813410360445514,0.006128212259416884,0.004265812687692563,-0.30724824733800715,1.1102188332115577
2024-11-08,584.1693242787533,587.5695056932594,584.1693242787533,586.148681640625,46444900.0,0.0043224613657433,0.0056272710028572,0.04644923016134729,0.03253688348992262,0.031604768615867584,0.009985939349175296,0.011331057149590297,0.008778652636473809,0.00580088554492537,0.0033883281432409264,-0.016689531939398594,1.0863569690844292
2024-11-11,587.7360051791314,588.0887441353201,584.9825720146739,586.7071533203125,37586800.0,0.0009523279933443,0.0057460016975666,0.04955777372269799,0.030402764748816816,0.024411903580069984,0.009157581708878716,0.011354629739030743,0.008641816565226449,0.005294246206250667,-0.0017505339978369427,-0.19072277042258678,0.877757997934209
2024-11-12,586.6287817012992,587.2264882691159,582.4055428293386,584.8846435546875,43006100.0,-0.0031111710419115,0.0058792691651309,0.034427419072035795,0.025674307934694718,0.029100675479183782,0.010663125387615477,0.011517755000297985,0.008445595983815888,0.008242557729807226,-0.002973154746266417,0.14418093586046155,1.0176189933650004
2024-11-13,585.3451316888757,587.1676761411395,582.9836705187753,585.1687622070312,47388600.0,0.0004856507515451,0.0059929142121392,0.01035169724356219,0.029189967526718017,0.025249545003731184,0.004104927386503312,0.011380756729734485,0.008420299449854554,0.007150083689675722,-0.00030130853114901813,0.10190414848126195,1.0996398509281486
2024-11-14,585.2962448517161,585.7763718199695,580.7202664359244,581.4061279296875,38904100.0,-0.0064507600100165,0.0057450742378082,-0.00380149094129531,0.04253709449716492,0.018712677321954717,0.0041300084988177424,0.00894188377545189,0.008593452419909994,0.008696340030073831,-0.006646406766225113,-0.17904095077719118,0.8980596223353207
2024-11-15,577.8491633593196,578.3195418358689,572.1071369723535,573.9591064453125,75988800.0,-0.0128913773689524,0.002735271623188,-0.021015329675991012,0.025433900485356313,0.0019823445571470148,0.005707303860161412,0.010457936335387052,0.009095582581497202,0.010823776108354754,-0.006731959065913181,0.9532337208674664,1.6793559604652282
2024-11-18,574.4196493771738,577.6238450144261,573.5574183688442,576.3108520507812,37001700.0,0.004089038168664,0.0028149754767699,-0.01787861950067131,0.03167915422202672,0.007714799313429615,0.006528904639656223,0.010331818745408457,0.009128044756852772,0.007055960565572746,0.0032923711360815567,-0.513063767292022,0.8172311228836067
2024-11-19,572.9399780116551,579.142513878155,572.2736733921519,578.4174194335938,49412000.0,0.0036485981538091,0.003022795453764,-0.011118850304950712,0.02330856876708512,0.011894718206739015,0.007303124451904565,0.009863500306033923,0.009153758151710822,0.011875231027325114,0.009560236031962266,0.33539810333038744,1.0732798242855082
2024-11-20,578.4958236706298,578.8975441726233,572.8615695316089,578.6134033203125,50032600.0,0.0003387703849179,0.003265128257351,-0.011265730671577911,-0.0009140334280156831,0.021413178472500318,0.007289784713369812,0.00602491935427471,0.008861598234759622,0.010431791946708404,0.0002032506456774069,0.012559702096656578,1.085913120178703
2024-11-21,581.4550801704302,583.1404284379229,575.6248397212988,581.7196044921875,46750300.0,0.0053539950530813,0.0031332950505676,0.0005390243915198885,-0.0032624665497753835,0.024606706186373513,0.007499033788507154,0.00572571120455183,0.008910903720675638,0.012919607072869394,0.0004549350943495077,-0.06560322669619412,1.0018764436036118
2024-11-22,581.7098478799927,584.1497754660484,581.2101642027249,583.5226440429688,38226400.0,0.0030947058297176,0.0039085640046695,0.016525107590189887,-0.0044902220858010836,0.028046661404121515,0.0018556601274141602,0.005627271002857195,0.008912090082010929,0.005037698696585715,0.003116323661328188,-0.18232824174390327,0.8272205649563467
2024-11-25,587.4518855330788,588.7648782973704,583.2188384863542,585.501953125,42441400.0,0.003386260611079,0.0041009950573232,0.01582233003260489,-0.0020562894680663836,0.028346475280750415,0.0018074178028743917,0.005746001697566638,0.008915323526918735,0.009472282340674144,-0.00331930572715641,0.1102641106669735,0.9064029898352308
2024-11-26,586.7463470552605,589.2254477201681,586.0310608458545,588.5591430664062,45621300.0,0.0052079007832524,0.0044540141163279,0.017381632662048188,0.006262782357097517,0.03193709029179222,0.0020323627425529304,0.0058792691651309015,0.008955623760135582,0.005427469629765151,0.0030895735785042068,0.0749244841122112,0.9714914150991912
2024-11-27,588.3730114334577,588.755115442667,585.2570306878304,586.7758178710938,34000200.0,-0.0030345843918385,0.0047184077302533,0.014008277885291787,0.002742547213713917,0.03193251474043192,0.003420299375205569,0.00599291421213917,0.008955748234983284,0.0059615353058144385,-0.002714593516913167,-0.25472969862761474,0.7298014940880524
2024-11-29,587.5890586237147,591.2047827973582,587.3147260107087,590.4208984375,30177400.0,0.0061928344945832,0.0043417960054645,0.01484711732679369,0.015386141718313618,0.05792323621547851,0.003593004264964158,0.0057450742378082256,0.007446395040570776,0.0065886163530868656,0.004819422302413589,-0.11243463273745447,0.669299590157299
2024-12-02,590.8323780737772,592.1552388895445,590.3424429138348,591.4791259765625,31746000.0,0.0017907230729959,0.0045048083091144,0.01354313457007199,0.030068242160261913,0.055502142645618216,0.0036287836574523807,0.0027352716231880286,0.007443560075544645,0.003064851989014319,0.0010946385587292426,0.051979295764379874,0.7151295769695207
2024-12-03,591.2440480710218,591.9985076527607,590.2151960547985,591.7535400390625,26906600.0,0.0004638378829482,0.0047393824640853,0.01062071184194119,0.026443041874546117,0.05812219609657282,0.0037263944630363667,0.002814975476769859,0.0073749431160370065,0.0030136052888580806,0.0008617287052664227,-0.1524412524412524,0.613935402229271
2024-12-04,593.438872844782,595.6729460981672,592.7725681970518,595.427978515625,42787600.0,0.0061902079040604,0.0102797154975638,0.011603018962749189,0.028984651624797415,0.052293220391882514,0.003948873266509379,0.003022795453763998,0.007106128828480255,0.004871080980013692,0.003351829079392327,0.5902269331688137,0.9726245058749452
2024-12-05,595.4280516027892,596.2315525489399,594.0954421437544,594.4481811523438,28762200.0,-0.0016468900175443,0.0103164051139411,0.012990713337043389,0.026998991222335216,0.026084957794319515,0.003501864782064092,0.0032651282573510393,0.004928986706577447,0.003593434167877542,-0.0016456571836140483,-0.3277912292346381,0.6844735156854052
2024-12-06,595.212464951605,596.8096584526629,594.800936138575,595.5750122070312,31241500.0,0.0018937973608482,0.0113333057348508,0.00869167620330839,0.023538793530102117,0.020276326980326716,0.0028692410464491716,0.0031332950505675947,0.004697855821878593,0.003372744445144094,0.0006091056165224478,0.08619994298071765,0.7578965499046914
2024-12-09,595.457476264727,595.6240374954255,591.9201582931329,592.508056640625,34742700.0,-0.0051628753230612,0.0115805958859125,0.0017380778072512894,0.015281212377323317,0.010790990291522216,0.004209620925916271,0.003908564004669472,0.004823369343760341,0.006251187913448222,-0.004953199416696484,0.11206888273610427,0.8549688990473153
2024-12-10,593.184106485161,593.6054435570935,590.0093361336401,590.6658325195312,37234500.0,-0.0031140403395983,0.0121887573102779,-0.0018398004152952105,0.008780911426646016,0.006724621958579615,0.004480316528824272,0.004100995057323242,0.004890293877076404,0.006088226583403244,-0.0042453496951418345,0.0717215415036827,0.916685951756092
2024-12-11,593.5858198104879,596.1824400499527,593.311427437485,595.2319946289062,28677700.0,0.0077008062080742,0.0118944070496865,-0.00032920211128140923,0.011273816851467817,0.017536599208565318,0.005048068577690281,0.004454014116327932,0.00508295372228916,0.004823350623579268,0.00277327180582565,-0.22980837663994413,0.7187000810482034
2024-12-12,594.3698697768823,594.9381516110824,592.1651611328125,592.1651611328125,31543800.0,-0.0051656521170104,0.0122398598780009,-0.0038479642107475103,0.009142749126295917,0.011885296340009815,0.005544456907960382,0.004718407730253291,0.005259846203439139,0.004682799090992041,-0.003709321007300407,0.09994176659913445,0.8065417640630489
2024-12-13,594.1934038090473,594.9086900260288,590.6756429397628,592.0474853515625,35904700.0,-0.0001987409642797,0.0126483210521325,-0.00594050253587541,0.0027511736674330164,0.018137315385746616,0.005369368928969582,0.004341796005464538,0.004998398458460546,0.007149843874013505,-0.003611481453224574,0.138249037845789,0.9215792517294032
2024-12-16,593.8014244521054,595.54562235978,593.0273484159295,594.5755004882812,43695200.0,0.0042608629557176,0.0124347392030933,0.00348323574290339,0.005221313550154717,0.035289555710416615,0.005278529391200948,0.004504808309114356,0.0038446379054614876,0.0042354149166631844,0.0013035941045276248,0.216977164549488,1.170032419081496
2024-12-17,592.0278913761272,592.9881452170704,590.7540718346318,592.1258544921875,55773500.0,-0.0041285020283051,0.0124311442252948,0.0024687740541965908,0.0006289736389014176,0.02707201551344752,0.005477371383203714,0.0047393824640852966,0.004018318603758724,0.0037729705019460516,0.0001654704406453203,0.2764216664530659,1.45684032026012
2024-12-18,591.8220501813851,594.2031278558312,574.0962297805506,574.4783935546875,108248700.0,-0.0302567168857851,0.008825924924813,-0.03548874903966271,-0.035817951150944084,-0.006833299526146683,0.013467568423034797,0.010279715497563784,0.00808916576897391,0.03500026859298496,-0.029305526249625173,0.9408625960357517,2.6257567637092527
2024-12-19,579.456191269411,581.0631932062172,574.0570953688857,574.3020629882812,85919500.0,-0.0003069874087546,0.0089106435322354,-0.03063008433140691,-0.03447804854215439,-0.007479057319819183,0.013812690947475335,0.010316405113941097,0.008087595485541674,0.012199325562016033,-0.008894767816422152,-0.2062768421237391,1.9971961917300907
2024-12-20,571.9778279294948,585.7225012446567,571.132257605004,581.199951171875,125716700.0,0.0119393476409284,0.009041263916364,-0.018491995726198807,-0.02443249826207418,-0.0008937047319720823,0.016007184957107522,0.01133330573485084,0.008458612716267086,0.025103655996932324,0.016123218055083433,0.46319170851785674,2.6766241458615347
2024-12-23,580.9442707021165,585.2800160502417,577.7685966184363,584.6802978515625,57635800.0,0.005970350764072,0.0087958188100168,-0.01678250791784441,-0.013299272174940983,0.0019819402023823172,0.01623630409689883,0.011580595885912476,0.00853884581047044,0.012847054124119602,0.0064309561826485775,-0.5415422135643078,1.2022774847540147
2024-12-24,586.0272849416975,591.2184422848073,585.4471892507113,591.1790771484375,33160100.0,0.0110537800805022,0.0087842880548027,-0.0016002258090371119,0.0008685482451595145,0.009649459671805517,0.01743151010277655,0.012188757310277902,0.008860277890429808,0.009762275522222112,0.0087910449549333,-0.4246614083607758,0.6984781500326963
2024-12-26,589.4093887705021,592.3392110668057,588.0133066034633,591.2184448242188,41219100.0,6.658957764061234e-05,0.008863752543894,0.0287230806543886,-0.006765668385274073,0.004508148466193729,0.005819681421486513,0.01189440704968647,0.008790268538766766,0.007316930825168215,0.003069269150072908,0.2430330427230316,0.8722756002448435
2024-12-27,587.482441071987,587.7184519013749,580.8165903318666,584.9950561523438,64969300.0,-0.0105821719312242,0.0085854511607305,0.018447896131919002,-0.012182188199487872,-0.0030394390731919713,0.00927767464158078,0.012239859878000926,0.009094346189501484,0.011798153671423473,-0.004233973214764412,0.5761940459641284,1.331252729077008
2024-12-30,577.9947505411832,581.7799239969942,574.5732845002501,578.3191528320312,56578800.0,-0.0114775123610654,0.0099893814597659,-0.0049689638700747985,-0.023460959596273572,-0.020709785928840572,0.009957573862115992,0.012648321052132547,0.009301484766676757,0.012461353668563659,0.000561254735521955,-0.1291456118505202,1.1287946499824433
2024-12-31,579.9808236627084,580.698577374324,574.5832389413312,576.21533203125,57052700.0,-0.0036444526464101,0.0099194627232371,-0.0145837672805569,-0.031366275198401274,-0.02614496164824657,0.009174024777784092,0.012434739203093294,0.009293962146069682,0.010612939456913335,-0.006492441608118173,0.008375928793116882,1.1102223482339009
2025-01-02,579.4695486945864,581.180251846637,570.7291685588775,574.7994995117188,50204000.0,-0.0024601476798058,0.0102214215303229,-0.028097695040864897,-0.029697920849901974,-0.029068947211000572,0.005127337401827862,0.012431144225294798,0.009287631454011583,0.018182137069773893,-0.008059179629694395,-0.12004164570651343,0.955294904297828
2025-01-03,577.64092396713,582.6255346471705,576.5594027877501,581.9865112304688,37888500.0,0.0124259873956756,0.0099013379472415,-0.015738297222829913,0.012984783431558726,-0.022833167719385376,0.009590573201605734,0.008825924924812961,0.009655134599459924,0.010423148547884911,0.007522990638360723,-0.2453091387140467,0.7243284784771867
2025-01-06,586.2337670283534,589.6060270134918,583.608664526265,585.3390502929688,47679400.0,0.0057439816116715,0.0098954063033543,0.0005878563200657893,0.019035752451984828,-0.015442296090169571,0.009197785388326949,0.008910643532235429,0.009775469805761293,0.010245963402279568,-0.0015262115314852163,0.25841350277788777,0.8953153275293586
2025-01-07,587.3643786767495,587.6888410122485,576.903513754268,578.7223510742188,60393100.0,-0.0113684217571931,0.0087648011453052,0.0006969469239380896,-0.004272016946136674,-0.028704515208210872,0.00916346980484939,0.009041263916364043,0.010031573049519394,0.018636444986029795,-0.014713230689951062,0.26664974810924624,1.1038386719961601
2025-01-08,578.7911287868388,580.6394897953063,575.3500401020275,579.5678100585938,47304700.0,0.0014598399656557,0.0089863646743136,0.00580123953600389,-0.008782527744552975,-0.022081799919493973,0.008917568111081138,0.008795818810016827,0.010011334932585103,0.009126541539192892,0.00134190251564991,-0.21672012200069213,0.8548013832311859
2025-01-10,576.0185903209236,576.0874192959229,568.8119506064235,570.7192993164062,73105000.0,-0.0153851768118727,0.0087298405718313,-0.00712378959606301,-0.035221484636927876,-0.03435293639176837,0.011676093346858782,0.00878428805480268,0.010504861571920179,0.012747893225643223,-0.009199861069700777,0.5454066932038466,1.2795466898894634
2025-01-13,566.0788468496604,571.9581742427216,565.6658729466735,571.604248046875,47910100.0,0.0015493839894041,0.008862731490353,-0.01800039300233451,-0.03373869022516438,-0.040504358610438475,0.009201452295174231,0.008863752543894004,0.010302693693158478,0.011008142989749243,0.009760833191285156,-0.34463990151152457,0.8246835126555778
2025-01-14,574.5242054496483,575.1534475548353,568.6153544470202,572.3907470703125,48420600.0,0.001375004524862,0.0092350170669653,-0.02236937008914401,-0.021781513769078185,-0.033963701968566073,0.008250595373370329,0.008585451160730473,0.01030157020674899,0.011422429767216353,-0.003713435150510466,0.010655373292896453,0.8215378703141681
2025-01-15,580.3937160773642,583.9429389739179,579.2827311805529,582.802490234375,56900200.0,0.0180264647863344,0.0077403650594045,0.007025516454383488,0.007722463378321614,-0.015738496217951974,0.011813211701847947,0.009989381459765948,0.011207446302627778,0.007996204325569826,0.0041502416209650336,0.17512381093997176,0.94851451313788
2025-01-16,584.1690862304802,584.34604932179,580.9836305712422,581.6817016601562,43319700.0,-0.0019249534310644,0.0080054778427318,0.0036407230576633877,0.009441962593667315,-0.021924312604733973,0.011905910289125231,0.009919462723237094,0.011145997467782338,0.005780513192956324,-0.004257987334411136,-0.23867227180220807,0.722356479221477
2025-01-17,586.9122299431212,589.27179809953,585.5849165977943,587.5217895507812,58070600.0,0.0099899401669195,0.0078292771891152,0.02901584003645559,0.021892050440392614,-0.007805870409509372,0.008129655843409425,0.010221421530322926,0.011388298474039295,0.00627531023922478,0.0010385873330993234,0.34051251509128644,0.9664768960817565
2025-01-21,590.5596519481012,592.9094384516549,588.5933154613438,592.8995971679688,42532900.0,0.0091117373588674,0.007549252989321,0.036578193405918884,0.018577800403584414,0.031562583835143126,0.007838675454366584,0.009901337947241497,0.00913341201954818,0.007279686157533922,0.00396225040459282,-0.267565687284099,0.7488313182758018
2025-01-22,595.7213382459036,597.5893820777127,595.1707663809229,596.2326049804688,48196000.0,0.0056057964535397,0.0074309273637851,0.040808985334596586,0.018439615245452616,0.03747536769743743,0.007242786716985768,0.00989540630335425,0.009164822551421148,0.004056496871500296,0.0008582313604387879,0.1331463408326261,0.877681395789493
2025-01-23,595.6032899728609,599.48681640625,595.3280340779654,599.48681640625,41152100.0,0.0054431155036644,0.0072842490084576,0.02822563605192659,0.03525115250631011,0.030979135560173426,0.0046968942426075366,0.00876480114530524,0.008900620253600104,0.006937237341123337,0.0065203240122566055,-0.14615113287409742,0.8119245605694901
2025-01-24,599.54587252364,600.4995770008244,596.5865262707722,597.73681640625,34604700.0,-0.0029234325123488,0.0077642056606733,0.02722715697064219,0.030867880028305615,0.022085352283752628,0.005102890475353561,0.008986364674313558,0.008890261819640047,0.006546444225367404,-0.0030173773188951164,-0.15910245163673298,0.6986179740892349
2025-01-27,584.798310310645,589.5961762199101,584.6311885086425,589.2815551757812,70361100.0,-0.0142464589263081,0.0065937770036974,0.0029907578774145925,0.03200659791387021,-0.0032148867230576694,0.009404724092426927,0.008729840571831286,0.00919480760660427,0.008425493157997494,0.007666309539702279,1.0332816062557977,1.3690759835020752
2025-01-28,590.5105293609671,595.1805787054238,587.1972570477369,594.3449096679688,44433300.0,0.0085557150488187,0.0060257943777505,0.0024347355673658908,0.039012928973284816,0.005274238748120418,0.009281368196526429,0.008862731490352953,0.009399515587924605,0.013432136000200318,0.006493330967613912,-0.3684962287400282,0.8618814815734386
2025-01-29,593.5583671362218,593.9614997638901,589.1341095636221,591.6805419921875,37177400.0,-0.0044929426330256,0.0059303895197834,-0.007664003519199409,0.03314498181539721,0.011363468046319016,0.008982969435148496,0.00923501706696533,0.009124304162664182,0.008158778018986583,-0.0031636739502037157,-0.1632986971483099,0.7411135162105998
2025-01-30,593.7943006280343,596.389819126707,590.6087851839717,594.8560791015625,39281300.0,0.0053526282032582,0.0066069790582524,-0.007754490819605608,0.020471145232321016,0.028193608610642615,0.008965476091674139,0.00774036505940452,0.008722129699082716,0.009718374151049612,0.0017881250668879596,0.05659083206464133,0.7967911151805794
2025-01-31,597.2747575383468,599.6933732210748,590.9333098394596,591.6903686523438,66566900.0,-0.0053360202909493,0.0062666562299279,-0.01016707859820611,0.017060078372436116,0.026502040966103414,0.00912137913397059,0.00800547784273175,0.008781717043093879,0.014805147836980039,-0.009349782182355963,0.6946205955505547,1.3373539530222753
2025-02-03,582.6943625959686,590.1861005375324,580.5510628181718,587.7085571289062,65857200.0,-0.0067522982514604,0.005596295913155,-0.002672917923358409,0.0003178399540562154,0.02220989039444882,0.006976302178798701,0.007829277189115167,0.008930278720664604,0.016394244396287255,0.008605187993580048,-0.01066145486720882,1.3026136057505735
2025-02-04,587.767535135661,592.1622687341741,587.2268045597665,591.6510620117188,33457800.0,0.0066858649472238,0.0053798903245901,-0.0045427680249533085,-0.002108032457587383,0.01646976794599702,0.006392911078586843,0.007549252989320961,0.008634827303421317,0.008341849599029056,0.006607249709974924,-0.491964432134983,0.6646865809609604
2025-02-05,590.5302274178379,594.1974260072697,588.5049031019603,594.0499267578125,30653100.0,0.0040463287824169,0.0056264291426902,0.003996503390489191,-0.0036675001287101838,0.014772115116742417,0.006336332372561821,0.007430927363785131,0.008592150499934979,0.009582566462684124,0.0059602356942250545,-0.08382798629915889,0.6194436321875223
2025-02-06,595.7902226770135,596.2425017541303,592.4867911796968,596.1146850585938,35771500.0,0.0034697055377468,0.007955511568883,0.0021135807249777904,-0.005640910094627784,0.02961024241168232,0.006047429676161891,0.007284249008457574,0.008119327959594348,0.0063003154737991725,0.00054459165194482,0.16697821753754116,0.7413197009728351
2025-02-07,596.6751283374887,597.8942476414395,589.9502295859695,590.6581420898438,50788500.0,-0.0091956628840996,0.0075535908349425,-0.0017460618681725097,-0.011913140466378584,0.018954739561927017,0.007117872300972048,0.007764205660673331,0.008463076279490892,0.01344943460419047,-0.010084191483580026,0.41980347483331704,1.0487424630379119
2025-02-10,593.863227291288,595.30845601079,592.5949016719809,594.6693725585938,26048700.0,0.0067681644632177,0.0071861769290289,0.01177440084650559,0.009101482923147216,0.04110808083701741,0.00662860064883471,0.006593777003697395,0.007620693154319706,0.0045631311515740335,0.0013574594793193447,-0.4871142089252488,0.5653520436217456
2025-02-11,592.4080280097315,595.662312577201,592.2900526181724,595.12158203125,30056700.0,0.0007601494912811,0.0071766276066847,0.00584868539056289,0.0013059173656096166,0.04031884633889442,0.006174874539267743,0.006025794377750481,0.007625493262375855,0.005666505905429477,0.004580549035830902,0.15386564396687752,0.6652285734868898
2025-02-12,589.1144530437037,594.3743794070193,588.4360645213627,593.2044067382812,45076100.0,-0.0032266852269089,0.0084937696465641,-0.0014243286187629093,0.002572174771726316,0.035717156587123516,0.006184470571472465,0.005930389519783357,0.00771475130846548,0.01001057109185732,0.006942545159852134,0.49970222945300047,1.0013508743362534
2025-02-13,594.3055297285264,599.6736500230521,593.0471055616473,599.4671630859375,40921300.0,0.0105021601399026,0.0094693542561349,0.005608125983392891,0.007721706708370716,0.028192851940691717,0.007832029479592892,0.006606979058252391,0.007034562122665261,0.011054057452109118,0.008685151154102351,-0.0921730140806325,0.9254790281738574
2025-02-14,599.6736949390985,600.7060096863363,598.8183432907158,599.437744140625,26910400.0,-4.907636150473936e-05,0.0105266437797152,0.01475471250598775,0.013008650637815276,0.03006872901025138,0.005557761304481136,0.006266656229927862,0.007000182725004143,0.003149061623282872,-0.00039346531366103114,-0.34238648332286614,0.6201141675200503
2025-02-18,600.5978525430173,601.1975708007812,598.1399318067746,601.1975708007812,26749000.0,0.0029314945155036,0.0104322429328855,0.010918042558273649,0.022692443404779276,0.023010283358835478,0.005148787001071984,0.005596295913154994,0.006722218177307641,0.005085913753666615,0.000998535467991822,-0.005997681193887883,0.6394723379026436
2025-02-19,599.8113366176324,602.908280775238,599.3000698962699,602.6133422851562,31011100.0,0.0023521503613693,0.0114431264883152,0.012510043428361848,0.018358728818924776,0.01625069636133738,0.005087615053931981,0.00537989032459007,0.0064659203003128805,0.005987605361151756,0.004671478340713814,0.1593367976372948,0.7517166334858125
2025-02-20,601.2468333157376,601.3844913054286,596.8029525718144,600.1063842773438,36554000.0,-0.0041688210198279,0.0121368170599279,0.01156790763544285,0.010143579016679977,0.006476078887969779,0.005362830847445696,0.005626429142690211,0.006453949312385833,0.007634544230238926,-0.0018968067276205686,0.1787392256321123,0.8987596015992482
2025-02-21,599.8899309928074,600.0275889538111,589.3798596850504,589.8419799804688,76519800.0,-0.0172522761428196,0.0120099843846969,-0.01618652864727935,-0.010578402663886424,-0.016219312758514223,0.008317872906876357,0.007955511568883038,0.007428157571034309,0.01805183359297907,-0.01674965771755743,1.093335886633474,1.8030115225037138
2025-02-24,591.8869345556642,592.8799440315161,586.4499856464254,587.1578979492188,50737200.0,-0.0045608954331817,0.0140336696625032,-0.020698347718956314,-0.005943635212968525,-0.017856775679347126,0.008128096636264608,0.007553590834942494,0.007461615339558399,0.010950986791710993,-0.007989763467233122,-0.33694024291751934,1.1732061372657563
2025-02-25,587.0990297013516,587.8265647106925,579.6367551973434,584.2379760742188,58266500.0,-0.0049853819488389,0.0140381605326355,-0.028615224183298812,-0.017697181625025125,-0.008595698701877926,0.0071141110028252975,0.0071861769290288815,0.006851737111075166,0.014017934213007644,-0.00487320448917827,0.14839801959903198,1.366414574963727
2025-02-26,585.8994552001853,589.488043359785,581.8979531727184,584.5328369140625,43321600.0,0.0005045657246445,0.0143871907463596,-0.030462808820023612,-0.017952765391661726,-0.016646848026052125,0.006620686208035844,0.007176627606684709,0.006524740278230324,0.012984882469797836,-0.002332513324587251,-0.256492152437507,1.0172659966625421
2025-02-27,586.8039490929929,587.9542991571739,574.809344386224,575.2025756835938,74196700.0,-0.0160906745387938,0.0142065849168176,-0.042384662338989514,-0.030816754703546625,-0.028244579931820325,0.0077969434043438195,0.00849376964656412,0.007332565482552417,0.02285273975925419,-0.01977044194629407,0.7126952836460334,1.6696952805606644
2025-02-28,575.7040488167072,584.7098443771037,572.6365684069419,584.178955078125,88744100.0,0.0154850815274499,0.0150957823397945,-0.009647304668720014,-0.025833833315999324,-0.01811212660762862,0.011467277864097056,0.009469354256134946,0.008131117273056087,0.020667084743830083,0.014720942607294469,0.19606532365994722,1.8917783920456035
2025-03-03,586.1452445030724,587.2857532860544,570.1392964764723,573.9441528320312,74249200.0,-0.017675268948049,0.0149380727547639,-0.022761678183587316,-0.04346002590254359,-0.030451375264728325,0.013533315469709102,0.010526643779715168,0.00891529276796764,0.02987478263342485,-0.020815816191403345,-0.16333367514009378,1.5699322490288252
2025-03-04,569.9525786591505,575.5369680083471,562.6181207422406,567.1505126953125,109648200.0,-0.0119073738783822,0.0148717747288211,-0.029683670113130615,-0.058298894296429385,-0.03560645089165013,0.013936721048941593,0.010432242932885458,0.009145985096022189,0.022778516420114386,-0.004916314214122939,0.47675934555523836,2.2158280214392208
2025-03-05,566.9833166199888,575.035467216836,563.434093538414,573.24609375,71230500.0,0.0106903845075837,0.0148860999893092,-0.019497851330191412,-0.04996066015021498,-0.031601931331290224,0.01574126203415509,0.011443126488315252,0.009381875637423707,0.020238033551226383,0.011045787321126209,-0.3503723727338889,1.3865435559074069
2025-03-06,565.7937090893346,570.4047711019521,560.523941077153,563.0703735351562,80094900.0,-0.0179104897713015,0.0139148441030942,-0.021317666562699115,-0.06370232890168859,-0.053558749885008625,0.016110321367134518,0.012136817059927906,0.009955935032376732,0.017548126289727618,-0.004813301226981899,0.12444669067323688,1.4875141146405966
2025-03-07,561.2908538818324,567.6716070865215,556.1095373006934,566.226318359375,81158800.0,0.0055892363144733,0.0137249306334378,-0.031213511775675717,-0.04086081644439569,-0.05143921910828212,0.013468978700501897,0.012009984384696894,0.010035778711055782,0.02041952027120325,0.008793060573514467,0.013282993049495095,1.4463157386374723
2025-03-10,558.0365509948175,559.9536812738498,546.2385307775894,551.14453125,99326600.0,-0.026996772115598,0.011747273349754,-0.040535014943224715,-0.06329669312681199,-0.06924032833978053,0.01587689592929391,0.014033669662503185,0.011356598431807488,0.024884852735732255,-0.01235048086461546,0.22385496089148682,1.6966994282817174
2025-03-11,549.9843938775969,554.5266268117218,542.728606721458,546.5629272460938,88102100.0,-0.0083476350158884,0.0111000543004936,-0.036975276080730916,-0.06665894619386148,-0.08435612781888663,0.015743125754735476,0.014038160532635504,0.011140874314747123,0.021585840352746126,-0.006221024941054202,-0.11300598228470515,1.4292140613142552
2025-03-12,552.7076387923001,553.6318192815521,544.3703918307585,549.4631958007812,69588200.0,0.0052923470766831,0.012134129519679,-0.04237331351163152,-0.06187116484182288,-0.07982393023348464,0.014312960206016115,0.014387190746359557,0.011292518396353445,0.01685541001030302,-0.005870088929127523,-0.2101414154713679,1.0938047068770407
2025-03-13,549.0896174558009,549.6991769603108,540.4279077137791,542.1386108398438,74079400.0,-0.0134200856852153,0.0110400952939224,-0.037882909425545314,-0.05920057598824439,-0.09001733069179102,0.013700665583000133,0.014206584916817632,0.011484595325008316,0.01710128934032069,-0.01265914778750417,0.06453967770397862,1.1384486482964318
2025-03-14,546.7497351697265,554.3398260143258,542.2075022062043,553.3369750976562,62660300.0,0.0204454658618424,0.0114473994800073,-0.023026679878176214,-0.05424019165385188,-0.08007402496985122,0.018156182345581126,0.015095782339794547,0.012350810521045516,0.021925742095908862,0.012047998387936866,-0.15414676684746365,0.9471392706760223
2025-03-17,553.3172833424321,560.1208513978755,552.8846868765244,557.6039428710938,49008700.0,0.0076817564048549,0.0113680777984076,0.011651848642276686,-0.028883166300947987,-0.07234319220349159,0.013487623846992694,0.0149380727547639,0.012599562364615612,0.012977247764949906,0.0077471997671338605,-0.2178668151923946,0.7286201514383717
2025-03-18,555.2934322950165,555.5097605205915,549.6500559715837,551.5770874023438,66041400.0,-0.0108673239404609,0.0108715394338879,0.009132159717704185,-0.02784311636302669,-0.08614201065945608,0.01402278105935896,0.014871774728821145,0.012599895793713381,0.01062354597904732,-0.006692578511712554,0.3475444155833556,0.9539837547406563
2025-03-19,553.3566775077279,561.3399999727566,552.1768634471969,557.5842895507812,66556000.0,0.0108320772982472,0.0104709407102894,0.014671889939268285,-0.027701423572363187,-0.07766208372257818,0.01457313378201411,0.0148860999893092,0.012972934844524043,0.01643363469394377,0.00763994041256383,0.007792081936482287,0.9373528696397017
2025-03-20,553.848245552193,560.966374832501,553.1304918485869,555.9718627929688,62958200.0,-0.0028959974426863,0.0191195819843689,0.025195978181797286,-0.01268693124374799,-0.07638926014543658,0.01218481044040005,0.013914844103094208,0.012974581369873738,0.014094027968519657,0.0038342944260091657,-0.05405673417873669,0.8704971294619438
2025-03-21,551.5204692681951,557.0526205906217,550.2878120115934,556.1552124023438,83763000.0,0.0003297278074161,0.0257419587527911,0.005080240127370986,-0.01794643975080519,-0.05880725619520088,0.008628090219601307,0.013724930633437857,0.012606962247906927,0.012163526346911986,0.008403574105415132,0.33045417435695423,1.1523860387983587
2025-03-24,562.880651498493,567.1703352751009,562.2890000340255,566.1151733398438,58766800.0,0.0177501296787943,0.0240010119795592,0.015148613401310384,0.026800462043587107,-0.03649623108322488,0.011325846059507896,0.011747273349753996,0.013417105552322001,0.008622512645752837,0.00574637240192905,-0.29841576829865213,0.8040547252177715
2025-03-25,567.3181993393742,568.4127846067184,565.73055113845,567.4760131835938,38355700.0,0.0024009369755894,0.0233903498766201,0.028416874317360685,0.03754903403506491,-0.02910991215879658,0.008443300198844908,0.011100054300493606,0.013427182889659937,0.004726602369007427,0.00027817518352711714,-0.3473236589366785,0.5320343913626545
2025-03-26,567.2097618801449,568.3339598573967,559.3207546377017,560.7013549804688,51848300.0,-0.0120100612304118,0.0432098939642644,0.005574735788701685,0.02024662572797001,-0.04162453911385289,0.010809176177272527,0.012134129519679059,0.013621233013504513,0.01607487682994626,-0.011474426811877478,0.35177561614049546,0.7149630258227326
2025-03-27,559.3108687859911,562.9792883535321,557.101956447335,559.2122802734375,42164200.0,-0.0026592686037237,0.0451239075310191,0.005811464627664284,0.03100744280946161,-0.028193133178782782,0.01078771266815881,0.011040095293922445,0.013219346198995596,0.010510019385345366,-0.000176267828958228,-0.1867775799785143,0.5945550890806085
2025-03-28,557.6838014665011,558.4135249923543,547.3689030262066,547.95068359375,71662700.0,-0.0203438616539281,0.0455488729883241,-0.014862124833679918,-0.009781884706308891,-0.06402207636016079,0.014507248518581494,0.011447399480007347,0.013237024324896238,0.02015623357509336,-0.017452753418974384,0.6996100957684481,1.022829972270734
2025-03-31,542.201546342058,552.9305994826874,539.282592409213,551.62890625,95328200.0,0.0066902594588931,0.0456356524274118,-0.025921995053581115,-0.01077338165227069,-0.039656547953218685,0.010969504224617836,0.011368077798407624,0.012952973869299706,0.024741283349805323,0.01738718742420289,0.330234557168513,1.340439733841828
2025-04-01,549.7159501655996,555.1297722698289,545.998235889195,553.1870727539062,54609600.0,0.0028206824785567,0.045581105752107,-0.025502249550613816,0.00291462476674691,-0.024928491596279783,0.01104342408520721,0.010871539433887875,0.012776504775309708,0.016507139863509004,0.006314393073842998,-0.4271411817279672,0.7987926017308812
2025-04-02,547.3491617248258,559.5475341360295,547.1125011420022,556.6878051757812,76014500.0,0.0063083579976373,0.0457486802416352,-0.007183830322564717,-0.0016090945338629904,-0.02931051810622618,0.01121532583988011,0.01047094071028942,0.012597346487473194,0.022337534392550245,0.017061583544820326,0.3919622190970087,1.1080123455674404
2025-04-03,537.5470765410741,540.3673821784607,529.2537841796875,529.2537841796875,125986000.0,-0.0505365293222631,0.0431480192086741,-0.05506109104110412,-0.049249626413439794,-0.06193655765718779,0.024768830995352126,0.019119581984368895,0.016382714332229528,0.020998617923910848,-0.015428029884844801,0.6573943129271389,1.7769801478682297
2025-04-04,516.404523136506,518.5740121118964,498.0527349403516,498.2696838378906,217965100.0,-0.0603265958099656,0.0390239455751151,-0.09504382519714161,-0.10990595003082149,-0.1278523897816267,0.03346298110687557,0.025741958752791148,0.02062449620240166,0.04118508076486003,-0.035117506695079063,0.7300739764735764,2.8037973095958604
2025-04-07,482.40291724281104,515.9114550791749,475.115432610906,497.3821716308594,256611400.0,-0.0017827766547531,0.0397131316512604,-0.10351686131078783,-0.1294388563643689,-0.10263839432078178,0.03201960635963321,0.024001011979559193,0.02006169339496776,0.08202148125756771,0.03105133458492069,0.17730499056959115,2.99767451070044
2025-04-08,514.6196468974629,517.6963548854247,482.3733480760591,489.591796875,165816600.0,-0.0157867112954263,0.0391690242717476,-0.12212425508477082,-0.1476265046353846,-0.11007747060031968,0.029591240886067533,0.02339034987662014,0.02019298479216564,0.07214787305430313,-0.04863368542835604,-0.35382216066784256,1.8529227237047503
2025-04-09,486.593999250198,541.0084228515625,486.2093956781114,541.0084228515625,241867300.0,0.0998628714580108,0.02318557262866,-0.028569741624397307,-0.03575357194696198,-0.015506946218991971,0.0637475187215687,0.043209893964264376,0.031022733114020734,0.10129052498779013,0.11182715710677221,0.4586434651295468,2.4654381708562525
2025-04-10,524.7866027854379,526.0981670837639,502.25365007002944,517.3019409179688,162331200.0,-0.044808118748382,0.0171541352070873,-0.02284133105051621,-0.0779024220916203,-0.04689497928215868,0.06278477528215193,0.045123907531019095,0.03245687385499348,0.0460940026078804,-0.014262296003256266,-0.32884188974698114,1.5834755553682673
2025-04-11,515.7536950429114,528.9874872153164,512.8544826104954,526.5320434570312,97866300.0,0.017685461970366,0.0165784284766867,0.05517072672981539,-0.03987309846732619,-0.04965498317363509,0.05462776971298625,0.045548872988324114,0.03236059911417028,0.030640119258264112,0.020898247589332432,-0.3971195925367397,0.9385308574182799
2025-04-14,536.5017912856171,536.7286411738348,526.453165817952,531.6401977539062,68034000.0,0.0096547495336659,0.0164645262441137,0.06660825291823438,-0.03690860839255339,-0.04768199004482408,0.05419464627025584,0.04563565242741185,0.03239620363690619,0.0193278751292604,-0.009061653867102648,-0.30482709574184375,0.6465430913500843
2025-04-15,532.1824786951643,535.6930840370895,529.3621734315309,530.1510620117188,56892900.0,-0.0028049519240955,0.0163747306261228,0.07959001228956519,-0.04253424279520559,-0.039619618028458675,0.052743018730722166,0.045581105752107005,0.032335191940995385,0.011941710691921053,-0.0038171431130657636,-0.16375782696886854,0.5430271480644727
2025-04-16,524.3033791384568,530.4272422697393,513.0713913810127,518.3668823242188,83484800.0,-0.0224787300066177,0.0136923081550515,-0.04275158917506331,-0.0713213307994606,-0.07293042533332358,0.025305032315926842,0.045748680241635226,0.032497960165253394,0.033481789598339175,-0.011322636951134958,0.46740278663945767,0.79045344688142
2025-04-17,520.3194821276195,523.800475242003,516.6411916080497,519.1065063476562,79868100.0,0.0014258180630277,0.0138384544938612,0.0034823476363463925,-0.01935898341416979,-0.06860860982760958,0.015155514011464337,0.04314801920867407,0.032517576072469086,0.01379155057085459,-0.0023312134594755305,-0.0433216585534133,0.7502040519966615
2025-04-21,513.9293312369678,514.4618777265953,501.4055507612705,506.7503662109375,69368100.0,-0.0240905686572211,0.0098415710917641,-0.03829368299124071,0.016877043738574713,-0.09302890629224678,0.014962306561282024,0.03902394557511511,0.03282597438612811,0.025764810123274823,-0.013968778564849231,-0.13146675581364775,0.6560121896588199
2025-04-22,512.9235348557764,521.9564215250564,511.9867032226325,519.9348754882812,75948100.0,0.025685056289012,0.0093967170615536,-0.022263376235894607,0.0443448766823398,-0.08509397968202909,0.020347850289831323,0.039713131651260426,0.03315725840034842,0.01917493665540537,0.01366936815343491,0.0948562812013014,0.7124510048695063
2025-04-23,532.9319549297188,537.8625838932508,526.4728430251603,527.991455078125,90590700.0,0.0153765357244031,0.0087769077279286,-0.004081888587396006,0.07550812370216921,-0.07211838093321538,0.022251457045849434,0.03916902427174759,0.033420244011463915,0.021571828025900883,-0.009270413991679948,0.19279744983745473,0.8294871379897825
2025-04-24,529.2734571828396,539.8348871004667,528.0211182344198,539.1051635742188,64150400.0,0.0208305605386466,0.0068205979399032,0.039227401957868294,-0.0035241872171949927,-0.039277759164156975,0.020029371322585785,0.02318557262866005,0.03379031945823313,0.021913662981305464,0.018575853857683167,-0.2918655005425502,0.5840987194432459
2025-04-25,539.0657336001437,543.4046513367819,536.1467793425768,543.0003662109375,61119600.0,0.0071993338055285,0.0068094094730016,0.04500091770036909,0.04848326533671551,-0.02941915675490478,0.019730950347768426,0.017154135207087334,0.03385149422922638,0.01336623775201216,0.007298984827910246,-0.047245223724248,0.5517415449478216
2025-04-28,543.7399439376,545.8699492792146,537.4583271221219,543.2073974609375,47613800.0,0.000381200097129,0.0116098152588635,0.06947268645471918,0.03117900346347851,-0.00869409500384768,0.010207314876084145,0.016578428476686755,0.033559308968802305,0.015485102368653867,-0.0009794139323403503,-0.22097330479911514,0.43453820220038025
2025-04-29,541.294298062473,547.7435994540236,540.9393072120234,546.6292724609375,47775100.0,0.0062796313231481,0.0116119720280083,0.05006726148885529,0.02780388525296071,-0.009104723139592678,0.008068665610736447,0.01646452624411372,0.033554845845004955,0.012447727527227222,0.00985595898120615,0.00338767332160006,0.4456812065560851
2025-04-30,539.9729233205555,548.7987614609631,534.0068741379372,546.84619140625,93101500.0,0.0003967513772843,0.0115705462219472,0.03508747714173649,0.031005588554340508,-0.011528654240865079,0.008355431525172137,0.016374730626122783,0.033546767341093416,0.027049447459783167,0.012728912485884295,0.9487452668858882,0.853200745690936
2025-05-01,552.595342895286,556.2440206119321,550.1201573586014,550.7216796875,63186100.0,0.0070619858502034,0.0115644973146633,0.021318902453293292,0.06054630441116161,-0.010775026388298976,0.0035545543234483737,0.0136923081550515,0.03355532986056921,0.011119706158663648,-0.003390660511123809,-0.3213202794799225,0.5824738839656816
2025-05-02,556.8948640346016,560.4942476694231,554.5774922291787,558.896728515625,60717300.0,0.0147351498212309,0.0111210629596218,0.028854718468995694,0.07385563616936482,0.054496652755195024,0.005920595906276765,0.013838454493861254,0.03155090934122195,0.01058649145425976,0.003594690147652397,-0.03907188448092225,0.5770760597638636
2025-05-05,554.7648727126054,558.788283367358,553.9069479669498,555.6918334960938,38659200.0,-0.0057508285325308,0.0106030559846884,0.022722689839335893,0.09219537629405511,0.10907242003262983,0.00768757711695096,0.009841571091764102,0.02796724231290019,0.008784248941895709,0.0016709074944774333,-0.3632918459812936,0.40165350434609826
2025-05-06,550.1891335164119,555.5339182387945,549.232620427504,551.0470581054688,48264700.0,-0.0083936738755597,0.0099765480672494,0.008049384640628094,0.05811664612948341,0.10246152281182323,0.0094567564124709,0.009396717061553664,0.028096041241514113,0.011435135563475708,0.0015593266693103478,0.24846608310570306,0.5623107439476219
2025-05-07,552.3784371058738,555.9975022415719,548.3254139860352,553.3645629882812,55588000.0,0.0041968198090697,0.0123502935409825,0.011849453072413495,0.04693693021415001,0.12244505391631921,0.00948753739424977,0.008776907727928633,0.02766532581814131,0.013864437242070267,0.0017852360196646383,0.15173201118001356,0.6920699549908019
2025-05-08,557.3977102564539,562.3973750401349,553.9068467632651,557.22021484375,65130800.0,0.0069434903541998,0.0123384637632092,0.011730957576409894,0.033049860029703206,0.029525672812508216,0.009473023697198055,0.006820597939903208,0.016739026344052894,0.015237294072776252,-0.0003184358482963081,0.17167014463553287,0.9111173486684917
2025-05-09,558.6205786168767,559.6264462916283,554.9522191721212,556.5103149414062,37603400.0,-0.0012748146512998,0.0126812867971749,-0.004279006896120806,0.024575711572874907,0.07305897690959041,0.006467501780831727,0.006809409473001589,0.012761517532708423,0.008399174272267104,-0.003777633256360559,-0.4226479637897892,0.5763137020983509
2025-05-12,573.4026196086874,574.9114211824733,569.0340889310521,574.9015502929688,78993600.0,0.032513103328074,0.0097814207746511,0.03398492496448399,0.0567076148038199,0.08788661826729843,0.015524264325458252,0.011609815258863562,0.013991114491859939,0.010223197777821467,0.0026140980752831578,1.100703659775446,1.2284301676507605
2025-05-13,575.3156554869938,580.9070323903663,574.7536167184122,578.6981201171875,67947200.0,0.0065821508599533,0.0098348315503918,0.04896074969999699,0.0570101343406251,0.08481401959358582,0.013119128238300406,0.011611972028008283,0.013947112356646913,0.010633204874949382,0.005879319635983986,-0.13983917684470637,1.0567188236049765
2025-05-14,579.6546629482465,580.8084133986617,577.4161378946785,579.437744140625,66283500.0,0.0012772665916255,0.0099044784856326,0.046041196482552796,0.057890649554966304,0.08889623810930683,0.013490152555626566,0.011570546221947187,0.013868222691540564,0.005854426188639775,-0.0003742207584739977,-0.024485188499305366,1.0233720397037505
2025-05-15,577.4358426248243,582.770756919371,576.9822030720642,582.2678833007812,71268100.0,0.0048723957125051,0.0097855716555218,0.043970101840858096,0.055701059417268,0.11624736382842962,0.013608356156297902,0.011564497314663347,0.012337631621942251,0.00994139297962388,0.008368099655871968,0.07520121900623833,1.1108067451006185
2025-05-16,583.0469103495059,586.2518193704545,581.1042713102905,585.9559936523438,76052100.0,0.0063140681803876,0.0097365283772579,0.051558984672545494,0.0472799777764247,0.12113561394578952,0.012589677565215375,0.011121062959621786,0.012294502532958983,0.008784871416842487,0.004989449821617319,0.06712680708479679,1.1889073086703499
2025-05-19,579.9406348417033,587.27741416191,579.9406348417033,586.5969848632812,68168500.0,0.0010933259077134,0.0099137091942551,0.020139207252184894,0.054124132216668897,0.14631950851072403,0.002675894460095223,0.010603055984688395,0.010146305631006606,0.012507359412896877,0.011477640333643523,-0.10366051693510103,1.0666647263800817
2025-05-20,584.8614155899625,585.8080578995526,581.419785763877,584.6246948242188,60614500.0,-0.0033679224651636,0.0098376392219583,0.010189133927067993,0.059149883627065,0.11726652975654843,0.0037753701853920282,0.0099765480672494,0.00943264656963025,0.007506135431030747,-0.00040474676467574226,-0.1108136455987736,0.959980222169589
2025-05-21,580.2758530681597,584.3584282191854,573.7477052570061,574.7732543945312,95197700.0,-0.0169944712019049,0.0080160701027176,-0.008082603866462406,0.0379585926160904,0.08489552283024043,0.00937939649734452,0.01235029354098255,0.010438051001827526,0.018460711038749744,-0.0094827290236771,0.5705433518382566,1.5022102512388997
2025-05-22,574.5760959985981,578.4811762683786,573.3434386116112,575.0001831054688,70860400.0,0.0003947364002034,0.0084251447401723,-0.012560263178764108,0.031409838662094,0.06445969869179723,0.00880087419368765,0.012338463763209257,0.009703387043352316,0.008935193079451622,0.0007380869302151586,-0.2556500839831214,1.1122814819128528
2025-05-23,567.9887994120531,573.7379304924723,567.6140667399493,571.0753784179688,76029000.0,-0.0068491470584247,0.0077792708552767,-0.025723478417576405,0.0258355062549691,0.050411217827844024,0.0073497870475591415,0.012681286797174951,0.009906741946671587,0.010723389562841478,0.005434225127521257,0.07294059869828562,1.1796087752690052
2025-05-27,577.9387671986972,583.1060568711622,570.4047514802384,582.9483032226562,72588500.0,0.0205772965180066,0.0051109816022875,-0.006239507807283204,0.0138996994449017,0.07060731424872163,0.013809964028481727,0.009781420774651065,0.010676589996983931,0.021788047620532467,0.008667935615810278,-0.045252469452445765,1.1048232413708918
2025-05-28,583.3526850377893,584.5459191469531,578.8460820656009,579.5758056640625,68445500.0,-0.0058020422866105,0.0046780031496686,-0.008673627628730106,0.0015155062983379002,0.058525640638963025,0.013945618909922526,0.009834831550391821,0.010853180327278408,0.009834497964975498,-0.006474435569765446,-0.05707515653305961,1.0256315353657108
2025-05-29,584.8318350718904,584.9699071457442,577.9388245287198,581.8635864257812,69973300.0,0.003939566259242,0.0046790603716514,0.012260409832416795,0.0041778059659543995,0.062068455520920725,0.011063590188071284,0.009904478485632596,0.010838623878081972,0.012083730243740225,-0.005075388287890097,0.022321409004244286,1.0670147275245556
2025-05-30,580.7591899526665,582.928679235147,575.1481304892388,581.2128295898438,90601200.0,-0.0011190269098129,0.0063106497044169,0.010746646522400495,-0.0018136166563636003,0.053887442760904423,0.011154303691332199,0.009785571655521833,0.01083574007160562,0.013386746385827066,0.0007811148665839419,0.2947967296097225,1.3532802608540115
2025-06-02,579.605419698203,584.5656021144322,576.9428674958667,584.4867553710938,61630500.0,0.0056171151327854,0.0067095515647613,0.023212908713610595,-0.0025105697039657995,0.044769408072458924,0.009970523888531497,0.009736528377257877,0.010488733721818433,0.013041757659206059,0.008421825447098812,-0.31976066542165005,0.9199270661826404
2025-06-03,584.121791379625,588.7960181097066,583.6385391723649,587.8197631835938,63606200.0,0.0056862548154272,0.0072550181003636,0.008321867011031193,0.002082359203747999,0.05620649142041692,0.0050117581835753145,0.00991370919425512,0.010340963873278722,0.008773912107699683,0.006330823226496201,0.03205717948093878,0.9320636522768454
2025-06-04,588.6777258495218,589.6539808386906,587.2280895107962,587.6619873046875,57314200.0,-0.0002684446267042,0.007254195191155,0.013855464670937493,0.005181837042207399,0.06433172066927242,0.0032532738143624335,0.00983763922195837,0.010032639925985836,0.004128038532866101,-0.0017254577508746755,-0.09892117435092806,0.834330861385307
2025-06-05,589.3383724752952,590.6893600195378,582.8496477946317,584.8218994140625,92278700.0,-0.0048445756526155,0.0071007427805537,0.005071322759079993,0.0173317325914968,0.05529032520758722,0.004569901813277515,0.0080160701027176,0.010188635417347058,0.013405298660602222,-0.007663633104803452,0.6100495165247006,1.3083731317794034
2025-06-06,590.3540722792903,592.4940086999786,588.5790577947733,590.8274536132812,66588700.0,0.010216662684454,0.0070426390510964,0.016407012353346892,0.027153658875747395,0.05856349753784142,0.005873023870796787,0.008425144740172355,0.010285126002039131,0.00662621697970006,0.0008018600298008329,-0.278395772805642,0.9431527951521085
2025-06-09,591.3994087206146,592.9082102708385,590.1864930975049,591.3599853515625,53016400.0,0.0009009261251625,0.0077942907726646,0.011690823345723994,0.0349037320593346,0.06073923831430372,0.005782133338747459,0.007779270855276725,0.01024977649258134,0.004602470983415462,-6.666115736803504e-05,-0.2038228708474561,0.7428086490542838
2025-06-10,591.8924637491524,595.0973729509094,590.7781968461302,594.7128295898438,66247000.0,0.0056537054504689,0.0076558695284246,0.011658273980765695,0.0199801409917969,0.033879840436698616,0.005777437904057849,0.005110981602287487,0.007602054833909312,0.007262624732272932,0.004764997044947408,0.2495567409329944,0.9365445046310512
2025-06-11,595.8074157747775,596.6653405011278,590.9556931519085,593.0166625976562,73658200.0,-0.0028561522744014,0.0078048486436255,0.009070566333068495,0.022926031004005996,0.02444153730234392,0.006171076363964794,0.004678003149668624,0.007575546373363421,0.0096281398303528,-0.0046839853000020144,0.11187223572388194,1.037131072719083
2025-06-12,591.6853731206485,595.3734741210938,591.2021810906274,595.3734741210938,64129000.0,0.0039663988120715,0.0078383624739811,0.017881540797755495,0.0229528635568355,0.02713066952278992,0.0049268720985577615,0.0046790603716513664,0.007600401096349021,0.007006178830227754,0.0062332130689552205,-0.12937052493816026,0.9043285692820897
2025-06-13,590.1964131264232,593.4999111629836,587.2182933354198,588.7172241210938,89506000.0,-0.0112429227323053,0.0062853932390647,-0.0035780446190038055,0.0128289677343431,0.011015351077979518,0.006717678346350427,0.006310649704416913,0.008049045954373852,0.010670008571503409,-0.002506265664160485,0.39571800589436923,1.2461629108859722
2025-06-16,592.0699627819344,596.0637602908375,591.892407169678,594.3182983398438,79984100.0,0.0094690581358449,0.0060499942894355,0.004990087391678595,0.016680910737402597,0.014170341033436819,0.008169156776878975,0.006709551564761333,0.008197490788902254,0.007018718980740978,0.003797415338121933,-0.10638281232543068,1.1105527931234231
2025-06-17,591.8826784891205,593.401290785268,588.480531921813,589.2398681640625,82209400.0,-0.0085816844264165,0.0045584796672922,-0.009245302485206806,0.0024129714955588993,0.0044953306993069184,0.00860968180134393,0.0072550181003636196,0.008455013224329412,0.008351028383036755,-0.004465091514088946,0.027821779578691253,1.1304312851650953
2025-06-18,590.1371267775953,592.8785252065284,588.1944276516227,589.1510009765625,76605000.0,-0.0001508280316756,0.0044380235181344,-0.006539978242481006,0.002530588090587499,0.007712425132794918,0.008615574366928645,0.007254195191154963,0.008413566413350284,0.007950589148013644,-0.0016710112892193167,-0.06817225280807304,1.0419124782637377
2025-06-20,591.8224395288368,592.8906208578056,586.3629131433069,587.7673950195312,94051400.0,-0.0023512362440002,0.0055267338383016,-0.012857613298552706,0.0050239274992028,0.022355660090699614,0.008096281525527792,0.007100742780553665,0.007397280633537577,0.011105937093162273,-0.006851792427022226,0.2277449252659749,1.2802007346650264
2025-06-23,588.5190130228361,593.9587392448562,585.4035696790836,593.5730590820312,87426000.0,0.0098290222476436,0.0053544485358254,0.008214331681396195,0.0046362870623924,0.031789945938139816,0.007936845404427427,0.0070426390510964386,0.0076453909746191494,0.014413001794595141,0.008587736245318221,-0.0704444590936445,1.1767506346203815
2025-06-24,597.7072083922786,601.1885919192599,596.7972471416377,600.13037109375,67735300.0,0.0109866115896628,0.0047574869321571,0.009731885135214094,0.0147219725268927,0.049625704586227316,0.008330212534422865,0.0077942907726646065,0.007649483587966037,0.007317318018114737,0.004054096499838486,-0.22522704916157665,0.9168319916707871
2025-06-25,601.247995602986,601.940336500435,598.903972841808,600.4666748046875,62114800.0,0.0005602274649639,0.0046920930463853,0.018873797026594495,0.0096284945413877,0.029608635533184616,0.006163119857452613,0.007655869528424617,0.006357623148168099,0.0050566730611896855,-0.0012994983833831712,-0.08297741354950816,0.8467577552742926
2025-06-26,602.3161684365299,605.5997923429508,601.7029677445283,605.1646118164062,78548400.0,0.0077933624348475,0.004780210816423,0.026817987493117593,0.020278009250636598,0.04320404025464261,0.005917201337183724,0.007804848643625544,0.006264120820086654,0.006439280358324453,0.004729149787345476,0.26456818664794857,1.063459714093423
2025-06-27,606.1635425121184,609.6350865938839,604.1360202356653,608.1712646484375,86258400.0,0.0049560209081461,0.0046594884089986,0.0341252446452639,0.0212676313467112,0.044220494903546716,0.004183937865287223,0.007838362473981125,0.006283410867622402,0.009041970046706127,0.0033121789674095494,0.0981560413706708,1.1551106257217483
2025-06-30,610.6141591814244,612.4339608811991,608.2997765977428,611.0789794921875,92502500.0,0.0047696859118807,0.0048500697884904,0.029065908309500996,0.0372802399908972,0.050109207725240315,0.0038762942627016714,0.006285393239064654,0.0062570694607738415,0.006765384544714422,0.0007612340850173599,0.07238831232668352,1.2371521874065057
2025-07-01,609.6053849111585,612.0483479268365,608.7746241554748,610.8812866210938,70030100.0,-0.00032356677758,0.0049027972793785,0.017755729942258196,0.0274876150774723,0.04416852581487492,0.00336949202760737,0.006049994289435516,0.0062425697342656135,0.005359017935332914,0.0020929961275214593,-0.24293829896489283,0.9313691133014295
2025-07-02,610.4757907292374,613.6901746824169,609.8526899336259,613.650634765625,66510400.0,0.0045231207412116,0.0050498872252522,0.021718623218505897,0.0405924202451004,0.043005391740659316,0.0029271207174676604,0.00455847966729216,0.006213816252447388,0.006253533413611894,0.005200605961122822,-0.05025981685018299,0.8828536802604874
2025-07-03,615.6287169448548,619.4167617045248,615.6089168033244,618.487060546875,51065800.0,0.0078505034605529,0.0044959660603742,0.021775764244211297,0.0485937517373289,0.05112433982791642,0.0029440187898247577,0.004438023518134397,0.006311915873244149,0.006156709079464706,0.004642966650752038,-0.2322133079939378,0.6806660545899886
2025-07-07,616.5286134886126,617.1913144548079,611.0987877910964,613.8779907226562,74814500.0,-0.0074800746902413,0.0035600983235585,0.009339668645823895,0.0434649132910878,0.048488840790290616,0.005988515264030569,0.005526733838301606,0.006499285321146341,0.009924654012337854,-0.004299269665616698,0.4650607647388272,1.0089606119050192
2025-07-08,614.5406899285775,615.2923708557059,612.7307881009865,613.5418090820312,59024600.0,-0.0005477859312437,0.0035269088910455,0.004022196802699496,0.0330881051122005,0.03772439217459292,0.0058139851792340215,0.0053544485358253836,0.006261390684850984,0.004175074488488448,-0.0016254104291489244,-0.21105400691042508,0.8000963510953668
2025-07-09,615.945166968477,617.8737488887257,614.1055045789822,617.2210083007812,66113300.0,0.0059787476942339,0.0039517806677876,0.010324511274513396,0.0280802412167716,0.042802213743664316,0.0061799459949417,0.004757486932157131,0.006321991783682158,0.006105178305770175,0.0020713553749980938,0.12009738312500207,0.8883007189220107
2025-07-10,617.3594891460615,620.0002120765442,616.1825277796053,618.9617309570312,57529000.0,0.0028162888082995,0.0039458659976944,0.008617679341601295,0.0303363025601072,0.03996479710149492,0.006056112998003271,0.004692093046385317,0.0062706221641152474,0.006167884226115434,0.0025953141389079433,-0.12984225564296448,0.7775154779357057
2025-07-11,615.9155275578457,618.0122901417473,614.7188263007702,616.785888671875,63670200.0,-0.0035215030951999,0.0036269409140022,-0.002754327214151504,0.0190214370300598,0.03929944628069642,0.005263369021123608,0.0047802108164230524,0.006299430420707742,0.005339719830602662,0.0014131176680677567,0.10674963931234682,0.8663624769207721
2025-07-14,616.3308265898004,618.3089087938923,614.9857451789246,617.9627685546875,51898500.0,0.001906266886477,0.0037056005370243,0.006632014362566796,0.0159716830083907,0.037239314355101916,0.003578235971133337,0.004659488408998597,0.0062817998594270775,0.00537761137736508,0.0026478344007499397,-0.18488555085424574,0.7121100698773056
2025-07-15,620.6430672331502,620.9793073894895,615.2428812967698,615.322021484375,74317300.0,-0.0042824676465291,0.0034259993035647,0.002897332647281395,0.0069195294499809,0.04419976944087812,0.004369564222688797,0.004850069788490361,0.00568170074303002,0.009322640653882873,-0.008573439436770977,0.43197394915074616,1.0304608470967667
2025-07-16,616.9044910111767,617.8836320494379,611.276844692317,617.3792114257812,88987500.0,0.003337697401901,0.0035459280615335,0.0002562823549484951,0.0105807936294619,0.03806840870693422,0.0036548918282510814,0.004902797279378541,0.005429212888370343,0.01070134406026258,0.0007695201145747135,0.1973995287772834,1.2262193708693683
2025-07-17,617.557284919235,621.5134493059918,617.3396644874989,621.1573486328125,68885700.0,0.0061009889381351,0.0035344155531333,0.003540982484784095,0.012158661826385399,0.052751082071485815,0.004478530596466384,0.005049887225252206,0.0049041003878849375,0.006719368011470083,0.005829521894553135,-0.22589464812473659,0.958017401847327
2025-07-18,622.4035753929759,622.5716954836944,619.5947323692288,620.7024536132812,65621600.0,-0.0007326028897206,0.0065006148620232,0.006329882690263395,0.0035755554761119,0.05216930721344081,0.003964180135143871,0.00449596606037417,0.004923198424444545,0.00479611945648969,-0.0027331491124879376,-0.047384290208272506,0.9196462237229446
2025-07-21,621.87939453125,624.6189973413707,621.4541141003111,621.87939453125,63375000.0,0.0018943480812726,0.0082439111896037,0.006317963885058996,0.0129499782476258,0.05641489153871362,0.003963702411569797,0.0035600983235585166,0.004787757666397485,0.005089223519690871,0.0,-0.03423567849610498,0.9076724207011184
2025-07-22,622.2058050575365,622.828905853138,619.3277216791315,621.9684448242188,60046300.0,0.0001431851876144,0.0084243365784847,0.010743616719202495,0.0136409493664839,0.04672905447868442,0.0027121482985392447,0.0035269088910454883,0.004524159953235505,0.00562919904239844,-0.0003814818688421101,-0.05252386587771207,0.8771971087671648
2025-07-23,624.6288825447934,627.259765625,622.8288205336723,627.259765625,70511000.0,0.0084713944186924,0.0083325149058432,0.015877313735993895,0.0161335960909424,0.04421383730771402,0.003959625448545071,0.0039517806677875885,0.004300479702077434,0.007063971474262622,0.004211913911966587,0.17427718277395954,1.0279883387449813
2025-07-24,627.6454884244192,629.1785504969665,627.0421878119985,627.4674682617188,71307100.0,0.0003310721772932,0.0083320360911721,0.010107396975151995,0.013648379459936098,0.043984682020043325,0.0037278680604994345,0.00394586599769442,0.004305410913325917,0.0034047385610069024,-0.00028363170927486763,0.011290436953099503,1.0326750456113074
2025-07-25,628.1301809903662,630.5928838363332,627.8829206987424,630.1181030273438,56865400.0,0.0042154406845522,0.0086186969456635,0.015055440549424795,0.021385323239688198,0.040406760269748015,0.0034612090001951614,0.0036269409140022254,0.004131556610493828,0.004300722554344966,0.00316482489958251,-0.20252821949006483,0.8366654793206851
2025-07-28,630.4939604147171,631.0478210681617,628.5752180855901,629.9598999023438,54917100.0,-0.0002511005278458,0.0086418680859051,0.012909991940306394,0.0192279558253654,0.03519963883375612,0.00375479851130153,0.003705600537024255,0.004100776138316885,0.0039250164700244125,-0.0008470509567166313,-0.03426160723392435,0.8270691808668555
2025-07-29,631.3544434316219,631.670943868378,627.388438817005,628.29833984375,60556300.0,-0.0026410493043626,0.0092137552881343,0.010125757448329395,0.020869374167531898,0.02778890361751282,0.0043639452468863015,0.003425999303564682,0.004149037567623349,0.006816037509247686,-0.00484055132527614,0.10268568442252057,0.9344771295663961
2025-07-30,628.9509803708415,630.6917023127537,624.6189756546709,627.5070190429688,80418900.0,-0.0012602604375215,0.009195792761488,0.00039410259211549456,0.016271416328109398,0.02685220995757132,0.0025726899761957314,0.0035459280615334735,0.004174599899878035,0.00967754379440178,-0.0022958249099498938,0.32800220621140985,1.2311193319532423
2025-07-31,632.4522656090571,632.8379457731452,623.8574957354674,625.1531372070312,103385200.0,-0.0037582174139573,0.0090240770620686,-0.0036951869991350057,0.0064122099760169984,0.018570871802402418,0.003073666628693373,0.0035344155531332757,0.004252504983464248,0.01436520030563923,-0.01154099494765308,0.28558336410968077,1.5392601396713774
2025-08-01,619.436379958757,619.475980234049,612.5031927364548,614.9065551757812,140103600.0,-0.0165263257968355,0.0065658471943408,-0.024436953480522702,-0.0093815129310979,-0.00580595745498598,0.006641482377177058,0.006500614862023226,0.005480297824643162,0.011339588818663437,-0.007312816827576979,0.355161086886711,1.9562786448350091
2025-08-04,618.8133862322555,624.3025527793549,618.7244063300172,624.2531127929688,73218000.0,0.0150856021415103,0.0051870100958405,-0.009100250811166603,0.0038097411291397997,0.016759719376765618,0.011256326213277677,0.008243911189603739,0.00619806651816513,0.008935712670106613,0.008790576742099678,-0.4774010089676497,1.02349003139329
2025-08-05,624.866279158634,625.6773001361546,620.1683337507773,621.088134765625,68051400.0,-0.0050829197985092,0.0052414038339165,-0.011542121305313204,-0.0014163638569837994,0.012224585509500119,0.011353405344309762,0.008424336578484697,0.006332925374145588,0.008869862547698176,-0.006046324660207622,-0.07056461525854296,0.9453038050855603
2025-08-06,622.1563552914652,626.4982606508958,621.2464542892866,625.8455200195312,64357500.0,0.0076305717134259,0.0049884083408252,-0.002651289154365805,-0.0022571865622503006,0.01387640952869212,0.012221649499571052,0.008332514905843231,0.006416825827264094,0.008391537837396795,0.005929642439058273,-0.05428102875179641,0.895083290067903
2025-08-07,629.2675537310744,629.9994345491891,622.2156852544556,625.3212890625,74205800.0,-0.0008379873633206,0.0052040538682706,0.00026894089627089556,-0.0034262461028641005,0.010222133357072019,0.012097978050555068,0.00833203609117207,0.006405225239363766,0.012447600027184666,-0.006271203155440078,0.1530248999728081,1.0202217722781766
2025-08-08,627.1114011688534,630.6620853000642,626.7949007710238,630.1972045898438,64051600.0,0.0077672134109937,0.0066858322067959,0.024562480104100094,0.00012552662357739972,0.02151084986326562,0.00793734577084643,0.0086186969456635,0.006527386373546209,0.006136467284962508,0.004920662286220344,-0.1368383603438006,0.8803854741262478
2025-08-11,630.4742118551501,631.947873553624,627.70484826023,628.9510498046875,58742300.0,-0.0019793621405001,0.0068590089590833,0.007497515822089695,-0.0016027349890768993,0.01762522083628852,0.005868748825933097,0.008641868085905105,0.006559108244017167,0.006746193196929418,-0.002415899051573787,-0.08289098164604791,0.8036296810382697
2025-08-12,631.2950454377703,635.8050706066525,629.8114837326607,635.6468505859375,64730800.0,0.0105897113263136,0.0061260740936013,0.023170146946912495,0.0116280256415993,0.03249739980913122,0.005655664643000335,0.009213755288134258,0.0067821241268487785,0.009429114402859007,0.006893456838631465,0.1019452762319486,0.8914012515405332
2025-08-13,637.8425547169825,639.1085564704525,635.6370120856271,637.8228149414062,60092800.0,0.0034173824976576,0.0060736764691794,0.018956957731144194,0.016305668576778398,0.03257708490488782,0.005405944443437321,0.00919579276148795,0.006783206630422138,0.005442803712100369,-3.094772437217754e-05,-0.07165058982740824,0.8443300239405375
2025-08-14,635.7457174616427,638.5447207235369,635.300697252298,637.882080078125,59327500.0,9.2913552331273e-05,0.0061594932727724,0.019887858646796066,0.020156799543066973,0.026569009519083992,0.005219463966307616,0.009024077062068625,0.006707341728669096,0.005085616248761109,0.0033604042588162584,-0.012735302731774811,0.8392124056465122
2025-08-15,638.9106535836406,639.0095939138803,635.4787099260534,636.3886108398438,68592500.0,-0.0023440387238754,0.0064539321187794,0.009776606511926968,0.03433908661602707,0.024957573684929193,0.005341467660732831,0.006565847194340758,0.00674298710908364,0.005548314233919375,-0.003947410689821452,0.1561670388942733,0.9682352357448297
2025-08-18,635.8150025688236,636.9425240091701,635.1424618060598,636.2501831054688,43804900.0,-0.0002175444212128,0.0069004748757918,0.011538424231214267,0.01903594005330397,0.022845681182443792,0.005068133739466889,0.005187010095840439,0.00674886409784216,0.002829173571824223,0.0006844452158047788,-0.36137478587309113,0.6269997695532625
2025-08-19,636.0720632428176,637.0512042052354,631.4828983695179,632.79833984375,69750700.0,-0.0054400627118568,0.0068851420129198,-0.004491349806956132,0.01867879713995637,0.01726243328297259,0.003270658070976519,0.005241403833916462,0.0069060104379588556,0.00879949501304388,-0.005146780668809093,0.5923036007387301,0.9914879305502013
2025-08-20,632.3929060531275,632.6500060324975,626.013578858981,631.1170043945312,88890300.0,-0.0026605206569297,0.0071749601649885,-0.010569252961543431,0.008387704769600771,0.006130518207350491,0.0022294229569721755,0.004988408340825182,0.006706245664938237,0.010515367399874166,-0.002017577437038883,0.2744001135472476,1.2472595706222744
2025-08-21,629.3071851926883,630.978606926108,626.8642219548319,628.5851440429688,54805800.0,-0.0040197816031161,0.007083783213939,-0.014681948116990804,0.005205910529805272,0.0017796644269411918,0.001953280549732858,0.0052040538682705875,0.006775616985705492,0.006545469631708049,-0.0011473588204756434,-0.38344453781796217,0.7780116297590322
2025-08-22,630.7709103705197,639.4151205943501,630.2664897119097,638.2381591796875,84083200.0,0.0152400132582679,0.0053296113673258,0.0029021038651524944,0.012678710377079471,0.012804237000656893,0.008418019139473805,0.006685832206795923,0.007534900289791898,0.01433419602206011,0.011838289760035849,0.5342025843980016,1.1710049160001677
2025-08-25,636.9820621561176,638.218363635622,635.3105801411765,635.4292602539062,51274300.0,-0.0044107330324186,0.005051880957419,-0.0012910847460533047,0.010247339485160972,0.008644604496084094,0.008720815424069944,0.006859008959083283,0.007617750063216146,0.004576093164617003,-0.002437748242007518,-0.3901956633429746,0.7158998393933051
2025-08-26,635.1622594491828,638.4359833484747,634.5391586749303,638.0897827148438,51581600.0,0.0041782277951016,0.0049837833358668,0.008327205760905095,0.003835855953948971,0.015463881595548292,0.008344739370540855,0.006126074093601303,0.007625561336408642,0.006107016252422693,0.004609095112483123,0.00599325588062638,0.7247310741711427
2025-08-27,637.5062787617181,640.2755819843173,637.3578984386413,639.543701171875,48341100.0,0.0022759564506928,0.0054793795858584,0.013263682868527594,0.002694429906984171,0.019000098483762592,0.007989426180240277,0.006073676469179387,0.007616922448651899,0.0045621331901632015,0.0031959252450255403,-0.06282278952184495,0.6948600856883569
2025-08-28,640.146950913372,642.3623933153343,638.267809046051,641.8085327148438,61519500.0,0.0035350684092173,0.0054709910061661,0.020818532880860996,0.006136584763870198,0.02629338430693719,0.007073976633835584,0.00615949327277242,0.007553975039039,0.006379759789050028,0.0025956255811277803,0.27261274567603966,0.9117206555312936
2025-08-29,640.374480883152,640.7404816664739,636.0919759234915,637.9810180664062,74522200.0,-0.0059814929070349,0.0049407511198999,-0.0004029732844418061,0.002499130580710697,0.036838217196737785,0.004752226312941043,0.006453932118779406,0.006543624629626886,0.007286275941361176,-0.0037375986835779715,0.21135899999187258,1.1608327404984549
2025-09-02,630.5137545728464,633.4709780533357,627.9620114164865,633.25341796875,81983500.0,-0.0074378442849918,0.0038465633757806,-0.003430084537015006,-0.004721169283068302,0.014314770770235689,0.005565091260472154,0.006900474875791779,0.006065062404386983,0.008699466091347757,0.004345128676470507,0.10012184288708603,1.2683980845500222
2025-09-03,635.6270824559713,637.1502445176759,633.4413400681225,636.6853637695312,70820900.0,0.0054049127484539,0.0039641610939025,-0.002203399583662706,0.006123806177242398,0.024802603317198788,0.005852746348965822,0.006885142012919817,0.005990250157758926,0.00582533329743068,0.0016649405646325317,-0.1361566656705313,1.0933548275741756
2025-09-04,637.3579030521721,642.0361089027498,636.4579021356687,642.0064086914062,65219200.0,0.0083226869068724,0.0034945761037072,0.0038433308725168936,0.017107013741044497,0.02549471851064529,0.0070555377965048705,0.007174960164988543,0.006030971632214042,0.008688708853313524,0.007293399229810182,-0.07909670732792151,1.006204774131488
2025-09-05,644.3404973975818,645.0625384730564,636.2798483910566,640.14697265625,85178900.0,-0.0029004912607225,0.003132795903497,-0.002592228797422906,0.018226304083438095,0.023432214613243386,0.007011577991058911,0.007083783213939051,0.006086378164168517,0.01371980257214463,-0.006508243325181239,0.3060402458171827,1.3031134993164608
2025-09-08,641.5118841129237,642.7185457406785,640.1371023874503,641.7196044921875,63133100.0,0.0024536603933174,0.0031873960977396,0.005842924502929394,0.005439951218487596,0.018118661595567086,0.0063523041549087556,0.005329611367325831,0.005896323423274319,0.00402269672791263,0.00032379817803541804,-0.2588176179781613,0.9665238334099692
2025-09-09,641.8579832056892,643.7272854003053,640.1271612550325,643.203125,66133900.0,0.002309121214754,0.0041726168654975,0.015589890002675194,0.012159805465660197,0.022407144950821186,0.0041724274940617805,0.005051880957419051,0.005863762140131603,0.005597180743288102,0.0020957000294561817,0.04753132667332993,1.0067676891538024
2025-09-10,646.4570213518696,647.3768223058731,643.4997982019892,645.0625,78034500.0,0.0028866349532975,0.0044971167266822,0.013071612207518794,0.010868212623856096,0.01470406857780509,0.003974660653010563,0.004983783335866816,0.005447233113527188,0.006010307689385088,-0.002157175660267949,0.17994704682469953,1.1760238790062831
2025-09-11,647.0109525903231,651.1154976382888,646.4274520986086,650.4231567382812,69934400.0,0.0082759501147929,0.0042208231961283,0.013024875415439296,0.016868206287956197,0.01956263619494039,0.003957899550338684,0.005479379585858381,0.0056766516971693565,0.007207685475390694,0.00527379657839999,-0.1038015236850367,1.046192326909671
2025-09-12,650.393364548417,651.8868261792371,649.7010841125947,650.2054443359375,72780100.0,-0.0003347802811615,0.0045348389202141,0.015590586395000296,0.012998357597577396,0.019134942361447617,0.0031494167227822155,0.005470991006166142,0.005680965892776788,0.0033616176020715384,-0.00028893316371701136,0.040690990413873473,1.0779166172363044
2025-09-15,652.4111340519337,653.795755474802,652.1144337731963,653.6671752929688,63772400.0,0.0053099344808002,0.0043316786124606,0.018446860482483094,0.024289784985412496,0.026788915566123214,0.003256002231862411,0.00494075111989993,0.005704660992615395,0.00257213726672472,0.001925229622054671,-0.1237659744902796,0.9478906436666544
2025-09-16,654.2210123755038,654.5276730798186,651.9858301119879,652.7671508789062,61169000.0,-0.0013778336016101,0.0043630580906484,0.014759905666118995,0.030349795668794196,0.025628626385725915,0.003983056491639418,0.003846563375780651,0.005727183835242966,0.0038939504912406694,-0.0022222788157148375,-0.040823302870834355,0.8976112174915105
2025-09-17,652.7770367516476,654.4682584259048,647.1295902463727,651.9561157226562,101952200.0,-0.0012432295513901,0.0043200434122183,0.010630041161431396,0.023701653368950193,0.029825459546192614,0.004405772419849196,0.003964161093902506,0.005541835241539864,0.011256383677600113,-0.0012575825783891909,0.666729879514133,1.4615439807369937
2025-09-18,654.6363789857319,657.6035020628194,653.0341373534065,655.0023193359375,90459200.0,0.0046615241122961,0.0041909472937668,0.007015615158934596,0.020040490574373897,0.03714750431541841,0.003302936686347585,0.0034945761037072478,0.0054947788803771476,0.006976104625164436,0.0005589978833327184,-0.11272929863210401,1.2953284852355447
2025-09-19,656.8877828567474,659.0895125014193,654.9438659954435,658.2465209960938,97945600.0,0.00494073653066,0.0040043807674323,0.012291131970756096,0.027881718365756397,0.04610802244919451,0.0034483963240893962,0.003132795903496978,0.005353852053495362,0.006298015065392856,0.0020684478761917014,0.082759962502432,1.360507856851753
2025-09-22,656.7587687117981,661.8069106980723,656.7289861632065,661.3606567382812,69452200.0,0.0047198008251832,0.0038960012259899,0.011700998315139096,0.030147858797622197,0.03558781001610981,0.0033346130653088175,0.003187396097739616,0.004458004602855097,0.007677996087504326,0.007006968533529507,-0.2909104645844224,0.9746255949483297
2025-09-23,661.2417286303936,661.8566899635472,656.540685502851,657.7606201171875,81708900.0,-0.0054582480353944,0.0036182212763601,0.007620583881354797,0.022380489547473795,0.03454029501313401,0.004694162223951642,0.004172616865497531,0.004539958344247256,0.008081974350712944,-0.005264502166879866,0.17647677107420634,1.1226507279535138
2025-09-24,659.0497999269948,659.1489540239103,654.2495430702726,655.6677856445312,68082200.0,-0.0031868295747073,0.0036281612255581,0.005676983858037598,0.016307025019468995,0.027175237643325113,0.005047770041155473,0.004497116726682159,0.004628506811307804,0.007472398462922048,-0.005131652088868154,-0.1667713064305112,0.9249400363959208
2025-09-25,652.5338627083877,653.9917550046746,649.0328388399253,652.6429443359375,89622100.0,-0.0046240493622762,0.0033167343650792,-0.0036085896165347032,0.003407025542399895,0.020275231830356115,0.005133546540881042,0.004220823196128256,0.004810135741838184,0.0075982069641387295,0.00016716623271788807,0.3163807867548345,1.184362082271723
2025-09-26,654.0909412604747,656.9274266555326,652.4743298182361,656.3819580078125,69179200.0,0.0057126855778902,0.0096500907747433,-0.0028366405693045042,0.009454491401451595,0.022452848999029013,0.00535332086784061,0.004534838920214052,0.004894123807272603,0.006784307190301334,0.0035025966617469135,-0.22810110452667365,0.9096041197469935
2025-09-29,658.9010899003678,659.8135740530697,656.4216318338509,658.2266845703125,73499000.0,0.0028065048617203,0.0109541792251396,-0.004749936532767403,0.006951061782371695,0.031240846767784214,0.004932774409409772,0.00433167861246063,0.004608925649384538,0.005153152095972866,-0.001023530451523827,0.062443624673312215,0.9670536139844433
2025-09-30,657.4828203674869,661.1722852976668,656.173659297658,660.7061157226562,86288000.0,0.0037597579990683,0.0108722955050219,0.004468069501695296,0.012088653383050096,0.04243844905184432,0.004532990527533981,0.004363058090648419,0.004111373168198194,0.007565581551400501,0.0049024784455475225,0.17400236737914798,1.132117307862618
2025-10-01,657.7208749627936,663.8699431635192,657.611793334362,662.95751953125,72545400.0,0.0034017796058662,0.0109190374351312,0.011056678682268796,0.016733662540306393,0.040435315909256614,0.003973378114316523,0.0043200434122183246,0.004051145251758991,0.009439744847576507,0.007961803810397013,-0.15926432412386426,0.9507358513376837
2025-10-02,664.9410037342527,665.0600128657511,661.3011766397112,663.7210693359375,56896000.0,0.0011510698904782,0.0110763449150902,0.016831797935023197,0.013223208318488494,0.03326369889286241,0.001649409613832645,0.004190947293766745,0.003771839416834888,0.0056632769392128005,-0.0018346505802231607,-0.21571870856043251,0.7497333416877157
2025-10-03,664.4848020775174,667.1527012490268,662.6698219114437,663.7112426757812,70494400.0,-1.4805515983767243e-05,0.0112922333613944,0.01110430684114923,0.008267666271844729,0.036149384637601145,0.0016006568377461702,0.004004380767432326,0.0036410006686209266,0.006754261566385645,-0.0011641491262368063,0.2390044994375704,0.9379981847960637
2025-10-06,666.1014192164715,666.9841207809839,663.9591941673339,666.0914916992188,54623300.0,0.0035798566266859,0.011771318123901,0.01187765860611483,0.007127722073347428,0.037275580870969646,0.001705336071677484,0.003896001225989934,0.0036601783798305932,0.004541307990488393,-1.4903912476953572e-05,-0.2251398692662112,0.730955751880806
2025-10-07,667.0138297258598,667.4601442579947,662.1838505424819,663.6219482421875,72020100.0,-0.0037144037537213,0.0117011479777786,0.00440349685332523,0.008871566355020528,0.031252055902494344,0.0029845978535135882,0.003618221276360078,0.003863764599246489,0.007950752276184844,-0.005085174148587446,0.31848679958918624,0.9599747597100672
2025-10-08,664.7426772273783,667.6783772359653,663.919480237528,667.5791625976562,60702200.0,0.0059453466190668,0.0116373451459774,0.00694706386652583,0.018003742548794627,0.03431076756826364,0.0036616989553035664,0.003628161225558076,0.003977783415468365,0.005630638595445137,0.004267042672976633,-0.15714918474148187,0.8185711004035463
2025-10-09,667.9957845708525,668.4023890582872,663.7112737749407,665.6452026367188,66501900.0,-0.0029011790781115,0.0117925741989948,0.00289481489793613,0.019726612832959328,0.02313363837535925,0.004144284730868714,0.003316734365079149,0.0037882166626467544,0.007047471032262177,-0.0035188574365687827,0.09554348936282375,0.8988605342160748
2025-10-10,666.6071968358344,668.4122493878771,647.4757221413303,647.6542358398438,159422600.0,-0.0273998325389631,0.0069476325553328,-0.024490212125043202,-0.01338590528389397,-0.0039314138824423535,0.013239834594460594,0.00965009077474329,0.007431389081651326,0.032326704726013906,-0.02843197776134756,1.3972638375745654,2.0356119016361687
2025-10-13,655.2216030747315,659.664772492732,654.3488290056752,657.5919189453125,79560500.0,0.0152275876806558,0.0063629006373921,-0.012842481071073303,-0.0009648224649584716,0.005986239317413246,0.01586824791393873,0.010954179225139596,0.008117396523432347,0.008083955009031918,0.0036175789373516817,-0.5009459135655798,1.0057429126920518
2025-10-14,651.7701536094826,660.3590300864076,647.8030207789583,656.78857421875,88779600.0,-0.001222393105761,0.0061724800031262,-0.010350470423113002,-0.005946973569787771,0.006141679813262346,0.015862392895686202,0.010872295505021962,0.008115780473014549,0.019117277310106574,0.007699678454859536,0.11587534014994882,1.103034003245007
2025-10-15,661.3408732132422,664.7228272522149,653.5156893256119,659.7044067382812,81702600.0,0.0044297042667863,0.0062451665704761,-0.011866112775393503,-0.004919048908867672,0.011814613631438747,0.01568440856467878,0.010919037435131241,0.008157771167466731,0.01698812045536188,-0.002474467466391195,-0.07971425868104831,1.028038641446758
2025-10-16,661.3409444600238,663.2154294168515,651.710706867285,655.2117309570312,110563300.0,-0.0068334293493709,0.0070915609311887,-0.015798363046652903,-0.012903548148716772,0.00031966016977174726,0.01581553726730102,0.011076344915090262,0.008260162714242271,0.017558785971005436,-0.009267857304672089,0.35324090053437707,1.3738077624904392
2025-10-17,654.0810128478913,660.2895852935891,652.7322022395391,658.9308471679688,96500900.0,0.0056601562145004,0.007026856432964,0.017261625706810595,-0.007228586418232604,0.0010390798536121472,0.008248277577852887,0.011292233361394392,0.008284268823755355,0.011469159603820335,0.007414730323635429,-0.1271886783408238,1.200152175389225
2025-10-20,661.8367798071084,666.6866142382812,661.7872027532737,665.7840576171875,60493400.0,0.0103467871677621,0.0064819993239363,0.012380825193916898,-0.0004616558771564031,0.006666066196191048,0.006637934317995473,0.011771318123901042,0.008542663014561335,0.0073588597217876615,0.005964125794322736,-0.3731312350454763,0.7565525852659003
2025-10-21,665.9229005771253,667.4601523988813,664.4748753427003,665.7741088867188,56249000.0,-1.4942990429156014e-05,0.0078066568241909,0.013588275309248742,0.0032378048861357402,0.012109371241156292,0.006490057544978256,0.011701147977778633,0.008434460848328057,0.004483918819211556,-0.0002234368126965537,-0.07016302604912272,0.714851387379643
2025-10-22,666.4783066993808,666.4783066993808,657.8497808005621,662.3128051757812,80564000.0,-0.0052124774534399,0.0075689210697421,0.003946093589022542,-0.00792001918637096,0.010083723362423691,0.007243012897152565,0.011637345145977465,0.008494345718282253,0.013027871168108586,-0.006250018165225067,0.4322743515440275,1.0158065700735874
2025-10-23,662.6301900162397,667.1825015615415,662.3128121266341,666.2402954101562,65604500.0,0.005912449677416,0.0082843894639648,0.016691972615809444,0.0008936095691565397,0.02062022240211589,0.006031090050515034,0.01179257419899485,0.008486285835586884,0.007309208807175919,0.005448145056336919,-0.1856846730549625,0.8399042907651624
2025-10-24,670.9016937183009,672.8951271271609,670.0983517375236,671.6851806640625,74356500.0,0.0081393402114384,0.0077759417504292,0.019171156612747445,0.036432782319558044,0.02304687703566409,0.0063624959780334035,0.006947632555332834,0.008573643002919984,0.004163818809985203,0.0011678118465007325,0.13340548285559684,0.9488076565593564
2025-10-27,677.1201116013259,679.9070199177999,676.5151383891614,679.6094970703125,63339800.0,0.0117286146034009,0.0085111958444255,0.020552984048386243,0.03293380924230314,0.03196898677734469,0.006735195517161353,0.006362900637392102,0.008890505831152737,0.004990927206374133,0.0036764311476429686,-0.1481605508597097,0.8135046827398781
2025-10-28,681.4046232640447,683.2493254549719,679.2028936555786,681.41455078125,61738100.0,0.00265249504167,0.0084966421405004,0.023220422080485397,0.036808697389734135,0.030861723819946393,0.0064252309610267665,0.00617248000312619,0.008879779633341878,0.005938282055694321,1.456919555036367e-05,-0.02528741802152834,0.8056343420623295
2025-10-29,683.0609104229828,684.0328991417463,677.2590027977353,681.7418823242188,85657100.0,0.0004802552976468,0.0084977421110034,0.028913154831572096,0.032859248420594636,0.02794019951172699,0.004439554916169333,0.00624516657047614,0.008871620463978496,0.009936159886373917,-0.0019310548717350491,0.38742688874455156,1.1082775714728028
2025-10-30,678.2805222142791,680.303738053287,674.2439575195312,674.2439575195312,76335800.0,-0.0110591143403851,0.0094147756560929,0.011941590813770995,0.028633563429580438,0.015730015280863693,0.008730110630035728,0.007091560931188695,0.009299257072710163,0.008987519229759256,-0.005951172947691794,-0.10882110181175875,0.9754067442469047
2025-10-31,679.4111219213156,679.4508319897004,673.6587916341136,676.4556274414062,87164100.0,0.0032748538951501,0.0092971698884479,0.007077104497482697,0.02624826111023014,0.01901967469199756,0.008182884149655649,0.0070268564329639994,0.00931342035814099,0.00856233597685382,-0.004350082570846766,0.14185087468789215,1.1020322473402364
2025-11-03,680.0359699637585,680.1649066224819,674.3530715971103,677.7251586914062,57315000.0,0.0018749809994732,0.0095206746355861,-0.0027765291064450032,0.017776454941941237,0.01731479906478486,0.0059638239431150505,0.006481999323936357,0.00929587810409822,0.008575504318879691,-0.0033980721232663275,-0.3424471772208971,0.7234134664839884
2025-11-04,670.5545580097922,674.3729598389511,669.0371611161902,669.6917114257812,78427000.0,-0.0119243608024754,0.0092001698767511,-0.017353384950590404,0.005867037129894991,0.00910484201603076,0.007394884441736195,0.007806656824190934,0.009682030115595331,0.007967544814614742,-0.0012867656683624852,0.36835034458693183,0.9858967871269614
2025-11-05,669.433839434071,675.2655297930335,668.630497422053,672.0125122070312,74402400.0,0.0034594854141328,0.0092284018765857,-0.014374154834104404,0.014538999997467692,0.006618980811096758,0.007895875287387747,0.007568921069742149,0.009623621407749824,0.009873376239959524,0.0038520203507193085,-0.05131651089548239,0.927318694010967
2025-11-06,670.9115428502156,671.8140994484131,663.2252231578799,664.8021850585938,85035300.0,-0.0107874293787707,0.0097952739785698,-0.014102469872490005,-0.002160879058719008,-0.0012672694895624406,0.007826099650564126,0.008284389463964838,0.009920021568057866,0.012919446541494479,-0.009106055569811223,0.14291071255765941,1.0477414680711663
2025-11-07,662.4218719882706,665.5658682287408,655.7769731606511,665.4567260742188,100592400.0,0.0009840807123627,0.010545318392705,-0.016393243055277402,-0.009316138557794708,0.027116643761763357,0.007437461554574949,0.007775941750429185,0.007550747617714469,0.014710040013928609,0.004581452114253094,0.18294872835163756,1.2860342935574594
2025-11-10,671.6752576501947,676.57466917413,669.4834554774103,675.8407592773438,75842900.0,0.0154838740552952,0.0103889101431593,-0.002784349999455404,-0.005560879105900408,0.02737293013640276,0.011288216224286362,0.008511195844425565,0.007575704534068716,0.010492432720841115,0.006201660072639512,-0.24603747400400033,0.9719313648417657
2025-11-11,674.3629519753922,677.9532020666294,673.1529450781785,677.3878784179688,58953400.0,0.0022865608539509,0.0109311890783649,0.011426571656970896,-0.0059268132936195084,0.03088188409611466,0.009329663647657568,0.008496642140500376,0.007553138515118668,0.007086422921623318,0.00448560590957097,-0.22269058804449726,0.7702110772697951
2025-11-12,679.1631581075335,679.3318048264125,675.3547447293747,677.7647705078125,62312500.0,0.0005562356386344,0.0112215371274952,0.008523321881472496,-0.005850832952631908,0.02700841546796276,0.00932866226551431,0.008497742111003452,0.007524860755134496,0.0058679061970984365,-0.002058986243625984,0.05697890198020805,0.824540768008202
2025-11-13,674.9084518036677,675.2654792192372,665.010475070097,666.5179443359375,103457800.0,-0.016733219095931,0.0097629470842664,0.0025775321643121962,-0.011524937708177807,0.017108625721402655,0.011455658166753355,0.00941477565609289,0.008369711667483697,0.015385938572677912,-0.012432067557172993,0.6603057171514544,1.3754559385735383
2025-11-14,659.9127671356764,670.1082678298286,657.8201189320223,666.408935546875,96846700.0,-0.0001635630445312,0.0099531190494765,0.0014298884074182962,-0.014963354647859108,0.011284906462371059,0.011455419813293425,0.00929716988844794,0.008294724312689614,0.018439351938944647,0.009843980499718078,-0.06390141680955908,1.2872664540289656
2025-11-17,664.1971714004484,668.1742314199619,656.7290154076413,660.2002563476562,90456100.0,-0.0093602917396293,0.0092325753114848,-0.023414277387506205,-0.02619862738696161,-0.008422172445020344,0.008116873122416452,0.009520674635586087,0.00824182670114206,0.0173359763227562,-0.0060176634663539836,-0.06598676051946017,1.1788495933666716
2025-11-18,656.6596108350068,659.6548153709225,650.4708935566339,654.65625,114467500.0,-0.0084329189924755,0.0084187016162962,-0.0341337572339326,-0.022707185576961705,-0.01684014844706669,0.0071771038704909855,0.009200169876751069,0.008432729029925817,0.01402861702502439,-0.0030508360830344343,0.26544810134418806,1.4372494811092111
2025-11-19,655.3505280387882,661.856623370592,653.3371790986623,657.185302734375,94703000.0,0.0038557337390654,0.008463702981222,-0.0308342591335016,-0.022310937252029105,-0.007771937254561388,0.008115924681925823,0.009228401876585671,0.00842915866428581,0.012963534388980649,0.002799684469741087,-0.17266473016358352,1.1786251953086229
2025-11-20,667.3808213360044,670.0090710879778,646.5335791707308,647.1683349609375,165293500.0,-0.0153595841098706,0.0054882839890891,-0.029460624147441206,-0.026883091983129007,-0.029043971041847985,0.007680393360980233,0.009795273978569769,0.008920012687467541,0.036274166471176136,-0.030286285923836205,0.745388213678553,1.9369988894923287
2025-11-21,649.6675301260088,659.0894699034471,645.5020288545189,653.6148681640625,123956200.0,0.0099118530524763,0.0057086226420111,-0.019385208050433707,-0.01795531964301541,-0.02727145820081009,0.010399522387849648,0.010545318392705023,0.009028472107952535,0.02078814560490943,0.006075935543966676,-0.2500842440870331,1.411563399940534
2025-11-24,657.2448196444445,664.5542570793402,656.1538823239337,663.2351684570312,80437900.0,0.0146113394524385,0.0043464726671374,0.004586423141634094,-0.01882785424587211,-0.02438873335177249,0.012544188350685104,0.010388910143159348,0.009268309927840054,0.012665755911209352,0.009114334010007668,-0.3510780420826066,0.9071629682890109
2025-11-25,663.135941149376,670.6536740212097,659.020017057554,669.4734497070312,81077100.0,0.0093618765987053,0.0039011796255042,0.022381218732814893,-0.011752538501117708,-0.017679351794737185,0.011725831753858561,0.01093118907836488,0.009533462823366916,0.017377323878559586,0.009556876900188556,0.00794650283013354,0.9045080147709612
2025-11-26,672.0620713400136,676.0986363282427,671.1595147067713,674.09521484375,71879600.0,0.0068798618018141,0.0034920747927202,0.025405346795563596,-0.005428912337938008,-0.011279745290569888,0.011763755759294465,0.011221537127495155,0.009687809891138837,0.0073270385439781266,0.003025231731471644,-0.11344140330623564,0.8081098342949646
2025-11-28,675.2654787466182,678.0523870500939,674.9084513312986,677.7747192382812,49212000.0,0.0054435909666967,0.0048948605163918,0.04620852187213089,0.01674789772468969,0.005222960016511913,0.0035107152861268654,0.009762947084266423,0.009446653233576527,0.004638614615677373,0.003715931838127601,-0.3153551216200424,0.5618345681927107
2025-12-01,673.2323336611282,677.3779800628074,673.1629015749381,674.6803588867188,61201200.0,-0.0045759238898669,0.0046845899989797,0.0317207449297877,0.012335536879353992,-0.002627817768505087,0.007032053447149326,0.009953119049476516,0.009477893932892783,0.006247519187937416,0.0021508551404772415,0.2436235064618386,0.7092216416131115
2025-12-02,676.316803165018,678.2012155152329,673.7481184984898,675.9300537109375,62953800.0,0.0018505635218015,0.004715059100741,0.018959968999150693,0.023546392140784793,-0.0026522352461767875,0.005410117706170401,0.00923257531148481,0.009477623452891435,0.006588103298995262,-0.0005718465847226745,0.028636693398168767,0.7271556249542668
2025-12-03,674.9779023816353,679.2822075879724,674.105128319461,678.2706298828125,57238500.0,0.0034567675691006,0.0055589480858736,0.013054859969545992,0.035436078702360894,0.012728893125399213,0.004449500367477609,0.008418701616296174,0.00908640083641625,0.00763276344341474,0.004878274517667781,-0.09078562374312593,0.6693309637180135
2025-12-04,679.6690366334618,679.7384687237238,675.7416137771377,678.7665405273438,61970300.0,0.0007308726355028,0.0062769587029998,0.006905870803234693,0.03231121759879829,0.010000280346769214,0.0037729813785882973,0.008463702981221979,0.009062235155268829,0.005888408912261554,-0.0013278464332998167,0.08266813421036545,0.7299693613423314
2025-12-05,679.8375623637357,682.7336127271673,678.9549213715281,680.0557861328125,79241000.0,0.0018975931835084,0.0070231387244892,0.003359873020046393,0.04956839489217729,0.022685302909048313,0.0030899106855262967,0.005488283989089104,0.008665902247233369,0.005556443210529732,0.0003209939861487102,0.2786931804428896,0.936603144956419
2025-12-08,680.9484564225444,680.9980334759979,675.9696853695019,678.0127563476562,55231500.0,-0.0030087308003297,0.007251538537024,0.004927066109583593,0.036647811039371286,0.018692491396355912,0.0024344469091377883,0.00570862264201106,0.008715395048773457,0.007416303099639094,-0.004311192788821687,-0.3029933998813745,0.6708011167569717
2025-12-09,677.5366934232544,679.7582780276033,676.9812972721672,677.4275512695312,58310100.0,-0.0008634907951281,0.0073429307461025,0.0022130117926539928,0.021172980791804692,0.0023451265459326137,0.002495138767155389,0.0043464726671373815,0.008017726569968704,0.004099302944251181,-0.0001610867053881829,0.055739931017625866,0.7158128006038793
2025-12-10,676.9515664343469,683.3088703732143,675.711837383319,681.92041015625,85671300.0,0.0066103387424185,0.007143127175208,0.005366582965971893,0.018421442935517892,0.0066689044344002135,0.0036010292912212463,0.003901179625504218,0.008136708024436386,0.011140644680446756,0.007340028398301976,0.4692360328656613,1.034729022748475
2025-12-11,679.51034738166,683.5865617528303,676.5647198382891,683.5072021484375,86173700.0,0.002324242885119,0.0071231094313499,0.006959953215588092,0.013865824018822793,0.008436911680884814,0.003633504878148992,0.003492074792720204,0.008148850998467164,0.01027325226781783,0.005881963066755994,0.005864274266878189,1.0260124725946058
2025-12-12,682.5153843270051,683.2195721462687,673.5893360954813,676.1580810546875,113160300.0,-0.0108102968489866,0.0061519880539431,-0.005747936816906908,-0.0023880637968605074,0.014359833927829212,0.006502913252797658,0.004894860516391813,0.00758038468810597,0.014242580722788865,-0.00931452010944227,0.31316515363736275,1.3395862978773425
2025-12-15,680.1053789946951,680.1252340287925,673.6687159286942,675.1365356445312,90811000.0,-0.0015119509722544,0.0061385347848372,-0.004251156988831608,0.0006759091207519915,0.013011446000106012,0.006429975625707817,0.004684589998979705,0.007594620694654383,0.00956327758789494,-0.007305990370946063,-0.19750124381077105,1.078870621064322
2025-12-16,673.6488975485244,675.4837328267965,669.4338188610296,673.2918701171875,122030600.0,-0.0027360246494354,0.0066344759687767,-0.006123690843138908,-0.003910679050484908,0.01963571309029991,0.006485235345731551,0.004715059100740984,0.007272676336345586,0.008985574064207708,-0.0005299903742678396,0.34378654568279177,1.4230806974215637
2025-12-17,674.3034691132465,674.8489377460819,665.6848710067972,665.8832397460938,110625200.0,-0.0110645813229541,0.0051776567448731,-0.023798610908511507,-0.018432027942539606,0.017004050759821313,0.005941099081701383,0.0055589480858735715,0.007473027330643292,0.013762272711322597,-0.012487299491764272,-0.09346344277582841,1.2929714258798823
2025-12-18,672.0322187932205,675.1464323222394,669.3544527925658,670.9114990234375,108650100.0,0.0075228946457927,0.0050800587126133,-0.018599959147837807,-0.011640005932249706,0.020671211666548613,0.007688653201825078,0.0062769587029997765,0.007594651202674384,0.008633000832605073,-0.0016676577974126265,-0.0178539790210549,1.2596201005504006
2025-12-19,673.0134542661981,677.4896664833268,672.8940327515619,676.9923095703125,103599500.0,0.0090226791565437,0.0046795746835694,0.0012330168576924934,-0.004514919959214407,0.04505347493296291,0.00821424682147481,0.007023138724489228,0.006732724073158732,0.006788310098650541,0.005911999647098647,-0.0464850009341915,1.2456123064685163
2025-12-22,680.3245290528953,681.7370055876305,676.9922622536055,681.2098388671875,69556700.0,0.006210478841573,0.0046055304204905,0.008955446671519894,0.0047042896826882934,0.04135210072205961,0.008521201737028423,0.007251538537024027,0.0065597580204032925,0.006965171468919486,0.0013013051514174946,-0.32860004150599187,0.8645785284239947
2025-12-23,680.3046207584179,684.562024812114,680.2548972126992,684.3233032226562,64840000.0,0.0045600793634358,0.0044018359831367,0.016251550684391092,0.010127859841252194,0.03130084063305691,0.008169599656330797,0.007342930746102546,0.005900017145981666,0.006293995219995308,0.005907180903399251,-0.06781086509279477,0.8138400504319759
2025-12-24,684.313382495532,687.1781631452748,684.164151137988,686.7305297851562,39445600.0,0.0035115018507672,0.0047512461015298,0.030827633858112394,0.007029022949600894,0.025450465885118814,0.0022152368748091953,0.00714312717520795,0.005632053829650575,0.0043889296842965055,0.003532222738081627,-0.3916471314003701,0.5083844459538008
2025-12-26,686.989161229118,688.0037280321676,685.6264081645946,686.660888671875,41613300.0,-0.0001014148077599,0.0047558266563268,0.023203324404559793,0.004603365256721994,0.01846918927554481,0.003370281439691395,0.007123109431349935,0.005480535538931871,0.0034621454444145297,-0.00047784241116079456,0.05495416472306158,0.5469907804332163
2025-12-29,683.9055083361335,685.5567672531378,682.4433081832867,684.2138671875,62559500.0,-0.0035700184467802,0.0046233665716218,0.010610626801235892,0.011843643658928395,0.00945557986206791,0.003934884145084902,0.0061519880539431275,0.005459837202472041,0.004550417960175372,0.000450879321204342,0.5033534951565966,0.8151695190878367
2025-12-30,683.8159723723246,684.9200900521846,682.9505762759469,683.3782958984375,47160700.0,-0.0012219599023571,0.0049457429243014,0.003178188057305792,0.012133634728825695,0.01280954384957771,0.003367242783784875,0.006138534784837222,0.005346946539721994,0.002882025648251507,-0.0006400500888692352,-0.246146468561929,0.6201916871481844
2025-12-31,683.5076844111845,683.726492314561,678.1063955310838,678.3152465820312,74144800.0,-0.0074364348377805,0.0041102047047572,-0.008818326143910508,0.007433224540480595,0.003522545489995711,0.004072073667831052,0.006634475968776725,0.005631988948328751,0.008285375880604809,-0.007596751210816836,0.5721734410218677,0.9679264888233202
