Price,Open,High,Low,Close,Volume,log_return,future_vol_5,future_vol_10,future_vol_20
Ticker,SPY,SPY,SPY,SPY,SPY,,,,
Date,,,,,,,,,
2015-01-02,170.47258874432092,170.88559529706598,168.65534982907482,169.6878662109375,121465900,-0.0005349867857490464,0.015350623975612598,0.011903506538973124,0.011045201061546585
2015-01-05,168.64708148544278,168.81228157325947,166.31773125812248,166.62335205078125,169632600,-0.018224779992986752,0.012987309044651051,0.010446762557432028,0.010748292754927237
2015-01-06,166.92891870896608,167.4493107905881,164.26090097427732,165.0538787841797,209151400,-0.009463929597549867,0.011958063193690202,0.009955987608352833,0.010537423488949272
2015-01-07,166.3755665766757,167.44938618869952,165.92952502298357,167.1107177734375,125346700,0.012384614736858694,0.010842304955510244,0.010265160606637805,0.01041725247905474
2015-01-08,168.51491617689666,170.2908517797395,168.4984049909054,170.07608032226562,147217800,0.017589294824019726,0.0024939562841954518,0.00882926224301329,0.009672018130156631
2015-01-09,170.48911913604712,170.50564292912694,168.1019414964393,168.71319580078125,158567300,-0.008045661238169487,0.009049339298579323,0.008439067264522706,0.009549787842189923
2015-01-12,168.84533157044453,169.0022760675028,166.78855452639888,167.39154052734375,144396100,-0.007864584713011468,0.008687412650215848,0.009182346612779859,0.00963200639856498
2015-01-13,168.60577637472915,169.72915460451395,165.62386881945937,166.92071533203125,214553300,-0.002816681101828149,0.008890041800607543,0.010045528535269828,0.009590727094316218
2015-01-14,164.91349780540452,166.11122679229365,164.0214148168744,165.91297912597656,192991100,-0.006055512421019208,0.009612407329673948,0.010340629326057248,0.009606242423578356
2015-01-15,166.54902209394717,166.86289849504993,164.2774861138506,164.39312744140625,176613900,-0.009202750907527953,0.00827978213391549,0.01075216769458512,0.00924598205461333
2015-01-16,164.18661346110187,166.70595572276284,164.0048895862307,166.54901123046875,211879600,0.013028949985254862,0.007297989937953104,0.01065871908010975,0.008917030635666751
2015-01-20,167.18501618298058,167.44934637710867,165.34301083199585,166.9041748046875,130991100,0.002130216314604586,0.010642094305290081,0.011573918522421732,0.008927792257233082
2015-01-21,166.4415870447863,168.22577780182866,165.9790218716173,167.74668884277344,122942700,0.005035192851054517,0.011768436624304828,0.011600531543204303,0.008916044408028553
2015-01-22,168.49836906255456,170.37340919341256,167.12718468012818,170.2412567138672,174356000,0.01476155112408383,0.009773877712628247,0.011037606276098606,0.008441081861442627
2015-01-23,169.98518533689273,170.24125991747914,169.17569624213647,169.307861328125,117516800,-0.005497865771125677,0.010537031645540285,0.010919425126906556,0.008300128851778181
2015-01-26,169.09314984264265,169.7952534260455,168.3827780615787,169.7043914794922,92009700,0.0023393274367867413,0.013029902218311063,0.010989650942597566,0.008303519413090913
2015-01-27,167.655845533799,168.60575536241527,166.63985315825929,167.4658660888672,134044600,-0.013278503850388378,0.013672607012275175,0.010461652657011808,0.007570056479991623
2015-01-28,168.64708417164115,168.74620170511815,165.12827308965936,165.31825256347656,168514300,-0.012907126391426686,0.01163728180800609,0.009110142304036962,0.006752861804428179
2015-01-29,165.5164476333486,167.1023906847634,164.11221580090753,166.84632873535156,173585400,0.00920078200841063,0.01173941752129293,0.009137308880683313,0.006705718145326701
2015-01-30,165.67343415017112,166.99504739330268,164.48397340858196,164.748291015625,197729700,-0.012654401440349718,0.008648955582337676,0.007203143120435482,0.005786796647530325
2015-02-02,165.24390342208943,166.87940563546837,163.4349329327051,166.78854370117188,163107000,0.012308004588392948,0.00885739808598389,0.006789287590937936,0.005564557920181933
2015-02-03,167.68056397927535,169.20869238716992,167.30886081636794,169.20042419433594,124212900,0.014357149508523084,0.007700668224572611,0.005790818855808724,0.004950095215620563
2015-02-04,168.4405873095906,169.64657196321926,168.101918918727,168.5562286376953,134306700,-0.003814558987201284,0.0071115729800760715,0.005487218197495588,0.004802728822052159
2015-02-05,169.21707088469543,170.40653195311086,169.14273271890988,170.25784301757812,97953200,0.010044616379011021,0.006992926496534059,0.0050273065504955194,0.005541489640414202
2015-02-06,170.6212406255758,171.18293601095024,169.26657983067707,169.78697204589844,125672000,-0.0027694659749744276,0.006289518275380599,0.004786895271810821,0.005553096362049037
2015-02-09,169.14272569388106,169.86135314121785,168.62233334707244,169.02708435058594,87219000,-0.004485581132613694,0.004579490147561836,0.004069048579771408,0.006658369921534951
2015-02-10,170.05954231341522,171.08379025750745,169.068316736097,170.82772827148438,96164200,0.010596647176124865,0.0038911280879455027,0.0033877799290242074,0.0061958766606925505
2015-02-11,170.66256225237188,171.35641021173268,170.01827306097127,170.9268798828125,91087800,0.000580250341878706,0.004142580880683047,0.0035302672085031025,0.006863127556429391
2015-02-12,171.71982537678446,172.62844463006107,170.95989500311532,172.57061767578125,97545900,0.009570668499860132,0.0027955528423390186,0.002800717166483109,0.006609900730068474
2015-02-13,172.69452848136683,173.3305493595107,172.43845388699384,173.28099060058594,93670400,0.004107969468935518,0.0027187281813627648,0.0031485787389138402,0.0072506270654231686
2015-02-17,172.9671293090362,173.72707241390395,172.71933547479566,173.55360412597656,76968200,0.0015720091690741304,0.0028010758345583895,0.0035331170478310964,0.007260592341017506
2015-02-18,173.18185657165742,173.64442174946387,172.91752641065045,173.57008361816406,80652900,9.494881958058542e-05,0.0029565198384821742,0.0038363639870008467,0.007778414557241738
2015-02-19,172.97543754691904,173.8097063912185,172.8350168070248,173.44625854492188,91462500,-0.0007136556032244755,0.0030472021827133845,0.003839084566053387,0.00784664543303399
2015-02-20,173.0331782281016,174.56130712996128,172.41366855501633,174.48696899414062,140896400,0.005982260218574412,0.002253459887409452,0.0054375558190238454,0.00798525645375361
2015-02-23,174.23920742827661,174.4622344970703,173.85923585195994,174.4622344970703,74411100,-0.0001417656029260333,0.003830473674288653,0.005741138629580604,0.007997490875584292
2015-02-24,174.38782805017374,175.15602655116896,174.09046292139425,174.95777893066406,72472300,0.002836384561702391,0.00412751086991604,0.007204281817025957,0.008059839460153333
2015-02-25,174.8339377101534,175.31302682594247,174.4704899254886,174.8091583251953,73061700,-0.0008498265478110968,0.00443245205744337,0.007163705594107834,0.008669968289260277
2015-02-26,174.7182566612815,174.87520113297848,173.99961684898244,174.6026153564453,72697900,-0.0011822325883890997,0.0045659351629001085,0.008792069066507405,0.0086741224597618
2015-02-27,174.50356550632455,174.7678958126595,173.95840630644352,174.00796508789062,108076000,-0.0034115478912942836,0.007591111074126754,0.008881614957200119,0.008692742498501532
2015-03-02,174.1069946946203,175.16429017790526,174.0574359382095,175.10647583007812,87491400,0.006293147683731071,0.006964815149178231,0.00985452195821689,0.009039800518024367
2015-03-03,174.67694218695533,175.15603116282256,173.52878480470744,174.38783264160156,110325800,-0.004112480139983902,0.00908373513861581,0.00982914309605076,0.00919230031672676
2015-03-04,173.7931306588669,173.86748140808916,172.68627626062957,173.6527099609375,114497200,-0.004224357130162023,0.009208625396379818,0.010630630045887754,0.009180576830993834
2015-03-05,173.9748649116038,174.12355381496485,173.3388439366605,173.84271240234375,76873000,0.0010935537455356893,0.012232633472010528,0.010722925546901012,0.009225511271790979
2015-03-06,172.98361779581307,173.41314802743403,171.06727444635007,171.39767456054688,188128000,-0.014164499946186225,0.010891515690821408,0.009886784357387502,0.008797912229142796
2015-03-09,171.59596916334027,172.46327285150772,171.43902465475077,172.10809326171875,89818900,0.0041362898710472894,0.012712032818620935,0.009916902882995135,0.00877308440178257
2015-03-10,170.74514307546252,170.82773680839537,169.27482842335175,169.31613159179688,157121300,-0.01635515995554833,0.009304756285726839,0.008242916132593333,0.007908210217618946
2015-03-11,169.57219189746775,169.74566016162228,168.83704088073142,168.91964721679688,110145700,-0.0023444270620783586,0.009489857342623835,0.009807441975626777,0.007904458916520196
2015-03-12,169.54746318445234,171.13340699998056,169.497904409586,171.0673370361328,93993500,0.012634121226821105,0.009487106660180855,0.008950542416809298,0.007515085540007455
2015-03-13,170.79467305582406,171.75283834092306,168.9857029767861,170.01821899414062,162410900,-0.006151660965510223,0.008454566268132308,0.008747946557689764,0.007443210047336499
2015-03-16,170.74515462838175,172.3806568570192,170.0430385291803,172.289794921875,136099200,0.013272311374163914,0.007555654952886001,0.008566225340939352,0.006869398794079386
2015-03-17,171.55460667379185,172.15759251056483,170.96813201877035,171.7776336669922,94510400,-0.0029771003623473772,0.008089685259328079,0.00899740122367143,0.006876425741673567
2015-03-18,171.30684628378546,174.51178095757123,170.67081270488325,173.84271240234375,228808500,0.011950125819638334,0.00845377275897362,0.007924924609240562,0.0063581929058873065
2015-03-19,173.42966934545456,173.850931375652,172.66147081514595,173.04969787597656,117917300,-0.004572114490351716,0.008449197707611341,0.008032181428972213,0.006811128990199191
2015-03-20,173.9964219067773,175.08332706439776,173.813886863184,174.57720947265625,177715100,0.008788280743980798,0.006396024349810794,0.0077727794952215925,0.006832670093400566
2015-03-23,174.5854567022096,175.1579516761038,174.2369842529297,174.2369842529297,71784500,-0.0019507539184970778,0.009920050964275798,0.007783082230331706,0.006824153405011013
2015-03-24,174.11257043384242,174.5688953590549,173.191602819688,173.2579803466797,77805300,-0.005634651412002075,0.010325181580502444,0.0077472100484981396,0.006780595866385984
2015-03-25,173.46541912579568,173.69773415857858,170.6776260721813,170.71910095214844,159521700,-0.014762178289498088,0.007866827573265995,0.005966769919394713,0.005767952258789594
2015-03-26,170.05534076691788,171.22520830472868,169.35838305008411,170.3125457763672,153067200,-0.0023842676905661397,0.007878980657355808,0.005911596232308924,0.00570557020814692
2015-03-27,170.19636661978635,170.87671404274337,170.00552650267113,170.70248413085938,118939000,0.002286928670256966,0.008278636469115851,0.006293946204769986,0.0058414148008470515
2015-03-30,171.73135707604655,173.0837725574656,171.71477218612802,172.7850799560547,96180400,0.012126327488837461,0.006127589494361434,0.005117423228680285,0.005276379411005361
2015-03-31,171.963646532205,172.66060427186957,171.21692146997367,171.27499389648438,126768700,-0.008778093542094051,0.0044064566234877315,0.004019004410536186,0.004924434602542318
2015-04-01,171.24186786965754,171.26675786924955,169.68202704069807,170.66937255859375,137303600,-0.003542225171975495,0.0034690272131077337,0.0036414599416706175,0.0054311932977741655
2015-04-02,170.60296489926685,171.73135776912642,170.42042982765565,171.2833251953125,86900900,0.0035908668097081615,0.0036312401120153965,0.005631251492243377,0.00585647298685082
2015-04-06,170.39551652393973,172.9509945167097,170.262774121107,172.43658447265625,114368200,0.006710484743919475,0.004492488681405664,0.005954030257689195,0.005721195973324805
2015-04-07,172.46148275849654,173.20820786869345,171.94707268970402,171.98025512695312,81236300,-0.002649868184463631,0.003942473985824809,0.005872942878933916,0.00631785272365842
2015-04-08,172.20423971106177,173.00074463141883,171.81427969330997,172.56100463867188,89351900,0.0033711495808364665,0.00405938166373328,0.0059577049225718395,0.006353913231487841
2015-04-09,172.3950959634002,173.5566711080269,171.90557591389464,173.32435607910156,85548900,0.004413905683559891,0.00400338822385578,0.005875882161670809,0.006338889564337344
2015-04-10,173.57327279212356,174.31170543599447,173.37415285413942,174.2702178955078,72722900,0.005442341289848831,0.006288682387520288,0.005698297527177572,0.006890506859671136
2015-04-13,174.1291903395314,174.75977064265913,173.43224515628404,173.48202514648438,74436600,-0.004533078445904271,0.007709422250984958,0.005661527270384335,0.006900116151133504
2015-04-14,173.28288096153133,173.99642359516923,172.6606058505757,173.8138885498047,75099900,0.001911128183437049,0.007715061061931628,0.005702993318312222,0.006929320091711007
2015-04-15,174.27847263589555,175.0998674631492,174.19549757890078,174.59375,99529300,0.00447672591725838,0.007777445929806083,0.005756335846999291,0.006853243814623384
2015-04-16,174.26191135152382,175.05012391611444,174.06277876943213,174.54400634765625,68934900,-0.0002849514369383224,0.007835182565112066,0.006593650774980434,0.00724131260626619
2015-04-17,173.35755579846713,173.59816327762158,171.7562278847155,172.53614807128906,191113200,-0.011570126667991393,0.0037968997534403416,0.006363971960954996,0.006667188971688157
2015-04-20,173.45716995112807,174.44451548892474,173.37420750422365,174.11264038085938,92189500,0.009095679724588069,0.003559482515436178,0.00579744010236392,0.006417386781175333
2015-04-21,174.7928932447818,174.95053826659614,173.6064283504393,173.90512084960938,72559800,-0.001192580258614604,0.003459712863820929,0.0069720881101420894,0.006406386122445897
2015-04-22,174.24532765331014,174.94228541591448,173.324359960795,174.75975036621094,78264600,0.004902307623953803,0.0037453754646459077,0.006801043954147516,0.0063402937695218875
2015-04-23,174.36151849374383,175.8466891674251,174.24536095448013,175.19952392578125,102585900,0.002513285535579209,0.005433936591849086,0.00690608616768691,0.006347404656417099
2015-04-24,175.6143842078456,175.87158929816246,175.1580464700788,175.6060791015625,61327400,0.0023178384511917975,0.008035188098758674,0.008211386977368309,0.006365737760344817
2015-04-27,176.17021507638887,176.29466502117256,174.68504488080637,174.87588500976562,79358100,-0.00416680584482385,0.007929386064494308,0.008248273314196385,0.006772260389387883
2015-04-28,174.85103608471604,175.4816037200731,173.68115568812917,175.43182373046875,86863500,0.0031740048737555313,0.00930373270752812,0.00820882883685317,0.007066689910924251
2015-04-29,174.54399554046685,175.30731806756097,173.9051356170558,174.70994567871094,125684900,-0.004123353096426846,0.009303835397730071,0.008121407525569035,0.006999509460509319
2015-04-30,174.13746218128156,174.52742224365647,172.26233184044423,172.95928955078125,161304900,-0.010070899273848955,0.008501919076374048,0.007949111239586984,0.0067438861678548205
2015-05-01,173.73920137750798,174.87589915945125,173.63964141362536,174.83441162109375,103399700,0.010783060377548573,0.009234117465322805,0.00729362987472968,0.006321786309865446
2015-05-04,175.25757748874994,175.9130477655993,175.1497250669073,175.33226013183594,70927200,0.002843496462384292,0.009450387095197499,0.007302072722648311,0.00629554722191552
2015-05-05,175.09162144791608,175.44839909533542,173.183308572984,173.32435607910156,113326200,-0.011518073414997436,0.007591044803074186,0.00592575849772111,0.005698941035155515
2015-05-06,173.8719109567246,174.1788958718779,171.54874867878237,172.6107635498047,135060200,-0.00412559177110621,0.007086665128082951,0.0056267452179642585,0.005970631259980866
2015-05-07,172.5112563713364,173.7226241798103,172.17938137022506,173.29946899414062,88244900,0.003981994688600884,0.008066070675344279,0.005601266647659625,0.00593152486704884
2015-05-08,174.96710018870817,175.78020245859915,174.88412514352538,175.58106994628906,155877300,0.013079740629478236,0.005866901095923311,0.004228377353284312,0.005257547369186843
2015-05-11,175.5396971735505,175.80519468415648,174.66850933332694,174.74317932128906,75708100,-0.0047835239751518425,0.004994656569979352,0.0053648054115066806,0.005171745586812429
2015-05-12,173.9134587041349,174.75975644947212,173.0920509518764,174.22044372558594,119727600,-0.0029959339723071633,0.004386153552405496,0.005988502093758436,0.005829130375561455
2015-05-13,174.62699413270371,175.24926925428832,174.02131655922287,174.25363159179688,94667900,0.00019047538202692955,0.004539175219659268,0.0060297447501697415,0.005867236823722882
2015-05-14,175.26582296579826,176.16190043598417,174.99202046155673,176.0706329345703,95934000,0.010373347324972578,0.0017685402044111103,0.005469524547928131,0.0056335102937027344
2015-05-15,176.261474609375,176.4025220938169,175.78024707763444,176.261474609375,76510100,0.001083305718565145,0.002401360675896608,0.005508373285836238,0.005681059288249072
2015-05-18,176.09550910230482,177.05795135234536,176.02913159192002,176.80905151367188,74549700,0.0031018014974924933,0.005147335694722369,0.005368709521717205,0.005788224598545289
2015-05-19,176.92528021508664,177.19908280806544,176.46894256012197,176.75103759765625,72114600,-0.000328170052689468,0.007421220194703414,0.005480197162000095,0.005810606915192987
2015-05-20,176.85055102371675,177.3732660782015,176.31125108448646,176.6265411376953,76857500,-0.000704608739225866,0.007429284653331793,0.006033015722134119,0.006302308297993833
2015-05-21,176.48551842661584,177.34840098253736,176.31956827412938,177.14097595214844,64764600,0.0029083234169745174,0.0075370500716083234,0.0058490090878920735,0.006336811593920169
2015-05-22,176.75930935079924,177.17415941398292,176.65145694332057,176.71783447265625,57433500,-0.002391584828255508,0.007768706893708816,0.006013738730143624,0.006433472551349375
2015-05-26,176.22831309072097,176.65146828487644,174.40297522756453,174.8178253173828,124308600,-0.010809871511967661,0.005756232753740568,0.005195415028034131,0.005910700733455579
2015-05-27,175.27414079278412,176.7095183772556,174.8675831984737,176.47720336914062,93214000,0.00944727512773175,0.0035193815540685036,0.0057784000518956305,0.005769216056039422
2015-05-28,176.1701958658901,176.38591330006497,175.58940841986788,176.27806091308594,74974600,-0.001129068775857403,0.004964973144957754,0.005915013698046897,0.005799944568824687
2015-05-29,176.21170925672558,176.25318413307215,174.91737914129027,175.18287658691406,124919600,-0.00623220252434442,0.004431383489956856,0.006089573895695308,0.005633668747877056
2015-06-01,175.84668843730105,176.1785635023273,174.75147793431438,175.53970336914062,93338800,0.002034809993641851,0.004405564618268669,0.006121477179227094,0.00731891624398628
2015-06-02,175.0833377129909,176.0540854164766,174.46106257022674,175.3654327392578,91531000,-0.0009932635705652629,0.0045145350985490605,0.0064698443805321125,0.00735662550243681
2015-06-03,175.89644040068288,176.45233800913786,175.34054279222792,175.83006286621094,87820900,0.00264599292331929,0.007919618222054102,0.0064217463490259,0.007591890178223291
2015-06-04,175.12478391204863,175.78024133719322,174.02957384242922,174.34486389160156,151882800,-0.00848266261690502,0.006770792669862842,0.006620554987828451,0.007374911225766692
2015-06-05,174.19548247550782,174.71819743677787,173.39067260126015,174.046142578125,121704700,-0.0017148627899958204,0.007895241798304163,0.006810511297056452,0.007389655351610613
2015-06-08,173.9383617105217,174.0877143403882,172.90123638724768,172.9759063720703,89063300,-0.00616813601594106,0.007552829366644866,0.006417812508279777,0.00740992107525125
2015-06-09,172.9510040283203,173.49031675404825,172.32043643447227,172.9510040283203,105034700,-0.0001439745972014341,0.007822311758769471,0.006390213658495137,0.008334566553816817
2015-06-10,173.71429518187028,175.40689037129914,173.65622276176234,175.0252227783203,134551300,0.011921753023519076,0.005464398662103303,0.006017172052252957,0.007818887932765558
2015-06-11,175.46498440269264,175.971102001252,175.23266937321156,175.58944702148438,73876400,0.00321848900696176,0.007259894339002359,0.006002356526841705,0.008353991798587338
2015-06-12,174.7680612814801,175.46500645752488,173.9715434658424,174.24534606933594,135382400,-0.007684241776476229,0.0063731392732769045,0.005425694691151796,0.008577586106364526
2015-06-15,173.1086208896227,173.78067591599498,172.40337077095992,173.4985809326172,124384200,-0.004294920639336144,0.005474637437705486,0.008695036880166422,0.008557243625834989
2015-06-16,173.34920223470553,174.52738728945883,173.17497233718007,174.4444122314453,85308200,0.005436716054872723,0.005489074856592606,0.008468667117466327,0.008483125450246343
2015-06-17,174.72654724121094,175.33223745113244,173.7060196267391,174.72654724121094,126708600,0.0016160282721820421,0.007117883582516063,0.00896468154659781,0.008652203224787021
2015-06-18,175.32394929798113,177.00823971096892,174.75975923225266,176.54360961914062,165867900,0.010345761231452645,0.0048149801327432434,0.008041881494968008,0.008347122640521893
2015-06-19,176.30179312772805,176.37682630299184,175.38467857961558,175.75985717773438,130478700,-0.004449310371456955,0.0045995235292157375,0.008006219433774107,0.00827597490495869
2015-06-22,176.67701763935042,177.24395207329624,176.4519053332587,176.66033935546875,70696000,0.005110286789851178,0.008940867033646447,0.008127345851604269,0.008253919467904694
2015-06-23,176.86871802698082,177.11884131971792,176.39349522039953,176.78533935546875,68476800,0.0007073223000908935,0.009225183523372748,0.009334466116168533,0.008261082493118452
2015-06-24,176.51862399503057,176.89380272943305,175.47645377624346,175.50146484375,92307300,-0.007288835008611326,0.01101550270861483,0.00937881316944055,0.008194338246062168
2015-06-25,176.00161027900472,176.1266655445187,174.89274027819164,174.9677734375,97107400,-0.0030455843793435163,0.011048173506484914,0.01053381798100976,0.008495749803830704
2015-06-26,175.3262770635035,175.568067543893,174.38416436092308,174.93443298339844,104174800,-0.00019057012839958536,0.010976287044724517,0.011215591581498013,0.008580167446697587
2015-06-29,173.45875114834269,174.9427999864751,171.19098855307968,171.26602172851562,202621300,-0.021193204746499748,0.0046025922276574024,0.008418047404465263,0.007579261889486084
2015-06-30,172.80014629128402,172.85018114556345,171.1493523105692,171.6245880126953,182925100,0.002091433271681059,0.009873974635847226,0.008466772777521225,0.007691305128253911
2015-07-01,173.1919998852783,173.44212326454112,172.2165301557765,173.000244140625,135979900,0.007983542137709378,0.00874627885919479,0.008467426030544248,0.007523938842940009
2015-07-02,173.47545965044043,173.6422043099479,172.4249441241193,172.84181213378906,104373700,-0.0009162102471024473,0.011106161795206983,0.00841148511206402,0.007532343985857498
2015-07-06,171.5578071054906,173.12522164882452,171.35770594766598,172.349853515625,117975400,-0.0028503524284998662,0.011863599000345343,0.008240777709701955,0.0075466059388077916
2015-07-07,172.54991240982977,173.5587252858316,170.17376103963295,173.4336700439453,173820200,0.006268778028757873,0.011758343824343978,0.008395684542616305,0.007452815624544813
2015-07-08,172.09974701259733,172.38321413911234,170.29054180377048,170.52398681640625,164020100,-0.016919249098866457,0.0056469020701889186,0.005524977044912581,0.006267354395765265
2015-07-09,172.61668341636218,172.87515224406943,170.72411199229873,170.83248901367188,144113100,0.0018075080046882402,0.005197084130996138,0.0062076682255093,0.006618995525126489
2015-07-10,172.82510865174763,173.40038845669895,170.87416970419113,172.9835205078125,129456900,0.0125128528070049,0.004757118292345615,0.0063513145395717955,0.006040292679093069
2015-07-13,174.24244832829405,175.00113823296545,174.20075899419595,174.89276123046875,106069400,0.010976660340162212,0.0034657893362375672,0.005341276761663441,0.006194364138469006
2015-07-14,174.85114022385267,175.96001079082825,174.79277258894697,175.65151977539062,81709600,0.004329037847704695,0.0043449601336653584,0.006694964782280946,0.006442370896460649
2015-07-15,175.69322970001156,176.15178716438473,175.11794967396202,175.5931854248047,97914100,-0.0003321578959547328,0.00450470433827611,0.0071053045530289636,0.006453274111930807
2015-07-16,176.64368408537769,177.002197265625,176.4019061857077,177.002197265625,106683300,0.007992273354698527,0.002811419976345339,0.006546506667094739,0.006143952480689934
2015-07-17,176.99379455908894,177.21057404232326,176.58527209631774,177.15220642089844,89030000,0.0008471399066794377,0.004151151316983612,0.006527116573159194,0.006216065092138899
2015-07-20,177.37735835107748,177.735858773829,176.92714644686333,177.24395751953125,70446800,0.0005177883398205326,0.003181411826593344,0.006546957217158864,0.0063700596167818
2015-07-21,177.11054402998832,177.36901289331283,176.2434641305146,176.54360961914062,77965000,-0.003959148824114113,0.008666945083173911,0.006487812461705839,0.006343919750086575
2015-07-22,175.8599150166322,176.56026287200874,175.82657117675748,176.2267608642578,88667900,-0.0017963461027116726,0.009605285784636725,0.0066272380843096276,0.006558979751172214
2015-07-23,176.36018313968574,176.4602273932913,174.87613400945932,175.23463439941406,90509100,-0.005645735853172975,0.00917871484737598,0.006889250252813966,0.007935327488915442
2015-07-24,175.33470989252405,175.3930648060229,173.08362489603817,173.4171142578125,117755000,-0.010426086275321884,0.00713962804207517,0.006053357712741212,0.010107939508737151
2015-07-27,172.53331692506057,173.04189635575844,171.96636987227896,172.4082489013672,132361100,-0.005834553077375026,0.006487122528407546,0.006828936506222867,0.013576852862319641
2015-07-28,173.24199465957545,174.66768879097515,172.4166041766928,174.5259552001953,123544800,0.012208266443324536,0.004018527060119026,0.006537420788245955,0.01308778745482386
2015-07-29,174.65103579980737,175.9516620887631,174.50930218850357,175.7265625,105791300,0.006855693772691308,0.0025599323577481232,0.006076340649947724,0.016096174012136547
2015-07-30,175.21790458113688,175.9349178199003,174.60093555929006,175.76817321777344,91304400,0.00023676438785264473,0.004128625708916875,0.006064092154535692,0.017298078283722467
2015-07-31,176.26850059816078,176.29351166566732,175.21799759747296,175.50146484375,103266900,-0.0015185395854129505,0.004112051793726092,0.006234590779303171,0.017307830262683763
2015-08-03,175.46806861139632,175.52642351088926,173.9589958987843,174.90945434570312,113965700,-0.0033789532739497002,0.0077451042015449926,0.006417435198804897,0.017349349647237312
2015-08-04,174.83446167232952,175.29301908230389,174.0841042536832,174.5676727294922,81820800,-0.001955960483230948,0.008926431142231222,0.006462471297092041,0.01838843786206561
2015-08-05,175.4596942497766,176.1767075371848,174.85940346395583,175.14288330078125,85786800,0.003289640990823615,0.008740947247925531,0.006846414147124329,0.01904504606132187
2015-08-06,175.32632990270608,175.43471964877418,173.12526747125386,173.70889282226562,116030800,-0.008221248412527398,0.007828838753141906,0.00919811977301064,0.0190361792060659
2015-08-07,173.5504410615659,173.70050739381094,172.4749147932834,173.37535095214844,117858000,-0.0019219655099522411,0.007829510641251968,0.012859073917764996,0.01922264837050981
2015-08-10,174.4842726082692,175.64316516294912,174.4842726082692,175.55979919433594,80270700,0.012520818148319342,0.0056876378098099116,0.01605348056834694,0.019956290911318772
2015-08-11,174.22583137864711,174.64269942277045,173.2170051142753,173.9757080078125,126081400,-0.009064040700842504,0.003457811875245225,0.016049052480727317,0.020048078928205794
2015-08-12,172.67502226681563,174.36750492522754,171.2159846149572,174.18408203125,172123700,0.0011970023780990867,0.005374957877456729,0.02209192923198256,0.02012176705334106
2015-08-13,174.025685828599,174.7093553533563,173.42539498015836,173.9673309326172,89383300,-0.0012451543700023019,0.010696094054571949,0.024245036644659997,0.020193138749672712
2015-08-14,173.77557948836994,174.67601584894675,173.63384590223302,174.60098266601562,72786500,0.0036357431624062923,0.014436749881929741,0.0241358989359012,0.02013394298512866
2015-08-17,174.00904675741438,175.5764617919922,173.55048941147336,175.5764617919922,79072600,0.0055713562632525495,0.01638976449476494,0.02385859238261879,0.020350085093707615
2015-08-18,175.30128558356714,175.65145309465998,174.83439556877664,175.06784057617188,71692700,-0.0029010685136281514,0.014256781826959051,0.024968553839929342,0.020514688124263
2015-08-19,174.32586652045595,175.09290215490807,172.87517394473667,173.68389892578125,172946000,-0.007936585015050962,0.030990610652528592,0.02648914970191238,0.020473129579999836
2015-08-20,172.17479724965054,173.65884614356457,169.998746027617,170.05711364746094,194327900,-0.02110263096326133,0.03475894490445324,0.026038082876929807,0.02027234726199789
2015-08-21,168.18956903137342,170.03213129099785,164.67954740121536,164.93800354003906,346588500,-0.030564676086474705,0.03160919012356253,0.02473400673988619,0.019154294176211305
2015-08-24,156.31719117881585,164.6462069534633,152.07346461980424,157.9929962158203,507244300,-0.043018962876611624,0.021598978873083357,0.021539086136118192,0.01662486329578873
2015-08-25,162.93698748683326,162.95366576557146,155.84190013873254,156.1337127685547,369833100,-0.011837931044024847,0.026868855132565893,0.021678293844401442,0.01635084970647623
2015-08-26,160.1440002975013,162.4034175624489,157.0508343737949,162.1282958984375,339257000,0.03767519854334779,0.021965334145518385,0.018225440350748606,0.014042754836447402
2015-08-27,164.26268936314614,166.26365090686062,162.75362906333933,166.1385955810547,274143900,0.024434381353517682,0.017798196313642774,0.01633592692991645,0.012798508973161319
2015-08-28,165.49661374788724,166.6138170544639,165.01304528941307,166.1469268798828,160414400,5.014542173345747e-05,0.0182863445619808,0.016345337564188454,0.013870931653119234
2015-08-31,165.17147241350207,166.0218868652278,164.25435754185625,164.80462646484375,163298800,-0.008111808280735176,0.023025819377510748,0.016729282800413386,0.013826994618438428
2015-09-01,161.01106433624992,162.3867361308454,159.0184361505627,159.88552856445312,256000400,-0.03030257758263376,0.018270201139380462,0.012877250248982052,0.012882673515967166
2015-09-02,162.2616905798971,162.96203846399754,160.4274739883416,162.92034912109375,160269300,0.018803312969150388,0.01627043134065424,0.011927156050504513,0.012140901726594074
2015-09-03,163.62902429870644,165.12141887676555,162.54517766608922,163.03707885742188,152087800,0.0007162269136926891,0.016375296829259003,0.013320420427656837,0.012621138063038304
2015-09-04,160.7859475318908,161.62801607554673,159.7521106023959,160.5691680908203,207081000,-0.01525284901751605,0.014134724182940499,0.012156838091212792,0.012655684288698203
2015-09-08,163.36224883448918,164.75458655536866,162.72026849359887,164.60450744628906,116025700,0.024820868537344352,0.009924047289999197,0.010171989819505895,0.011467516473740667
2015-09-09,166.18026284486263,166.3053181540487,162.03659397647715,162.40342712402344,149347700,-0.013462141625014608,0.00599152503886039,0.009242786353034708,0.01111036506816282
2015-09-10,162.21165920366735,164.42939981290357,161.9532031029294,163.2871856689453,158611100,0.005426995309448125,0.00691447737839222,0.009083779468979352,0.011205836658998011
2015-09-11,162.89530883762922,164.09589045579688,162.18662830079998,164.02919006347656,119691200,0.004533874383308919,0.011387892514298996,0.00888363572067753,0.011186322456610467
2015-09-14,164.20430715869924,164.25432928458272,162.9370248418414,163.42059326171875,79452000,-0.0037171959398086714,0.011409288584981345,0.01169635232900608,0.011122201813014454
2015-09-15,163.92085522015572,165.90515121022568,163.37893184357856,165.46327209472656,113806200,0.012422045072949736,0.010993154739763172,0.010418406023371803,0.010954794047778613
2015-09-16,165.76339385199034,167.08903100857285,165.4215590465416,166.8972625732422,99581600,0.008629179623721726,0.008900637463270909,0.01215505935399486,0.010854973985274333
2015-09-17,166.76387002000322,169.15668815047755,166.14690083072153,166.52207946777344,276046600,-0.0022505188902686513,0.008790215594001479,0.012321799768991015,0.011353953711959932
2015-09-18,164.01877931187536,166.50783687324343,163.39022645170527,163.80087280273438,223657500,-0.016476410173909155,0.0066546377807194445,0.01259290658955036,0.010608049742400231
2015-09-21,164.63055861904252,165.66975777619078,163.5997355626022,164.64732360839844,105726200,0.005154253783924792,0.01055846804434637,0.013751602706908984,0.010585401965360623
2015-09-22,162.48506704497171,162.97114933314833,161.3788081571345,162.5102081298828,153890900,-0.01306493459715706,0.010935590859621903,0.012970725414289966,0.010032107649316595
2015-09-23,162.67785382616628,163.1471712270909,161.67217185447925,162.2504425048828,92790600,-0.001599736174260413,0.015655589921587044,0.013038215435749591,0.010179296711765908
2015-09-24,161.03525019150445,162.12474445816738,159.70272109335767,161.66380310058594,159378800,-0.003622193550682387,0.015746307363278197,0.012940587283166776,0.010589191574244611
2015-09-25,163.12202764694086,163.42373351263564,160.7502868003842,161.62188720703125,155054800,-0.0002593117793100316,0.01724945089935011,0.01291048971245825,0.010696116280908758
2015-09-28,160.7251729410433,160.8341262073183,157.25556129169289,157.56564331054688,178515900,-0.02541742319339233,0.008566585409202913,0.007878313294390763,0.00839547176865622
2015-09-29,157.78353990565944,159.01550458938314,156.6605156934075,157.65782165527344,159045600,0.0005848444522615466,0.009858442932810884,0.008751675167875263,0.008480688012735979
2015-09-30,159.5434342791708,160.7670225082803,158.76403506104677,160.5994110107422,163452000,0.018486135263758433,0.008650423551109954,0.008215949868387083,0.008004519226002356
2015-10-01,160.97660282342954,161.32021483947682,159.08256786590152,161.0185089111328,131079000,0.0026061864818295254,0.008117520369007725,0.008931455568756528,0.008071806864116609
2015-10-02,159.04061688143545,163.44886240141275,158.4958634709605,163.42372131347656,211003300,0.014827024608605348,0.008161508565625714,0.008264726504849895,0.00787398004484931
2015-10-05,164.64736130247695,166.55816131242932,164.53840802862976,166.33187866210938,126320800,0.017638716360413885,0.005333912006094777,0.006806123100345244,0.007402713416394463
2015-10-06,166.19776314261216,166.75926885770076,165.09989280505525,165.761962890625,110274500,-0.003432260762840626,0.006283900526588455,0.006631562378687423,0.007250765300172617
2015-10-07,166.69218957934794,167.4716016642994,165.50213120205433,167.11961364746094,124307300,0.008157004654627738,0.006020619181859952,0.006860825403713151,0.007282636623919805
2015-10-08,166.73414136871068,168.91313001848616,166.4324354447101,168.62818908691406,153055200,0.00898642123244794,0.008516335640307376,0.008155488993677603,0.007168407402839078
2015-10-09,168.77068111686847,169.20646867215115,168.10022200142993,168.72877502441406,107069200,0.0005963175578463801,0.008636085376682107,0.008598538510519865,0.007185725086980815
2015-10-12,168.80414255469205,169.08908342854323,168.3767312439153,168.88795471191406,56395600,0.000942960968902301,0.008651172271046394,0.00875597311937463,0.007631122114464583
2015-10-13,168.15881617556323,169.42431063021064,167.65598162169104,167.82359313964844,88038700,-0.0063221182890391015,0.007705801703651875,0.008355350760700436,0.0073999725475325726
2015-10-14,167.76490977995587,168.34318034427724,166.72571077201667,167.01902770996094,99106200,-0.004805642579460554,0.008074365810007374,0.008209379556550682,0.007360261444751649
2015-10-15,167.68107331608653,169.59187219140185,167.3123204124405,169.58349609375,134142200,0.015237663545548959,0.00867537961605874,0.007448910225699919,0.007516586803605663
2015-10-16,169.98581547086303,170.37132068160702,169.22316836151685,170.3545684814453,114580100,0.004536554098866985,0.009418920369293458,0.007784870546327332,0.007904846940484496
2015-10-19,169.70920702914214,170.43832397460938,169.3991251627592,170.43832397460938,76523900,0.0004915331082567717,0.00978921548243494,0.008298161740618863,0.008612677129019846
2015-10-20,170.00258054949444,170.83226203580736,169.75115687960545,170.22047424316406,78448500,-0.0012789909568278663,0.009873879493549856,0.008140488428948994,0.008607410875869732
2015-10-21,170.63953499864772,170.79038155042025,168.9969111921257,169.16453552246094,102038000,-0.006222679833419358,0.008634436494386064,0.007757597884882769,0.009082203753050877
2015-10-22,170.1115392319672,172.2318564832243,169.16452830328043,172.0223388671875,174911700,0.016752521243263405,0.0070258259632969425,0.006472793489487951,0.00836932339813104
2015-10-23,173.6901262741854,174.2767731177643,172.89396178733242,173.90802001953125,144442300,0.010902193353047103,0.006242851518677978,0.0057661445834012014,0.008059490730090189
2015-10-26,173.73201452401705,173.79067280838166,173.1118377599379,173.4805908203125,69033000,-0.002460814209657775,0.007684573477249168,0.006608561038873616,0.008040002976235654
2015-10-27,172.8100889227646,173.4805477033603,172.4664770393679,173.14532470703125,77905800,-0.00193445557768889,0.007155492646719232,0.006569425822868385,0.008021181928188672
2015-10-28,173.4805724101665,175.1399482178146,172.81850242234762,175.11480712890625,135906700,0.01131053047880898,0.006439669969433747,0.0055931347646837664,0.007619662995886405
2015-10-29,174.61198147797265,175.3830047490535,174.49465212776337,175.01425170898438,90525500,-0.000574390614822275,0.006474015765669673,0.0070317240048852845,0.00762149758530955
2015-10-30,175.20700293085025,175.5254737879926,174.10075660741566,174.25997924804688,131076900,-0.004319091227666229,0.005848560852923833,0.007616480413749316,0.007616656848293037
2015-11-02,174.58681062981634,176.51436208500124,174.46109241234478,176.3216094970703,86270800,0.011761336478765027,0.004538856337702516,0.008352945980726698,0.007450078242354707
2015-11-03,175.9696437316192,177.3859847602942,175.74336114194094,176.83285522460938,95246100,0.002895311461415882,0.004377461505466506,0.008179613578197228,0.007761452808355679
2015-11-04,177.1262031778266,177.2519086361511,175.76014418697665,176.2965087890625,96224500,-0.003037679120640129,0.004432314711481606,0.010028876813439882,0.008319435195540037
2015-11-05,176.35514207934628,176.81608334110962,175.23213085100582,176.1204833984375,78408700,-0.0009989609420970054,0.0066264106664715595,0.010028635904867352,0.009494867422928648
2015-11-06,175.77692463253484,176.26300709402958,174.70419533404373,176.02833557128906,110471500,-0.0005233459508468256,0.006508510934036581,0.010125589622321287,0.009587854601585446
2015-11-09,175.4165194582403,175.56737878519792,173.43867273416632,174.3856964111328,131008700,-0.009375487523404209,0.01167762585357285,0.009632832452415118,0.009475592870938737
2015-11-10,173.90795700910348,174.8214633216322,173.6397811726082,174.78793334960938,75874600,0.0023039375377760895,0.011450113515276377,0.009617282170666139,0.00959993326771056
2015-11-11,175.05615355217398,175.10643573134107,174.03370661597697,174.1007537841797,67846000,-0.003939253288470265,0.01411327341337563,0.009502166673609463,0.009597586060778472
2015-11-12,173.06154914702296,173.53086655626646,171.65359691929243,171.67034912109375,121315200,-0.014058113413088475,0.011618259722257511,0.007959250410916135,0.010076188573433545
2015-11-13,171.2596546572264,171.5278304780325,169.65893746712666,169.74273681640625,153577100,-0.01129208496521388,0.00827475093771843,0.006850519339791939,0.009833837430163299
2015-11-16,169.55841348926387,172.38270671213425,169.44107135405784,172.32403564453125,117645200,0.015092654621147769,0.007215363393191568,0.005916328526568221,0.009510098933811915
2015-11-17,172.6341492455715,173.51411305218159,171.70389046640724,172.19834899902344,121123700,-0.0007296283590611947,0.006980092996014831,0.0071255033118297235,0.010056736102871043
2015-11-18,172.6760538291458,175.07293615993984,172.63416053119036,174.9304656982422,121342500,0.015741551843059146,0.0019690943474147795,0.006726320365097847,0.009999389049895252
2015-11-19,174.81308872002745,175.1986067021689,174.4862417997517,174.77957153320312,88220500,-0.0008629673634651206,0.0018029674837373296,0.009425698680919692,0.010700412518007523
2015-11-20,175.53381797540212,176.0953235296875,175.03935957821705,175.41648864746094,94011500,0.0036374927587821786,0.0022354846046149504,0.009567316553303057,0.01087025636831721
2015-11-23,175.47520813820526,175.97804277333833,174.75446698536746,175.2154083251953,64931200,-0.0011469597948472801,0.0049683337744595895,0.009773370090714315,0.01112609387550267
2015-11-24,174.2096590279183,175.852282346992,173.82415387360422,175.45001220703125,98874400,0.001338049907985275,0.007260333774029656,0.009954663011621926,0.011513787246278157
2015-11-25,175.57572749693176,175.77686897218496,175.1650684470999,175.4248809814453,51980100,-0.0001432489249973914,0.009338232158490818,0.010045822861053986,0.011516234707526482
2015-11-27,175.5170995987319,175.8271943811606,175.03940606095202,175.6260528564453,37317800,0.001146112302404949,0.014004692588499212,0.011441683034601358,0.011514734264080081
2015-11-30,175.78523351525823,175.90256283779144,174.78792787975726,174.89688110351562,112822700,-0.004160485572228345,0.014174217900256306,0.011768748645652038,0.011756036652804025
2015-12-01,175.52546763035855,176.6820088811428,175.2489028622171,176.56466674804688,97858400,0.009490643702849978,0.01318836218332432,0.011882694914072869,0.011635200279867617
2015-12-02,176.51439684031868,176.8328677084274,174.51140894509155,174.76283264160156,108441300,-0.010257380408348045,0.012920940057234636,0.012692527037457898,0.011626607007636614
2015-12-03,175.01424632913574,175.28242221225327,171.59491750079425,172.31565856933594,166224200,-0.014101793617143796,0.011432377866680799,0.01284986916030299,0.011625200800502536
2015-12-04,172.31570246678578,175.96969091918655,172.31570246678578,175.67636108398438,192913900,0.0193154256995661,0.007905237986560466,0.01187805059171127,0.01064415607912979
2015-12-07,175.34946223361192,175.7684974241062,173.6481803832403,174.61196899414062,102027100,-0.0060772527907922294,0.009759818883128147,0.012458649680094094,0.01088699537301644
2015-12-08,173.05315446089486,174.5616708891859,172.458118874404,173.43865966796875,103372400,-0.006742201703814908,0.011913829466576589,0.012876839692034086,0.011940992220801593
2015-12-09,172.8017509958119,174.88853826661926,171.11722117910855,172.08938598632812,162401500,-0.007809962501782671,0.013240728394589348,0.013275205987460344,0.012031996780946696
2015-12-10,172.15644016941516,173.84095726678345,171.9217814530039,172.5335693359375,116128900,0.002577794593871143,0.015487524120743027,0.013284040030337198,0.011997859715480052
2015-12-11,170.42164670400737,171.0837167933455,168.8795872161852,169.18968200683594,211173300,-0.019571358118727827,0.015018057549162047,0.011368542898979405,0.011591870449028478
2015-12-14,169.3488769938021,170.1701823330511,167.57215920603662,170.04446411132812,182385200,0.005039492181496509,0.015382318859390735,0.011654829661713254,0.012590167057386843
2015-12-15,171.55299458177075,172.73467682022866,170.01932433805825,171.82955932617188,154069600,0.010443094916323009,0.015153634778807669,0.011695624762184189,0.012987126809699292
2015-12-16,172.95259575159645,174.645501651764,171.6368317866301,174.3437957763672,197017000,0.014526136246169063,0.01463403977203491,0.01111275800340579,0.012939570997095296
2015-12-17,174.65388239389682,174.72092956664895,171.67035354010022,171.68711853027344,173092500,-0.015355445640699477,0.01231560753165972,0.010940910740010915,0.012760941386999404
2015-12-18,170.94691963686665,171.08179917599455,168.46832640071943,168.62850952148438,251393500,-0.017975615076503648,0.0066573485557806875,0.009246485048994668,0.012516037408029573
2015-12-21,169.8003255285047,170.19656384250655,168.6874827238922,170.01951599121094,99094300,0.008215103517131866,0.00701310218423672,0.009702987720767409,0.01239725729006833
2015-12-22,170.9047782313083,171.857438219146,169.91840157192314,171.56236267089844,111026200,0.009033600832912166,0.00858096025063506,0.01130189826442253,0.013241908467296311
2015-12-23,172.56557498754754,173.7289993524299,172.47283807637507,173.6868438720703,110987200,0.012307098618407755,0.007910602460510173,0.00968075083226589,0.012962983068708444
2015-12-24,173.43387600497556,173.948141849769,173.18095605664317,173.400146484375,48539600,-0.0016520207375376717,0.009523067120125725,0.009879587658803328,0.013580470366745348
2015-12-28,172.70887655655358,173.0460946385875,171.9332646766393,173.0039520263672,65899900,-0.0022874708034296316,0.009920602913764074,0.010893793797968808,0.013663634153012104
2015-12-29,174.09994421962654,175.17905768630865,174.0662275518134,174.8502655029297,92640700,0.010615543649464243,0.006262312132161227,0.010796133930081664,0.013402561253443296
2015-12-30,174.60577723904296,174.69008820124438,173.46764356955748,173.6109619140625,63317700,-0.007113037070400362,0.00931172152180431,0.013530925533434948,0.014835585712974669
2015-12-31,172.93655982743095,173.57727952894433,171.87429809570312,171.87429809570312,114877900,-0.010053560293289092,0.00927368699164601,0.01429851946264366,0.01475305000873169
2016-01-04,169.02472259585497,169.47996830831684,167.42290449220576,169.47154235839844,222353500,-0.014078363571426153,0.010786999431164129,0.014424974381623528,0.014949010696682924
2016-01-05,169.7918801127749,170.21340912285035,168.65375950399786,169.75816345214844,110845800,0.0016898352770731327,0.012591636243645404,0.014222462517128533,0.015046871631666752
2016-01-06,167.21217457398305,168.66223583088512,166.5883196857206,167.61685180664062,152112600,-0.01269412554561284,0.014861746054107117,0.01473523063618516,0.01487844258960878
2016-01-07,164.6745725350337,166.45342598970592,163.20764652208442,163.595458984375,213436100,-0.02428406380151766,0.01632747705625082,0.01541792400505708,0.014516123657799212
2016-01-08,164.55651679400643,165.11293824156806,161.51307646082637,161.79971313476562,209817200,-0.011037435303269245,0.018342697792966253,0.015749579188545235,0.014612775644034584
2016-01-11,162.7186164227053,163.05584733382375,160.02927226678258,161.95986938476562,187941300,0.0009893530367028527,0.018368036275918244,0.01651927257956627,0.014605132804048692
2016-01-12,163.40155500404893,164.01698392014976,161.14215222113893,163.26666259765625,172330500,0.008036246229847374,0.017213743166495796,0.016456004996113487,0.014425117145543138
2016-01-13,163.93260716736214,164.27826399602048,158.8152523697894,159.1946258544922,221168900,-0.025257315282381343,0.01507819982208709,0.014567770338637986,0.013637343283147186
2016-01-14,159.80168151270632,162.92942017466441,158.20830205788596,161.8081512451172,240795600,0.016283866233933186,0.016368879266308308,0.01569327122984703,0.013949606889593584
2016-01-15,157.45797250848364,159.13564997514615,156.40414983282272,158.33474731445312,324846400,-0.021699936145300112,0.014522406799967231,0.013583494378528262,0.013650247272014249
2016-01-19,160.14735061786772,160.27380420958087,156.97744336907945,158.5455322265625,195244400,0.0013303758978230205,0.01581154649152884,0.015169532690400776,0.014094501193105367
2016-01-20,155.99104099867043,158.07339555861964,152.61038261004657,156.51373291015625,286547800,-0.012898065276528304,0.015360684557676973,0.014386936604587862,0.013762672132572153
2016-01-21,156.98585390384602,159.22837866520982,155.66224651680315,157.39051818847656,195772900,0.005586337588075967,0.015343031852031015,0.014362716560972922,0.013739375074705728
2016-01-22,159.99559332480396,160.82178680616093,159.2368460469932,160.6194610595703,168319600,0.020307877435983054,0.016484869901425645,0.014387828795842428,0.013368773131308085
2016-01-25,160.11359294935863,160.30749271059665,157.99752174755105,158.19142150878906,130371700,-0.015232143123949826,0.013339900228339788,0.014216636781134917,0.01321760451235638
2016-01-26,158.84902781199466,160.62788116564204,158.51180967058326,160.34967041015625,141036800,0.01355104244167178,0.01626136669629486,0.01327086165778878,0.012926329727430241
2016-01-27,159.82692361087996,161.4961747071916,157.70241402936497,158.6044921875,185681700,-0.010943237890237396,0.015148179346995161,0.012940358641905465,0.012850371310113457
2016-01-28,160.14732966105083,160.3496553813156,157.78676430027338,159.43072509765625,143798800,0.0051958696651907875,0.015124070733946516,0.013174141020733363,0.012859526716323275
2016-01-29,160.19793252616049,163.45213789098824,160.07990488553142,163.31724548339844,210529300,0.02408509807323597,0.011791641315697142,0.012348172917187556,0.011859490460632227
2016-02-01,162.31398819603547,164.04226001473677,161.73227600136582,163.25820922851562,136061600,-0.0003615474137698131,0.011676484470515813,0.013946639142804087,0.012949570360480896
2016-02-02,161.83339418813074,161.84182013576526,159.79318282486028,160.31588745117188,182564900,-0.018186887689668415,0.010781078258157691,0.013755531140206808,0.012135532353427838
2016-02-03,161.36982129481632,161.68174880538626,157.73624142696826,161.27708435058594,205054900,0.005977741094665897,0.00937620812827579,0.013753870477288892,0.012111099488417813
2016-02-04,160.77966211046828,162.49949546847427,160.1473683537816,161.5299835205078,139531800,0.0015668753681928433,0.008512107354826572,0.0137499413256837,0.012112537172631067
2016-02-05,161.0156624789085,161.58893578129417,157.8204652481133,158.4527587890625,180788300,-0.019234284817367032,0.01380530573062589,0.012522258208882673,0.011021310934256096
2016-02-08,156.61491497348354,156.90997760538158,154.11103125730858,156.31983947753906,191526700,-0.013552335676807237,0.013790547426512678,0.012396531135515816,0.010828048365014083
2016-02-09,154.58313869535667,157.60128833397698,154.4482463076533,156.32826232910156,184513100,5.388071455333157e-05,0.014326175851956557,0.012332897140245653,0.010803997972836623
2016-02-10,157.15444498113396,158.7815407475706,156.06689295648195,156.193359375,148214100,-0.0008633192272892346,0.014883123584861274,0.012429883886557759,0.010773945027199158
2016-02-11,153.72327287933416,155.20706396689187,152.6694498292169,154.1616668701172,219058900,-0.013092886251786442,0.01118481514536126,0.011037052988599418,0.010341649361913792
2016-02-12,155.9320449597169,157.3568024628288,155.08898678876355,157.33995056152344,127632400,0.02040691804103916,0.010012581538859037,0.010687931942606628,0.009781255050523062
2016-02-16,159.14409084927416,160.02086566659136,158.18300507119434,159.99557495117188,120250700,0.0167374036094456,0.012373913607012057,0.011719879966262553,0.009384607938080724
2016-02-17,161.15903893571564,162.98004807787112,161.03257246348142,162.60910034179688,136009500,0.016203004913104967,0.010069325514150875,0.010958069103717662,0.008898977244895453
2016-02-18,162.87881866605304,162.9378389064611,161.63109630818496,161.94302368164062,102343000,-0.004104595508751662,0.010849199733040164,0.010659692199681015,0.008787783896350104
2016-02-19,161.167447593684,162.01893181353807,160.56044461143512,161.8671875,114793000,-0.0004683989596894624,0.011048820770163897,0.010553746489581593,0.008747065968259879
2016-02-22,163.44370559690904,164.3542100883974,163.37625939042303,164.2108917236328,103640300,0.014375358133817927,0.00983266660640626,0.009970332379090513,0.00836127937931829
2016-02-23,163.55326373997096,163.8230484940775,162.01889189509143,162.13693237304688,111455300,-0.012710287112659268,0.012216364337356993,0.009679045033107047,0.007584909650465989
2016-02-24,160.7122374503957,163.15710182514616,159.60783293220047,162.87889099121094,150812200,0.0045656848294771965,0.012218753329879902,0.009685762064746034,0.007896055708477396
2016-02-25,163.3256446324791,164.86001657290862,162.5668974763839,164.85157775878906,110728300,0.012038615755713166,0.011731451319599337,0.009178322683362031,0.007614238907525338
2016-02-26,165.71993371250397,165.81265775224122,164.31201539215382,164.47219848632812,129833700,-0.002303990587077556,0.011202041780539324,0.010007956164358633,0.007552200694167375
2016-02-29,164.48910068824537,165.43332184054452,162.9884579866063,163.18235778808594,125918100,-0.007873214862238747,0.009108928111471749,0.009344759004785345,0.007302450862642122
2016-03-01,164.40476411830258,167.1025604717824,163.93265361565753,167.01824951171875,141799700,0.0232347500616812,0.006455158030460193,0.006761400438476138,0.005590453529565956
2016-03-02,166.70630615822336,167.81913611307817,166.29320307592653,167.7685546875,102415000,0.004482293940894,0.006530096016673881,0.006825306831939079,0.005656176439880784
2016-03-03,167.5915456709263,168.44304274563157,167.0182722294656,168.42617797851562,95172200,0.003912162005304623,0.006251922887544308,0.006935923042126391,0.00574670648638219
2016-03-04,168.62005347841563,169.74976115952904,167.7938601054609,168.97413635253906,129293600,0.0032481229714935,0.009690612461701305,0.0069483578542031766,0.00585553745445774
2016-03-07,168.05521656875482,169.5137165001027,167.97934441899835,169.10903930664062,100219000,0.0007980459897079841,0.009815749009599126,0.006934580457440187,0.006416712176097815
2016-03-08,168.0383046320491,168.5441316470893,167.10250986057582,167.26268005371094,123974900,-0.010978198762579987,0.0073251244873411255,0.005258586842393148,0.0060950158230074205
2016-03-09,168.07209397322683,168.43460284757697,167.288043107976,168.08895874023438,94801200,0.004927844465486994,0.007368133956177402,0.0061246765240371434,0.006836569215139111
2016-03-10,168.5779422396233,169.51373746114254,166.40285029598266,168.22384643554688,156838700,0.0008021562097515595,0.007193237155481633,0.006173631070719899,0.006841082192367666
2016-03-11,169.67390440425157,170.980647308,168.2069912334791,170.93849182128906,137964500,0.016008283065030687,0.0038290579067585123,0.0038590474968292175,0.005965396374521364
2016-03-14,170.4326930589192,171.17457572002607,170.10390079009727,170.71932983398438,73612000,-0.0012829328262006312,0.0032938718036019496,0.004599566778792931,0.006252902453207248
2016-03-15,169.75819548969022,170.74457201573492,169.49684951236813,170.44107055664062,93169100,-0.0016312522715342646,0.0029100401593048233,0.004492816406608501,0.006524570980716448
2016-03-16,169.96051635333183,171.83210634515947,169.91836087595732,171.42742919921875,129303200,0.005770413947089672,0.004936076091095254,0.004557393747748897,0.006460855987100687
2016-03-17,171.34313387955126,173.02081127539734,170.94689554110465,172.51498413085938,134278500,0.006324073531607808,0.0038954143549434304,0.0046131441317791904,0.006375418163046605
2016-03-18,173.01497108735393,173.531889532325,172.70143484267174,173.19293212890625,138372400,0.003922090500226926,0.0031791984762463746,0.004770838884348228,0.006485432063335573
2016-03-21,172.9301931776387,173.667432449845,172.70138987818433,173.43862915039062,72926700,0.001417626610369628,0.0056677049582177655,0.005881696826751072,0.0065003854084616135
2016-03-22,172.667500849292,173.913189128969,172.5065045158591,173.34542846679688,97471900,-0.0005375142472126647,0.00587838774876496,0.006842663585977842,0.00648720553016997
2016-03-23,172.96409173399994,173.15052214507975,172.0319396786009,172.20143127441406,81052500,-0.006621396431819335,0.004605619494403019,0.007669147652819093,0.006413292123777584
2016-03-24,171.1760313805809,172.1590255551691,170.9557104505763,172.1251220703125,84360900,-0.0004432374129128933,0.004679147014816842,0.00769657588498955,0.006407359375486536
2016-03-28,172.54038859451902,172.75224015887895,171.7777281349806,172.2268524169922,62408200,0.0005908509732851539,0.005550411490024277,0.007756191040916148,0.006443931263965038
2016-03-29,171.82008233027528,173.93012849534293,171.51501557063168,173.81996154785156,92922900,0.00920754257351638,0.006676725536112496,0.007764041597595291,0.006171005118345845
2016-03-30,174.81997543844136,175.30299045252028,174.2183110931032,174.58270263671875,86365300,0.0043785101885874846,0.008374078586107218,0.008278015173811647,0.006124131447582156
2016-03-31,174.4894540415597,174.91315723940892,173.99795678040715,174.15896606445312,94584100,-0.0024300897702836063,0.010105706691647589,0.008202119242969262,0.0064819594489489065
2016-04-01,173.16746390532504,175.53172153802493,172.85391481546566,175.3452911376953,114423500,0.006788641939776366,0.009404150912334774,0.00798186914812282,0.006429706611016725
2016-04-04,175.26910050628197,175.4724827357991,174.47253627033734,174.77760314941406,63497000,-0.003242795572725125,0.00939149470228218,0.008116590342330362,0.006627701909697543
2016-04-05,173.43867285349214,174.78604597682616,172.7776968710869,173.03192138671875,99662200,-0.010038232413535034,0.009318784317255337,0.0070451858434772965,0.00652559350981978
2016-04-06,173.03190307804113,174.98094025112778,172.85394205681024,174.92161560058594,91839800,0.010861868564784397,0.009124092978620138,0.006450494878589087,0.006175733550618243
2016-04-07,173.83693734939823,174.1928464631695,172.09975175353787,172.82852172851562,113859000,-0.012038063678745738,0.005522852396220284,0.005063469416824843,0.005529260948435724
2016-04-08,174.00643500437033,174.4386205635236,172.760746505157,173.29461669921875,95040600,0.00269323371188432,0.005980082995166164,0.005119324439132216,0.005555675778322739
2016-04-11,173.9301694457003,174.62504892364467,172.79464793483095,172.8878631591797,83757500,-0.002349938260231796,0.005233017946827642,0.005061552031840881,0.005521306607527322
2016-04-12,173.05730624126357,174.77753990260072,172.6166513686354,174.49789428710938,115350600,0.009269479946495442,0.004687447007657482,0.004415053128795972,0.005816019932194018
2016-04-13,175.41310699169452,176.34525910921872,175.2775188781648,176.26051330566406,96336400,0.010050415427513277,0.0031975671064149755,0.0032555249330633402,0.005780449237096787
2016-04-14,176.31979138416384,176.76891557751225,175.92150948736193,176.26893615722656,65212900,4.778523653514329e-05,0.00463469899041993,0.004496506032744568,0.005781609259760238
2016-04-15,176.26898125098356,176.40456936338802,175.75206288653632,176.07408142089844,75761600,-0.0011060514695714122,0.00453917364760158,0.004782752069934206,0.006079400362259274
2016-04-18,176.07407569837335,177.34518511746666,175.41309983487633,177.31129455566406,82531000,0.007002090487270567,0.0032040993344250803,0.004952191971738555,0.006296588029549327
2016-04-19,177.73503026630098,178.12482998523546,177.05710253247176,177.87060546875,88316100,0.0031494362486495227,0.0027744031797924057,0.005360252965402063,0.006523854584965988
2016-04-20,177.9129813720752,178.7349666619935,177.43843582952366,178.04010009765625,81100300,0.0009524559900489599,0.0029971964576847687,0.00538670814599333,0.006513967225485255
2016-04-21,178.05703173609004,178.16719870773824,176.8113432719301,177.08251953125,85695000,-0.0053929703958155535,0.004524144446428866,0.005321828505578412,0.006463620009164152
2016-04-22,176.7266103886894,177.3536828601742,176.1842708004453,177.08251953125,99251700,0.0,0.0047304367125751735,0.005587913346459527,0.006672827289444062
2016-04-25,176.48083791459973,176.81980820538138,175.87070432158723,176.77743530273438,66166500,-0.0017243222915725488,0.006701725690041616,0.005637927095618737,0.0066707979218469035
2016-04-26,177.14181523808645,177.54857959028388,176.56558513473195,177.04013061523438,75864200,0.0014849198348217206,0.007422480593993103,0.00709687115446654,0.00733195417135583
2016-04-27,176.6588192206628,177.79434073179453,176.3029100722661,177.404541015625,77329400,0.00205623364070218,0.006982760067890163,0.007594714241154933,0.007483772090027491
2016-04-28,176.65033756160483,177.75195549817673,175.37922800673414,175.79444885253906,97216200,-0.009117258896096317,0.0065343567926105664,0.007094734911109567,0.007170776475946416
2016-04-29,175.1758401291601,175.5232798328265,173.74372134169164,174.84535217285156,142424100,-0.005413526900168169,0.006745412189912541,0.007426158139268803,0.007080628897231668
2016-05-02,175.34529776552623,176.41302497381514,174.91312523773163,176.23507690429688,62188000,0.007916886701716032,0.005038670167273281,0.007692488577229714,0.006909702020744971
2016-05-03,175.00634545912317,175.24361817887922,173.95555703563667,174.70127868652344,106422100,-0.008741231620347413,0.006588752885617741,0.007769807587900664,0.0065672261037233405
2016-05-04,173.70983730544705,174.43860730448847,173.22680946555437,173.72677612304688,92243800,-0.00559372353068647,0.007820021897205263,0.007573088236980821,0.006393335591835807
2016-05-05,174.1928224068987,174.54873147151844,173.2691527203575,173.69285583496094,67619200,-0.0001952698412726129,0.007797482269952286,0.007650569988128053,0.006460705622665735
2016-05-06,172.92174770895267,174.37081834059887,172.76922076372438,174.3284454345703,89315000,0.0036525942747238273,0.008860492572031248,0.007848488348143749,0.006495968636532453
2016-05-09,174.20130986701582,174.9046456791933,174.02334886427658,174.47247314453125,74374900,0.0008258448328259522,0.010128922200890192,0.007849963336119151,0.006494924800223036
2016-05-10,175.1758363826888,176.65879745012035,175.10804232510174,176.641845703125,77472200,0.012357229811152226,0.008494706458208115,0.007944872633171632,0.005984586957038044
2016-05-11,176.18425645121343,176.71811365637674,174.98941040039062,174.98941040039062,81727000,-0.00939875189269893,0.007892088405341847,0.007515513449896872,0.005505167545424438
2016-05-12,175.65885569735008,175.82834731079288,174.03183706537783,175.04025268554688,89586300,0.0002905027252009917,0.00785244524067427,0.007515577268263007,0.006016540513705886
2016-05-13,174.7436573056343,175.29446622372728,173.1929022383585,173.51490783691406,96474600,-0.008752442992305619,0.007641522235553374,0.006652247764153387,0.005935416110500882
2016-05-16,173.68442685674904,175.70124535905617,173.62510220030677,175.22669982910156,77486800,0.009817043348266483,0.0057002591514624616,0.00626898335108538,0.0055770229455441335
2016-05-17,174.95549581119738,175.2436108258989,173.06577060975354,173.59117126464844,114924900,-0.00937761901344103,0.006646198940235785,0.004981462933279991,0.005114125217466688
2016-05-18,173.24374681139082,174.81992305361686,172.557349774201,173.64202880859375,120062100,0.0002929301938768881,0.006634716269655531,0.004914694937606818,0.005138026721805939
2016-05-19,172.92175363194215,173.32850509687862,171.8370744385142,173.04039001464844,115430500,-0.0034708388153552603,0.00569155478958083,0.004847685194237142,0.00514983738377203
2016-05-20,173.65051706969587,174.65046334051098,173.59967475481287,174.133544921875,104990400,0.006297468847303777,0.005645288083063194,0.004768246729804923,0.005156738111420281
2016-05-23,174.15045176211112,174.43009737301395,173.70980982710645,173.896240234375,58682600,-0.0013637035357161027,0.005790726561466754,0.004569262939209769,0.005148165860951696
2016-05-24,174.7097869812184,176.46392454670195,174.68436582204296,176.15037536621094,93537800,0.012879234878739262,0.003378277144878619,0.003038843637786909,0.004352977167650075
2016-05-25,176.82831162377144,177.76046393971208,176.15038384221432,177.34523010253906,76621400,0.006760249736302074,0.0024240230247402853,0.0027382821694910426,0.005004867004707076
2016-05-26,177.48077241103627,177.70957572593335,177.0824904271165,177.39602661132812,55280700,0.00028638625011815884,0.0031778090221773444,0.0044037030250558,0.00970956588906784
2016-05-27,177.55704249760646,178.16717607316846,177.50620018804196,178.15870666503906,64211200,0.0042900918035095464,0.0033993063658509883,0.004830069755348336,0.010310684025780458
2016-05-31,178.4298509176758,178.54001786357134,177.26042620091602,177.81971740722656,109879400,-0.001904550036504219,0.0029719118833646855,0.0048316607542266,0.01125936213992564
2016-06-01,177.20958762091732,178.36206061705306,177.01468780749235,178.18411254882812,69936200,0.002047142408019731,0.003050512623225083,0.0047228087591922405,0.0119617390232263
2016-06-02,177.7858494101513,178.74340976386634,177.3113039374439,178.72647094726562,63044700,0.0030391859529039188,0.003297142987619302,0.004716922023790307,0.012354978221294846
2016-06-03,178.1671905374899,178.54005141175855,176.98929619217486,178.19261169433594,101757100,-0.002991488418630577,0.005725757797774738,0.00475359887433861,0.012344283434131808
2016-06-06,178.54855847441598,179.45528969446082,178.38754916017265,179.09938049316406,64887000,0.005075796633932043,0.005642029591193905,0.004967592772251324,0.012393352717847245
2016-06-07,179.25184625873365,179.9382432647417,179.22642510520694,179.3789520263672,60974800,0.001559768412882508,0.005166775053943178,0.005060372678982079,0.012470078522676512
2016-06-08,179.51459018821174,180.09083333308234,179.38748438513582,179.96371459960938,66170900,0.0032546265374610974,0.003922774038668089,0.004832115457407735,0.0124433242809542
2016-06-09,179.2349286731146,179.836592925502,178.96376534035116,179.71795654296875,73786900,-0.001366531100148295,0.005075091217886604,0.006654046282958823,0.012893926242629947
2016-06-10,178.3451822401027,178.68413967661186,177.47234162681673,178.0146942138672,113829200,-0.009522615263062143,0.0038872694609199242,0.01319751299542983,0.012694295349249422
2016-06-13,177.41298856148404,178.26886429403115,176.55711282893694,176.641845703125,117751200,-0.007741886660654329,0.004146491983865246,0.014007866800977159,0.01258998678112967
2016-06-14,176.2605430248504,176.88762845786226,175.34534249980456,176.29443359375,125059300,-0.0019686965719390276,0.003996568799876831,0.015612834467166626,0.012567835182274424
2016-06-15,176.29441769806408,177.413000326839,175.86224509898022,176.04867553710938,109124500,-0.0013949930628740284,0.0040395720740211095,0.01670215123052822,0.012568604917363552
2016-06-16,176.0486783356093,176.74355778520848,174.2182774214604,176.57406616210938,149533100,0.0029799043093465187,0.006644430950569713,0.017238349234328283,0.012592253420169059
2016-06-17,176.47011618017717,176.49566953304955,175.26054315288454,175.91644287109375,117055700,-0.0037313007706502453,0.019399749808932883,0.017157071947736816,0.012519587728360659
2016-06-20,177.8756526087873,178.54857937058586,176.96420617446128,177.0493927001953,82789600,0.0064196225572392945,0.01945492152794581,0.017275962504489765,0.01250243704008871
2016-06-21,177.4326875929435,177.96080760410712,176.98974110100497,177.55194091796875,72461700,0.00283444255047983,0.02249381280254755,0.017356300219181036,0.012510739217232357
2016-06-22,177.73083125459377,178.4548777236498,177.1175246684293,177.26234436035156,95560500,-0.0016323842299462948,0.02462874741606045,0.017344887710413943,0.012553105818230534
2016-06-23,178.71892654071584,179.62184645879435,178.2589531287725,179.57073974609375,102731400,0.012938416817792854,0.024719546026193938,0.017498585859276727,0.012302469136577978
2016-06-24,173.45470414468605,179.6047957109169,172.67955111125858,173.12249755859375,333444400,-0.036569801285032656,0.01508413797999278,0.011549142406150171,0.008543120543220858
2016-06-27,171.71704230971076,171.72556876131333,169.2127090948055,170.02194213867188,230775800,-0.018071922176719636,0.010859324071026454,0.008268080616215168,0.006976422179699926
2016-06-28,171.62332019504794,173.11399329763964,171.31666692260927,173.08843994140625,159382400,0.017875177281579713,0.009554441294670018,0.0076756344834597945,0.00625975754288777
2016-06-29,174.48539942212344,176.26568575451566,174.3831860051859,176.03570556640625,137328600,0.016884169591904082,0.007718592974603086,0.006585096407675356,0.005371790848967586
2016-06-30,176.504213883724,178.4889271454984,175.9505275208487,178.4378204345703,165021900,0.013553348630445347,0.008154838485773874,0.005958555421368506,0.004685226921904432
2016-07-01,178.43782218963668,179.29816182418008,178.27597560501414,178.8126220703125,106055300,0.002098257853092555,0.008140148119542879,0.005951733146365563,0.004720728924490979
2016-07-05,177.98638642688363,178.09712631512292,176.93014625342386,177.5264129638672,109803700,-0.0072190502069602895,0.005666496399815149,0.005012383258333773,0.004645251214038808
2016-07-06,177.0323211874561,178.71039406322262,176.37642144980018,178.5911407470703,96021500,0.00597966005702174,0.006341151456466558,0.004951596354102701,0.004545634961412148
2016-07-07,178.77005163259213,179.43446496128354,177.71381146782082,178.48043823242188,85593800,-0.0006200578523312586,0.005533254897104964,0.005329582208867671,0.004519212380474778
2016-07-08,179.77516827919834,181.38509461612574,179.5451750888838,181.1380615234375,133971000,0.014780505871741767,0.0036582370100241308,0.003525137231635177,0.003664652577692622
2016-07-11,181.5981040006141,182.34770396496492,181.393664101889,181.7769775390625,73633900,0.0035210261738511267,0.0036457766887949624,0.00379470276024527,0.0036479442234536802
2016-07-12,182.7394842793454,183.39538408097252,181.80248456273526,183.0972442626953,101275600,0.007236863592137128,0.002934583293876282,0.0032202485551867366,0.0033477062936088263
2016-07-13,183.51461698511312,183.52313043699377,182.5861438223003,183.07167053222656,87324100,-0.00013968269548308133,0.003087050320294893,0.003264108601930353,0.0034203009612917704
2016-07-14,184.33239401470564,184.56238724640937,183.70206048745473,184.09388732910156,91230900,0.005568166273197533,0.003222022720085031,0.002805077378132429,0.0033547836683135057
2016-07-15,184.65606748793815,184.85198088781613,183.4039010235686,183.8468475341797,107155400,-0.0013428240400456184,0.0035835343516009846,0.002768210637104532,0.0033421262749461613
2016-07-18,183.96609672111055,184.50274319307965,183.7105501631425,184.3408966064453,58725900,0.002683681771845032,0.0038664023171830464,0.0026957939505861425,0.00334881094774957
2016-07-19,183.92346448840215,184.18752444321422,183.676444433214,184.15345764160156,54345700,-0.0010173234886706926,0.0038039848775673103,0.003422269047315799,0.0035764375316413304
2016-07-20,184.1534935758465,185.1586268899919,184.1534935758465,184.9201202392578,58159500,0.004154530404382571,0.003228937437096314,0.003262224129824925,0.003486023228341806
2016-07-21,184.80938706527985,185.03085380551673,183.7786874330219,184.2216339111328,67777300,-0.0037843844750133637,0.0026939484942383315,0.0030606974322263665,0.0033735787710165756
2016-07-22,184.3409364510158,185.09904983834693,184.0768763831738,185.04794311523438,62787500,0.004475378610580457,0.001775471317518056,0.0037831460752178483,0.0032739643647048504
2016-07-25,184.84350426323465,184.8946109866342,183.96613751783332,184.5453643798828,55873100,-0.0027196328230648407,0.001183663871500827,0.0036436104655021948,0.0031979503451749374
2016-07-26,184.44309323845644,184.98825311359136,183.78719349883522,184.6304931640625,70080500,0.00046118284253389755,0.0031977458284125873,0.0036431083250224967,0.0032174234481202164
2016-07-27,185.0053294300427,185.0734760525525,183.66797633386125,184.4346160888672,84083900,-0.0010614771685331875,0.0036729765742677376,0.0037435298153332794,0.0034425480019858842
2016-07-28,184.23864234264187,184.9371352956895,183.77866900592056,184.64752197265625,65035700,0.0011537047472559448,0.003664164085438161,0.003964208210740722,0.003443327761542435
2016-07-29,184.38350708685488,185.30345398524094,184.10240714659952,184.94569396972656,79519400,0.0016135147989618662,0.005321182096675379,0.003989675116911899,0.0034573385288325874
2016-08-01,185.00529642288348,185.39712318535925,184.34088321900114,184.79234313964844,73311400,-0.0008295107534527491,0.005302362588009684,0.004012768506484514,0.003616157616650779
2016-08-02,184.5453241214279,184.69865725581784,182.77356410776096,183.60833740234375,92295500,-0.006427837278690511,0.0034384984006673516,0.0037668574087744823,0.0032895522012843814
2016-08-03,183.54870710658165,184.204606918532,183.25058028125014,184.1449737548828,53993600,0.002918460376312553,0.0040394850038225055,0.0037255852677754377,0.003324940019764389
2016-08-04,184.25571008791,184.65606332927777,182.50097698624077,184.3408966064453,46585500,0.00106339420739767,0.004284498131751881,0.003746105769264303,0.0033200525011630572
2016-08-05,184.3408871172442,185.89118029320792,184.3408871172442,185.8485870361328,71892200,0.008145551575997502,0.0026791200643115974,0.002876962397725067,0.0029406124215182587
2016-08-08,186.03604193139208,186.1382683781014,185.47385496387537,185.7379150390625,39906500,-0.0005956728768386006,0.0028481846487173404,0.0028660434098648426,0.003009466943923814
2016-08-09,185.80600677669491,186.3426402234022,185.52490687716386,185.8485870361328,51251700,0.0005956728768385625,0.003973481984796484,0.0029211087585144092,0.003008924501598545
2016-08-10,185.9593393883668,186.03599945766584,185.03937956386426,185.3886260986328,57941100,-0.00247799065712982,0.00382446078862054,0.0033026198772986757,0.0030002269930656297
2016-08-11,185.91671005916,186.49594968708675,185.65265009548986,186.24891662597656,72504300,0.004629737123390451,0.003322428196655635,0.0028944970827731327,0.006097295824435777
2016-08-12,185.94230799561387,186.30008099732774,185.68677441958778,186.08712768554688,61313500,-0.0008690480176925332,0.003379995113632509,0.002929050606776739,0.007013899887976914
2016-08-15,186.4533582510116,186.9729647321316,186.4448447996487,186.62371826171875,49813500,0.002879395395879876,0.003005238565616619,0.003245916908981989,0.007622990553873974
2016-08-16,186.20638433318723,186.2745179562473,185.66122436523438,185.66122436523438,53213600,-0.005170749234068437,0.0016178518745271905,0.0028268537169929262,0.007571919484179625
2016-08-17,185.69527029935375,186.14673023779346,184.86049703551163,186.01043701171875,75134300,0.0018791464915672994,0.003015529160819788,0.002875912117642527,0.007945314201273306
2016-08-18,185.98490989689367,186.4619232578189,185.8741830080184,186.4278564453125,52989300,0.00224155042972541,0.0026130394414385317,0.002727180432091045,0.007943300455158451
2016-08-19,185.95936001723447,186.3341599500134,185.47383319350868,186.1552734375,75443000,-0.0014632066488409758,0.002635928414562035,0.0031536584276320254,0.007947006196852815
2016-08-22,185.91678104326473,186.37676754071967,185.5505075338474,186.1467742919922,61368800,-4.565725899771105e-05,0.0038203714455179584,0.0033024018217224127,0.007947578986590688
2016-08-23,186.76008263313307,187.0582225137017,186.4619427525644,186.52157592773438,53399200,0.0020114493859732297,0.0036481531052858984,0.0032426657458317146,0.00837916431163266
2016-08-24,186.37675544805694,186.47045543237448,185.15014219795066,185.56753540039062,71728900,-0.005128032984441423,0.0030846045811603784,0.0028411254333124388,0.008433753172107938
2016-08-25,185.1842117036874,185.85715150928922,185.03089154401502,185.43975830078125,69224800,-0.0006888118203110615,0.003086798403891595,0.008285905073062413,0.008525301120470893
2016-08-26,185.627115791674,186.64928894848688,184.20458942381688,185.09046936035156,122506300,-0.001885347093529941,0.003545435109856999,0.009760681370127184,0.008705190196265174
2016-08-29,185.2182560579585,186.26598260806702,185.1841762527955,186.00192260742188,70502200,0.004912281144086319,0.0030941780187299047,0.010479522412138481,0.00875116600856646
2016-08-30,185.91674874049886,186.1978486628494,185.14160858841032,185.69528198242188,58114500,-0.0016499488873107746,0.0028803674311693134,0.010497093201331837,0.008825358767068437
2016-08-31,185.3631192582429,185.4823726174024,184.39205247718948,185.16720581054688,85269500,-0.00284782929605443,0.0027016201497240913,0.011173684797511772,0.009036862457646826
2016-09-01,185.1586040200542,185.46525724706987,184.01717761857662,185.17564392089844,97844200,4.556918195748195e-05,0.011711101947345745,0.0112027549582581,0.009207926418225392
2016-09-02,186.02747691438745,186.43634359497415,185.43972374987302,186.01043701171875,79293900,0.004497983847744003,0.014024228173307528,0.011033846899571195,0.00915975121149457
2016-09-06,186.2915014671845,186.64926136932482,185.57598166290387,186.57260131835938,56702100,0.003017661436024254,0.014668696246485985,0.01092941057055507,0.009183010976809238
2016-09-07,186.41075060317652,186.7344436968676,185.95077731002553,186.55555725097656,76554900,-9.135771183826926e-05,0.014643703228773132,0.011712035266379242,0.009255051977566249
2016-09-08,186.22341494644138,186.4960014346624,185.82306166539124,186.1297149658203,74102900,-0.0022852658917871063,0.01623389976612136,0.011916144994645446,0.00924922557378507
2016-09-09,184.81793687935007,184.86904359887217,181.64919029258272,181.67474365234375,221589100,-0.0242258574591425,0.01140896778063559,0.008756930991821484,0.007413982554168961
2016-09-12,180.9166356660939,184.68164908797755,180.84848903883682,184.2812957763672,168110900,0.014245406127242177,0.008788359934343726,0.008044202164491018,0.006791376970435042
2016-09-13,183.00351488487263,183.2675748541307,181.01027544179323,181.63209533691406,182828800,-0.014480184617755807,0.005172526038359924,0.006564042030354953,0.006598637205560946
2016-09-14,181.6832181629531,182.88427780483661,181.0102915040864,181.56396484375,134185500,-0.00037517198798522433,0.006667140572363956,0.006602377877472141,0.006600344660214271
2016-09-15,181.40215693605646,183.76167029972945,181.2232704331191,183.37835693359375,134427900,0.00994352768200365,0.005943937548530725,0.006838006717014043,0.006245023558413095
2016-09-16,182.76368319247152,182.94347334278845,181.98462737655555,182.6695098876953,155236400,-0.003872979444523362,0.006421618754082018,0.0070257305850551935,0.0061889140504621225
2016-09-19,183.32009404201395,183.96218093967576,182.37836136679343,182.7036895751953,80250500,0.00018709466184129497,0.008029120544909568,0.007121263841499591,0.006235346295245207
2016-09-20,183.5598245104074,183.71391911147663,182.6780261243973,182.71226501464844,69665300,4.6935221886076194e-05,0.008352893406538785,0.0073881322699193945,0.0064021357307990695
2016-09-21,183.41428773203177,184.94672955056805,182.72939235227372,184.76695251464844,110284400,0.01118272171082208,0.006995792962694103,0.006575098266481051,0.005886333192738733
2016-09-22,185.77716455183224,186.23090496857742,185.52889666963492,185.93125915527344,76678700,0.006281716137780852,0.007330948661921351,0.006200417158864024,0.005681007637088538
2016-09-23,185.5374671479672,185.67444884801776,184.81833281764258,184.91250610351562,73630900,-0.005494257743783819,0.00818077829378847,0.006054019067255014,0.005575254491254011
2016-09-26,184.08210674101107,184.2618838253767,183.21742102902655,183.41433715820312,89827300,-0.008135042204918543,0.0070261747513886644,0.005623873106588683,0.005362281763338914
2016-09-27,183.2516479102736,184.6471082252483,182.8835112062276,184.55294799804688,78494800,0.0061886723076069235,0.006930441967846839,0.006715654559578722,0.005219542384463799
2016-09-28,184.77554217943597,185.623101833831,183.81669631342595,185.468994140625,87411000,0.004951317258269003,0.006821946463043014,0.006450794338485108,0.005079337518167906
2016-09-29,185.26353650265202,185.66591215313227,183.24310179121994,183.791015625,128070600,-0.009088393116840876,0.0050790058884284455,0.005917239912296857,0.0047089775579424575
2016-09-30,184.6214645960347,185.87995653206715,184.37319663070124,185.17794799804688,117202900,0.0075179163676283986,0.003770418241443728,0.0051965006432254535,0.0043569106466080105
2016-10-03,184.76696374787355,184.95529725204656,184.09918124112315,184.7327117919922,83512100,-0.0024072646152803463,0.004589773891637438,0.005228640615866574,0.004346085077994881
2016-10-04,184.84404793411028,185.06663343857537,183.20030643277005,183.791015625,119948100,-0.005110651752348074,0.00730558250634881,0.00559836279043194,0.004484759442734952
2016-10-05,184.41590153202253,185.03230593275967,184.3474107026862,184.604248046875,72816000,0.004415006505504752,0.006828897956337612,0.005454709640754486,0.004446244393429153
2016-10-06,184.3817010923231,184.95529725204656,183.84235688848102,184.7327117919922,62927400,0.0006956452468432077,0.006697522264498141,0.005445834482523224,0.004473017318365862
2016-10-07,185.00667607802794,185.1778966683796,183.37149135408836,184.09918212890625,89788300,-0.003435333530416366,0.006804247567642756,0.005382185139195343,0.004454361613468973
2016-10-10,185.05804443359375,185.52034134257795,184.91250627588957,185.05804443359375,51855000,0.005194883871038661,0.005570983096206598,0.005277861536081518,0.006739969680550207
2016-10-11,184.63000405030357,184.6984949069336,181.99316485487475,182.72085571289062,130367400,-0.012709919914084515,0.003983575165354062,0.0033780341772550464,0.006203131433552693
2016-10-12,182.85782847749783,183.48280261492656,182.3612795887013,182.9605712890625,73866100,0.0013110625413718753,0.004116320353311455,0.0034353702969223444,0.006622907413740734
2016-10-13,181.63359151521533,182.85783124494432,180.82028384808063,182.3612823486328,101357000,-0.003280884907566427,0.0038275200793055964,0.003375193031226064,0.006569499502087439
2016-10-14,183.3372428027531,183.79955277491104,182.37839702834248,182.4554443359375,93346200,0.0005162153076226341,0.0038285339197166087,0.003501338634524884,0.006608623212150046
2016-10-17,182.42978031832754,182.686617766202,181.642155057929,181.8219451904297,58275700,-0.003478117513509191,0.0031692934732798117,0.0033152481063397233,0.006532766514235078
2016-10-18,183.4143117616483,183.47423309370768,182.58387812767933,182.9605712890625,76869700,0.006242787113452746,0.0031286653108038628,0.003278258764331746,0.0066061506304389145
2016-10-19,183.22597713186872,183.75676495027773,182.86640992617598,183.4485626220703,66519200,0.0026636433230991753,0.0029895211057291205,0.0032723571987311414,0.00662611495954579
2016-10-20,183.097540097914,183.6625798404998,182.44689658612387,183.10610961914062,73639800,-0.0018684967263906773,0.003100400092540184,0.003359006568780732,0.0066606809806416265
2016-10-21,183.10612290915276,183.27734352328338,182.14726395608955,183.1917266845703,89089100,0.00046747241454006414,0.0031655826515592594,0.0032441425120418267,0.006703310557429685
2016-10-24,184.06495270797885,184.33891611727435,183.61976869952085,183.9707794189453,60146600,0.0042436462904420075,0.0013434965409005186,0.008247315318586999,0.006824677419092403
2016-10-25,183.79095400311965,184.04779138418704,183.19167548949028,183.35433959960938,66542300,-0.0033563748631115736,0.0026748750191834714,0.00835130268623534,0.006740475658755757
2016-10-26,182.53248092126256,183.56837386828238,182.29275644560417,182.98622131347656,75705500,-0.0020097059911425184,0.002908400890111688,0.008943124394400185,0.0066950324771156595
2016-10-27,183.70538728812593,183.73962618296824,182.42121318718085,182.49826049804688,77220200,-0.002670215178182778,0.002851644146043366,0.008841547621843502,0.0066324332377014385
2016-10-28,182.4725982624079,183.14892428259796,181.24835842102084,181.95892333984375,140623200,-0.002959675790859116,0.003152558601598449,0.008805332268267314,0.00671111241119403
2016-10-31,182.292783476287,182.51538200884306,181.80480412278754,181.96746826171875,61272500,4.695961641560271e-05,0.012103601174627578,0.008792004132128124,0.0066979220327851845
2016-11-01,182.29277374641168,182.34415167961674,179.44191895997065,180.64903259277344,122781800,-0.007271822852378503,0.01131760337025146,0.008326261752502583,0.006428955917316002
2016-11-02,180.34086915477957,180.72613188868763,179.12518573960872,179.5618133544922,103330800,-0.006036589692240621,0.010433028710072241,0.007896154556324024,0.0062908034723703245
2016-11-03,179.77577410226917,179.98980306721924,178.46591788183787,178.7398681640625,88939300,-0.004588014372502826,0.008975759873906999,0.007326125874594439,0.006097923579467114
2016-11-04,178.85120155849046,179.690191603582,178.3974611112159,178.54299926757812,109122100,-0.0011020339028513441,0.009280627717603067,0.007435556447741568,0.006080916622441338
2016-11-07,178.54299901440498,182.51537683425684,178.54299901440498,182.4811248779297,109794900,0.021817277882212834,0.0048037644583487716,0.004606771462175628,0.004150766676706553
2016-11-08,182.08738643323196,183.86810998791537,181.8219924579765,183.30307006835938,106772100,0.0044941612306971255,0.005229120317321347,0.004599499696172487,0.0048067849843741895
2016-11-09,181.8133801094974,185.8628188492065,181.78769767041217,185.2464141845703,258429000,0.010546003782291072,0.004082854626042556,0.0037862879610908724,0.0044082771486170045
2016-11-10,186.03402274157074,186.8986952607369,184.2532997663908,185.7086944580078,172113300,0.0024923798161697076,0.004419662203738253,0.0038240311066734226,0.004499337144760057
2016-11-11,184.98957855253008,185.52036638324668,184.33893498380345,185.28065490722656,100552700,-0.002307558108877767,0.004403630511265679,0.00418893286831109,0.004445878446494433
2016-11-14,185.80285585272793,186.00832839708144,184.68134597429705,185.42616271972656,94580000,0.0007850291014562663,0.0049670888258647045,0.004171925177423845,0.004538731076585563
2016-11-15,185.81141254639604,186.8730010986328,185.6059530650747,186.8730010986328,91652600,0.007772489456475515,0.004279840741847739,0.0038273582120459284,0.004960690748806776
2016-11-16,186.2566702317295,186.75321928023487,186.13681446576604,186.52206420898438,65617700,-0.0018797087888127867,0.003830573130660682,0.004013731658879441,0.004913035890495452
2016-11-17,186.676099078109,187.54077154766955,186.5647998162659,187.48085021972656,69797200,0.005127169196397843,0.0036427809819269573,0.003711910229441454,0.004931884407382282
2016-11-18,187.54937860341124,187.72059922746448,186.88159596199995,187.06138610839844,86265800,-0.0022398770873644233,0.0044812648891497785,0.0039850531137154786,0.004846372806717722
2016-11-21,187.63497832185362,188.49965094574657,187.48944014139417,188.47396850585938,72402600,0.0075230682936928885,0.0032181747280062858,0.0034050547468755005,0.004688174704342145
2016-11-22,188.78212188802365,189.0218333070001,188.11435249754751,188.84205627441406,67429000,0.0019510853562963726,0.0033763851950735562,0.005182712520061013,0.004792987225623479
2016-11-23,188.32844998808685,188.99621962146534,188.13154690729507,188.94485473632812,56620200,0.0005442140077122417,0.003665953644495412,0.005166124427350319,0.004842463182740783
2016-11-25,189.2872986053587,189.68110474515828,189.21023821861826,189.64686584472656,37872300,0.003708543398155915,0.002811104067841008,0.005301407608997048,0.004810657713479786
2016-11-28,189.338604842378,189.61255515086893,188.65370947621184,188.75643920898438,76572500,-0.004706239439938931,0.0038130408611382303,0.004887623613685713,0.004607966466277985
2016-11-29,188.7907185282828,189.5783437413918,188.49107267987097,189.12460327148438,69886700,0.0019485718392988544,0.003966152465010239,0.005043565967823197,0.005108537994402178
2016-11-30,189.74102837676915,189.90369253700135,188.61094877723767,188.67088317871094,113291800,-0.002401936111909568,0.006257893098061623,0.006003323716155225,0.005053360077582686
2016-12-01,188.97051707232507,188.97051707232507,187.61785196668092,187.97743225097656,79040500,-0.003682223882890415,0.004875078079270508,0.005609537144480812,0.00505233953463474
2016-12-02,188.06300726316525,188.55955612953525,187.71199655470292,188.07156372070312,74840300,0.0005006340806702035,0.004170068100930015,0.005793961049008219,0.0052484629156119445
2016-12-05,188.90202952729857,189.54411666106003,188.70512646400132,189.20167541503906,67837800,0.005990963350876133,0.005296930637605041,0.005699858340340947,0.00524582824737461
2016-12-06,189.3899865481813,189.8351705352663,188.91056366822536,189.80091857910156,59877400,0.0031622140476479503,0.005274245642547364,0.005711309724987936,0.005256058858491245
2016-12-07,189.64685211186347,192.34361274349058,189.5269963740866,192.28369140625,110738100,0.01299611503309241,0.006125049763080568,0.004622353175528336,0.0045284025586037465
2016-12-08,192.2579503668923,193.22535243290795,191.9925434696505,192.75448608398438,99714400,0.0024454453603731424,0.006257647368503791,0.004676257119250505,0.004605170869809773
2016-12-09,192.97716425395544,193.93601025981906,192.94291228900482,193.91888427734375,88005800,0.0060226630652244735,0.005807428191248123,0.004306148230085924,0.0044241677940422795
2016-12-12,193.82467072858418,194.304106695277,193.27675697280102,193.69625854492188,102016100,-0.0011486948382896291,0.005851287154723823,0.00432943804341131,0.00444558862838807
2016-12-13,194.35549606822372,195.48556261678567,194.33837008714514,194.989013671875,110477500,0.006651962326540399,0.005219388664987709,0.0045802185907169194,0.0042438297183800275
2016-12-14,194.68934251772694,195.39135084417444,192.94285856387455,193.37948608398438,142501800,-0.008288709325291715,0.003248916132835909,0.003773328764459642,0.003788195607854662
2016-12-15,193.6192042449696,195.0317904674374,193.3880492594279,194.17567443847656,124972600,0.004108780146432775,0.0029197237267106746,0.0036086743467208405,0.003795771160169596
2016-12-16,194.63124198664173,194.691529641135,193.4772879233699,193.79591369628906,156420200,-0.001957673577587928,0.0027694835393336824,0.004458771305278964,0.0037871246747880226
2016-12-19,193.97677116092234,194.63986968501598,193.830375174617,194.2178955078125,90341100,0.002175087421530159,0.0028156555527862697,0.004799297521869185,0.0038680291811620774
2016-12-20,194.7517810332149,195.11348063664968,194.51927675423596,194.96707153320312,89838800,0.0038499788749022067,0.004247435795646535,0.0046579201576710675,0.0038588816904263253
2016-12-21,194.83792994460757,195.01015974080977,194.42457580566406,194.42457580566406,67909000,-0.002786377582758668,0.004249499370042418,0.0046692309868092575,0.0038520283895617257
2016-12-22,194.27815603553404,194.39871819214375,193.69255903179445,194.0886993408203,56219100,-0.0017290351192972171,0.004388286677006049,0.00478323233595349,0.0040724831349271285
2016-12-23,194.13175682131336,194.38150117720235,193.94231325723612,194.37289428710938,36697800,0.0014631819549401166,0.006035062558721696,0.004772115960374038,0.004458481117991225
2016-12-27,194.63988827841183,195.2513060949005,194.62266135476222,194.8551788330078,42672500,0.0024781603693312267,0.006618609213481944,0.004790501903647989,0.004460305021764193
2016-12-28,195.1134995195581,195.1307133002148,193.13282409992078,193.24476623535156,64095000,-0.008299005763876268,0.00478566991962204,0.0038929782008234356,0.003975490081255138
2016-12-29,193.31366332831337,193.66674294079067,192.7625201133474,193.20172119140625,48696100,-0.00022277363373102564,0.0046896291604227635,0.003890420666702912,0.004287219337188671
2016-12-30,193.52889020288262,193.61501164013995,191.80656658002707,192.49549865722656,108998300,-0.0036620607413291764,0.004573363744303569,0.00387218442586775,0.004168311160738117
2017-01-03,193.7958967308444,194.4762220905839,192.79695876636885,193.9681396484375,91366500,0.007621147104415557,0.003662820548184299,0.0031954849763708567,0.0038552864717480142
2017-01-04,194.29536427788966,195.26848153297962,194.2867573884805,195.12208557128906,78744400,0.0059315255502539336,0.0027942310591533314,0.0028689778086681754,0.0036404493275595863
2017-01-05,194.855129408606,195.12208752614507,194.17480407008122,194.96707153320312,78379000,-0.0007947621379484672,0.003078142692424812,0.0031189349337330382,0.003916275227456275
2017-01-06,195.07904528556946,196.12966407630134,194.5365089692909,195.66464233398438,71559900,0.0035715049112246076,0.0027552915779029048,0.0029743581896131757,0.003888797227743477
2017-01-09,195.4063191925194,195.5441082990617,194.98434498134318,195.018798828125,46939700,-0.0033062271196096903,0.002820397389483211,0.0034833025220662736,0.003792758473613109
2017-01-10,195.03601261122344,195.87134100173415,194.63126532343816,195.018798828125,63771900,0.0,0.0030222316997317623,0.004312745687781398,0.003794162453665946
2017-01-11,194.93265109478259,195.56991577148438,194.26955260662038,195.56991577148438,74650000,0.0028219827583253693,0.0030476818668988704,0.004340831946634581,0.003948967135778937
2017-01-12,195.05322197351856,195.26851250549817,193.72703807825238,195.0790557861328,72113200,-0.002513050228836726,0.003522695447816427,0.004266253361410263,0.003930588062333449
2017-01-13,195.25121634304645,195.82819318730745,195.21677565187133,195.52679443359375,62717900,0.002292535266986282,0.003470863591157165,0.00481018745955963,0.0040421170228027905
2017-01-17,194.88960402791093,195.29435128955922,194.45041606199737,194.8379364013672,61240800,-0.003529308325517098,0.004261841882029494,0.004631948311581325,0.003922618175056122
2017-01-18,195.08762859655678,195.31153912048646,194.53648545658123,195.2684783935547,54793300,0.0022073062665277066,0.005444823827867095,0.004595827330450144,0.004002768957681586
2017-01-19,195.34596398850047,195.4837530474012,194.11450876783078,194.5450897216797,66608800,-0.0037114639480622037,0.004777748272231721,0.004365222751180402,0.0038446091842990653
2017-01-20,195.22543385479455,195.75074323022767,194.59678923838771,195.2598876953125,129168600,0.003667468689384333,0.005155590610243812,0.0047017250450034015,0.003822755414530598
2017-01-23,195.25989615458587,195.3201706676685,193.99398683665453,194.75180053710938,75061600,-0.002605498557954176,0.006118929625896675,0.004636094372564899,0.0037806827605485166
2017-01-24,194.96703777165794,196.41379651400055,194.8550956664453,196.0004425048828,95555300,0.006390986821138013,0.005397388685018366,0.004269772978696668,0.0037092854384086576
2017-01-25,196.94777099923576,197.69699096679688,196.7841480966616,197.69699096679688,84437700,0.008618592956504594,0.0026395407658775035,0.0032446882830893535,0.0033573691726260565
2017-01-26,197.55050886719783,197.81748005925883,197.21465629556388,197.490234375,59970700,-0.0010463729463056682,0.0028479990600410233,0.0037387567414158304,0.003305396502062147
2017-01-27,197.5677417457711,197.71413767728316,196.99937179499258,197.1802215576172,59711100,-0.0015709961385900401,0.004635663342541302,0.003796600401129188,0.003220863613433494
2017-01-30,196.49137484772928,196.5172086621444,194.97573412744237,195.95745849609375,79737300,-0.006220553594783735,0.0033042989429072855,0.0030041030348724506,0.0028359415293769336
2017-01-31,195.46654382670206,196.00047319321024,194.8981869027836,195.940185546875,75880800,-8.815030910492254e-05,0.003291849687415794,0.002924325428226043,0.0038556717806093083
2017-02-01,195.94021401779992,196.8530437527953,195.43213152610113,196.01771545410156,79117700,0.000395603242285494,0.0032587548364399897,0.0029032088171172393,0.004323496071109666
2017-02-02,196.0176989136226,196.43106615293237,195.32877979535274,196.14688110351562,69657600,0.0006587318448354795,0.003761557219377144,0.0030814182675216765,0.0043240842388865205
2017-02-03,197.05109133806323,197.67973590662965,196.74107249844477,197.49888610839844,80563200,0.006869172407012326,0.0030692641071954183,0.002784347008993977,0.004335482183044675
2017-02-06,197.09417587961693,197.49031624796152,196.809990794992,197.14584350585938,57790100,-0.0017891671684644092,0.0025659732846493003,0.0025295958069211444,0.004395666831727039
2017-02-07,197.53339345823807,197.77451782767443,196.9650232415841,197.15447998046875,57931200,4.380658141183906e-05,0.0017947149013129728,0.0026738974015512278,0.0044543031806169465
2017-02-08,197.15441429595157,197.54193453627462,196.61187807532636,197.4127655029297,51566200,0.0013092093290050417,0.0008888556291638666,0.0027293505766335345,0.004454475123478377
2017-02-09,197.4128034001183,198.8853832240936,197.4128034001183,198.583984375,65955200,0.005915312626169287,0.0025488131106121002,0.002587231622585095,0.0043641005901787185
2017-02-10,198.92847252142548,199.59157110911215,198.60122667342299,199.36766052246094,66015900,0.003938554699069325,0.0026729273380913018,0.002562506945770773,0.004331121509028649
2017-02-13,199.85849382600338,200.71104900172796,199.83266001525024,200.45269775390625,55182100,0.005427637050897883,0.002792494433889982,0.002772871393378551,0.004366319377044267
2017-02-14,200.27186151936579,201.26220584645884,199.92740192577156,201.2535858154297,71109000,0.003987436370475226,0.0032500026909809865,0.004777670838479446,0.0046529922923657235
2017-02-15,201.0382443889537,202.49361011298362,200.98657677702403,202.3041534423828,86785800,0.005206541210795127,0.0028013521629089,0.005417575208893061,0.004596856822864508
2017-02-16,202.33000632685946,202.51085612595435,201.38273602482136,202.13194274902344,84722400,-0.0008516089705588049,0.0025448887564583494,0.005368723337629376,0.004617909537874635
2017-02-17,201.46888297145847,202.4506072998047,201.45165604912492,202.4506072998047,77204100,0.0015752761291352052,0.0025450853223555536,0.0055577903684112286,0.004630110372344014
2017-02-21,202.82093682495986,203.82849508075225,202.81231679267117,203.65626525878906,88946100,0.00593765623115616,0.0017746848124292728,0.00541102832085332,0.005345403471056191
2017-02-22,203.25152063334158,203.69931554829904,203.08789770121382,203.4754180908203,62115200,-0.0008883964931214015,0.006359989243044423,0.005441615429649587,0.005377830002222785
2017-02-23,203.99204201344,204.00925579101815,202.85530195944816,203.61312866210938,74615900,0.0006765632570133593,0.007625644988017251,0.005451546720406754,0.005376871634408435
2017-02-24,202.7692649080462,203.91459911303326,202.72620416839197,203.87155151367188,82381600,0.0012683808681920375,0.00763672671374183,0.005545897558796064,0.005364830159241634
2017-02-27,203.78537731620193,204.36235428548795,203.53564611528,204.19012451171875,56515400,0.001561396629412423,0.007881268163199038,0.005531367534105002,0.005346338295579333
2017-02-28,203.81119154921876,204.05231583739356,203.2514415531604,203.6389617919922,96961900,-0.0027029119491003588,0.007911620505704342,0.005610465575816139,0.0055905426914739575
2017-03-01,205.29244133183443,206.95449108934181,205.27521440981133,206.4894561767578,149158200,0.013900720651496357,0.0025021248916921555,0.004261341359367565,0.004544362404555773
2017-03-02,206.29999552679604,206.30861555778915,205.13743454805757,205.18910217285156,70246000,-0.006317347853899285,0.0020157120184868113,0.003778937438184907,0.004418156584634681
2017-03-03,205.10297729567483,205.4818907249212,204.7240638664285,205.31826782226562,81974300,0.0006292976112863251,0.002883446488194631,0.0038161571443473103,0.004438429681444602
2017-03-06,204.52599832218158,205.0599146181717,204.10402416355956,204.70684814453125,55391500,-0.0029823545295701135,0.0025720988713438734,0.0037057035663754178,0.004408226255647118
2017-03-07,204.40543208279615,204.75851168969493,203.88872957805205,204.0954132080078,65103700,-0.0029913503434941045,0.002837818639015442,0.005502808416047775,0.004365489029069842
2017-03-08,204.38821235363588,204.64656361509844,203.5787178665223,203.7165069580078,78168800,-0.00185824072468445,0.0045503664055274624,0.005586377970252296,0.0043962041163189075
2017-03-09,203.83706442731702,204.30209931528373,203.01035617805067,203.974853515625,90683900,0.0012673635855169744,0.0048992581888312224,0.005551388283433242,0.004435840193355862
2017-03-10,204.93073003089174,204.9737907605969,203.74232222053638,204.68960571289062,81991700,0.0034979940630097276,0.004890537561206943,0.005347692160762211,0.004358207114506013
2017-03-13,204.62931534588895,204.8359989615552,204.30208271311278,204.79293823242188,57256800,0.0005046980549113662,0.004927119287754235,0.005315589980652779,0.004359143537495817
2017-03-14,204.25041693502382,204.3020976979482,203.3978748809851,204.00929260253906,59880800,-0.0038338665038694505,0.007627767917440312,0.005865765500553283,0.004285977983122463
2017-03-15,204.5776435433198,206.1966323155387,204.34512612298658,205.774658203125,96081800,0.008616133054986251,0.005772381881721421,0.005019818644169878,0.0038464727678797408
2017-03-16,205.91247041032932,205.98997184571738,205.0427014191847,205.36993408203125,78344000,-0.001968768454775554,0.005829520683779874,0.005171466565435804,0.0040469375390493455
2017-03-17,205.6320125701059,205.82229351135118,205.00927734375,205.00927734375,89002100,-0.0017576759304158032,0.005897813452587553,0.005190218971562219,0.004602773838035406
2017-03-20,205.0092647739321,205.29468616829985,204.39518711730236,204.78439331054688,52537000,-0.0010975477264882224,0.005902701914765035,0.005201789144324227,0.004634534311880787
2017-03-21,205.38980684946205,205.51089350230714,202.0253135695641,202.15504455566406,131809300,-0.012922735430613197,0.0035923148797073205,0.0028885581910764154,0.003641908749747938
2017-03-22,202.18963877523575,202.91615865814032,201.5669036763305,202.6307373046875,97569200,0.002350344252800086,0.0035498935314977227,0.0030467201428812573,0.004047421656981193
2017-03-23,202.63077792289533,203.54757889187846,202.04264643239952,202.41455078125,100410300,-0.0010674685045102422,0.0034152667903417774,0.0031114633141995467,0.004110524979811899
2017-03-24,202.71725794521547,203.28808752371825,201.4890894619878,202.2675018310547,112504900,-0.000726738216918921,0.0037818179192907163,0.003126716344883283,0.0047602957071396675
2017-03-27,200.59828436925775,202.31945756988017,200.32152042598156,202.0599822998047,87454500,-0.0010264924231791993,0.003916965878981958,0.0030762843454230433,0.004873262175663776
2017-03-28,201.75723863446456,203.95410073492422,201.64479629003603,203.53030395507812,93483900,0.007250312179387965,0.0022222344527946555,0.002089131287199303,0.004658910272901894
2017-03-29,203.24484617764165,203.95406426057835,203.0199615290021,203.7205352783203,61950400,0.0009342219524260463,0.0025370667481714334,0.002442131153414302,0.004658652829207734
2017-03-30,203.65998362917261,204.56814009591145,203.48700458728308,204.36920166015625,56737900,0.003179040634560248,0.0023986368382792693,0.002670014435900054,0.004659428354125955
2017-03-31,204.03188422367182,204.55947887025005,203.84160332179414,203.8935089111328,73733100,-0.002330327761875105,0.002245512806339727,0.004217266679294596,0.004637188070569507
2017-04-03,203.94540265571393,204.14432789174012,202.31072631325307,203.5388946533203,85546500,-0.0017407272679056105,0.0021531936237924217,0.004276174485012992,0.004604515023011894
2017-04-04,203.2534725441906,203.7551209962921,202.8729107393236,203.6686248779297,56466200,0.0006371701050499252,0.002174825738670587,0.004266861758307042,0.004624977243066514
2017-04-05,204.34324734155686,205.32059802569498,202.85560388501835,203.0631866455078,108800600,-0.0029770903698143297,0.0026423996831602295,0.005029967401089366,0.004546924461337907
2017-04-06,203.2016094614245,204.15300091336346,202.76049767058808,203.63406372070312,69135800,0.002807382885542931,0.0028805971223661883,0.005047227174758452,0.004579278037575264
2017-04-07,203.38318932176855,204.1183666841464,202.94209082281415,203.4264373779297,74412300,-0.0010201253141421812,0.005913620395143247,0.00616635508716633,0.004564429752500294
2017-04-10,203.56484825057547,204.34326055720862,203.0199517174591,203.54754638671875,67615300,0.0005951683262096296,0.005959169647417024,0.006360672973238767,0.00458294164859528
2017-04-11,203.16695513203615,203.40912840112318,201.8177002907075,203.3053436279297,88045300,-0.001190616035156497,0.005964552014173935,0.006338139692372311,0.004561071233609354
2017-04-12,203.02864167040403,203.21892261084852,202.18967930502347,202.41455078125,81864400,-0.004391178694185016,0.00692937877470448,0.00601364968888661,0.004443409167836712
2017-04-13,202.07720426085868,202.81238170244328,201.099853515625,201.099853515625,92880400,-0.006516257678218851,0.006126940343445888,0.005468411346630221,0.004125324308016715
2017-04-17,201.61878926097052,202.88156127929688,201.4198640325367,202.88156127929688,68405400,0.00882079843662899,0.006773995353109058,0.004983676921951637,0.003869068886906502
2017-04-18,202.14645306202056,202.81243642547943,201.59291204754348,202.27618408203125,83225800,-0.0029883552996904095,0.0062061657567192225,0.004736629296876366,0.0037774665732563427
2017-04-19,202.83832324402883,203.21022752414882,201.67933594893105,201.9042205810547,68699900,-0.0018405820851029888,0.005940913713030534,0.004683053742213537,0.005700678418158735
2017-04-20,202.51830324525685,203.98865813160546,202.1982913499118,203.54754638671875,92572200,0.008106191355724912,0.005628645252853839,0.004188033488273547,0.005483085939223107
2017-04-21,203.46975338052528,203.521645786266,202.50105994680993,202.89891052246094,110389800,-0.003191743482476422,0.005374454313887359,0.0039085472366469365,0.005584373919245127
2017-04-24,205.13900016923373,205.33793863462017,202.87294402881207,205.13035583496094,119209900,0.010937781884961273,0.0030740023294868173,0.002436067518642691,0.005160842702663714
2017-04-25,205.770357475763,206.6698563911759,205.68386135809914,206.3238983154297,76698300,0.005801596732406279,0.0017440693372399313,0.0018292506060195307,0.005027165781872412
2017-04-26,206.28930854770627,207.17151885724383,206.15093322651757,206.1941680908203,84702500,-0.0006289675020360641,0.0018300497517993394,0.0018422867410359386,0.005041492690011483
2017-04-27,206.5142203713662,206.66989757723962,205.83093521903572,206.3671875,57410300,0.0008387572756318116,0.0018709670367772796,0.002020367948094482,0.00513270936164338
2017-04-28,206.6266222370468,206.65256843460105,205.7876599895779,205.9174041748047,63532800,-0.0021819078991494167,0.001973210465935471,0.0019554721559798312,0.005094052774339015
2017-05-01,206.43634033203125,206.86015021914145,206.02118797570128,206.43634033203125,66882500,0.0025169478298461604,0.0019433347908093719,0.0024780645813668504,0.005088733860380341
2017-05-02,206.57475792811164,206.69584459897976,206.10771311117955,206.51422119140625,57375700,0.00037719217531050455,0.0020973053960471237,0.00252862897987689,0.00509201435174823
2017-05-03,206.51419754423213,206.60933800312412,205.58873915342298,206.26336669921875,73137700,-0.0012154464313428352,0.0018808946444262757,0.006385878664086183,0.0053290262675144
2017-05-04,206.56605834081824,206.6438969232436,205.6579019534944,206.50550842285156,61462700,0.0011732558630419428,0.002364574449963565,0.00656064797814957,0.005354054639059016
2017-05-05,206.87745917038717,207.33585960395547,206.4363474040606,207.3185577392578,62001300,0.003929449391905314,0.0015212699963182094,0.006811652073853015,0.005326813539591994
2017-05-08,207.36183518801747,207.50886806514407,206.8601866203432,207.28399658203125,48385700,-0.0001667194615488428,0.003160547607747292,0.0070439907378093605,0.005401125403810024
2017-05-09,207.54350623831405,207.74243155244028,206.74777858688918,207.09375,51363200,-0.000918227858361423,0.003160266882770691,0.007070992954854969,0.005391969997675192
2017-05-10,207.05043905844082,207.46559143066406,206.8428562736012,207.46559143066406,54293800,0.0017939122013270214,0.008670319146092871,0.007085978866534903,0.005388129689378079
2017-05-11,207.0158781386859,207.20615908597674,205.96068859369421,207.0418243408203,62358300,-0.0020446786781478155,0.009309070684355021,0.00716174256476884,0.005374741864745717
2017-05-12,206.79098702830493,207.0850527749916,206.42772701225834,206.6958465576172,53912700,-0.001672450386720047,0.010103543611835701,0.007116072319972825,0.005348671633845503
2017-05-15,207.11961833133617,207.95858054618077,207.10231646782097,207.83749389648438,61918900,0.005508122574770005,0.010038698756259727,0.006964854839382592,0.005321935657759567
2017-05-16,208.1315939933016,208.15754019413583,207.25804110448254,207.64724731445312,51241800,-0.0009157813823569667,0.01011509628997318,0.006952987687749661,0.005328764134070538
2017-05-17,207.64722812837044,207.64722812837044,203.90217285033032,203.9627227783203,172174100,-0.017903467949408905,0.0018225791679177472,0.0030080775243003315,0.0030991014888767055
2017-05-18,203.88488106209277,205.631999962106,203.62540586744421,204.78439331054688,107047700,0.004020440055330443,0.0018528623899878773,0.002993634774319031,0.003062943253547152
2017-05-19,205.2686808241087,206.78227029307902,205.21678843962218,206.1162872314453,115011400,0.0064828249189849635,0.002156804311284019,0.0029515223426742777,0.0032402639299334546
2017-05-22,206.62662010978983,207.32720702890853,206.55743904866105,207.16287231445312,61010600,0.00506479601546186,0.00225241041228688,0.0032508646742815182,0.0036237301715655893
2017-05-23,207.53482648845247,207.78565738578942,207.15426457349884,207.62132263183594,48341700,0.0022105495322842545,0.0023641299795323896,0.003244436436616026,0.0036209890203533447
2017-05-24,207.85483417668863,208.20943666083193,207.5175071643434,208.10565185546875,46927700,0.002330036165449526,0.0038891951900138933,0.0032437759032318014,0.0036143295357319197
2017-05-25,208.61593409813327,209.37705782517145,208.4083644980005,209.10028076171875,64071700,0.004768056793270437,0.003706838666335283,0.003105126754423287,0.003489021650424721
2017-05-26,208.90996080003987,209.22132833952406,208.8321222145324,209.0570068359375,46629900,-0.00020697439561241667,0.0037918782069549673,0.003105077647001642,0.00348481834944571
2017-05-30,208.7369929564361,209.12619910229242,208.5813157770756,208.87538146972656,35201900,-0.0008691615329514033,0.004320915999923429,0.0033114216556469917,0.00398032837654656
2017-05-31,209.16947497747938,209.20407870913107,208.13158738469383,208.82351684570312,91796000,-0.00024833498244375066,0.004220162728178771,0.0033779151556062653,0.00442689577136532
2017-06-01,209.28190858500193,210.5014327244796,208.9964871993291,210.484130859375,68962000,0.0079207842014436,0.0024951095004393997,0.002509452092821664,0.004564315759092627
2017-06-02,210.5360566880442,211.34042857493054,210.24199092185276,211.1847381591797,88666100,0.0033230242779806957,0.001924677173860508,0.002254941881493637,0.004516910562851938
2017-06-05,211.01170509458183,211.29712645256342,210.83006852224628,211.0290069580078,44698800,-0.0007376889551090573,0.001931491365921118,0.0034699775786941715,0.004535627446045323
2017-06-06,210.466845031661,211.02038598008141,210.27656409337987,210.3544158935547,50375400,-0.0032017948697884166,0.0024374423962853016,0.004055993088819147,0.004506046371158077
2017-06-07,210.69168365933325,210.96844747433232,210.02570052088976,210.7435760498047,54144300,0.0018483121481691477,0.00259151533507072,0.0040271182593268435,0.0049420182894198295
2017-06-08,210.83873725835193,211.32308388038217,210.31978690763057,210.84738159179688,65950700,0.00049244672926883,0.002804560926173019,0.004030446366394646,0.005173686246241623
2017-06-09,211.11550569356558,211.91121990384883,209.26460209199337,210.52737426757812,132256400,-0.0015188730757581751,0.002675245833638479,0.004000543824206542,0.005168748425394574
2017-06-12,210.28520560176892,210.53602325723256,209.63652423363692,210.484130859375,86108100,-0.00020542625476311244,0.004390808620415445,0.003996023501357827,0.0051714298105323
2017-06-13,211.02036254185137,211.56525909526675,210.67440443656096,211.51336669921875,60067000,0.004877933573638709,0.00546510388901097,0.004477143762588665,0.0053313256635343495
2017-06-14,211.78150885516482,211.79015318961186,210.42359609192093,211.24526977539062,78602300,-0.0012683216220161296,0.005438439032016482,0.0054253878925897515,0.005331292668690554
2017-06-15,209.89598483832128,210.95983177720848,209.61922098575457,210.8387451171875,66464900,-0.0019262742466496453,0.005353056341878415,0.0061177465919878835,0.005390653069327623
2017-06-16,210.99783260155976,211.04997806682266,210.00702897611282,210.8848419189453,84553100,0.00021861144767995142,0.005371245078484592,0.006161482265272732,0.0053924910652244865
2017-06-19,211.71048558799038,212.7012891020136,211.61488115848746,212.6404571533203,65123800,0.00829053326413246,0.0032252062051818186,0.005445543970798957,0.005079499631183996
2017-06-20,212.2841118334075,212.2927983226885,211.18901740229742,211.20639038085938,56906400,-0.006766935996478921,0.0038054399201442836,0.0051257511211164515,0.004926956422144333
2017-06-21,211.5975293302492,211.71050674963394,210.6849439141061,211.15426635742188,55977600,-0.00024682234422428027,0.006039540340822375,0.005878754216116041,0.004921553204826875
2017-06-22,211.16295897267005,211.6583541315483,210.88483215505542,211.05865478515625,44148100,-0.0004529069060286151,0.007366147524102203,0.0063383152240616405,0.004928614016010404
2017-06-23,211.1195210897118,211.64098903210697,210.73710330819793,211.31072998046875,66986800,0.0011936245113070428,0.007427047898580047,0.006335273935462238,0.004933421285334963
2017-06-26,211.9798898399386,212.39707999389566,211.2411404748748,211.44972229003906,56700500,0.0006575464371457263,0.007502360090505072,0.006326906798630456,0.004947474963217979
2017-06-27,211.23246021410642,211.5279732492118,209.72887535654044,209.7462615966797,82247700,-0.008088728507800968,0.006362541185872013,0.0061531482966421785,0.004487751088668838
2017-06-28,210.7631562637456,211.82349155414153,210.5284884176897,211.62359619140625,70042600,0.00891068490902502,0.006010174197814074,0.0055268322925144464,0.004128501758982094
2017-06-29,211.77130561765378,211.82345107085214,208.55554113955273,209.7636260986328,106949700,-0.008827900200142793,0.005828398081936701,0.004596881032472938,0.0035002945382939677
2017-06-30,210.57193157446784,210.94566280210128,209.96354578022047,210.15475463867188,86820700,0.0018628794122517655,0.0057972136257598865,0.004633193123100349,0.0035159771388136615
2017-07-03,211.0934061863297,211.52796934909023,210.51109313964844,210.51109313964844,39153800,0.001694164563577171,0.005771045891519016,0.004643261148621828,0.0035233793290501596
2017-07-05,210.8761713286819,211.20643038752084,210.06787677070994,210.9978485107422,54427600,0.0023095860579291994,0.006684876458715581,0.0048092857998928516,0.0035124868814373025
2017-07-06,210.23295488728553,210.35463203575168,208.88580650381542,209.06832885742188,65400800,-0.009186805926283535,0.0035852835106280115,0.003009013597829254,0.002688753853054889
2017-07-07,209.64195547243426,210.5719136942868,209.07701543431983,210.42416381835938,57972300,0.006464190448328662,0.0032476702376762535,0.0028791595707467997,0.0024063603617538996
2017-07-10,210.42414792570648,211.02384713446918,210.1199484464805,210.65011596679688,36663300,0.0010732176291572886,0.0034472029138619812,0.0029528624316176658,0.0024125821209703166
2017-07-11,210.65008867612704,210.8065382703159,209.32902655223705,210.49365234375,50354600,-0.000743041412548028,0.0031758557616628547,0.0028141124098833687,0.0025112877057758176
2017-07-12,211.45844346560077,212.24065187535012,211.45844346560077,212.0755157470703,59610400,0.007486920068514483,0.002472390364533474,0.0021471943335648336,0.002007013108515502
2017-07-13,212.0842090236191,212.54484491380276,211.85822769210736,212.43185424804688,39471600,0.0016788334425154505,0.0026227461628603194,0.002263783058688051,0.003867188309371061
2017-07-14,212.43186492959558,213.77901345016744,212.33626049879845,213.42266845703125,60262700,0.004653307380905063,0.002484598076983775,0.001989765799822172,0.003722681559667951
2017-07-17,213.34443047246788,213.7268481601751,213.22275332290783,213.39657592773438,33531900,-0.00012226500877197808,0.0024996066164136308,0.002011280295903227,0.004361808015901624
2017-07-18,212.98808618280643,213.56171271617282,212.64912746069257,213.5095672607422,42742500,0.0005293497760532087,0.002544883142419335,0.0020839764368509226,0.004361691118615932
2017-07-19,213.8224433044374,214.67418331440118,213.81374355439402,214.66549682617188,51034300,0.005399344663475304,0.001256299237759421,0.001263735009439338,0.004204895563304416
2017-07-20,214.91757530246852,215.0392524680929,214.21358503979766,214.76113891601562,47135200,0.00044544089008306294,0.0013766592442376153,0.0014238028141387805,0.005473767334970298
2017-07-21,214.18743713235497,214.5959274582525,213.96145585992804,214.56985473632812,82340800,-0.0008910802861785121,0.0014313181106403593,0.001503215540527111,0.005476309452504854
2017-07-24,214.4917057542839,214.65684189782053,214.04845604938308,214.51779174804688,46622300,-0.00024266831712959876,0.0014536318313583322,0.0015771608015542923,0.0054870987988396595
2017-07-25,215.265183138537,215.36948730652418,214.81324703724425,215.03921508789062,54915600,0.0024277271125622917,0.0013685302508298356,0.0016440296691889167,0.005999838597516667
2017-07-26,215.32606993450494,215.36082915600542,214.78721579943908,215.04794311523438,47575400,4.058724925151853e-05,0.0013926123420898552,0.001643653594960379,0.0060405808247237834
2017-07-27,215.50856694803846,215.54332616544713,213.52694674855073,214.8480224609375,70766600,-0.0009300886015106641,0.0016182461210742722,0.004783790331758482,0.006052960902473134
2017-07-28,214.36996597233983,214.72631088727954,213.91802990939547,214.595947265625,50088400,-0.001173960945002909,0.0017161502819914994,0.004870393603034531,0.006087802071565977
2017-07-31,214.99574143870353,215.0913458501037,214.26567862172752,214.47427368164062,65838700,-0.0005671499969268649,0.0017155048619295298,0.005993447613189005,0.00608885189989415
2017-08-01,215.07402396682556,215.10878318749505,214.430865659001,214.9523468017578,55050400,0.002226565819728418,0.002051304857186663,0.005938205682757737,0.00606860934838006
2017-08-02,215.08271335630772,215.19570403318554,214.1266690023028,215.056640625,47211200,0.00048507742087581504,0.0020304881257242227,0.005970575816039963,0.006178028284198485
2017-08-03,214.9436210594324,214.9696937872359,214.36130803546263,214.63943481445312,40856000,-0.0019418652647529221,0.00672525279047356,0.00774195709968798,0.006319774774928655
2017-08-04,215.12612199115475,215.3607765180168,214.64809992600595,215.030517578125,60191800,0.0018203873437832425,0.006670076000868566,0.007650247946059738,0.00631461689499525
2017-08-07,215.1000846337351,215.4303436279297,214.9957804539439,215.4303436279297,31995000,0.0018576655896898736,0.008687082536723404,0.0075986741968097436,0.006503368428651356
2017-08-08,215.1174127672828,216.33419735787277,214.52641333953756,214.90013122558594,61719400,-0.002464211584488169,0.008656617044512859,0.00854638182592741,0.006536148546335494
2017-08-09,214.21360766535665,214.94367073621333,213.85726262059882,214.8915252685547,62632600,-4.004711074472512e-05,0.00872230986620782,0.008587816201596307,0.006536152400058368
2017-08-10,214.05710373969825,214.18748063761373,211.80606987759083,211.85821533203125,120479500,-0.014216111848270768,0.009326532036538892,0.007295214281918156,0.005640508219105841
2017-08-11,212.08422263855766,212.762140152982,211.84955480300584,212.17112731933594,74869900,0.0014758980694534842,0.009260262647707367,0.007318268295101235,0.006070635867016003
2017-08-14,213.4487010455156,214.491649836917,213.41394183258802,214.2743682861328,73291900,0.009864135240851247,0.007224674490522148,0.006485899568525375,0.005737779631788782
2017-08-15,214.65679667125985,214.67418290949976,213.9441200451935,214.24830627441406,55242700,-0.00012163655880109734,0.009453114590502668,0.006512958746587325,0.005734784543117501
2017-08-16,214.76978966703544,215.16959358002424,214.19616315519622,214.62203979492188,56715500,0.0017428745938622748,0.009385286857263092,0.006701653845339584,0.005734285968293464
2017-08-17,214.01364977380297,214.32653575018128,211.27589416503906,211.27589416503906,128490400,-0.015713692015560884,0.005632206825049687,0.004249350819718979,0.00425177688771376
2017-08-18,211.110771048936,212.2319513923749,210.50238529682153,210.94564819335938,136748000,-0.001564325861635845,0.0055019301230154905,0.0040891985850676545,0.004192050845991134
2017-08-21,210.88482598104898,211.37153463580879,210.18083572957025,211.1107940673828,65469700,0.0007825772380923039,0.005536633619616522,0.005042899240644991,0.004189902090658542
2017-08-22,211.69308230910568,213.47478047201594,211.6756960711894,213.31834411621094,63140100,0.010402537230756462,0.002446655592592403,0.00402034025709228,0.0036577908289331545
2017-08-23,212.35364773887312,212.97941978670568,212.205897847276,212.5535430908203,50203800,-0.0035916991496508627,0.0026244780744928593,0.003760348879440899,0.003600590706364306
2017-08-24,212.93591815300553,213.09235450271285,211.84951040732693,212.05810546875,50741700,-0.0023336045941515205,0.0024748817926123264,0.003664943205173916,0.003512263893537262
2017-08-25,212.8490428740146,213.46612843239413,212.40579319922318,212.5535430908203,64445900,0.002333604594151559,0.002555703154900764,0.0047571862090737965,0.003583684623721238
2017-08-28,213.08367786795816,213.10975059411498,212.14501994087084,212.5622100830078,40565600,4.077474016895877e-05,0.005152663799127522,0.004730170938731552,0.0035768680198815976
2017-08-29,211.24984420711982,213.0663150587926,211.1368535401398,212.8055877685547,51135700,0.0011443165812451766,0.005243565128482591,0.004751521243911071,0.003628383411991934
2017-08-30,212.78818857668327,214.08319150724105,212.60566622281107,213.81375122070312,62030800,0.004726299240088528,0.004978054053247181,0.004715251885348225,0.0035375774640102426
2017-08-31,214.43089703711738,215.34348253957418,213.84858385752375,215.10012817382812,103803900,0.0059983174799817665,0.004007728146615051,0.004460626075572595,0.003398002492331828
2017-09-01,215.4738133189262,215.8301583221608,215.25653172112212,215.40428161621094,62007000,0.0014130098836253732,0.00654696969401867,0.004470437498957204,0.0034784013404356245
2017-09-05,214.90018779183964,215.12616914224762,212.89250793998733,213.85723876953125,91398800,-0.007207958184982107,0.004613786165550769,0.0033605284398704905,0.0028724211796898992
2017-09-06,214.5351500718967,214.91756779673688,214.00498245551665,214.58729553222656,57916900,0.003407943903232267,0.004766809762955718,0.0033640796131718773,0.002842054091826187
2017-09-07,214.89150580151696,214.90889204310074,214.1527430450965,214.5612335205078,58034700,-0.00012145916849963462,0.004796135354571549,0.003612191096860536,0.0029775815801827477
2017-09-08,214.27440110391774,214.76980948125174,214.06581927077957,214.30917358398438,63832800,-0.0011754598189599478,0.0044188187824730435,0.003523628475087812,0.002975695579309315
2017-09-11,215.57812682484715,216.67323468005944,215.56075384371064,216.5950164794922,71364800,0.01060961759084497,0.001431118530668518,0.0017972694583636138,0.0022372217694623213
2017-09-12,216.95999602215846,217.3597866815819,216.7774736694203,217.3250274658203,56896000,0.0033647289874856844,0.0009177374165355684,0.0014705962628924105,0.00220559519831194
2017-09-13,217.03820188154188,217.46407850587528,216.92521122855646,217.42930603027344,59228000,0.0004797126028133555,0.0009337280175867424,0.0018989709633364987,0.002201543839896808
2017-09-14,217.10780716707143,217.55975667040315,216.93398451558022,217.35984802246094,95446300,-0.0003195020287693093,0.0018527229712280403,0.0018915692755699341,0.0022591602950194573
2017-09-15,217.2156393232552,217.73969494931958,217.11083086356777,217.65235900878906,95432400,0.0013448405616503113,0.0017806573295213643,0.0020987852736103615,0.0022587569371390133
2017-09-18,218.0192775480726,218.4647269838403,217.73104085635288,218.1153564453125,46235200,0.00212497435824788,0.0016239976706030148,0.002352112659243418,0.002247542205284612
2017-09-19,218.35989657938688,218.42104374769173,218.01052607591205,218.3336944580078,47108100,0.001000520131535082,0.0015309566792701254,0.0023775754482942514,0.0022492245399582354
2017-09-20,218.42103540568147,218.52584388719498,217.41657192320085,218.41229248046875,59574100,0.00035992556616449135,0.002593092680798144,0.0023613894034080936,0.002242927957658189
2017-09-21,218.25509286573282,218.34242882969582,217.65241740557613,217.8271026611328,48211400,-0.0026828854838118923,0.002132178096030474,0.002341359432045941,0.0020699160032443273
2017-09-22,217.53011717373215,218.03671369942697,217.5039150540953,217.87075805664062,51214000,0.00020039297683018293,0.0024073796564478417,0.0024948775470572527,0.0022254850926394175
2017-09-25,217.61745072905316,217.96683453307224,216.6828773745145,217.42529296875,57064400,-0.002046723108783078,0.0016858807819977403,0.002426737663777493,0.0024119686444513083
2017-09-26,217.85330171224217,218.09786373210036,217.32050302734459,217.55633544921875,54082000,0.0006025196278276599,0.0013036122956093488,0.0023816938854671873,0.0024051275926993626
2017-09-27,218.25508132737005,218.78787999161077,217.37289884285593,218.403564453125,81001400,0.003886733943490338,0.0014062785635395821,0.0023110027790558814,0.00273088033270037
2017-09-28,218.12410769965842,218.7442557938906,218.03677172017154,218.6656494140625,44778800,0.001199283701687474,0.0018478133511680007,0.0025542755503448204,0.0027312482242201563
2017-09-29,218.65685867643668,219.51283905062218,218.4734438302756,219.43421936035156,85578000,0.003508655398167927,0.0027413432917601614,0.0024754740228327735,0.0031204054095314536
2017-10-02,219.6613502279669,220.3863067626953,219.4866516296174,220.3863067626953,59023000,0.004329442729297947,0.0030252995424689855,0.0022631160154432855,0.0032237937413022457
2017-10-03,220.3863043740284,220.88415805655924,220.30768467457054,220.8579559326172,66810200,0.0021378152167713833,0.003068051425677192,0.0022402933217090673,0.003214374159888784
2017-10-04,220.7094926271409,221.3645724398404,220.59594119476378,221.12001037597656,55953600,0.0011858259643851394,0.003066554595634114,0.002239618473598908,0.003215280213010673
2017-10-05,221.45186859770155,222.447589200853,221.15490233464226,222.4301300048828,63522800,0.00590744233701135,0.001978417832060827,0.0014330508379535082,0.0029869211432052302
2017-10-06,221.9846763219045,222.4650707832565,221.7226550953771,222.1768341064453,80646000,-0.0011394150172505293,0.0019236761081288581,0.0019482318533097472,0.003019295766335292
2017-10-09,222.40397405322105,222.4651079070688,221.54799347828646,221.81002807617188,35803100,-0.0016523286834407961,0.0015286444497717637,0.0023787052970630092,0.002967068987508319
2017-10-10,222.3777281817695,222.7707733374642,221.83618656529862,222.3951873779297,43057400,0.002634636514299098,0.001246990191467657,0.002320846236246905,0.002961318514504979
2017-10-11,222.29910515071512,222.74456787109375,222.13316282390105,222.74456787109375,47674300,0.0015697567372387996,0.001165262064096758,0.002911454716518377,0.002963258705017555
2017-10-12,222.43011595511425,222.77948643927715,222.1768110256109,222.4126434326172,47065100,-0.0014912686644697054,0.00042552287661664864,0.0028746110639345976,0.0030864917383631478
2017-10-13,222.84932048099782,222.9628718640161,222.41260079569935,222.68336486816406,54800400,0.0012164632523416752,0.0019725768798943876,0.003787074152559218,0.003091613310555742
2017-10-16,222.91052901548102,223.1725502367093,222.56988810025342,222.9803924560547,38221700,0.0013329674086757118,0.003207589538198438,0.004076618316380159,0.003087974952767366
2017-10-17,222.92795822456165,223.1812631411833,222.70959835115698,223.13758850097656,31561000,0.0007047286060539538,0.0032469760842717896,0.004088628158192152,0.0031557300593402543
2017-10-18,223.51320028799114,223.55687493585796,223.1638297603191,223.35598754882812,40888300,0.0009782853639322827,0.0041503141063507975,0.004093071285699113,0.00337885692962779
2017-10-19,222.5786044856064,223.45204404486665,222.15935722889787,223.41709899902344,61903800,0.00027356818222254973,0.004212260001670702,0.004091935264042305,0.0038582662864406494
2017-10-20,224.21198153918792,224.5962971394155,223.39967568822829,224.570068359375,89176400,0.005147343451033161,0.005238906997330368,0.003909036042764756,0.003774110865284594
2017-10-23,224.89322883296725,224.9194309537116,223.61798787604818,223.69659423828125,63915300,-0.0038971232949939487,0.005204908753567356,0.0035917550725742486,0.003664575703292709
2017-10-24,224.1246362141857,224.32551028927895,223.73157768030504,224.08969116210938,66935900,0.0017557349906634193,0.005193651090058228,0.0036228256038549735,0.003902786298453705
2017-10-25,223.75775317683716,223.87130459112328,221.85366122188066,222.9803924560547,103715300,-0.004962537298911671,0.004223274624093569,0.003000626554086105,0.003694325085528269
2017-10-26,223.59181270302912,223.86256352467024,223.14634996797955,223.2686309814453,69798000,0.0012918283305369497,0.004265089442666094,0.003412075235114892,0.003707417002800776
2017-10-27,224.01102924490968,225.25132506108443,223.2773432648059,225.09408569335938,85562500,0.008142803718727554,0.0026320932652569183,0.0023143771197383705,0.0033026504965567435
2017-10-30,224.0110684569867,224.99805952789407,223.9586642103246,224.25563049316406,54285700,-0.003731864706157733,0.0010665270360632904,0.001873722161782758,0.003784895817291243
2017-10-31,224.63122837139065,224.85833123593787,224.30805992892934,224.6050262451172,60304800,0.0015568119739441143,0.0014945132758107551,0.0020503842501495076,0.003804407254587092
2017-11-01,225.38237007095873,225.7229976666513,224.5351325618353,224.90196228027344,54202700,0.0013211633452974716,0.0015129855717769258,0.0025842591049722767,0.004171835625189811
2017-11-02,224.8321061061006,225.12907239190451,223.76650865456273,224.98931884765625,56449500,0.00038834523870606556,0.002695820571547262,0.003825152438530407,0.004240415089023172
2017-11-03,225.14651932111855,225.7841398341459,224.7360016370278,225.740478515625,59589700,0.0033330850002701536,0.002160982271939626,0.0038050955730182744,0.004248370309438518
2017-11-06,225.6094359811802,226.22085435776503,225.53957254212585,226.08984375,49652600,0.0015464447018451054,0.0020451960699432625,0.003813638806768001,0.004373380753829666
2017-11-07,226.1946689399576,226.52658027431363,225.4260377772938,225.93264770507812,57502200,-0.0006955231398014898,0.0022255405179125226,0.004356329797447455,0.004361577988797505
2017-11-08,225.75793755793842,226.41301726687485,225.47843048486277,226.31692504882812,50469600,0.0016994043085191383,0.0024132369720474955,0.004354515140158692,0.0043879351758997764
2017-11-09,225.11157985978514,225.68805314872068,223.91494531222034,225.4958953857422,95085500,-0.0036343836636904864,0.005064350024774924,0.004166855613593979,0.004358123976778487
2017-11-10,225.1115999260466,225.600723974454,224.7971478062067,225.426025390625,59984700,-0.0003098984212435588,0.005282143888567772,0.0041731188006822505,0.004352698176862084
2017-11-13,224.7447214001383,225.8627229227184,224.7097763557661,225.6356201171875,50228600,0.000929339675563059,0.00533395151143354,0.005101372452571494,0.004350255418032733
2017-11-14,224.83206522794742,225.21638074093954,224.05469127726758,225.111572265625,61315200,-0.0023252417165748477,0.005824128002061486,0.004976656143277959,0.004272360909313185
2017-11-15,224.14209128859287,224.6661604390365,223.27739451628267,223.98487854003906,80811500,-0.005017612975602131,0.00483322777216537,0.004740800596044473,0.004200141038563708
2017-11-16,224.9281424421125,226.25578761229633,224.8844811268868,225.88893127441406,67777000,0.008464880872242737,0.0035780313480835665,0.004632469876126037,0.004185850343416352
2017-11-17,225.53953445826068,225.8627027879323,225.14647604607512,225.22508239746094,75756800,-0.0029431555484032007,0.0029600492450598394,0.00444601550793902,0.004150765841123242
2017-11-20,225.4697091570141,225.80159381167795,225.22512048211286,225.60943603515625,48075500,0.0017050767636444483,0.004723505241636632,0.004838569474011879,0.004367162526094757
2017-11-21,226.37799602123317,227.2689211848732,225.57444677568827,227.08547973632812,69176800,0.006521164168385376,0.0046620985765405,0.004569905585315304,0.004261307434584439
2017-11-22,227.09424522334598,227.22525580300072,226.71867267658402,226.88462829589844,45033400,-0.0008848664261427086,0.005092371033733068,0.004539183710064925,0.0042219459989880515
2017-11-24,227.37384930088348,227.51360286393074,227.2340957378362,227.4087677001953,27856500,0.0023074939740820193,0.00578736507565683,0.004695182821699852,0.004242737381727522
2017-11-27,227.45242453316544,227.749390818247,227.09431107476212,227.2952117919922,52274900,-0.0004994718132473906,0.00590621762571015,0.0046215888229904295,0.004263794018775846
2017-11-28,227.75808396140033,229.62723056018447,227.66199175928952,229.6010284423828,98971700,0.010093478664799153,0.004868839539244791,0.003726791559421597,0.0037656143674738764
2017-11-29,229.73208312406396,230.26489516197006,229.01588288160568,229.46131896972656,77512100,-0.000608673212940109,0.00484695335485103,0.0036991400799331444,0.003749280902275466
2017-11-30,230.37844582153883,232.37860338664402,230.29983945330548,231.47024536132812,127894400,0.008716865007839691,0.002558668774071668,0.003102455091839726,0.00346591014991229
2017-12-01,231.25185497707815,231.73223604917192,227.75809691018895,230.98980712890625,164390900,-0.0020777509437817595,0.003564700610671493,0.003876502817067723,0.003695241787022534
2017-12-04,232.60569136026692,233.03366822283851,230.65791150982508,230.71034240722656,94040600,-0.0012105898431730368,0.0034701146115157697,0.0040655248666760365,0.0038314820503962113
2017-12-05,229.88058471679688,231.59251897552159,229.74957409972203,229.88058471679688,77994500,-0.0036030175116640683,0.0019347092926407274,0.004103829948962391,0.0036857437833023965
2017-12-06,229.97659857098364,230.35219779582366,229.46127248952516,229.9241943359375,75898600,0.00018968754244464803,0.002035175361448449,0.004145014971528252,0.003814794636280468
2017-12-07,230.6492156982422,230.9636411789777,229.66222462493982,230.6492156982422,77218600,0.0031483448474499127,0.0035814747784946106,0.004123962436486881,0.0038080673990007123
2017-12-08,231.60122748092607,231.91565291517546,230.61423655354508,231.9069366455078,76563900,0.005438146441185614,0.004528273386123386,0.003960555674726436,0.0037262589530375006
2017-12-11,232.605712890625,232.66686006386954,231.88076970373237,232.605712890625,83077500,0.0030086447502422832,0.004974904420053843,0.003977520026302685,0.0037945537764430795
2017-12-12,233.39179273103937,233.48788494970145,232.6406474545075,233.01622009277344,85195800,0.0017632644831708359,0.00573837906265563,0.003965052869671377,0.003993895609524528
2017-12-13,233.26080018071406,233.6975200232834,232.90268671117553,232.9900360107422,102905400,-0.00011237652591939698,0.005766799189684734,0.003974199600914832,0.004084498641682076
2017-12-14,233.28694539741238,233.40049679362306,231.98552911370558,232.03793334960938,100666700,-0.0040948246309323345,0.004944456582562873,0.003930659852358365,0.0040315863926799235
2017-12-15,233.03960830620332,234.43547233615615,232.98693621386562,233.97018432617188,144610300,0.00829282571191926,0.0037596388346414324,0.0037004296036990073,0.0041319085133680175
2017-12-18,235.36613793134373,235.80509006221476,235.2607937065766,235.4539337158203,83653600,0.0063215939438083565,0.002119416112447435,0.0036977309673959452,0.004119568043233819
2017-12-19,235.69970433667532,235.74358882543072,234.47940476779215,234.54965209960938,82382900,-0.0038479822678267007,0.0012431467132880325,0.0034299246328566902,0.003914838071634258
2017-12-20,235.51538110817063,235.56805322378713,234.12830407774675,234.42678833007812,76751500,-0.000523965648379216,0.001433537196099702,0.0036661398863383873,0.00404629060241323
2017-12-21,235.05004429245363,235.6207034128294,234.66376433012604,234.90957641601562,67032300,0.0020573230309362,0.0021666507681322718,0.003669003465979444,0.00404566436633426
2017-12-22,234.92713742476712,234.96226108962753,234.31259385148846,234.84812927246094,78720900,-0.0002616120743142893,0.00408069011622571,0.0035550746629515804,0.0040509041186539895
2017-12-26,234.44431077412563,234.7867062791785,234.30386967573068,234.56723022460938,45244400,-0.0011968039634709735,0.0044602192207944796,0.0035960101347881374,0.00398138609201701
2017-12-27,234.73408386409082,235.0413557638411,234.4092635212037,234.68141174316406,57751000,0.00048665679810759946,0.004362023934092012,0.003795529898009527,0.004369913994271513
2017-12-28,235.18171402040323,235.20805006858635,234.79543411938158,235.1641387939453,45116100,0.0020548336366391913,0.004543771903839674,0.003900119880877907,0.0049184706036368405
2017-12-29,235.7435927507426,235.76114118823554,234.08436789215662,234.27748107910156,96007400,-0.0037775038754883157,0.0022019180245866177,0.0038258926087972648,0.005569166532178825
2018-01-02,235.13784025255728,235.9894083349834,234.7515602899202,235.95428466796875,86655700,0.007131847817657687,0.002223447444206729,0.004120370509067642,0.005489358582698996
2018-01-03,236.12107258166156,237.59597178965154,236.12107258166156,237.44671630859375,90070400,0.006305168691505254,0.003027475999327789,0.004379873213105185,0.005461754688620053
2018-01-04,238.08757744045107,238.93035778564,237.50815758078866,238.44749450683594,80636400,0.004205891354723252,0.003657709076083129,0.00439000942426924,0.007625164350773247
2018-01-05,239.23766408183238,240.15945270574503,238.7460399102112,240.03656005859375,83524000,0.0066421080440942385,0.0036250845449576283,0.0045388837468130164,0.012211436319726338
2018-01-08,239.94005031990457,240.63360230012833,239.65035365508598,240.4755859375,57319200,0.0018273253016711745,0.0047361522790524985,0.004529005802893284,0.013093635170439823
2018-01-09,240.89690172182273,241.64312563339757,240.6159659541577,241.0198211669922,57254000,0.0022606049953151647,0.005747960519462881,0.004675786123254422,0.0131095623718406
2018-01-10,240.26481254196977,240.91447986147978,239.5976235750946,240.65109252929688,69574300,-0.0015310399662428256,0.005782251422867519,0.004498220027542608,0.015499115565580066
2018-01-11,241.20418164712254,242.4069061279297,241.03737770393656,242.4069061279297,62361500,0.00726960876745433,0.005473201831291313,0.005077440559703879,0.0158581925465537
2018-01-12,242.67026541950014,244.1538987144319,242.3717544461334,243.98712158203125,90816100,0.006497699082674472,0.005761947912433574,0.005911817743140656,0.016204518010767884
2018-01-16,245.24253818450373,245.89217870480007,242.45957014401458,243.1531219482422,106555100,-0.003424067133435658,0.004518911559553359,0.006972021189220501,0.016237080393074785
2018-01-17,244.08359636936444,245.8569524289565,243.15302046971237,245.47067260742188,113258800,0.009486103885790185,0.0039198953205003976,0.006416022717827743,0.0164060699357858
2018-01-18,245.3567117962844,245.7780887281205,244.56657646606374,245.0582275390625,100728000,-0.0016816345191166093,0.0034366615822816506,0.006394698467978572,0.016723856129793307
2018-01-19,245.63756026225914,246.173095703125,245.05816712382477,246.173095703125,140920100,0.004539083830670603,0.005200252182365611,0.009472796502549528,0.01667529430011264
2018-01-22,245.96238931636123,248.17469787597653,245.9096904252106,248.17469787597656,91322400,0.00809799552939035,0.006552503254113668,0.015375175291103365,0.016557475372573398
2018-01-23,248.21864414608123,248.9912041885166,247.89382385358272,248.70150756835938,97084700,0.0021204874937016394,0.00832951880833502,0.017359969599273602,0.016539789774417054
2018-01-24,249.3423251815439,249.93932036064535,247.4285005787556,248.60488891601562,134816100,-0.00038856791001464684,0.008357341841687817,0.017280058629052984,0.016554809901503043
2018-01-25,249.46527770838205,249.56183431704545,247.92015763767293,248.71026611328125,84587300,0.0004237843861263467,0.008324338395039876,0.019899513595333557,0.01703911607339115
2018-01-26,249.5442625102855,251.63367873984512,249.28966279713086,251.5897674560547,107743100,0.011511225048879813,0.008982328282771358,0.020322704895988798,0.017040491705313812
2018-01-29,251.0191484690479,251.45810058127645,249.76375185803687,249.92176818847656,90118300,-0.006651912466542908,0.017832172116517362,0.021677319362028487,0.01718457845455981
2018-01-30,248.09566670894165,249.97436726883348,246.88415494649124,247.3582305908203,131796400,-0.010310329444970935,0.02382862165472475,0.021839530591058958,0.01718126968326309
2018-01-31,248.2098307869233,248.7102157521953,246.41011134364305,247.4811553955078,108364800,0.0004968270945975769,0.023369891170997144,0.022617856433858358,0.017405713716789156
2018-02-01,246.75254341754422,248.49956422699574,246.4101479147717,247.20025634765625,90102500,-0.0011356767057520312,0.025500572388842697,0.02325670452544391,0.01748961357528248
2018-02-02,245.88341509241843,246.0151221655599,241.78361717245468,241.81874084472656,173174800,-0.02201032184947099,0.02906502887329668,0.022289260308040883,0.017099468168336324
2018-02-05,240.06291099027115,242.1698756837403,231.1609496616137,231.7052459716797,294681800,-0.04272236833224654,0.023984114860405862,0.01704547238128781,0.013932424441803834
2018-02-06,228.20241370210414,236.7707670349998,227.11382109691172,236.27035522460938,355026800,0.019510649936843833,0.021821806502416354,0.016110267238989714,0.013286592709886762
2018-02-07,235.71728090980616,239.1059783080259,234.90959724654337,234.98863220214844,167376100,-0.0054395829769670195,0.022759901445252306,0.0159820134988044,0.013236219515102756
2018-02-08,235.28711910488605,235.4275869953834,226.13934532363862,226.17446899414062,246449500,-0.038230451222678555,0.005180288987099124,0.008727814344741116,0.00994514640168487
2018-02-09,228.95738632420708,231.42429478550562,222.039510890829,229.57192993164062,283565300,0.014909712432634805,0.006742441676321122,0.008423700935019152,0.009661351286718696
2018-02-12,231.61741052872057,234.4091657307602,229.7123737697383,232.94305419921875,143736000,0.01457762053986736,0.00842929960746336,0.00966396286951301,0.00949694101845159
2018-02-13,231.74034719721283,234.06678771243006,231.16092727411035,233.52249145507812,81223600,0.002484374502198609,0.009476665570790977,0.010579426508350491,0.009632909076360184
2018-02-14,232.03886114791155,237.03413827941714,232.0300735324697,236.6741943359375,120735700,0.013406092296413267,0.007500837381378708,0.010961390454090695,0.009244747435836517
2018-02-15,238.41246589270904,239.70298622426654,235.95431789418856,239.69419860839844,111200300,0.012679450514368753,0.008783956419680944,0.01016941831654294,0.00882748196719851
2018-02-16,239.07089448024806,241.70460725988548,239.02698319234702,239.76441955566406,160420100,0.00029291765798943037,0.009860356939476378,0.010968715573193111,0.009369299609724893
2018-02-20,238.8162675010244,240.25604318291386,237.47307520829037,238.26318359375,86369700,-0.006280979957734967,0.011652682622440659,0.01079071213582234,0.009269776298834374
2018-02-21,238.70211558804763,241.17781154014494,236.98143108137657,237.07798767089844,98883700,-0.004986727220635435,0.0126453497718801,0.010625244887909939,0.009206065039409872
2018-02-22,237.99981276687265,239.711709729396,236.7180802507282,237.38526916503906,110511300,0.0012952806468162113,0.014485568396137995,0.010694427051417191,0.01082986732552917
2018-02-23,238.60560199341734,241.1690673828125,238.1315262000043,241.1690673828125,92766400,0.01581378239195919,0.011726853695250448,0.010917853639083255,0.010986921783261527
2018-02-26,242.24010161368724,244.0661573690469,241.65192079774243,243.96957397460938,86491400,0.011545308745097006,0.011708785741357131,0.010345005113084105,0.012496943649157793
2018-02-27,244.1539603124492,244.8650874678141,240.86181907554146,240.92327880859375,99099200,-0.012564983077024522,0.010916755549537565,0.00966621803414388,0.01273815664172474
2018-02-28,242.02060331721685,242.4683429952986,238.166618131019,238.48265075683594,121907800,-0.010181973090947037,0.009697093736307828,0.00914576504526567,0.012607202988552994
2018-03-01,238.2719705350681,239.8170904251165,233.52250582934735,235.01495361328125,176855100,-0.014647420007918174,0.0043789566368158265,0.007339987137618395,0.012648854594440173
2018-03-02,233.3469912101923,236.78838842943463,232.48666199901987,236.2265167236328,139083200,0.005142016805081141,0.007143692228991529,0.007301462393383256,0.013412071989533588
2018-03-05,235.04126616716488,239.571254380669,234.93589517396205,238.9567108154297,97307400,0.011491247909162495,0.007472943546414328,0.008062368211387585,0.013480684586978167
2018-03-06,239.93118947481386,240.01022442352252,238.0700369945111,239.56248474121094,79213200,0.002531870215485585,0.009022945810334596,0.008034958886672956,0.013741832592467876
2018-03-07,237.4028296712189,239.82582667878052,237.20968970474965,239.47467041015625,87063500,-0.0003666284800417763,0.009671162246309248,0.008051185508152982,0.01390098028592538
2018-03-08,240.15069676846312,240.75645284402566,239.15868747125592,240.63356018066406,66901200,0.004827628219734214,0.009575657841107576,0.010964714824906364,0.014612658830364689
2018-03-09,242.0381952035579,244.82113647460938,241.72213576448178,244.82113647460938,113625300,0.017252609532909573,0.0031309187731372416,0.009591782902051352,0.013981992497490086
2018-03-12,245.11078898171166,245.7340932729573,244.12751407120209,244.5137939453125,71924800,-0.0012561644411829443,0.005675876324026158,0.014495023506006064,0.014605665772249771
2018-03-13,245.67264991853583,246.17306162396162,242.32783785216952,242.93359375,91968900,-0.006483595033111294,0.006304545410520837,0.015037363453078002,0.014589552362445317
2018-03-14,243.89059059498044,244.0749429957183,241.13398503411454,241.68704223632812,105895100,-0.005144453910185929,0.006248046914531995,0.015060614651536195,0.014751733521596573
2018-03-15,242.19620497023516,242.83705786317586,240.92323321625588,241.42364501953125,83433000,-0.0010904219254255201,0.011664465376943892,0.016092977213974204,0.014754606398242874
2018-03-16,241.94990120184937,242.73437827382625,241.63260276744262,241.68548583984375,100343700,0.001083982186325842,0.011834181826979784,0.016898052756930664,0.014907941173186104
2018-03-19,240.93623544895917,241.86171597010994,236.76710790101043,238.4153594970703,109208400,-0.013622875058962253,0.020972717922341726,0.017666384676446465,0.01483680817763571
2018-03-20,238.81194745566663,239.45539376753695,238.1420596185855,238.82077026367188,59757300,0.0016989948532430293,0.021379136598618488,0.01818648753840149,0.014832387333624809
2018-03-21,238.7767869849174,240.8657490816394,238.1509860168484,238.36251831054688,78709600,-0.0019206544108667206,0.02131280306392564,0.018497386592297223,0.01487816640434443
2018-03-22,236.14128090528047,236.9874367365729,232.13080299363773,232.40406799316406,148785900,-0.02531517188074127,0.020348741676230728,0.01812190065647869,0.013827838790681833
2018-03-23,232.84478414512185,233.17090531261704,227.25655645235332,227.45046997070312,183534800,-0.021545028824779825,0.02042065146594542,0.01675135979776787,0.012818975685291521
2018-03-26,231.04661876274787,233.95529387555928,228.64915539202477,233.67323303222656,141956100,0.026991199120150057,0.01618800174281644,0.015124385199890822,0.011758556478801132
2018-03-27,234.60762172890932,235.13645231917573,228.1467967301256,229.69810485839844,129941400,-0.01715784024004831,0.014966992783633159,0.014053201672705422,0.011086460196780883
2018-03-28,229.83029701052686,231.49619395397707,227.91760350865525,229.01937866210938,146452300,-0.0029592362008305424,0.014805294646821324,0.014128309076077943,0.011251119459349077
2018-03-29,230.15639710133348,233.80548898724396,229.0281805233389,231.9456787109375,111601600,0.012696577810544712,0.017936851127948635,0.01371140065142248,0.010922924870536328
2018-04-02,231.41685743848606,231.92809620608446,224.4712755675117,226.9392547607422,186286300,-0.02182081926596008,0.014424654011841362,0.011291200183028597,0.009793253796282453
2018-04-03,228.1732379441203,230.32390533759397,226.38395605270182,229.84793090820312,119956900,0.012735538792464248,0.015004501082746369,0.011124423294410525,0.009422164032203409
2018-04-04,226.3045697109445,233.01216254635614,226.17236209963713,232.30703735351562,123715300,0.010642013274623106,0.014750339461788378,0.010860455594747558,0.00926702432787526
2018-04-05,234.06113617759715,235.02190791920242,232.97700648742247,234.14048767089844,82652600,0.0078613763026627,0.014794381823941476,0.010961359524486654,0.009085268002162347
2018-04-06,232.18376675366508,233.6733424388094,227.4064564911248,228.92250061035156,179521200,-0.02253778887372296,0.00852614650357698,0.00811142043826598,0.007959204398165656
2018-04-09,230.3768414531003,233.4353712614112,229.1164167597462,230.05072021484375,105442900,0.004916286291705672,0.008724029539086258,0.008110159025178237,0.007928753481957337
2018-04-10,232.93293347707709,234.49306462652993,231.79592065488106,233.70858764648438,103529000,0.015775180039589144,0.00729319533389576,0.007921730236915467,0.0071396580556433616
2018-04-11,232.22780953419007,234.1405034372823,232.15730774505533,232.48342895507812,91140200,-0.005256038148611744,0.005773552117282529,0.007817216328192308,0.007299839864913804
2018-04-12,233.80550546359493,235.3391678373889,233.6292106832202,234.3960418701172,68890500,0.008193222164791222,0.006998409346810927,0.008062058857486147,0.007360996985201978
2018-04-13,235.7006061362064,235.81519507925242,232.703782489798,233.70858764648438,85079200,-0.0029371840161794937,0.00834071794178534,0.007990380717843954,0.007308309716050102
2018-04-16,235.33919382812687,236.39690882957498,234.51947949635002,235.6300506591797,63405300,0.008188005806400124,0.007342659449486314,0.007879212251309869,0.007134430960045829
2018-04-17,237.3929653784986,238.75036044556862,236.88175333700946,238.1510009765625,64682000,0.010641937242009954,0.005948700582661727,0.006847312032972869,0.006969544709490623
2018-04-18,238.59160948485868,239.1292628354769,237.86883854573958,238.3271942138672,57303900,0.0007395647780485957,0.006426525261838716,0.0069292645851092545,0.0070270820462351195
2018-04-19,237.67489630549863,237.87763258794652,235.97376217062165,237.00503540039062,77655900,-0.005563107826346768,0.00930279997284329,0.006855808761270585,0.00689643015882587
2018-04-20,236.9345575277574,237.1549125737747,234.11400217921198,234.99542236328125,99953100,-0.008515352675330934,0.00856038534581763,0.007966257891836913,0.006604075751977931
2018-04-23,235.56834131435096,236.12364027357134,233.884825718501,234.9601593017578,65558000,-0.0001500697638899475,0.009228598311700578,0.008047468088389432,0.006760618179610557
2018-04-24,235.98270660741227,236.20306171976785,230.29753394911134,231.79595947265625,112885500,-0.013558465224571764,0.006335277053921775,0.006472866811917754,0.005891060138761113
2018-04-25,231.73421176421306,232.8095455943946,229.91848811799363,232.36883544921875,103840900,0.0024684175694140846,0.007259959239547848,0.006969298187249943,0.005893061440968839
2018-04-26,233.3912690074155,235.559555230159,232.95055889473045,234.73101806640625,67731900,0.010114337381806377,0.004329880510361046,0.006871476872563703,0.0056121647237302695
2018-04-27,235.3391972855658,235.6388769306565,234.0170669637368,234.9513702392578,57053600,0.0009383029660244182,0.008332044565913748,0.006863479127952469,0.005669357650454744
2018-04-30,235.56843748139593,236.12373666730835,233.07400255083985,233.14453125,82182300,-0.007719990528455467,0.007312191442004026,0.0059595296554751445,0.0060356489859092
2018-05-01,232.58038626773487,233.6645429949395,231.0290778253246,233.55877685546875,74203400,0.001775199391389754,0.007357498899933738,0.006761510274136582,0.006644076524960897
2018-05-02,233.36483583662604,234.17572740968185,231.60199532273418,231.9898223876953,86368900,-0.006740264755484385,0.006371245916162244,0.005978994772695265,0.006606797788955194
2018-05-03,231.16126305069108,232.13080372140743,228.3318849297842,231.4785614013672,136311500,-0.0022062397850239252,0.005212480610524919,0.0058519253345795386,0.006798011346880043
2018-05-04,230.50899674677927,235.15409832989712,230.18287558263515,234.4753875732422,91222100,0.012863363433756925,0.0042224114843419,0.005091989006369444,0.006345414309492005
2018-05-07,235.24225048650933,236.23823271919028,234.55471690649136,235.26869201660156,55304900,0.003377605943366826,0.004686927363397632,0.005375865588299029,0.006334922754002949
2018-05-08,234.89848369650036,235.63005062825889,233.70856104472983,235.26869201660156,67499200,0.0,0.00685810001118025,0.0055814113183279114,0.006501890416230472
2018-05-09,235.93856383142008,237.86887631255698,235.41852911669892,237.54275512695312,59666100,0.009619397582343906,0.005937907827896523,0.004940228323622821,0.006255217047213415
2018-05-10,238.28316684656053,240.09009464765438,238.17740071163087,239.76394653320312,72063900,0.009307254361707193,0.0043470992375395845,0.004171831073591591,0.005990303860817754
2018-05-11,239.88731658829252,240.75991394858534,239.37607782658708,240.49549865722656,59871500,0.003046489547056741,0.004072185160550035,0.004125878222499612,0.005973541862895409
2018-05-14,240.92740579766743,241.579648169337,240.06360427665848,240.610107421875,54790600,0.00047643912425141384,0.005657665070394186,0.005437511791047401,0.00597230671770648
2018-05-15,239.38492075905984,239.40253948036187,238.00990733079024,238.95303344726562,87036100,-0.00691079204554239,0.004535027865622921,0.006768724886329464,0.0057649974677186225
2018-05-16,238.98828401389073,240.41618042257653,238.96181558524657,239.95782470703125,53942600,0.004196157664829263,0.004330289091930629,0.006938471126446758,0.0057321229277690075
2018-05-17,239.69337531631723,240.830414735098,238.9794272135215,239.7550811767578,56536400,-0.0008452703267230601,0.0044773296895674304,0.007651510218741514,0.0057409389377047985
2018-05-18,239.41141169141412,239.77279729375869,238.80322944586064,239.15579223632812,64368000,-0.0025027172549547416,0.004457379191203169,0.007669755042743844,0.0057269031196174915
2018-05-21,240.6364828393137,241.49146131537844,240.2486558873583,240.9537811279297,58025900,0.0074899456158961245,0.0051853187539240625,0.0073557388405524615,0.0056292666466196874
2018-05-22,241.47382746719947,241.72944681135456,239.9577839171706,240.28390502929688,52966400,-0.0027839737018046738,0.009041431979792826,0.007617031907631634,0.005575963831395122
2018-05-23,239.0147067417322,240.97146049199173,238.8560306763974,240.9449920654297,64694200,0.0027474969021533593,0.009238268568749243,0.0076286632103255425,0.005775465331279427
2018-05-24,240.54834042865167,240.82157848242775,238.67091148581292,240.4513702392578,76043800,-0.0020507923940794874,0.010567928731780312,0.007536607002833834,0.005754389448888931
2018-05-25,239.87850952148438,240.5043103513088,239.3760935361218,239.87850952148438,56374800,-0.002385281505575245,0.010547534970597343,0.007388929175055942,0.006561448444547397
2018-05-29,238.2566683826817,239.01470366657188,236.0090578560398,237.11962890625,115908600,-0.01156780774464914,0.007616395481176434,0.005605657614622495,0.005979096974442001
2018-05-30,238.42412164985015,240.7246150508308,238.35361988187896,240.28390502929688,69678400,0.013256384742150552,0.0064195409509149376,0.004820567343034817,0.005523618918787206
2018-05-31,239.87852272098635,240.1782023869531,238.21265238681653,238.81201171875,93519900,-0.006144481261439825,0.004408929060983996,0.003888969789219966,0.005507757604687956
2018-06-01,240.1077086367524,241.45628062814544,240.0371799489807,241.15660095214844,71258400,0.009769838363074115,0.003379599971018075,0.003209692644628253,0.00504245511093037
2018-06-04,241.97629276170582,242.5580333367851,241.73831898505043,242.3024139404297,45385200,0.004740071436687794,0.0033674251431710226,0.0032213563885742607,0.004940717071122919
2018-06-05,242.43458106982055,242.8576723897408,241.66774990774505,242.47866821289062,51135000,0.0007271499929171833,0.0032957560484007144,0.00357639081009188,0.004984436982918221
2018-06-06,243.08689252902062,244.61173231021175,242.46988760909116,244.50596618652344,62732200,0.008325969822204972,0.002310133235383899,0.0024076420365270797,0.004965802683832332
2018-06-07,244.9907462065433,245.28160302621228,243.57164575012257,244.47950744628906,72969400,-0.00010821892136637958,0.0024445136375492254,0.0031096773966613144,0.005357194824455993
2018-06-08,244.021261861691,245.25524513670325,243.8537898209231,245.20236206054688,72139700,0.0029523459385580276,0.002319124184756686,0.0029805177764451935,0.005697040400191312
2018-06-11,245.42267624813843,246.24239069067596,245.30808730263703,245.5284423828125,58892500,0.0013289582284414052,0.002376445510359214,0.004937187879661766,0.0057435163487818425
2018-06-12,245.94269221780678,246.20710753428884,245.2023024328456,245.8457489013672,72329000,0.0012915068324233258,0.0024902652009733232,0.0050194706771530175,0.0059833034455721475
2018-06-13,246.08374537166932,246.3393648003741,244.85855819513074,245.06129455566406,79070600,-0.003195941161824724,0.0026501480870993557,0.005379603189627729,0.006272569203415097
2018-06-14,245.9251108414489,246.20714492225446,245.08775071407877,245.67831420898438,77097600,0.002514653259867127,0.0029749614074602725,0.005802135979277364,0.0062547197978994554
2018-06-15,244.89564925179792,245.70134676711317,243.7889263493762,245.36489868164062,120041600,-0.0012765294852918956,0.0035264587707589845,0.005923084103005008,0.006249981824376611
2018-06-18,243.91277699312204,244.98410382907056,243.43469232640646,244.86013793945312,52917600,-0.0020593029031973015,0.006439658633262656,0.006075513919687353,0.006272485346261634
2018-06-19,242.59365495795998,244.14306698780095,242.17752607487577,243.92172241210938,97531500,-0.00383981794939834,0.007033018618198449,0.006064506306580556,0.006186163920829471
2018-06-20,244.60334059698366,245.0017714563841,244.00129011487593,244.33773803710938,53785500,0.0017040764567624446,0.006835559232029111,0.00676281826759885,0.006274129468301012
2018-06-21,244.32895813740058,244.34668299377168,242.31029694175825,242.8061065673828,71061400,-0.006288231016974036,0.00817852746189287,0.0070870055399159405,0.006073729543974674
2018-06-22,244.06335437668065,244.17845786417627,243.02745000881802,243.24879455566406,54898500,0.0018215559998019664,0.008130082391843265,0.007585302171726159,0.006073998704886851
2018-06-25,242.09788662449515,242.25724826151045,238.2553473764694,239.93756103515625,137854200,-0.013706038335507403,0.005272964485001617,0.005511516712012606,0.005046797471582594
2018-06-26,240.50411165309322,241.31864434566987,239.7515348904601,240.46868896484375,68547400,0.0022111625154272304,0.0054661836457714375,0.006395967248531724,0.0052565541152462215
2018-06-27,241.05304649180533,242.47849224175374,238.326066854242,238.47659301757812,105110700,-0.008318726627648864,0.0044505864576366745,0.005615579271678794,0.004773759822431181
2018-06-28,238.423447181038,240.60146947724132,237.71512857523751,239.84005737304688,76650500,0.0057011105399388355,0.005027364147641643,0.005631374339656179,0.005141118531670453
2018-06-29,240.92906280620025,242.2925525243365,240.07024504485113,240.1853485107422,97592500,0.0014386371763511765,0.005434446494799791,0.005757582925795164,0.005384099689767937
2018-07-02,238.6182207068534,240.85822584666744,238.3791513670578,240.69883728027344,63554800,0.002135603456564636,0.005291614467300148,0.005759903059932843,0.0054350885911776435
2018-07-03,241.59304182464982,241.690447435198,239.4238823737711,239.84884643554688,42187100,-0.0035375957890130573,0.006881118552834256,0.005293022722385104,0.0053556804999547025
2018-07-05,240.97338766695466,241.86760124254315,239.90206063048137,241.8056182861328,56925900,0.008125254759853283,0.007014961525644323,0.0055165375029909616,0.005220596733021525
2018-07-06,241.8322297707401,244.22273484975983,241.45149658583094,243.85089111328125,66493700,0.008422763327669947,0.0067836413550872296,0.005193718064764299,0.0050166610299171655
2018-07-09,244.8513343486122,246.09972087308518,244.80707624573822,246.04660034179688,50550400,0.008964013776537567,0.006007006519612995,0.004504743511965063,0.00473139489423907
2018-07-10,246.4981648755513,247.02939723604592,246.2059749184592,246.93199157714844,51966800,0.0035920106951824213,0.006057434428364072,0.004623236299976223,0.004723980367467132
2018-07-11,245.38249959930695,246.17049896399453,244.82470715366816,245.125732421875,77054700,-0.007341688506621196,0.003816041646286365,0.004147628784069004,0.004301174814997825
2018-07-12,246.3830245781455,247.40120402224898,245.7809739353221,247.34808349609375,60124700,0.009025317033106703,0.0029746661872112265,0.0037126288209349025,0.0039623658353211315
2018-07-13,247.17103350001074,247.84390253014723,246.71948199088973,247.54287719726562,48216000,0.0007872187075659029,0.003044538513146983,0.0045376321626199095,0.004323907171390878
2018-07-16,247.58719341456032,247.7288301610967,246.87887458387516,247.32156372070312,48201000,-0.000894440873167795,0.00307649236799105,0.0048958209207350875,0.004423085718187146
2018-07-17,246.5511893583646,248.71151363505118,246.49806884496982,248.3219451904297,52315500,0.004036703034227991,0.0033673610067759116,0.004979351483594503,0.0045498183577541195
2018-07-18,248.4016865443658,248.95061666305273,247.95899747838,248.84437561035156,44593500,0.00210163315717881,0.0048591887859100735,0.0049711545033172145,0.004878217506872062
2018-07-19,248.18033358029288,248.56103967940436,247.42775678976406,247.90586853027344,61412100,-0.0037785917885128925,0.004456225168262388,0.0050604719387624675,0.0050926930486471745
2018-07-20,247.70219359511609,248.3308314298879,247.4631512619163,247.6225128173828,82337700,-0.0011436509166409,0.00601613500551742,0.005113123222097438,0.0051094719896113
2018-07-23,247.41894365871448,248.28659698414955,247.07363319847968,248.08297729492188,47047600,0.0018578152518542775,0.006638694494023471,0.005162946523639925,0.005112465251875045
2018-07-24,249.49070268000807,250.17243409081593,248.4636608403578,249.33131408691406,68026900,0.00501931462144453,0.006618869308020712,0.005062912682413245,0.005035242493702991
2018-07-25,249.08343422718482,251.77499148944142,249.03917612553772,251.45626831054688,78882900,0.00848650027156433,0.004509227189842619,0.004420379194629543,0.00470752550609811
2018-07-26,250.73905246712084,251.54472264436467,250.64164684001761,250.8629913330078,57919500,-0.0023621521254116326,0.005654450747760153,0.004359351949762084,0.004681449224162818
2018-07-27,251.19068976200543,251.28809543288952,248.24239167882683,249.16319274902344,76768700,-0.006798864482679514,0.004751097956334921,0.004344982268729709,0.004512978024849623
2018-07-30,249.24283644941406,249.40219804756535,247.33925162185292,247.8616485595703,63742500,-0.005237352568226197,0.002870766645010855,0.004143173232307384,0.004500028895308514
2018-07-31,248.6230938172121,249.6943940617525,248.2423876090965,249.08348083496094,68570500,0.0049173828866658975,0.0027339568151148875,0.004325013594036054,0.004443368190282803
2018-08-01,249.2871187743651,249.79179090381137,248.02103425559477,248.66734313964844,53853300,-0.0016720727409095147,0.002205486716755707,0.0050435769802463426,0.004457294715680636
2018-08-02,247.36585304894294,250.19018493185882,247.16220631548583,250.02198791503906,63426400,0.005432833722200302,0.0025860897568392607,0.005395065292334213,0.004560378060392547
2018-08-03,250.14579415606403,251.146275414807,249.9687077844047,251.09315490722656,53935400,0.004275139711862329,0.004213909454921164,0.0053424275792235765,0.004517119785321385
2018-08-06,251.12878161779145,252.3240210290235,250.739212899301,252.01416015625,39400900,0.0036612716622485865,0.0037450244646962984,0.005263835665869294,0.004521262012036628
2018-08-07,252.67808596667044,253.22701610254995,252.54525762703747,252.84628295898438,43196600,0.003296449811465359,0.004868234525876285,0.005213131917046062,0.004552491051876217
2018-08-08,252.67812584104703,253.1385128296892,252.2796947984672,252.74008178710938,42114600,-0.00042011090821378056,0.005569894793492016,0.005215969559981305,0.004619575637925902
2018-08-09,252.80199595567012,253.19156446296677,252.26192830940533,252.3947296142578,35717000,-0.001367366567756355,0.0073878741666934065,0.005214642528207532,0.004633462948523893
2018-08-10,250.9604568137881,251.5005245360856,249.99537081693893,250.7036895751953,77076000,-0.006722527215614748,0.00669059452644967,0.004864138312089958,0.004320584651205929
2018-08-13,250.97813090933042,251.58904395946368,249.4729773325625,249.76516723632812,65732900,-0.003750576789195136,0.006059569231872629,0.0048512451628332075,0.004210229596501448
2018-08-14,250.49120289007564,251.5979255987983,250.10163433503746,251.35885620117188,43842000,0.006360478696365508,0.005676448244130408,0.00471059191742887,0.004035480092937231
2018-08-15,250.01305901813416,250.15472274901578,248.0475186589918,249.48182678222656,102925400,-0.007495550065516472,0.0031586710128787394,0.003363229495494835,0.0036608677488256212
2018-08-16,250.91612029893878,252.36815319125307,250.88069761338195,251.50047302246094,69967900,0.008058796352511421,0.002070788566246699,0.003661342858474719,0.0033367484578796266
2018-08-17,251.2968699173722,252.82858385301807,250.8896035314421,252.38589477539062,65618500,0.003514374354307899,0.002895361864366546,0.0036849513218330755,0.0035866062743028153
2018-08-20,252.83748215861576,253.1916280670518,252.3859305890893,252.926025390625,39807500,0.0021378115155777375,0.00402013202139468,0.0038473166706393977,0.003725489513436567
2018-08-21,253.43953001341072,254.37802881887922,252.9614181816964,253.5192108154297,67272000,0.002342546256366463,0.004163031765438221,0.004040737691169436,0.0037105357886688052
2018-08-22,253.11180892319695,253.89094570767136,252.8461793723519,253.3685760498047,44993300,-0.0005943515466843175,0.0039062934370574535,0.004211405930675124,0.0040261427556806334
2018-08-23,253.1915881432276,254.0504060210551,252.7134763814482,253.0322265625,49204900,-0.001328392589547848,0.004855631242963699,0.004248655158032387,0.004013062980609932
2018-08-24,253.6077231096326,254.69674797691286,253.55460258143327,254.55508422851562,57487400,0.006000395214035413,0.0047050183218427175,0.0038447114561151645,0.003979831244601122
2018-08-27,255.75025973945864,256.671060366002,255.5908981943619,256.5648193359375,57072400,0.007864086101422973,0.0034807054270479362,0.0030151088913693675,0.003632702797605754
2018-08-28,257.0252943284539,257.1315624145711,256.2284593099741,256.6888732910156,46943500,0.00048340210416763276,0.003660616436334294,0.003009528189247289,0.003710644861096978
2018-08-29,256.9013321766645,258.3002177918885,256.6622897986318,258.0700378417969,61485500,0.0053662708321998015,0.001544060348926654,0.0031225937997423126,0.0035644052709222496
2018-08-30,257.5918317908462,257.96367535391823,256.4319889781424,257.0251770019531,61229500,-0.0040569674997766965,0.0011880647517425711,0.0028171289600939895,0.00342845055601357
2018-08-31,256.6180203252793,257.4768382804098,256.1310731115822,257.0341491699219,66140800,3.490713041410584e-05,0.001900071653162379,0.003314630328173309,0.0034997855185659706
2018-09-04,256.61792988539094,256.9455153885651,255.5908882686675,256.59136962890625,57594400,-0.001724134158039554,0.002855346199569291,0.003724874466798021,0.003471323364391276
2018-09-05,256.2373116913065,256.44095840721263,254.8915465355231,255.90086364746094,72452400,-0.002694699956204082,0.0025869084631879266,0.003566557441965335,0.003387653403983056
2018-09-06,256.00708517512356,256.30811050201584,254.1035275676476,255.1305694580078,65909900,-0.003014666898884917,0.0029773857517600157,0.003965322784016252,0.0038114573632860396
2018-09-07,254.08583548590653,255.60868701029355,253.84676608884516,254.634765625,73524800,-0.0019452244208261792,0.0023977568415735973,0.0038674586030356937,0.004015424577669388
2018-09-10,255.64395924470784,255.90958877767227,254.88254735996188,255.07733154296875,50210900,0.0017365333553690653,0.0041889499040739415,0.004216747883679964,0.004000656411549926
2018-09-11,254.43116525715587,256.3612835234171,254.08588176015792,255.91859436035156,50530500,0.003292642992960422,0.004585015846238361,0.0042241719442482305,0.003946654098191664
2018-09-12,255.92743976826773,256.5826110397569,255.19258769507857,255.98056030273438,59810800,0.00024210214891364222,0.00455297562126778,0.004411954321630639,0.008190726831675276
2018-09-13,257.04295190384914,257.68042515569164,256.75962445423187,257.4944763183594,51034200,0.005896763404062929,0.005149058270455913,0.004105211987941245,0.009181170406932546
2018-09-14,257.698179952664,257.88410181150124,256.75968121049704,257.538818359375,55079900,0.00017219096933493983,0.005260922187991756,0.004105704112736962,0.009911978951833558
2018-09-17,257.4857236145753,257.52111929245183,255.9008888925555,256.17535400390625,68244000,-0.0053082730842694565,0.004642927969181648,0.003665108478813642,0.00991723793916758
2018-09-18,256.38770941207565,258.1584651362326,256.3611491569968,257.5652770996094,61930400,0.005411004708773605,0.004356153477343446,0.0033934793043337705,0.011175076060479591
2018-09-19,257.61843821443676,258.25591145639254,257.4944723248046,257.83978271484375,49080600,0.0010652035169738802,0.004660842686188627,0.0033908067095263935,0.011165638270860093
2018-09-20,259.0970602153132,260.2480409377501,257.85750925934076,259.9292907714844,100360600,0.008071240663189037,0.0024370695290721316,0.0032387048994381522,0.011273185194063765
2018-09-21,260.6701942475922,260.78581879458903,259.5317810140974,259.6918640136719,105479700,-0.0009138456821830968,0.002495615580794348,0.0035553270982294355,0.011276735720266773
2018-09-24,259.1136810427981,259.25598604173615,258.25097564679436,258.8290710449219,53409600,-0.0033279032983849974,0.0026682485972760327,0.0035143333914605225,0.011282816837880216
2018-09-25,259.2826786788656,259.38940064759277,258.3488343105982,258.5889587402344,44370000,-0.000928117336859281,0.002626626875492882,0.0035153739201158767,0.011284419710705504
2018-09-26,258.7313131778317,259.9141847464246,257.3972340300499,257.81524658203125,79739700,-0.00299653925810419,0.0017648913815608467,0.01046007983754181,0.012875434986687605
2018-09-27,258.2866480000463,259.6207272917874,258.01094045110614,258.5356750488281,59249500,0.0027904624707563415,0.004199164128840932,0.011575088735687583,0.013725927042833645
2018-09-28,257.913024857578,259.0603403412746,257.87746896148747,258.5622863769531,70091400,0.00010292567418034613,0.0046270965687312685,0.013155434736834273,0.014043680178000914
2018-10-01,259.79851514867977,260.5278181370274,258.79353183087005,259.4605712890625,62078900,0.0034681319528363256,0.0037847959544164526,0.012798009135770118,0.01391624424053478
2018-10-02,259.309326171875,260.02082396744885,258.9357993288641,259.309326171875,47258200,-0.0005830913559671639,0.00368113463900688,0.015507512799106475,0.014577330030204274
2018-10-03,260.358885266842,260.7768978308185,259.0959721701713,259.45172119140625,64694600,0.0005489811690036701,0.013104062433630227,0.015496120113060887,0.014922126059100316
2018-10-04,258.9714428347122,259.0248038303383,255.84081347636905,257.4239196777344,111545900,-0.007846420906743829,0.014212598714424691,0.015825116631507954,0.015222115043003574
2018-10-05,257.6461793607619,258.16201119191044,254.56000949174071,255.9830322265625,105951700,-0.005613056967477679,0.018499823319915235,0.015870556571398315,0.015225439818260992
2018-10-08,255.2981877770208,256.33878112479266,253.91965061816597,255.9830322265625,87742200,0.0,0.01802405885574103,0.015804957278151444,0.015328924683379961
2018-10-09,255.6006521845047,256.9080235309674,255.04921007260296,255.60952758789062,74339000,-0.0014601647262782401,0.022910483869481232,0.01576769512589568,0.015456457659744162
2018-10-10,255.10259051241061,255.17375659636278,247.14260159596967,247.51612854003906,214731000,-0.03217525148776863,0.01713259364415566,0.015501230996395917,0.01458779343783924
2018-10-11,246.43102392729244,248.04971271824712,240.4543498192236,242.0641632080078,274840500,-0.02227291746668766,0.014610640729864753,0.01565200627604578,0.013591293854936069
2018-10-12,246.1553929525463,246.44000303227887,242.2420993529125,245.42611694335938,183186500,0.013793124388826909,0.013334745112213036,0.015568381684566361,0.013492993382195197
2018-10-15,245.07038096659127,246.3955849931058,243.95864810584297,244.04759216308594,102263700,-0.005632696503858065,0.013219508001151861,0.015567462032200137,0.014110626800150468
2018-10-16,246.0041788161168,249.75738891009476,245.53280531070305,249.3838348388672,118255800,0.02162995881968955,0.00587406837278759,0.014416940449702645,0.013129703090981963
2018-10-17,249.4193353723644,250.05079163860316,246.85790013671058,249.42823791503906,110626000,0.00017803529110276467,0.012141340479663695,0.0151615512005646,0.013176320483512714
2018-10-18,248.4944520427115,249.09035262690333,244.55447843294348,245.8262939453125,134557500,-0.014546085895805754,0.017337439268636116,0.015221725393216425,0.013092063897660397
2018-10-19,246.4754891579305,248.40544112928515,244.99910548451564,245.6928253173828,139901600,-0.0005430862238293087,0.018017814039140528,0.015297212297164166,0.013111790257891425
2018-10-22,246.35991149336718,246.68007741159767,244.05640510863475,244.5900421142578,82415800,-0.004498566587336071,0.01797162592423357,0.015412432191607744,0.013606958592003438
2018-10-23,240.97916660583792,244.4655448019636,238.89797931644497,243.34490966796875,146352700,-0.005103693205312197,0.020807159663044198,0.015463548542817868,0.01414587883497411
2018-10-24,243.09588794996847,243.47834459638236,235.42050879522853,235.971923828125,177806700,-0.03076698720215843,0.015104488693241587,0.012143359759143707,0.012416497456520263
2018-10-25,237.8039816111299,241.7439542252775,236.781193360631,240.20530700683594,138061500,0.017781172400014332,0.013739949214895693,0.01155214229281096,0.011754539902737213
2018-10-26,236.50558142545964,241.0236512105069,233.27710529716651,235.98081970214844,201574600,-0.017743474244228834,0.009850841898914098,0.010090122186938071,0.011689766279649289
2018-10-29,239.0669858830614,240.3566066552751,231.10699613836647,234.6734161376953,160749100,-0.00555570024758017,0.007985665164727528,0.012226198693634118,0.011620182073873163
2018-10-30,234.50444807839088,238.46219999139012,234.01526943167627,238.15090942382812,157116000,0.014709716914632997,0.006775311941183602,0.011607784696318773,0.012248300560639963
2018-10-31,240.71234277026565,243.0069741099624,240.24096922248452,240.69456481933594,128296300,0.010624217867072423,0.009782723117882808,0.011410818078654556,0.012066209168694868
2018-11-01,241.55723572088397,243.4516321862805,240.47218374803228,243.25596618652344,99495000,0.01058548393130833,0.010368324961405028,0.011389724321572274,0.01191124582391259
2018-11-02,244.35884745387176,244.78576258174922,239.76961161135745,241.81521606445312,122634100,-0.005940383232688456,0.011480419028636274,0.011228745673237573,0.01214021404904487
2018-11-05,242.30428826612493,243.70063059419127,241.33486092616565,243.1492156982422,65622500,0.005501446749398846,0.015347107529259066,0.012360515823733592,0.014298485223177474
2018-11-06,243.08695198751172,244.8479186355636,243.02468846268695,244.68783569335938,60085900,0.006307946854618807,0.014854617817941502,0.013092414949383749,0.01420692712960519
2018-11-07,246.8580138331892,250.0064483555935,246.43109871665462,249.92640686035156,102752100,0.021183243856481324,0.007039586279616756,0.010158837037434858,0.014053291250848537
2018-11-08,249.12588950722693,250.11312204168914,248.3343501125517,249.47276306152344,65584900,-0.001816758821102128,0.010774610400070725,0.010059855629013023,0.014097013851647595
2018-11-09,248.16535324771868,248.3521166919951,245.6305979363497,247.0358428955078,98812600,-0.009816304109052118,0.01093325041893306,0.01216605231079219,0.01402077296754866
2018-11-12,246.5289890223831,246.76911355069015,241.9041694364947,242.42002868652344,99673600,-0.018861561661052944,0.010286935205103386,0.011083172925761647,0.013565014482561708
2018-11-13,242.88242086967105,244.87463683563516,241.2459538773567,241.9663543701172,98176600,-0.0018731924138727706,0.012510792609379522,0.01348045209592493,0.013566067997440688
2018-11-14,243.83411060887397,244.23431809199508,238.75572328236524,240.31214904785156,125335900,-0.006859985662626611,0.013144496184092067,0.013259913654241064,0.014068923262238995
2018-11-15,239.0491568741506,243.28264272262598,237.4749534984664,242.8201446533203,135101400,0.010382324538241642,0.0104591890822372,0.013002862239652803,0.014307156177128372
2018-11-16,241.72620354692577,244.35877823500198,241.21034452079422,243.4516143798828,126668000,0.002597190027145976,0.01455079971486572,0.013566997997307555,0.01425015488509446
2018-11-19,242.84684454276717,243.1403571320243,238.41771948586543,239.3337860107422,103061700,-0.017059042077115154,0.012959804032072565,0.016630909827871136,0.014158208473209246
2018-11-20,236.00743189304094,237.46603781258796,234.04189663297697,234.90460205078125,136021300,-0.01867968878352071,0.011627205890109986,0.015270056303962264,0.014038233574229925
2018-11-21,236.4521591402249,237.5994747294918,235.6962027211134,235.705078125,75563700,0.0034018715717622147,0.012395179162103495,0.017264645461111373,0.014459479545257442
2018-11-23,234.06859584230529,235.5272018784924,233.97077641256175,234.130859375,42807900,-0.006701167430122147,0.010049652458184602,0.017137808728106885,0.015291739267169929
2018-11-26,236.3809911999364,238.13308256630586,235.9896592196982,237.91073608398438,79981400,0.016015357702569726,0.00963799273644189,0.016233690270457492,0.019095697294043524
2018-11-27,236.8790639113208,238.71119689941406,236.27428794556133,238.71119689941406,75502400,0.003358895227491773,0.02126313162389241,0.016294793981022113,0.019204832247312783
2018-11-28,239.77848590009825,244.20761108398438,238.6489482392209,244.20761108398438,127629600,0.022764288534700527,0.017616512340309424,0.01401314702701607,0.01819013317038282
2018-11-29,243.43390534608557,245.07037280558174,242.29549202026584,243.67405700683594,82346400,-0.0021872282758444166,0.01968403933562076,0.014797039839449109,0.018436024577289132
2018-11-30,243.52280408525462,245.71958882183426,243.2026381197173,245.15927124023438,98204200,0.006076585689590049,0.01902779100952419,0.014897223862095304,0.018320798901908155
2018-12-03,249.27706444528062,249.3837864043592,246.81347541687646,248.40545654296875,103176300,0.013154230552452071,0.01596794344075348,0.013280228183029388,0.018321855535627315
2018-12-04,247.57837738663264,248.00529243928708,240.04527685328782,240.3565673828125,177986000,-0.03293879836333061,0.011401009014612716,0.010656021839524799,0.019205013215859667
2018-12-06,236.50551991524597,240.10752209732985,233.41044708855944,239.9918975830078,204185400,-0.0015183555125543688,0.011466235716295488,0.010800199772808265,0.019360053064291994
2018-12-07,239.65398235031736,241.21931064647666,233.57948693968595,234.41551208496094,161018900,-0.02350992935124133,0.009331923020387607,0.010403818553217583,0.018885955785795227
2018-12-10,234.23761783450223,235.8296265873571,230.01303376896047,234.86019897460938,151445900,0.001895205791694406,0.011622436208911093,0.011146927255243872,0.01891851747266954
2018-12-11,238.05305993563306,238.23982339583532,233.44604697126593,234.9135284423828,121504400,0.00022704321204068816,0.011438535218351895,0.022165810104290168,0.01894296335700283
2018-12-12,237.88409498741427,239.24485459889894,236.0163787982232,236.09642028808594,97976700,0.005022799776413848,0.009545147400954529,0.022331790088342896,0.018897393650812985
2018-12-13,237.03913056400617,237.90183601004946,234.90460973993248,236.01634216308594,96662700,-0.00033923304827505874,0.007559211790770949,0.02230608749599071,0.01893182135156047
2018-12-14,233.87293341160515,234.8245829393611,231.10695599803614,231.6583709716797,116961100,-0.018637301581744876,0.007909869102789497,0.022300887973564828,0.01866797640296978
2018-12-17,230.70674603004963,231.8184786411639,225.48605403096258,227.11363220214844,165492300,-0.0198132728800394,0.009504948928698489,0.021574565894132196,0.018061328335794477
2018-12-18,228.75010114550832,229.41714067784332,225.26369591406458,226.86459350585938,134515100,-0.0010971394977440994,0.031208462003052193,0.02273146970808471,0.01810250530497571
2018-12-19,226.94466625050688,230.7067659311748,221.7684458235465,223.4671630859375,214992800,-0.015088853178496762,0.031198307350222842,0.025033327357926908,0.017815983593862595
2018-12-20,222.22196381691975,223.7872781315787,217.58825725874033,219.8295135498047,252053400,-0.016412174421515366,0.030091439205698838,0.02432056467881821,0.017663396516797818
2018-12-21,220.72858607171847,223.38548870397216,214.68121894770843,215.3253173828125,255345600,-0.020702318877215364,0.02738696992192555,0.02281355148257631,0.016739766091853608
2018-12-24,213.84032507460728,215.45057126158082,209.57318974188104,209.63580322265625,147311600,-0.026778233883856,0.020683028137133467,0.01967382606050088,0.015085489970740442
2018-12-26,211.093979247737,220.22763061523438,209.1169520452067,220.22763061523438,218485400,0.04928994128855858,0.013301327464173842,0.01388989074096104,0.011149464589693597
2018-12-27,216.99822249418898,222.1152062471228,213.76878896161634,221.9184112548828,186267300,0.007648101401620266,0.02054271453354937,0.013927591251126822,0.011394772856319405
2018-12-28,223.26922375327266,224.89735185930846,220.46918466599615,221.63214111328125,153100200,-0.001290811970909018,0.020421505947201095,0.014223686846267477,0.011395521801791998
2018-12-31,223.25125406209222,223.81484350562917,221.38158621474537,223.57330322265625,144299400,0.008720353424654718,0.02044999980237663,0.014350673969514383,0.011681508407658055
2019-01-02,220.04873678437622,224.7273989963419,220.02190048222155,223.80596923828125,126925200,0.001040128816524327,0.020320324733883004,0.014324760435375575,0.011726050871026357
2019-01-03,222.06153288497993,222.36570038148278,217.9822513104657,218.46533203125,144140700,-0.024152129247051752,0.012125982413772954,0.010284835181586424,0.00976540217726462
2019-01-04,221.4890188084166,226.42710333610125,221.11329691449131,225.7830047607422,142628800,0.032947043626672556,0.0035547346293561878,0.005717792824534157,0.007265151620957382
2019-01-07,226.05135993790628,228.967685018204,225.1567801850317,227.56320190429688,103139100,0.00785362827573572,0.005729989286517441,0.008194497717939573,0.007201689382606126
2019-01-08,229.7459630162037,230.1842983290865,227.22324173305432,229.7012176513672,102512600,0.00935140035466267,0.006388644263570112,0.007913548755051965,0.0071443333547410465
2019-01-09,230.40796876553281,231.61565694335764,229.18239882003667,230.77474975585938,95006600,0.004662714779665167,0.006300582080533577,0.00789900316061938,0.007662588198867957
2019-01-10,229.2449965104731,231.8392721108213,228.56510722057578,231.5887908935547,96823900,0.003521220456350592,0.006736536131363979,0.008142790041747136,0.00766063083092719
2019-01-11,230.51529840272522,231.70510473251588,229.93382703798264,231.6782684326172,73858100,0.0003862892401858765,0.007793681258525858,0.008759407632639195,0.007658642929458963
2019-01-14,229.78172036067835,231.06991726630778,229.37917589042223,230.26480102539062,70908200,-0.006119679726486453,0.01077699272327519,0.00839996340951444,0.0077436693169337725
2019-01-15,230.6405685877629,233.2169627574834,230.6316140537097,232.9038543701172,85208300,0.011395770735636187,0.009998649147261998,0.009006866735377251,0.007497025766695017
2019-01-16,233.33319843854275,234.35303234522823,233.12746259100066,233.4674072265625,77636700,0.0024167575369544708,0.01003038603431598,0.009201848497589737,0.007578677834732513
2019-01-17,232.59965398203775,236.09746354596547,232.55490862113237,235.2386474609375,96118400,0.007558036207698574,0.010158141882933253,0.009115848643236594,0.007727857492602632
2019-01-18,237.0457750313044,238.83493470526588,235.2744971259349,238.36973571777344,127900300,0.013222459678319233,0.008633294902458387,0.008507808404277102,0.007318128254149421
2019-01-22,236.90262700516908,237.11731741906,233.53899825203223,235.14923095703125,115531200,-0.013602641690168608,0.00580383906140134,0.006494469614641402,0.006320431916843078
2019-01-23,236.17798861637877,236.87575967051836,233.181141246526,235.6412353515625,86030300,0.0020901212274049255,0.009063709037299032,0.006682214145557339,0.006481629736873453
2019-01-24,235.46234089582398,236.34799345977734,234.451461356412,235.76649475097656,59204100,0.0005314270189618084,0.009215393685612428,0.007842179819780349,0.0065101873584549365
2019-01-25,237.60929250091039,238.5844083633359,235.86487852864417,237.76138305664062,96883400,0.008425692344425265,0.00911480942678982,0.007560073793372189,0.006383512299396095
2019-01-28,235.62335558879,236.0169455325683,234.19202263725006,235.954345703125,85613700,-0.007629242639563283,0.00683458491488173,0.006840791913071378,0.0059793718009525515
2019-01-29,236.0974797217171,236.6610419843488,234.8092828063201,235.6412353515625,66136300,-0.0013278767238237613,0.005679358788655874,0.007381232188914143,0.005949512175673996
2019-01-30,237.15305735490657,240.21250429784018,236.39265923503496,239.37159729003906,92473700,0.015706685680183744,0.004245962724844125,0.006126349238954417,0.005212176261142191
2019-01-31,239.3090246230662,241.9569728947139,239.09430693048517,241.47389221191406,104012100,0.008744215608164742,0.006329476021194553,0.005908026460227518,0.005069918775250755
2019-02-01,241.67073412788216,242.6100593238502,240.80299060610332,241.59022521972656,85782500,0.00048164624886632784,0.006347618964739541,0.006555636790019037,0.005212884471983746
2019-02-04,241.63490857696522,243.35251360542537,240.9639738049802,243.28988647460938,60744800,0.00701067408355256,0.005193919234871436,0.006377479456772682,0.005098871090743601
2019-02-05,243.71923613137832,244.6138156129058,243.21827380575488,244.30966186523438,79552800,0.004182845865818139,0.007998256218153938,0.006337138307331792,0.005303478812282104
2019-02-06,244.03240100434138,244.52440891312497,243.25412104298292,243.98765563964844,58347800,-0.0013188942913237099,0.007966010332399437,0.00650231503930664,0.005673685029259031
2019-02-07,242.37736530681573,242.92304568274858,240.00673515651917,241.66171264648438,95482000,-0.009578765790024635,0.005744583515374136,0.005254719349446025,0.005204892079172091
2019-02-08,240.41833753894525,242.05540667168086,239.59531205500326,241.95701599121094,75788900,0.0012212239267879279,0.006511006465147122,0.0052488503430156855,0.006030303783719955
2019-02-11,242.6099969413012,242.86940536740855,241.56332680359037,242.09112548828125,68021400,0.0005541163740114065,0.006327309389363481,0.005337048055859794,0.006047839223649501
2019-02-12,243.70145808664165,245.58005395704043,243.62987640943152,245.204345703125,72270200,0.01277772011755499,0.0047768689462698005,0.00420860607014082,0.005587705811630851
2019-02-13,246.03629437805574,246.8414107807634,245.61584075769358,246.00050354003906,65277200,0.0032416558400495893,0.0056271165513023585,0.004328172575749803,0.0055842539635202115
2019-02-14,244.9180044645009,246.58193673483984,244.10393374358281,245.4547576904297,83234400,-0.00222093898260612,0.00539081044062898,0.004381318754109206,0.005588665378479295
2019-02-15,247.22604336493276,248.16536847036366,247.0203074973905,248.12957763671875,97088700,0.010838456326614104,0.0034591613778046774,0.003506701012334348,0.005168894224605551
2019-02-19,247.3334357653313,249.21203152652333,247.32448123109788,248.5590057373047,59120800,0.001729164800480682,0.0035965759661837496,0.003544738568399228,0.005170109149834568
2019-02-20,248.52321369738445,249.5162114781635,248.0222511901044,249.05996704101562,76610800,0.002013433973997654,0.003599824821102434,0.004030371384637058,0.005241609101255219
2019-02-21,248.4248129084809,248.78263935619668,247.2171247595832,248.17433166503906,64214700,-0.0035622494860572305,0.003167011432011964,0.0046901471965070714,0.005626209261372169
2019-02-22,248.7915845167354,249.90980930917786,248.15644047874292,249.71302795410156,78114600,0.0061809208769818165,0.003185229309377643,0.00398337832786969,0.00720366955540135
2019-02-25,251.1354245896953,251.65426891834582,249.97245434206664,250.05296325683594,69030700,0.0013603781014999929,0.0037471672000001692,0.006457723004086481,0.007201858674017757
2019-02-26,249.70408159702777,250.75072474880014,249.49831840033238,249.87405395507812,56844100,-0.000715741711233391,0.003785196107422351,0.006586499340592912,0.007379269946466404
2019-02-27,249.15838854121603,250.11559560406909,248.22804508425676,249.7667236328125,56921600,-0.0004296299610881317,0.004616061711568798,0.006895918779278078,0.007490247766700801
2019-02-28,249.55199494552065,249.99035764970898,248.97947802022117,249.301513671875,69268300,-0.0018643145802783349,0.005617257501142901,0.006854822611983924,0.007510777963866951
2019-03-01,250.87605132993423,251.26966876722759,249.42683590190808,250.85816955566406,78880500,0.0062246556938256046,0.0029290477964663006,0.0067541617042696294,0.007513205561175703
2019-03-04,251.91364285291863,252.155169537898,247.6554348483589,249.945556640625,106494600,-0.0036445971844639513,0.008919744360679827,0.006617487379997634,0.0078413101237526
2019-03-05,250.0708202602486,250.26762888884477,249.05994081793222,249.60562133789062,59114600,-0.0013609630812184213,0.00911545592741451,0.006559983279936169,0.007818429391434567
2019-03-06,249.7219682288629,249.73092276380123,247.7717906411017,248.0938262939453,75039800,-0.006075151181484119,0.00863613122642058,0.006222543975789246,0.007615402436087349
2019-03-07,247.64647052496792,247.78960654387646,245.17744927490716,246.0183563232422,94885100,-0.008400854097305337,0.006548930139420372,0.005666197101342011,0.007224728523819566
2019-03-08,244.16661570345593,245.69633953555666,243.7014440300641,245.5263671875,85795800,-0.002001808895521929,0.005498207502330858,0.009241458406862085,0.007167669626225723
2019-03-11,246.24203489111082,249.24780979781647,246.21519859017263,249.0867919921875,65098900,0.014397054495492475,0.002680345992653327,0.008197027685983618,0.006627263590492492
2019-03-12,249.64149071947497,250.54502524874377,249.4536365650183,250.02615356445312,79667500,0.0037641286997381848,0.0030762769770638753,0.00842991788071586,0.006802343627968124
2019-03-13,250.91175053091055,252.61144667998187,250.7507054196275,251.6810760498047,80639200,0.006597188120532158,0.003227168707398071,0.00839111102915216,0.006715812910020895
2019-03-14,251.70793469576876,252.12838832842567,251.08174516442332,251.52008056640625,67518400,-0.0006398852100197431,0.005357064531293356,0.008479297265424934,0.006710400810749997
2019-03-15,252.07085990158336,253.5713732521297,251.88215092021466,252.76271057128906,81309000,0.004928316182245864,0.011349546333472573,0.008572346939752938,0.006771794700387378
2019-03-18,252.97835455068642,253.9757262440812,252.75372449783706,253.67919921875,62199800,0.003619327825002395,0.01102315795994975,0.009272434199646956,0.006770455170310829
2019-03-19,254.73939102219583,255.50311101686006,252.85249370807736,253.7420196533203,90268100,0.00024760665322948986,0.011879476107955894,0.009269894119319517,0.006767624130777927
2019-03-20,253.52642876764455,254.73044238296177,251.87315511285124,252.9783172607422,84609200,-0.003014297691221174,0.012019234403965962,0.009147779129807666,0.006749592998048799
2019-03-21,252.16064336761528,256.23990405923104,252.11570091924966,255.83558654785156,79550400,0.011231215579485532,0.010425383380046062,0.008538063680469173,0.006343906424689936
2019-03-22,254.4789000838068,255.0000297509821,250.84887068471875,250.91177368164062,122659300,-0.019433620042522578,0.0052579708684628605,0.004729292514977391,0.00416614802194872
2019-03-25,250.57026199951557,251.75631495200972,249.46509997525595,250.7230224609375,85575200,-0.000752544405062817,0.006321711005721372,0.004608390593320108,0.004395423864747479
2019-03-26,252.47519847722108,253.54443977770947,251.19032108946183,252.59201049804688,68125900,0.007426746690612069,0.00636451170857276,0.005087030282625722,0.0043462404406134905
2019-03-27,252.58296505421913,253.1670250393392,249.72567779743594,251.27113342285156,72224700,-0.005243011388898101,0.004502478888737853,0.004369801914364924,0.004057424252371543
2019-03-28,251.90011770045834,252.6728318312341,250.7500130593253,252.22357177734375,56238500,0.003783314822234199,0.004593110870146832,0.004480664762752116,0.0040800019411294875
2019-03-29,253.73311658007276,254.13743419240424,252.6099664002764,253.81398010253906,82186800,0.006285753125612205,0.004501346583175834,0.004524194116430009,0.003966930170528903
2019-04-01,255.808730776996,257.12056268797323,255.5391582447158,256.82403564453125,77617900,0.011789527272922455,0.001760773206571502,0.0032817307365737,0.003232127107263636
2019-04-02,257.0127320980904,257.1834531340026,256.1591269185293,256.9498291015625,40070400,0.0004896841516338342,0.00372226393436535,0.003276838341315118,0.0038019760205056383
2019-04-03,258.16284976811403,258.55820087935837,256.7521663675677,257.35418701171875,68243200,0.001572447349447851,0.0038873445941210076,0.0035000142556573777,0.003864110681925129
2019-04-04,257.67758476056383,258.2885718276397,256.9857341776094,258.0369873046875,48997500,0.0026496406087914742,0.003853870216237157,0.003471951702282117,0.004336783985991187
2019-04-05,258.7019475798009,259.33988924285876,258.41441453536396,259.2859802246094,58621700,0.004828687010368019,0.004418441457997971,0.003199830105244007,0.0044017212359428156
2019-04-08,258.8636919237671,259.59149113940293,258.2077622637104,259.4836730957031,53566300,0.000762160544273249,0.004490304555185543,0.004154943530479428,0.0059000423971305475
2019-04-09,258.522205126451,258.8456592016085,257.60572449284734,258.15380859375,66142300,-0.005138219216495125,0.003103154399390779,0.0037245907183473914,0.005791767854403808
2019-04-10,258.5671757249507,259.12428134186337,258.1538640665501,259.034423828125,52601500,0.0034053987704760875,0.003506565329566321,0.0037368190477385307,0.0057736004748173315
2019-04-11,259.5194802721649,259.5284742454136,258.3963304420864,258.96240234375,55093100,-0.0002780769348389949,0.0034771420388010825,0.0038296365932302327,0.005893731432284152
2019-04-12,260.5708025998839,260.99310810092373,259.0073865588941,260.7145690917969,69727800,0.006743317421950381,0.001691365160262148,0.0034125746331238986,0.0079776751463972
2019-04-15,260.78647484201645,260.8853263154702,259.74418819639936,260.54388427734375,49596700,-0.0006548951655375648,0.004219901766179681,0.003358992369478554,0.008324490771641407
2019-04-16,261.4244075766626,261.4783165835482,260.12154259540137,260.7145690917969,52153200,0.0006548951655375296,0.004625261341206071,0.004397830388131064,0.008463126505342157
2019-04-17,261.8287579409137,261.8557124477344,259.6633211574548,260.07666015625,58268300,-0.0024497695765547324,0.0043029785180259865,0.004376745844103854,0.008747135950777201
2019-04-18,260.66070312049783,260.858378651933,259.36683190031505,260.58880615234375,68708500,0.0019672753213274886,0.0044933141703965285,0.005250388138836999,0.008835438165501737
2019-04-22,259.8250653691345,260.9661760070736,259.7352078763909,260.81341552734375,40160100,0.0008615590020698608,0.004446781968297386,0.005533382331287728,0.00892309888359363
2019-04-23,261.1818141622424,263.3921933348262,260.94821758401093,263.1585693359375,52246600,0.008951507088103347,0.002578448370209836,0.0071308474983627175,0.008924492917949247
2019-04-24,263.0777235358863,263.410171605521,262.43078792825753,262.5745544433594,50392900,-0.002221717089484233,0.004505288959824517,0.007128993775194252,0.008932187728182233
2019-04-25,262.4758058484175,263.0688326729098,261.2268766037163,262.41290283203125,57770900,-0.0006158303944093922,0.0045857364411622465,0.007132039390875399,0.009271243638919993
2019-04-26,262.45779772184494,263.7067267400949,261.6850559679797,263.6348571777344,50916400,0.004645800767267559,0.006290747814846609,0.007169877234354618,0.009200156946054363
2019-04-29,263.72461115092415,264.56922213553327,263.6347536677554,264.0480651855469,57197700,0.0015661226647985269,0.006541647783601752,0.010199636897361551,0.009310033949404883
2019-04-30,263.7067077125926,264.4704554333061,262.29605171531756,264.18292236328125,81111700,0.0005105992788877591,0.009610763306064963,0.010988799976881371,0.00933211514465616
2019-05-01,264.8118402899683,265.0185097807534,262.1881495792361,262.1971435546875,71671900,-0.007545073826758284,0.00946604421793742,0.011276985373588186,0.009337169445577975
2019-05-02,262.0803024726753,262.9968104059952,260.13949601586444,261.63104248046875,65030200,-0.002161400664172652,0.009455799600549307,0.011856386011622673,0.009674385110108649
2019-05-03,263.10463197802125,264.47037250137964,261.7388640340087,264.19183349609375,56543700,0.009740204841272455,0.007965779348955674,0.011289204948124165,0.009214714501970147
2019-05-06,259.896981941665,263.54497195780687,259.5824943704813,263.1047058105469,107198100,-0.0041234073991797794,0.012447748212909,0.011349051062821986,0.010760488544151835
2019-05-07,260.7056536173514,261.2986802923113,256.80607889473276,258.7109375,144729900,-0.016840706901833015,0.013367345692375536,0.010792600158511514,0.010431544401390495
2019-05-08,258.3514709472656,260.0586535717971,257.7584444190409,258.3514709472656,91568300,-0.0013904186603927791,0.013985076864210818,0.01082127298100324,0.010558618755651722
2019-05-09,256.2848860812778,258.17175626704255,254.55072152918922,257.56976318359375,103471100,-0.0030303399439952816,0.014751245746242038,0.011426067971870258,0.010790188913671896
2019-05-10,256.6352774765789,259.61837045130414,253.65218450185358,258.8636169433594,112429300,0.005010739106626091,0.014811971223816873,0.011281960027184382,0.010780408537799975
2019-05-13,253.7600846462088,254.7214804117822,251.52275072246363,252.35836791992188,127290500,-0.0254511752892952,0.008097591714269672,0.00829448262116375,0.008947353222105634
2019-05-14,253.37369301577155,256.1681049927601,253.24791445118507,254.64060974121094,77003200,0.009003005281071036,0.008091706100370499,0.007822645739564758,0.008789087145637543
2019-05-15,253.01427522562122,256.77008271546595,252.80760572827901,256.13214111328125,73956400,0.0058403100367191265,0.00806660503906078,0.007540510701120736,0.008746176529500951
2019-05-16,256.8330409507783,259.86104999438817,256.7611713913975,258.5043029785156,76749600,0.009218852231450433,0.007922545588213254,0.0071605159425357475,0.008524154990799736
2019-05-17,256.20412101760206,259.31299393594594,256.1861330603053,256.83306884765625,100353000,-0.006486003465094416,0.008172078351009393,0.007142364117336177,0.008374677995671511
2019-05-20,255.23368125153678,256.9408643844069,254.38906995262954,255.13485717773438,62877600,-0.006634079253499804,0.008621087523701127,0.010663486416045297,0.0084654069265987
2019-05-21,256.82398306292055,257.8123606375981,256.57239853669876,257.43499755859375,46847100,0.008974994527585422,0.005658512483488566,0.010626868841847449,0.008283089293298995
2019-05-22,256.482621077497,257.59677743350494,256.1681335000444,256.64434814453125,49482500,-0.0030759844528941856,0.006838500401662122,0.010871027054643472,0.008423557277929306
2019-05-23,254.42494923843603,254.46986427419012,252.09778552084444,253.5084686279297,98733800,-0.012294037828209863,0.007206808079065484,0.010408683943935654,0.007797188944003134
2019-05-24,254.9461135870853,255.35945262328002,253.4635607364856,254.0835418701172,55268100,0.002265888652072179,0.006265383507689736,0.010442500774989824,0.007837000053978313
2019-05-28,254.3621417233027,255.3145711722881,251.70252896504158,251.72048950195312,70029400,-0.009343814655996934,0.013267534879604097,0.009698016254340695,0.007877241185421494
2019-05-29,250.6062550151604,251.0105726249219,248.62949974302012,250.03118896484375,104972900,-0.006733637345352296,0.013015938335228754,0.009256987799158923,0.007639473009823614
2019-05-30,250.7859808850597,251.62162558081897,249.61791549539754,250.714111328125,62523800,0.002727625346818391,0.013079673999612212,0.00925333184104977,0.007643526925581566
2019-05-31,248.1712922154684,248.9979154505843,247.30869307361624,247.3356475830078,86862800,-0.01356698002696492,0.008604175238999137,0.007301083307793521,0.006664980070093407
2019-06-03,247.3715458239888,248.48570188008594,245.37683027218762,246.70664978027344,96428000,-0.002546333161957844,0.006615947776372956,0.007020134357143872,0.006627577622815155
2019-06-04,248.99785687797655,252.19658586974714,248.5485968800239,252.0618133544922,77231900,0.021474370423585302,0.003990659268299254,0.004652070209846162,0.005187052420567472
2019-06-05,253.67922810801772,254.27225480555384,251.8732209234881,254.24530029296875,71169700,0.008625201645996438,0.004822901806791433,0.004399590017877871,0.005151254079867816
2019-06-06,254.54169119805314,256.57232737482866,253.8947558213917,255.8984375,69430400,0.0064810870786256745,0.004605550392749252,0.004719521170618734,0.005159368531191559
2019-06-07,256.9138946222919,259.5375858798903,256.7431735770717,258.4593505859375,74272200,0.009957793218640617,0.0030035676449758435,0.004439252037934931,0.00515533975129277
2019-06-10,260.0047272218072,261.3075921861058,259.5554672231737,259.64532470703125,60799100,0.004578133528153795,0.002297733388999856,0.004540078309868636,0.005114915283253079
2019-06-11,261.46036226590786,261.8287588074491,258.93552290959707,259.58245849609375,58641300,-0.00024215272479017258,0.005023553578594797,0.005902155497781254,0.005140218632466357
2019-06-12,259.3488365521413,259.9059145875843,258.6120435410981,259.12420654296875,47096300,-0.0017669025799399167,0.004480495030589631,0.005865136110343144,0.005067735487454247
2019-06-13,260.03163238713466,260.5527892422328,259.3307880190692,260.193359375,48945200,0.004117535830642295,0.005322268194329519,0.005835996945375388,0.005075647237892493
2019-06-14,259.9059143066406,260.50790737500523,259.14216679214854,259.9059143066406,52324700,-0.001105347044963751,0.005412396837533414,0.005901653683403248,0.005037621366095082
2019-06-17,260.13953327502185,260.7685083224592,259.83403972704474,260.0047607421875,39205700,0.0003802439206640998,0.005735201002936527,0.006296865882089334,0.005168871622861898
2019-06-18,261.81977777473696,263.7785449569694,261.4603478082686,262.7272644042969,85434800,0.010416535234193216,0.007002720319455144,0.005678465412605228,0.005130885633799697
2019-06-19,262.86214984310493,263.85052783413494,261.89175981051903,263.3204040527344,78674400,0.002255080424704905,0.006872783091339178,0.006001002105466943,0.005156255576448247
2019-06-20,265.9979361214567,266.2405267117123,263.38323896605675,265.836181640625,116570000,0.009508703515403739,0.00485575493485023,0.00553061666828952,0.004979533979623071
2019-06-21,265.5670871606895,266.8220901549572,265.2330222101439,265.44970703125,83309500,-0.00145486520829625,0.0058353045874037736,0.005896516234296355,0.004976977969040492
2019-06-24,265.6573967423069,265.97338627298683,264.9711913645555,265.12469482421875,47582700,-0.0012251335403553416,0.007233525307818327,0.005846585097996785,0.005157562577956369
2019-06-25,265.178790662784,265.2058762592589,262.415949606288,262.5242919921875,82028700,-0.009856643147766495,0.003664242977717011,0.004430730130856783,0.004520975562260602
2019-06-26,263.4182718416797,263.92388825683076,262.154230803802,262.2625732421875,51584900,-0.0009974288193398775,0.002776788839090584,0.004246113623989735,0.004719685781034131
2019-06-27,263.020892537568,263.6980600603321,262.6416941550696,263.19244384765625,40355200,0.0035393004002459154,0.004127378956142263,0.004269321294724562,0.004837752829168335
2019-06-28,264.1676793995476,265.04348425035056,263.65305277697564,264.5469055175781,59350900,0.005133081872920236,0.006122755030920791,0.004284014907806033,0.004833358908937905
2019-07-01,267.86945491993043,268.08616730223594,265.7476574629136,266.9485168457031,78705600,0.009037246878841936,0.004951273334111011,0.003985238070268919,0.004555786989546959
2019-07-02,266.9034220756254,267.6979700486466,266.06374060351243,267.643798828125,61504500,0.0026011686066722464,0.005210772869620656,0.004714102511795139,0.005243692345249728
2019-07-03,268.32095238664516,269.80170581299336,268.1764866215848,269.78363037109375,40898900,0.007963281122653432,0.003899756329610544,0.004108085289379003,0.0052674455447625675
2019-07-05,268.5556853748782,269.63916472557844,267.2645588956779,269.47662353515625,51677300,-0.0011386222770254479,0.0041647657781294315,0.004469028792579451,0.005488622133755269
2019-07-08,268.16743147205943,269.2960442403786,267.4541404873554,267.9958801269531,45841800,-0.005510038725545473,0.0019505465364741004,0.0041628878288915,0.008564328548643927
2019-07-09,266.8401319541879,268.6278366109929,266.7859607557403,268.32989501953125,41101300,0.0012455673444765562,0.003303114892458214,0.004683915693371356,0.009275656510934453
2019-07-10,269.39537569112645,270.56011189882554,268.8626737180611,269.612060546875,58448500,0.004766937927176955,0.004497246403731208,0.004676856666295447,0.009171072032375665
2019-07-11,270.2530867910683,270.48781949375126,269.2418542299152,270.2440490722656,50826100,0.0023413231890217615,0.004742345080314065,0.004974029796800987,0.010304605813306828
2019-07-12,270.731586921279,271.5261345736811,270.42460761085414,271.4538879394531,40326000,0.00446684691284742,0.004314132592398993,0.005225994439940875,0.010301248797159965
2019-07-15,271.8872920895059,271.8872920895059,271.0385732165695,271.544189453125,33900000,0.00033260344102120534,0.004725821589016083,0.005275647686970752,0.010562646362378697
2019-07-16,271.45399780135625,271.66167251628906,270.3615081141636,270.6684875488281,36650100,-0.0032301076785295345,0.006075693768501671,0.005224684572300122,0.011263604927541512
2019-07-17,270.6414177790369,270.80393145030723,268.82659912109375,268.82659912109375,36036300,-0.006828220051229727,0.004812649345891445,0.005971589956123478,0.012939587765509783
2019-07-18,268.33000403131257,270.18995607768375,267.8875965462523,269.81072998046875,51392600,0.0036541542937437214,0.005693655911668485,0.006378055168586747,0.012916637063435755
2019-07-19,270.9031184581802,270.9302040555339,268.14027731203566,268.31182861328125,58678600,-0.005570869385533426,0.0048496596702028855,0.006552920566194302,0.013438544658374615
2019-07-22,268.7091014293009,269.51268682028854,268.194475028688,268.970947265625,43638100,0.0024535273140374454,0.005370224981157598,0.011066391820716653,0.0137481063579073
2019-07-23,270.090607031503,270.8941650390625,269.259935864137,270.8941650390625,44564500,0.007124838650767983,0.004944834209445003,0.012048809679401064,0.013689522851298737
2019-07-24,270.1356727072155,272.16717529296875,270.0453781926008,272.16717529296875,47213200,0.00468828285532932,0.006364505206886235,0.011781092248420066,0.013794069895398357
2019-07-25,271.71581505222247,271.76998626708985,270.06351033668966,270.8670959472656,55394100,-0.004788212819941884,0.0069148065682163844,0.014010016275296069,0.013774461071274245
2019-07-26,271.55327198811625,272.88052171662747,271.4268541311043,272.681884765625,45084100,0.0066775787508082,0.00401458704760649,0.013712522898337982,0.014689344890914693
2019-07-29,272.5645287849981,272.68190893290586,271.6345528760698,272.185302734375,38126500,-0.0018227640795119135,0.010792138501161418,0.013964737840699456,0.015016075173290703
2019-07-30,270.7857815620586,271.92343194048675,270.40655558457587,271.5171203613281,45849000,-0.002457898589567823,0.015773522303876162,0.015339802255695234,0.01502058847811168
2019-07-31,271.7608869474775,271.9505137105572,266.53317301954223,268.5466003417969,104245200,-0.011000738847522572,0.016211752099182103,0.017501451665519353,0.015015230638923575
2019-08-01,268.70014633011544,271.65258755474997,265.4136125645929,266.2081604003906,142646600,-0.008745896320341368,0.01973470201217153,0.01757594542455499,0.015231122287556482
2019-08-02,265.314330902532,265.5581013739478,262.650793388134,264.2037658691406,116749700,-0.007557914795027138,0.019675638756897672,0.018392405576281096,0.015137568227844882
2019-08-05,260.1136939331715,260.22203637331984,254.36228645172406,256.25836181640625,178745400,-0.030534484445217162,0.0134567706880345,0.015581775219435788,0.013429765292740637
2019-08-06,258.14535837183905,260.0685190404571,256.6736428346704,259.851806640625,120711700,0.013925332660320637,0.013776414914050593,0.015388928221083436,0.013310648335810662
2019-08-07,256.7819852077057,260.7727722927134,254.6511774136103,260.00531005859375,140572300,0.0005905600500565405,0.020449364935094284,0.015560368176621226,0.013563778677282793
2019-08-08,261.49509755220527,265.1066589355469,260.9443476671785,265.1066589355469,87713900,0.019430177450213117,0.016956856341860206,0.014234819475498543,0.012904418470836624
2019-08-09,264.1676091836573,264.76352003700896,261.5221474446139,263.30084228515625,93730000,-0.006834966106167181,0.019314864244735896,0.01633273884843247,0.012781177666627083
2019-08-12,261.80209060429195,263.29185424173795,259.1475906449031,260.09564208984375,65527600,-0.012247847887835539,0.019110098004732907,0.01642130350268147,0.012396598140625948
2019-08-13,259.79766353479624,265.5851940525705,259.4545607891331,264.14056396484375,94299800,0.015431983146129745,0.01810136974753649,0.015512746050796389,0.012046102979509159
2019-08-14,260.09556938065884,260.70049034452813,256.20411507951735,256.33050537109375,135622100,-0.03001375229736442,0.00885498014732571,0.012121148112937269,0.009528959237460834
2019-08-15,257.2154567222614,257.9016623373555,254.9672681362208,257.0077819824219,99556600,0.002638716109797596,0.0092197157950425,0.012610759750584243,0.009563606675660022
2019-08-16,258.6599898772652,261.2332048589005,257.0618566167302,260.7998352050781,83018300,0.014646833645897145,0.015055172114074986,0.011912212984741767,0.009224397935893521
2019-08-19,263.8154737214388,264.6190316225491,263.13830611256157,263.9418640136719,53571800,0.011975668656724479,0.014819936838087548,0.011452560901030397,0.00891922873038158
2019-08-20,263.43628262555785,263.9689845752752,261.7930432847781,261.91943359375,51596400,-0.007691915722393326,0.014615323792266603,0.011706380947242783,0.008661007243162716
2019-08-21,264.07737857699556,264.4204537634302,263.3911730960728,264.05029296875,49524700,0.008102637568043752,0.014430275957191775,0.012092421707722036,0.0085430566933276
2019-08-22,264.75450123640525,265.38650783914835,262.1993065597355,263.9689636230469,51666400,-0.00030805447085872,0.015998510349915843,0.012076117267116646,0.008647868063877719
2019-08-23,262.66887506036954,264.33019001252563,255.94233087198558,257.1883239746094,149161500,-0.026022939545698714,0.007215645476344356,0.00717192561323706,0.0058352707301771055
2019-08-26,259.3733202614595,260.0324401855469,257.84743325188174,260.0324401855469,72423800,0.010997798521070079,0.007785162992273855,0.006930695884491226,0.005918135057945174
2019-08-27,261.42287531434596,261.7930636581838,258.2537214211673,259.01214599609375,66668900,-0.0039314368390359,0.007912173822475551,0.006487197010735514,0.005844152386375498
2019-08-28,258.35305014787957,260.9985121802663,257.5494645347921,260.83599853515625,59696700,0.007016895382372353,0.008672633693510406,0.006434755374354221,0.005792821788016302
2019-08-29,263.3911301931494,264.69129428520955,262.3889077432596,264.1676025390625,57899400,0.01269190809151897,0.008017212892969708,0.005835107052519737,0.0053691720255829205
2019-08-30,265.6483989632906,265.6664468507787,263.12031701361735,264.05029296875,62901200,-0.00044417113936801137,0.007905063547582969,0.006058024432762842,0.005431176991816909
2019-09-03,262.3528412178477,263.2647416845759,261.17906729483354,262.5063171386719,69101400,-0.005864441640011397,0.006431209842962583,0.005287029402029248,0.005978671542437225
2019-09-04,264.67330502987176,265.50394876745247,263.9238905677633,265.48590087890625,46887300,0.011286588205380334,0.005632693089421361,0.004554487647355971,0.006748756088380884
2019-09-05,267.96876695252837,269.81064296202624,265.44969579769,268.89874267578125,83258100,0.01277315222026893,0.003009601158861749,0.0027483727368681292,0.00632608188663687
2019-09-06,269.21484582472306,269.7475478604389,268.5376780168426,269.1064758300781,49584300,0.0007722347571169604,0.0032526339800306816,0.0033128859458796886,0.007102496171200083
2019-09-09,270.0906319733859,270.1808989649801,268.3028991645869,269.2419128417969,51260300,0.0005031574995894696,0.003988917108035258,0.003321945035123796,0.007152243173030549
2019-09-10,268.4834068391647,269.2418588270002,267.22840383509777,269.17864990234375,57947100,-0.00023499451589231892,0.003911992879752753,0.004250139442434056,0.00789813910892813
2019-09-11,269.4855693643672,271.17396919283516,268.83548748642085,271.09271240234375,68821100,0.007085589359684835,0.0026039095594405084,0.0040317127796833455,0.008048319219164471
2019-09-12,271.99570650637503,273.0881960688336,271.23728195073244,272.0318298339844,72908700,0.0034582063395528,0.0020413117038222493,0.003814646606371283,0.008182550674667596
2019-09-13,272.4742232943265,272.8263637238987,271.4810384912023,271.8512268066406,62104800,-0.0006641245090345635,0.002924306610976468,0.004058356557416111,0.008573819693633682
2019-09-16,270.7226651270901,271.89643922675583,270.37055218501104,271.0115966796875,58191200,-0.0030933442488486,0.002669820800091872,0.0044278822183828,0.008554623044560028
2019-09-17,270.8128810983628,271.78799036288956,270.6413297609149,271.6977233886719,41475500,0.0025285251208033797,0.0036934394076054773,0.005504207746204666,0.008841906293564123
2019-09-18,271.30942171721796,271.96854137173096,269.27791910913567,271.8601989746094,73375800,0.0005978225469331677,0.0052316377118467984,0.007285832224431294,0.008846367299233968
2019-09-19,272.24853581465317,273.2417207457767,271.5081590883585,271.84222412109375,76560500,-6.61201891278317e-05,0.005180285808982602,0.008184019289388157,0.008874699136344488
2019-09-20,272.44444179650503,272.7256557739762,269.7686322549902,270.5577697753906,89565000,-0.004736197496987066,0.005281878507609883,0.009674202215956306,0.008865363176737528
2019-09-23,269.89566087758845,271.2109087987867,269.6416852140578,270.49432373046875,43476800,-0.00023452841592970695,0.0060639295019819205,0.009709297626559891,0.008994642085687666
2019-09-24,271.58282618385135,271.97285532348826,267.4103448279325,268.371826171875,94869400,-0.007877683671336528,0.0073646622454769705,0.010531407017518118,0.008831800006571015
2019-09-25,268.4534750471396,270.4036485486447,266.97496278950814,269.9591979980469,71854000,0.00589739901860186,0.008697297406511565,0.010900270238726506,0.00876111871621721
2019-09-26,269.9682111328825,270.17681716965757,267.99082742388725,269.3967590332031,56179700,-0.002085595463930753,0.010926952798643893,0.011258146522519647,0.008745520162152225
2019-09-27,270.14967534254725,270.25854579792986,266.39446122946606,267.9455261230469,84746600,-0.005401534473442753,0.013480981599558189,0.01170587634989501,0.008661820195528911
2019-09-30,268.4625040639401,269.8956464426555,268.41716214409126,269.1881408691406,51662400,0.004626844449516028,0.013185829532924688,0.011610345490764472,0.008686300983360897
2019-10-01,270.06800612770223,270.72109036382295,265.76855105398255,265.9862365722656,88242400,-0.01196597833171314,0.013928082090276989,0.01121284185753292,0.008137894815078648
2019-10-02,264.4079776780748,264.4170571356595,259.9996795705218,261.2876892089844,122539500,-0.017822507444885633,0.011995160201784347,0.008996404153721653,0.006721457759547308
2019-10-03,261.0608435391244,263.4554943744778,258.3487439616913,263.42828369140625,85278800,0.008159104994275803,0.011835194275333907,0.008847955887991692,0.006695913465318127
2019-10-04,264.08144832542007,267.2470787072425,264.0269992614025,266.99310302734375,65091200,0.013441663925463797,0.011136737704014745,0.008289952211891494,0.0063812773099150245
2019-10-07,266.19486160761295,267.81850652842235,265.5599086250279,265.8410949707031,59610500,-0.004324083761741112,0.010818987140130663,0.008206299202056252,0.006219115739297253
2019-10-08,263.9906876592985,264.7254038708757,261.67766859806807,261.7139587402344,95708100,-0.015646596123627895,0.004770285627957672,0.005763779791904214,0.004653751723398036
2019-10-09,263.72764914999317,265.13358083305707,263.1017756443016,264.1993103027344,62359400,0.009451634749853546,0.005824835590568202,0.0053802562669616,0.004444249805998593
2019-10-10,264.1176953902786,266.8660857836884,263.9544312515663,265.9862365722656,55296300,0.00674078366066145,0.005761673179070291,0.005216476495420422,0.004345201358207747
2019-10-11,268.73454237201105,270.97498072998906,268.6166478742334,268.7436218261719,98720400,0.010313281186924083,0.0055301530033841275,0.004488029569933054,0.003936109074803105
2019-10-14,268.42611599601287,269.09735886128357,268.0995878571728,268.44427490234375,40394800,-0.0011144962745292845,0.005840238014003928,0.0045107418765243604,0.003974158745381429
2019-10-15,269.4874853651235,271.8458464973218,269.3695631563232,271.10205078125,46754500,0.009851970997213176,0.0046584899918955475,0.0037363336446645306,0.00352623281461612
2019-10-16,270.63941529110076,271.3560002499491,270.23125500917473,270.6666259765625,48928200,-0.0016074199824451288,0.004685244677761784,0.0036028050718409296,0.003457683619960835
2019-10-17,271.8276926759577,272.33564398394304,270.7754999147679,271.4648742675781,45736600,0.0029448532967893924,0.004583991018453851,0.0038513778051559376,0.0034468812460765304
2019-10-18,270.92975667791666,271.57376153444164,269.42403373913845,270.27667236328125,64304000,-0.004386607661900486,0.003702334395711584,0.004002674688124665,0.0033453249661768024
2019-10-21,271.59179224199676,272.3083493813206,271.1563936773508,272.1087951660156,39048600,0.00675582175687993,0.00339187602601738,0.0037819820897420993,0.0031872276479108525
2019-10-22,272.6440336093649,272.93429940069217,271.12925918317654,271.219970703125,48594700,-0.00327177691149445,0.0022679092035969226,0.0034682554911515864,0.0029931005433662923
2019-10-23,270.9660418171917,272.06357665854426,270.7574080534328,272.0091552734375,34352200,0.0029055331821287228,0.0022709944518831417,0.0035484735996800013,0.0032566076572104535
2019-10-24,272.9434028694703,273.08853577790205,271.62815491768134,272.4535827636719,35453100,0.001632536289050937,0.0033778238659293042,0.003554258560178246,0.0033440842333785138
2019-10-25,271.8821290723367,274.11351638561285,271.8277076921369,273.56927490234375,45205400,0.004086618996700445,0.004705354357421068,0.0035139776461638773,0.0032973999844280546
2019-10-28,274.7846778376868,275.6101055167936,274.7574671529367,275.1112060546875,42147000,0.005620521469323905,0.004531996960392815,0.0035550955656039767,0.0034637981324588765
2019-10-29,274.83912723810425,275.95482078917917,274.7121255754735,275.02960205078125,44284900,-0.00029666588372445884,0.004676572688769469,0.0034894015219626693,0.003435919303436679
2019-10-30,275.229106138278,276.24500852902196,273.9229380126746,275.8731384277344,49643900,0.0030623809765639707,0.00476292270995176,0.0034947653832175614,0.00347723994874616
2019-10-31,275.8640309626855,275.8640309626855,273.6870935348078,275.13836669921875,69053800,-0.0026669939092231463,0.00401208717023306,0.0031603409715767676,0.003555607256648852
2019-11-01,276.5807027657832,277.7326588147076,276.41741095435447,277.68731689453125,71141500,0.009221598540164855,0.0021888747795544413,0.0026791624648416644,0.0038066753910626075
2019-11-04,279.23831607348995,279.3743694834143,278.43101970583336,278.80291748046875,60606900,0.0040094219503174185,0.0023074348511897885,0.002581260456732862,0.004090313984246678
2019-11-05,279.00245799553085,279.30180316391466,278.2042411215235,278.4945068359375,42933200,-0.0011068081873652192,0.00214196870487479,0.002501117966638122,0.004271900298981404
2019-11-06,278.4945741205653,278.8301818233875,277.6147249920431,278.5580749511719,46487100,0.000228230215921067,0.0021306465233935203,0.0030015827361380035,0.004276858227592623
2019-11-07,279.89139471405895,280.8710069278483,279.0659671347833,279.5376281738281,54272300,0.0035103449929883156,0.0017638485643516467,0.002998167411953502,0.004630914892534181
2019-11-08,279.1930197495144,280.2815026770793,278.4945936077772,280.2270812988281,49032100,0.0024633688475776522,0.003370307934674496,0.002983092437281706,0.004711630401132649
2019-11-11,278.8482442851561,279.86414649839674,278.7121632148485,279.6918029785156,35797300,-0.001911985819413738,0.00279234674469449,0.0035622263072433514,0.004690887036875921
2019-11-12,280.0546986848405,281.1794439203386,279.5104572968919,280.2814636230469,46484600,0.0021060321899181596,0.00304233351676789,0.003564978043634311,0.004704106573273489
2019-11-13,279.2928193961337,280.77133147412957,279.0660544192944,280.3722229003906,53917700,0.000323762352119252,0.003962483732704976,0.0036348280104749097,0.005006416338208903
2019-11-14,280.090987886083,280.8619942096514,279.45603498872856,280.78033447265625,51219900,0.0014545479258971311,0.0041234108728285335,0.00406947522681507,0.005008521969076643
2019-11-15,282.1137105902836,282.8575062211695,281.4243640106054,282.8121643066406,62023600,0.007210311141617641,0.0022702118034494375,0.00463214055113855,0.004986308634944442
2019-11-18,282.57633203669667,283.2566268714091,282.1228021468884,283.0207824707031,49228000,0.0007373843276657823,0.0043979907049166425,0.005072275958188432,0.00499030355258345
2019-11-19,283.6194121870548,283.62849164179835,282.2951128139359,282.9391174316406,67804700,-0.0002885894906807857,0.004378892986979241,0.005531701264846913,0.004985423083625488
2019-11-20,282.34957224467774,282.86660297199927,280.3358983899287,281.886962890625,79406200,-0.003725591981907915,0.0034198849772717494,0.0054094576761926335,0.004883231693665515
2019-11-21,281.99574976863784,282.1045924829274,280.63516047749806,281.433349609375,54664700,-0.0016104989265587162,0.004176386779317931,0.005994386762553798,0.004859207537415695
2019-11-22,282.1772178522817,282.31327128023827,281.05247260615073,282.0592956542969,44850200,0.0022216662724713135,0.006521942935205568,0.006158101326365581,0.004859295674790673
2019-11-25,282.98453205746335,284.2453308105469,282.98453205746335,284.2453308105469,48647200,0.007720389035125225,0.005627717397735408,0.005692587128621054,0.004672505552756502
2019-11-26,284.28162866852205,285.0707663027961,283.96415218727157,284.88934326171875,37569000,0.002263129467887342,0.0066229696164813385,0.005720070109212325,0.004748270234382045
2019-11-27,285.37004499703744,286.1592102050781,285.15235952241426,286.1592102050781,44444600,0.004447499354791901,0.006095329421240217,0.006198020956443098,0.00471793201710265
2019-11-29,285.59692495253904,285.84184889140033,284.87128795736373,285.0980529785156,36592700,-0.0037151683330839697,0.007764917875571357,0.0060178745636779,0.004837328216061428
2019-12-02,285.35186501415745,285.41536582716174,282.24973680572754,282.6760559082031,75767800,-0.008531603408695151,0.006493822262283081,0.005239365892694282,0.004248616065571843
2019-12-03,279.9639862341054,280.8619942096514,278.5852653796921,280.78033447265625,73941700,-0.006728927458632408,0.005056242114107524,0.004247723485809067,0.004051348224864114
2019-12-04,281.82350125041523,283.11151071206064,281.4788140847929,282.5128479003906,49080000,0.0061513930758829456,0.0046692366064080195,0.004211615545557962,0.004562502762051215
2019-12-05,283.2112849549353,283.2294161852713,281.71461417355385,283.0207824707031,40709000,0.0017963023934002985,0.005539588694682278,0.0042268553832547325,0.00458054489821156
2019-12-06,284.9256316357635,286.0050350565463,284.9165521793852,285.6059265136719,48927000,0.009092650109256768,0.00450533581019836,0.003674397719262164,0.0043901403626067335
2019-12-09,285.21586750080536,285.88708285190785,284.63533597889335,284.7079162597656,34838500,-0.0031491818318687245,0.004098075291303704,0.003160657518290662,0.004328160034252718
2019-12-10,284.6534969724014,285.3156328729228,283.73735776823526,284.39044189453125,52649800,-0.0011157101180081588,0.003746659903325653,0.0030203789115858873,0.004396833186495439
2019-12-11,284.84398729797243,285.4517295424743,284.30882533883084,285.19775390625,53429100,0.0028347236065544134,0.004115207729612337,0.0031128582482007373,0.004543277125488744
2019-12-12,285.2067809563498,288.43591134323987,284.9709642525427,287.6558532714844,96389600,0.00858199868568433,0.0030037179935251627,0.0026183201542836084,0.004426602528899076
2019-12-13,287.42002857849036,289.0527527941986,286.6490222278449,287.8282165527344,81503900,0.0005990201829796666,0.00292266870556032,0.0035917058471092137,0.004485148473537305
2019-12-16,289.5516273932872,290.39518635483904,287.7647184989822,289.80560302734375,82749700,0.006846531943738069,0.0020703769217748813,0.0031253594552059683,0.004328937653783754
2019-12-17,290.1865254751517,290.4858429696505,289.78741702831144,289.8690490722656,61097700,0.0002189022581734412,0.002113202042932529,0.003999314674268355,0.004564070842910276
2019-12-18,290.25907427433737,290.4858391761142,289.8327551517464,289.8871765136719,48133000,6.253470204241591e-05,0.0022007865345068274,0.005039608270604945,0.0045471370890152706
2019-12-19,290.07778994241556,291.1481418282076,289.82381423827144,291.0755615234375,85310500,0.004091094280110034,0.0025270093151871457,0.005023388271555835,0.0046115282386876184
2019-12-20,292.10549549710834,293.4818986755226,291.13019089245233,292.35162353515625,147142100,0.004374372943872683,0.0039020009412308147,0.005055405109154058,0.00458650745535486
2019-12-23,293.1354448960883,293.19013382059256,292.6523408513955,292.7981872558594,52990000,0.0015263230002404288,0.0039970315047013006,0.00526827957903497,0.0045877357902784025
2019-12-24,293.02612879098643,293.0716936318886,292.50655608135855,292.807373046875,20270000,3.137193919948034e-05,0.005611338373828725,0.005552528521642732,0.005152964523649581
2019-12-26,293.1901906102919,294.3751824445798,293.1810943326841,294.3660583496094,30911200,0.005309126335040239,0.006715474519406696,0.00556073039243373,0.006342057133870399
2019-12-27,295.0952628094436,295.149951744562,293.7644523592922,294.2931213378906,42528800,-0.0002478072698389636,0.006967870598931296,0.005850270634693383,0.00674843342417847
2019-12-30,294.37524973919426,294.5119721081925,292.18758056574677,292.6706848144531,49729100,-0.005528247699229241,0.006470775227670118,0.005433161473359637,0.006603305541473332
2019-12-31,292.1693441370268,293.62778090007464,291.82296227634913,293.38165283203125,57077300,0.002426296495010086,0.006750166086508464,0.005431829042311679,0.006615992982338959
2020-01-02,294.91296621198353,296.1435228475682,293.9923228046252,296.1252746582031,59151200,0.009308259184050868,0.006086026428507752,0.005285331282050899,0.0075816908727919805
2020-01-03,292.74353546966336,295.00411329960116,292.68884653822107,293.8829345703125,77709700,-0.007601083676516156,0.004580383543310708,0.0041137504371107966,0.007582797914233638
2020-01-06,292.13287226263657,295.08621432416686,292.01437027823323,295.0041809082031,55653900,0.0038080224999159354,0.005052928874797441,0.0043711452937841054,0.008253819419022672
2020-01-07,294.4389421396399,294.9129499592201,293.72795822762987,294.17462158203125,40496400,-0.0028159868306562633,0.0047266616077918915,0.004074918791913126,0.008535750015976392
2020-01-08,294.3660894233574,296.95480128822834,294.1199891894408,295.74249267578125,68296000,0.005315576536375734,0.004530348710448868,0.0039821840039997005,0.008501409099232124
2020-01-09,297.30119760730037,297.82077038824355,296.71781178644477,297.7478332519531,48473300,0.006757812622116043,0.004939477912535368,0.0049639392672874705,0.008534159272680105
2020-01-10,298.33117684890317,298.4861195611985,296.42610473911026,296.8909606933594,53029300,-0.0028819954581159935,0.003894033124580667,0.007258225738774217,0.008608764578664871
2020-01-13,297.51071075550203,298.9417744971928,297.0822956969778,298.93267822265625,47086800,0.006853455913913263,0.00415012364674235,0.007741904625137202,0.008512335478568927
2020-01-14,298.49517959741576,299.54342106499274,297.92091807745555,298.4769592285156,62832800,-0.0015256502539180764,0.003851794923235716,0.007732995468210679,0.008568532197139765
2020-01-15,298.38584690535674,299.9080685509151,298.3038135068561,299.1515197753906,72056600,0.0022574587960380163,0.0038911988153618707,0.0077745894298843965,0.008585298002487179
2020-01-16,300.52802066844026,301.64007568359375,300.30014077039544,301.64007568359375,54050300,0.008284304106112932,0.004640136837459634,0.009019070692470415,0.008429156540083646
2020-01-17,302.3510080804288,302.7885196066415,301.57621099627295,302.5788879394531,95846000,0.003107525807256592,0.007299201767496547,0.009425475707412655,0.008450209452091993
2020-01-21,301.6217259743135,302.78846954692693,301.5488166711206,301.986328125,77742400,-0.001960284807861732,0.01018595976905363,0.010938679551409508,0.00847205103040633
2020-01-22,302.84318902456715,303.49038781097767,301.8678844320141,302.0228271484375,48914900,0.00012085586174741008,0.010129490868864144,0.011600857533904859,0.00854918153763579
2020-01-23,301.37561848363805,302.77936593801815,300.2635638696882,302.3691711425781,51963000,0.001146090725988583,0.01037729722441001,0.011636502965392863,0.008906593810677814
2020-01-24,303.0254945486543,303.1075279519649,298.39496067890184,299.6802062988281,87578400,-0.00893276473597449,0.012480848188279072,0.011359161935215464,0.011578972200015827
2020-01-27,294.4480497017618,296.3531215152195,294.1107920443717,294.87646484375,84062500,-0.016159421700109988,0.011288393261281109,0.009722834465022373,0.012965373431199191
2020-01-28,296.2985175568416,298.8416646744203,294.9677069156235,297.96661376953125,63834000,0.010424940506176072,0.012468072778823948,0.009408246707995458,0.012650623450093016
2020-01-29,299.32474201380455,299.5526218615138,297.5199236056963,297.720458984375,53888900,-0.0008264567435691062,0.013134775044121196,0.00940030174100682,0.015947577776179053
2020-01-30,295.6604550917531,298.8963660446492,294.91303023429634,298.68670654296875,75491800,0.0032402307008936484,0.01313364991852814,0.00949914941260308,0.01583979127146938
2020-01-31,298.0668193889295,298.22178991387807,292.3516032332454,293.26312255859375,113845600,-0.018324984615684287,0.007907901077931356,0.006024790337618558,0.018717190917637953
2020-02-03,294.7398209430448,297.3011883827756,294.62131896327486,295.4416809082031,69083000,0.007401224795687573,0.007909061024223115,0.00636590077598053,0.01951103774984081
2020-02-04,299.04215432222543,300.81050405404096,298.7231169921296,299.9445495605469,62573200,0.015126162737981737,0.006330567894331649,0.005022204456758884,0.02160023891642218
2020-02-05,302.870532103236,303.6179846653886,301.41212336008243,303.4083251953125,65951100,0.0114818834321397,0.0050589949145849735,0.004403877102112086,0.022413243759561028
2020-02-06,304.3654167083422,304.6206410029242,303.35361580732535,304.4292297363281,50359700,0.0033591392723511557,0.005301042378231782,0.005628424522277223,0.022477388195930623
2020-02-07,303.3718697108561,304.4383317479117,302.25981501693957,302.8067321777344,64139400,-0.005343891078649046,0.0035799027901662174,0.012041858530050837,0.028110921821221768
2020-02-10,301.92253597033135,305.13107376686384,301.88606741089336,305.0672607421875,42070000,0.0074375249186580655,0.0034332050906776893,0.014229239332273146,0.03098093925598991
2020-02-11,306.41630901268127,307.20020220152,305.06725053223005,305.595947265625,54864500,0.0017315163205993598,0.0037958335544940477,0.01396871850473465,0.032304764470932106
2020-02-12,307.02705945948134,307.77451202465284,306.66245727222037,307.56488037109375,43992700,0.006422262428324604,0.0035239369463270463,0.017582096675630095,0.03782512683255132
2020-02-13,306.14282963542433,308.2028719590965,305.86938499837,307.2366638183594,54501900,-0.0010677155482688749,0.005772268191872089,0.01738022488972245,0.043601735986896685
2020-02-14,307.64693997585454,307.84747536853007,306.4528517159032,307.7289733886719,64582200,0.0016010965351444353,0.014728904408500935,0.024494193161477062,0.049322827701017764
2020-02-18,306.7353777212436,307.79274347896046,305.550385905375,306.9359130859375,57226200,-0.002580465421905575,0.01680941018676948,0.025165663975617286,0.05166401355155038
2020-02-19,307.9021483533661,309.077988360176,307.6195795625174,308.4034729003906,48814700,0.004769929019317823,0.014627219692694829,0.029953485342866112,0.052115274236375096
2020-02-20,307.8565854998732,308.6769752996938,304.1558185736376,307.1365051269531,74163400,-0.004116611781151829,0.017444922784344674,0.030997823695065378,0.052216101540039896
2020-02-21,305.7874255135602,306.0973387829116,303.1531209980254,303.9735107421875,113788200,-0.01035172897733155,0.01888209098598978,0.03105203880579537,0.052537790046869454
2020-02-24,294.5483849080448,304.0464012409805,292.8164758374308,293.89208984375,161088400,-0.033727903278466156,0.03365447653158213,0.03776818726634913,0.05244780300068194
2020-02-25,295.2776038121276,295.8883062471929,284.11149089171784,284.9865417480469,218913200,-0.03077070139774777,0.03337677808442922,0.042695828839653296,0.057315191524176745
2020-02-26,286.3811587759355,289.9634233462724,283.2090890630601,283.93829345703125,194773800,-0.003685019223496622,0.04019338086285811,0.04463354483218442,0.057610747030613016
2020-02-27,278.4326260777627,283.99289834255785,271.1860656738281,271.1860656738281,284353500,-0.045951763506001574,0.036887352713346415,0.05190461241958762,0.058926224524117075
2020-02-28,263.15557910658106,271.5324419822393,260.2751753707995,270.0466613769531,384975800,-0.00421041050610911,0.0379277005962412,0.060869374448155426,0.05916654335710733
2020-03-02,271.8241221224841,281.80526809577424,268.40592525729664,281.741455078125,238703600,0.042395060450656635,0.04389675989880904,0.06621071088325467,0.058747749802104336
2020-03-03,282.1152386233994,286.0712292614889,271.2408194618374,273.674560546875,300139100,-0.02905015919084983,0.05465884078567774,0.07059301689439229,0.05856711263776519
2020-03-04,279.03434596352906,285.39676211227726,276.4911987598748,285.177978515625,176613400,0.041173806136952984,0.049057817684223744,0.06813713360605161,0.058009547891355165
2020-03-05,277.995197331708,281.17639114422417,273.46494478951723,275.6981506347656,186366800,-0.03380686126074143,0.05958126497589463,0.06865503460635142,0.058254850243756734
2020-03-06,267.21185726562237,272.343714991951,264.5502366862195,271.1405029296875,228667200,-0.016669462597000834,0.08142800569235303,0.06892358157066826,0.05824188553676356
2020-03-09,250.94132346367905,259.04474569545937,249.25503453343848,249.9660186767578,309417300,-0.0813121641897945,0.08905981893747865,0.06612248022801627,0.05783724622295417
2020-03-10,259.4549393740364,262.9916118792991,249.3005981834413,262.9004821777344,276444100,0.050450582476337776,0.08952645232149124,0.07122313999904183,0.056544591229433984
2020-03-11,255.86351506144038,256.99379025278967,246.91238758499932,250.08445739746094,255316300,-0.049976875406412456,0.08966148033463443,0.07078555752084206,0.05602946395128876
2020-03-12,233.3489613279396,243.06576125881952,225.76511340861424,226.15707397460938,392220700,-0.10056891495434196,0.0797404319110669,0.0657219506040327,0.0508029206292743
2020-03-13,239.8116265596918,247.45928738947632,226.53079663529957,245.4904022216797,329566100,0.08202807620412991,0.06304336559608739,0.060631668041982535,0.047614050939742296
2020-03-16,219.84026891466843,234.16935673558086,216.35827161630672,218.62796020507812,297240000,-0.11588637829993785,0.04235999866778725,0.04727894149348435,0.039079698543174834
2020-03-17,223.35869921057358,233.50392810842425,216.09390266325667,230.43209838867188,262070500,0.05258476169085607,0.056167788884183896,0.045186678299496824,0.03820194741759411
2020-03-18,215.34648084640503,226.3940926828577,207.84467929166857,218.76467895507812,327597100,-0.051959608260221474,0.05032610171284571,0.04442706311616582,0.035779107377286415
2020-03-19,218.0809829271714,225.49163896080339,211.67300364288351,219.2294921875,289322000,0.0021224638935365566,0.054800177977475384,0.04485536500765142,0.0359927181592757
2020-03-20,222.3707310405341,224.14947908525951,209.50691583930976,209.781982421875,347158800,-0.04405027818156646,0.05113622967712545,0.04214626439920452,0.03439596421881548
2020-03-23,209.22269612416616,210.58883736917826,200.11807712080454,204.41824340820312,326025200,-0.025900704681491766,0.04408891820369492,0.04376246104285694,0.034686308320279205
2020-03-24,214.93484144271505,223.81024024329707,214.3663807599711,222.93919372558594,235494500,0.08673095259005567,0.035079968074868045,0.03641328124231006,0.02984376170049581
2020-03-25,224.51626550550066,235.0420516206146,219.8218472180857,226.27667236328125,299430300,0.014859404128624137,0.04330362185617056,0.037201304585951105,0.029820779396041875
2020-03-26,228.77970462542717,240.95584543670577,228.34877027705872,239.48886108398438,257632800,0.05674844219531812,0.03367231161166363,0.03360184610808389,0.027437065339538498
2020-03-27,232.21806449765097,239.13132946268587,230.1825909794387,232.3555908203125,224341200,-0.03023798942109364,0.03167368090138081,0.03166052916724875,0.026295619969119492
2020-03-30,234.44605962945386,240.61665407010992,232.45643301160396,239.9014892578125,171369500,0.03195946034947007,0.04264559750582136,0.031433857062916695,0.025676511714678683
2020-03-31,238.90205096760556,241.4417963725967,234.9227984498402,236.32562255859375,194881100,-0.015017767013527642,0.041594587796130865,0.03202305838748811,0.02567555452964295
2020-04-01,227.36774076850008,236.24314028710725,223.62687128450554,225.68984985351562,189554600,-0.04604889967783824,0.03060622053066813,0.02606124795991095,0.022886614079372928
2020-04-02,224.80964222485147,231.67705936295383,224.25950903784965,230.89772033691406,177660400,0.02281313240384707,0.030715023182838263,0.026256822545861487,0.023897134686183027
2020-04-03,229.91666012342145,232.26388300481995,224.83715469449982,227.56028747558594,135561200,-0.01455964018892088,0.029263287036508483,0.026647793961944707,0.023429901249147848
2020-04-06,236.40815247528656,244.80677011871967,227.54193143111638,242.84463500976562,188061200,0.06500667358428808,0.017993892260951615,0.022650486840145617,0.0190248761955805
2020-04-07,251.41749200591784,252.16933982804701,242.87219727816253,243.0922393798828,201427200,0.001019080479771413,0.023850228352397574,0.02339773199749743,0.019166474769518407
2020-04-08,245.6870219261838,253.05874090906812,243.20228632655915,251.2524871826172,153774500,0.03301740131710515,0.019838551277327397,0.021258403084743624,0.01800254322257596
2020-04-09,254.50728660421632,257.8264124285201,252.5726851466973,255.07577514648438,189999200,0.015102299894507442,0.022053009154835414,0.02117456239068691,0.018053319208210468
2020-04-13,254.10397034489313,254.44321124594032,248.85024130979565,252.74697875976562,114839100,-0.009171754096693114,0.023797008657441988,0.021137234162243432,0.01785503074183352
2020-04-14,257.6248038351175,261.2189556921162,252.60947200950213,260.20123291015625,134143400,0.029066400028059037,0.02325636359176348,0.01931240402697977,0.01745433065362502
2020-04-15,254.49821499657006,260.3387321420968,252.5635849639978,254.67242431640625,121775000,-0.021477195569342328,0.024888041380309017,0.019075491693763498,0.01723099227178971
2020-04-16,255.94687953066466,256.75373788155946,252.83867290726175,255.9010467529297,131798300,0.004812724818734409,0.02479482151628643,0.019642708264469035,0.01739230926230715
2020-04-17,261.658962878332,263.4193550866855,258.9266530783905,262.8142395019531,146684800,0.026656635306101784,0.021834420204883784,0.0200644062856321,0.016350433412251363
2020-04-20,259.1193502572044,262.95192854553324,257.96410089938246,258.18414306640625,100109300,-0.017774405788942866,0.020948871129944476,0.019230350411645922,0.017099737031399442
2020-04-21,253.7280442757594,254.92915404106213,249.40952219223675,250.34475708007812,126385700,-0.03083406695473346,0.01103321919441995,0.01579648013185588,0.01555130241892873
2020-04-22,255.21338720127235,257.64311202094046,253.89307862361522,255.9010467529297,92951600,0.021951837437574555,0.012238580463601451,0.01489954767515735,0.015269205699283668
2020-04-23,257.1754477326912,260.3386922865704,255.58008681730885,255.8826446533203,104709700,-7.191358351700605e-05,0.014599016942493576,0.015213859985288345,0.015420290796313503
2020-04-24,257.39557038512345,260.11870338954105,255.35091919954365,259.4493713378906,85063200,0.013842662703591729,0.020623112416765052,0.015436597108181859,0.015197906716246264
2020-04-27,261.4206455682229,264.3088100325091,260.9622058760842,263.1902160644531,77896600,0.014315442998905978,0.019197865056067197,0.014954358769616797,0.015117565650976288
2020-04-28,266.83019054311086,267.1786091367333,261.6773336103177,261.97991943359375,105270000,-0.004609168312219063,0.019791492168123613,0.016435316578338584,0.015288171361056199
2020-04-29,267.29784515422165,270.36939668055743,266.2709447231819,268.83819580078125,118745600,0.02584183858663662,0.01372191480873692,0.014604193047268847,0.014337003526609321
2020-04-30,267.46279588157535,268.93898579069054,264.6021375509596,266.3350524902344,122901700,-0.009354584042904488,0.01567963548433364,0.015275629933119695,0.014110449094142058
2020-05-01,261.5948274910563,266.5001372793607,258.1198471539412,259.2843017578125,125180000,-0.02682996212155848,0.009033818664569988,0.012573878420554763,0.012329106668338403
2020-05-04,257.4046969992286,260.30203907180845,255.92853469244014,259.9994812011719,80873200,0.00275448577064244,0.00937833673454008,0.015543908979084612,0.012364042604690855
2020-05-05,262.81437091102384,265.2074131354292,260.1278925305998,262.4017639160156,79569900,0.009197143654824278,0.01469918010828498,0.016030152731558382,0.01248273002440068
2020-05-06,264.09793589455825,264.4830095523587,260.192020908388,260.6229553222656,73632600,-0.006802032052232515,0.016728908047392146,0.01632892246470068,0.012320432686259009
2020-05-07,263.8321021051062,265.6933665541511,263.2636412360793,263.7679138183594,75250400,0.011994854938280052,0.01670849404766713,0.016442433616907268,0.013079699321948182
2020-05-08,266.89443979354115,268.5998501465137,265.76666797978606,268.1322326660156,76452400,0.01641066212230955,0.014104001094656435,0.01569911984260606,0.012917709295320328
2020-05-11,266.20676247386785,269.56254444611375,265.7850057832069,268.1872253417969,79514200,0.00020507432707449156,0.021048169168237683,0.01608653156919548,0.01317976393239704
2020-05-12,269.37003545665283,269.7826144420416,262.7043036007516,262.84185791015625,95870800,-0.020132788021540456,0.01884627603889599,0.014394031657505768,0.01209963898454521
2020-05-13,262.2825424788248,263.3186207708161,255.77269255804435,258.1932678222656,144721100,-0.017844146029654857,0.014926614216109916,0.012207711311815573,0.018276343021038807
2020-05-14,255.7635079143885,261.41146013220174,250.29888679853764,261.2831115722656,121977900,0.011896133535680451,0.016777659097831094,0.012124086127194721,0.01827655818256174
2020-05-15,258.8992207520091,262.5300551877956,257.95483612918537,262.4842224121094,111146300,0.004586437020398531,0.016910404618846672,0.01213538639684001,0.018324672099165443
2020-05-18,268.6914444443786,272.0839087534759,268.37055910186746,270.4793701171875,119703800,0.03000485450906131,0.011770264899803592,0.009001576737748625,0.01764248866821909
2020-05-19,269.88344074536735,271.58882289589167,267.6829359139752,267.7012634277344,95189300,-0.010324159556773405,0.010023693990750352,0.0077296035188858135,0.017451154580817623
2020-05-20,271.2312398155431,273.1108311782877,271.00201999174817,272.24896240234375,85861700,0.016845280530621003,0.009246443320774256,0.007330594546888822,0.01716264781288437
2020-05-21,272.1205969507901,272.9274551573874,269.2782657160711,270.3693542480469,78293900,-0.006927947747035003,0.0070047708632657935,0.008603827643747482,0.01713033704133235
2020-05-22,270.08516244349306,271.0570523361643,268.8473696991475,270.8828430175781,63958200,0.001897410952525201,0.006728634318626628,0.008403102025873802,0.017151518703444592
2020-05-26,276.833326122004,277.07172366444183,270.90111666487996,274.22021484375,88951400,0.012245073583446201,0.006119176397930537,0.009758445736955022,0.017012758429055294
2020-05-27,277.007581296367,278.3370675296901,272.19396476879547,278.3003845214844,104817400,0.014769562810262215,0.005574716204235248,0.01007838444022598,0.017854023992841674
2020-05-28,279.3272461114309,281.33521382254526,277.11756385460404,277.7868957519531,90405200,-0.001846792522291218,0.005841623580982288,0.022797271949581078,0.017993021799171248
2020-05-29,277.3193091660714,279.61150744849493,274.5778489741923,279.02471923828125,119090800,0.004446119628646728,0.010514188117445662,0.023107235394843734,0.018809466730896496
2020-06-01,278.38292576798335,280.7576401144218,277.8694755298853,280.1524963378906,55758300,0.004033707373428802,0.010046618093890479,0.023269415199835965,0.019089045167199226
2020-06-02,281.069313365472,282.5179982006775,279.73985528660774,282.4721374511719,74267200,0.008245832540498675,0.013187585549064195,0.023912709486301243,0.019216346226997832
2020-06-03,284.4526057998422,287.1849160018017,284.17755322085765,286.2313537597656,92567600,0.013220495811932088,0.014014679429689146,0.023601610674133897,0.01904481569727325
2020-06-04,285.2503028822557,286.98321817364206,283.3890390401753,285.4795227050781,75794400,-0.002630110844609373,0.03221379077937949,0.02358589768054627,0.019073408288344727
2020-06-05,290.86163222663976,294.56580447547407,290.79744395981476,292.7962341308594,150524700,0.025306618231230066,0.02927428236764657,0.021886351450766707,0.018508249761457773
2020-06-08,293.6032290951691,296.5280776806665,293.0622734106439,296.3355407714844,73641200,0.01201547556115124,0.028790441384152834,0.021528019698728466,0.018411000221852533
2020-06-09,293.6764120455833,296.408722278723,292.8145433136846,294.1257019042969,77479200,-0.007485162531035005,0.031726980215486415,0.021620160248776065,0.01845192942748254
2020-06-10,294.7033265416414,295.59270049020836,291.769301891686,292.4844665527344,95000800,-0.005595674000497423,0.03172607571555196,0.02287212585329006,0.018453593223207818
2020-06-11,285.5711603162795,286.2038091418731,275.07291127510564,275.6230163574219,209243600,-0.05937751017309023,0.009257197372812121,0.0125373691489261,0.012304952068964203
2020-06-12,282.6188812960742,283.38905659074294,273.7801789307393,278.9238586425781,194678900,0.011904787198017632,0.010357212505695048,0.01457761136665471,0.01237944448182995
2020-06-15,273.2483818586524,282.65557322051234,272.0747773753375,281.5278015136719,135782700,0.009292368256948916,0.01004738456927647,0.015078389443898568,0.012516672910120501
2020-06-16,289.25708690915724,289.4037909524716,282.0962619316776,286.946533203125,137627500,0.019064698203964985,0.005288721948287489,0.014281250375700908,0.011995411989780892
2020-06-17,287.9643213952654,288.25772952024136,285.02111835943526,285.754638671875,83398900,-0.004162367079413396,0.013048783745595621,0.014444470291268073,0.011975038783669319
2020-06-18,284.2418487856552,286.341482886705,283.78340899366174,285.8647155761719,80828700,0.0003851405829402725,0.014633448579179193,0.014546654762239864,0.01197409048679966
2020-06-19,289.3235490329569,289.5169330939847,282.2877529407937,284.23089599609375,135549600,-0.005731754533456904,0.017761430971705672,0.015045883218029564,0.011914916208938085
2020-06-22,283.6323430698322,286.4503381503588,282.49041850503755,286.0543518066406,74649400,0.006394912131214017,0.019448353668594928,0.01551353485047409,0.011879234764143461
2020-06-23,288.6974262655169,289.6275587383942,286.966102816788,287.3713073730469,68471200,0.004593299447955114,0.020650761959766263,0.01562029671763661,0.01189286217250663
2020-06-24,285.3361520549054,285.9531771502916,278.20828264965706,280.0408935546875,132813500,-0.0258394925793939,0.01602809305842724,0.012768879882378204,0.010488186352168303
2020-06-25,279.46987762701843,283.3101028145631,277.45307296151356,283.04302978515625,89468000,0.01066329388098624,0.015668343219994614,0.012737638166672016,0.01052944563413393
2020-06-26,281.94708210428337,282.1589024781775,275.7401296700566,276.3202819824219,127961000,-0.02403829990569353,0.004500882571309074,0.009625925078192507,0.008576626349874644
2020-06-29,277.5726630447487,280.5195706737061,275.2887864464556,280.3814392089844,79773300,0.014590324102889293,0.010015424368741414,0.009445974496403964,0.008457674236951152
2020-06-30,279.9486930198918,285.6675903215087,279.792153347328,283.97308349609375,113394800,0.012728498254432931,0.009403139635189612,0.009168959508608502,0.00842677532680745
2020-07-01,285.08739818187286,287.22392574002134,284.62694111006857,285.9622497558594,72396500,0.006980350999832694,0.010397777935171522,0.009405934359990242,0.00847143937515941
2020-07-02,289.38803604130976,290.7325908541107,286.8739585501112,287.5370178222656,69344200,0.0054918013442495665,0.010932497335444186,0.009373072532374085,0.008537737544828256
2020-07-06,291.34964563164624,292.55604108748975,290.60370731479867,291.9758605957031,61713800,0.015319520066683707,0.009581015515858932,0.008557287191399022,0.008053474394670983
2020-07-07,290.43791531370204,292.408657022588,288.5868688394488,288.9644470214844,82910000,-0.010367469800336666,0.009778408302819617,0.007332007085625224,0.007531901780504686
2020-07-08,289.7287492933504,291.2850962513282,287.96982822881216,291.1745910644531,54638600,0.007619396697664144,0.00997080037473709,0.007236291877163356,0.0074877548236863675
2020-07-09,291.7824392568342,292.0218859318801,286.109604655345,289.5169982910156,83354200,-0.005709045235052488,0.009455928904422322,0.00830409976680942,0.007285864839399397
2020-07-10,289.4525470058198,292.74021752489676,288.02514120267125,292.47314453125,57550400,0.010158837567938063,0.008816612145765752,0.008306942460976836,0.007106466947715223
2020-07-13,294.8122255722936,297.18817150586733,289.28674115516975,289.9405822753906,102997500,-0.008696835605999572,0.006274043697513287,0.007744684513633124,0.006590036529619358
2020-07-14,288.52234618472755,294.47147088494086,287.32516922126496,293.6979064941406,93657000,0.012875696855016711,0.00501607785239792,0.007292111421321027,0.00665156852884003
2020-07-15,296.9118887955538,297.49206911744704,294.0202053194717,296.39617919921875,87196500,0.009145292510522506,0.004273934180891839,0.00773935780450496,0.006987088884299498
2020-07-16,294.49912983927373,295.87128286396967,293.85447872341933,295.4200439453125,54622500,-0.0032987812801348448,0.007824546213764839,0.007756863222695906,0.0069312560504991355
2020-07-17,296.42383888823116,297.0592718738817,294.4530691984586,296.2764892578125,62774900,0.0028948823004671964,0.008455535394643096,0.008047268887634395,0.006950933618978264
2020-07-20,296.0094731698983,299.4168672808463,295.26353484413016,298.6709289550781,56308800,0.008049291591655764,0.008261974942967381,0.007952857212706072,0.006822848916516726
2020-07-21,300.63245415579655,301.0744749886083,298.32095050262376,299.30633544921875,57292200,0.00212518692970854,0.008412164893806475,0.007989868845344032,0.006822871450154671
2020-07-22,298.94711028029644,301.323084234717,298.8366050924752,301.00994873046875,57792900,0.005675734273707436,0.010281248110909651,0.008021135404518813,0.0069026496138366224
2020-07-23,300.65081332964456,301.35071700630476,296.05546117826077,297.41839599609375,75738000,-0.012003428277363946,0.00859206201101424,0.006540687971807118,0.006122638558427711
2020-07-24,295.56736989715625,296.52510025578465,294.001804800679,295.5028991699219,73766600,-0.006461240322241234,0.008010762111211116,0.005666264830909575,0.005765958929075495
2020-07-27,296.19349586166265,297.8327212233061,295.40149541733194,297.6577453613281,48293000,0.00726567310489497,0.007972280263485182,0.0055679325323909805,0.005912846760221986
2020-07-28,296.9303522871835,298.04467867981947,295.47532024869815,295.77001953125,57495000,-0.006362129678323897,0.005871649199574345,0.005975149766300995,0.005490826999099844
2020-07-29,296.64485042658015,299.9693649980808,296.60800599281623,299.4075927734375,48454200,0.01222364033836917,0.004621303957447566,0.0062522099179786305,0.005322221780858518
2020-07-30,296.44230479428404,298.7538086591065,294.3610576063959,298.3393859863281,61861700,-0.0035741140054191913,0.0014985068701853488,0.006044934254402205,0.00507877054981638
2020-07-31,300.1258457184252,300.7981230082648,295.9172622915835,300.6968078613281,84986800,0.007870756622574158,0.0026203560442443173,0.005980247015964317,0.005025594644184523
2020-08-03,302.3545227663099,303.5516998495723,301.8111868221174,302.787353515625,53077900,0.006928281305316575,0.002433228380848048,0.005829964065613366,0.005203903564897774
2020-08-04,301.9308868941844,303.9569091796875,301.9308868941844,303.9569091796875,41917900,0.0038551896886800303,0.006065846432454428,0.005818454920170213,0.005393042536202679
2020-08-05,305.2553866917395,306.1026399985558,304.988313743364,305.8447570800781,42697700,0.006191698173564835,0.008116693857084849,0.006020494431282758,0.00590806554127162
2020-08-06,305.2646080403921,308.00891400036295,304.9422824929676,307.8891906738281,43679400,0.006662304287701297,0.00809334756682976,0.005784136306872644,0.010432215230163022
2020-08-07,306.9223336634307,308.3958022453001,306.0198274823178,308.1103210449219,57308300,0.0007179563502425886,0.008115587056775926,0.005828082864298707,0.010661119494623698
2020-08-10,308.5614527808773,309.21529387333,306.62752769620295,309.0311279296875,44282100,0.0029841054092285125,0.008125442189837382,0.0064353650541383355,0.012446732683908314
2020-08-11,310.2099438612299,310.84537688701096,305.7527226498275,306.480224609375,69601100,-0.008288776200486125,0.006106924162728311,0.005284016722827308,0.013054694893449846
2020-08-12,308.91143712616207,311.526829875344,308.8838108265044,310.7532653808594,53774400,0.0138460051394256,0.0029717073640020413,0.004515212726257714,0.013316379251820444
2020-08-13,309.98892606516085,311.49923889521347,309.2706140885454,310.1915283203125,41816100,-0.0018092984094081796,0.003086345148906541,0.004213240797147599,0.013314736698149955
2020-08-14,309.80472777793506,310.734860048338,309.0771977415584,310.2007141113281,47260400,2.961284938158946e-05,0.0032457164713954874,0.004137591826661849,0.013653306996988501
2020-08-17,311.2137530113555,311.58211307766084,310.2099598864431,311.1861267089844,35481000,0.003171658487043722,0.005064573668189233,0.004795158553108353,0.013680778755194379
2020-08-18,311.5821682959095,312.28207221877597,309.9889762993076,311.85845947265625,38733900,0.002158218013783383,0.00504799107871784,0.005132365691727746,0.013706458692341753
2020-08-19,312.23597917424223,312.7516889289628,309.998164191715,310.5599365234375,68054200,-0.00417251431351745,0.0036453320743735245,0.0051833414468967455,0.013820778748577917
2020-08-20,308.8378341384851,312.00578186582436,308.70892073892423,311.52691650390625,42207800,0.0031088287899668707,0.0038489982694102356,0.013994388842806507,0.014024090657478871
2020-08-21,311.19524299382766,312.85287680171285,310.85448123734926,312.6318664550781,55106600,0.0035406090105136816,0.003624997684014472,0.01434617402090152,0.014162542299071353
2020-08-24,315.0630871567319,315.87349595788055,312.60426256204136,315.7998352050781,48588700,0.010082227160931396,0.005072956071161969,0.01647832173951535,0.014164752544108386
2020-08-25,316.36163229349035,316.9878471615432,315.2012714878101,316.90496826171875,38463400,0.003493364281313843,0.005662753672769598,0.017890021613876372,0.014910041012383123
2020-08-26,317.49438668215004,320.3491982017806,316.95105067989545,320.0821533203125,50790200,0.009975747700937905,0.006863540059640077,0.01808183204112038,0.014662076326459987
2020-08-27,320.94779884525434,322.2278548973866,319.1243787139967,320.7820129394531,58034100,0.002184113059214166,0.019753505043867418,0.018025692747717134,0.015254468291573273
2020-08-28,321.80420702373715,322.9829758804368,320.61622003326073,322.8540344238281,48588900,0.006438510244191645,0.0193267170379251,0.01857503517967059,0.015728386679443693
2020-08-31,322.64226783208227,323.51711938437126,321.4542807471516,321.68450927734375,66099200,-0.0036290348853671535,0.021851149481895045,0.01877053812854189,0.015742511505340038
2020-09-01,322.51332671022755,324.8156120146118,321.6200388879637,324.7143249511719,54908700,0.009374515243826808,0.024371204739877687,0.018288750412252162,0.015676643092203284
2020-09-02,326.6206419236981,330.37795938167653,325.4786892390397,329.4110107421875,69540000,0.01436044821371398,0.021221077108904786,0.01713798136474887,0.015326459608164165
2020-09-03,327.7256539431089,328.19532906675,315.495917398797,318.0744934082031,148011100,-0.03502063249888293,0.01803911688714713,0.014109577959635765,0.013448963029480976
2020-09-04,318.75596006198134,320.32149696391184,308.38645966468334,315.4775085449219,139156300,-0.008198220195704568,0.019993778462992617,0.014240604507703807,0.01399723372247413
2020-09-08,310.0810183653904,315.54206103531834,306.5539292774732,306.8578186035156,114465300,-0.0277028824274572,0.014147602939999112,0.012200521496209472,0.01288982447903922
2020-09-09,310.8545526760322,315.37624441716423,309.98889114735533,312.91741943359375,91462300,0.019554811329978015,0.011378456611893144,0.011933543099841399,0.012719749778880506
2020-09-10,314.78685053527204,315.4406916483202,306.52625029812896,307.4840087890625,90569500,-0.017516238097666288,0.008425424133107097,0.011225568116154733,0.012122978717021093
2020-09-11,309.26141246287096,310.32045816888535,304.8225992871863,307.6405944824219,84680200,0.0005091186270516195,0.010206680739105217,0.012704863742847733,0.012225550092532421
2020-09-14,310.79930858274395,313.46076397555305,307.78792941912315,311.6925964355469,65605700,0.013085233695926277,0.00692866682881587,0.01316522902576799,0.012377712648645085
2020-09-15,314.1422160421619,314.97103311859536,311.70179927663685,313.2673645019531,52920900,0.005039591326686005,0.009032361003545073,0.013059841733628548,0.012509361734722911
2020-09-16,314.50136995908423,315.9287755119788,311.7478178059842,312.02410888671875,82096000,-0.003976568709010598,0.012111496678142814,0.013363546581114456,0.012575011667209509
2020-09-17,307.1801324619214,310.9927306673699,306.65520463292705,309.2798156738281,91523300,-0.00883403742189997,0.013190919307957611,0.013209183907635345,0.012358460449300552
2020-09-18,310.0833240814501,310.1942716478776,303.2412847248806,305.7192077636719,105877900,-0.011579360482544862,0.016093455780568477,0.013011811909239659,0.011965561568589914
2020-09-21,301.1424482202814,302.46462040076045,297.4717824473857,302.3166809082031,99450800,-0.011191978748643852,0.016533903268659077,0.013205471563124009,0.012245696008321927
2020-09-22,303.79599750028683,305.95030428150574,301.29030979270976,305.3955383300781,63612100,0.010132703167658552,0.016645067610926594,0.014140762694375444,0.012113937997441662
2020-09-23,305.9503223752341,306.22771947563723,297.8138486616711,298.3131408691406,93112200,-0.023464040332988947,0.00928436445103819,0.011868256202207411,0.010598417508003529
2020-09-24,297.0001579503366,302.15941605078405,295.68721289484193,299.1082458496094,76681300,0.0026617910493216415,0.008946472865710847,0.011866554025148726,0.010612015703788506
2020-09-25,298.2575635423611,304.72976588504673,297.3884651870098,303.9438781738281,71069400,0.01603753896529277,0.010519197378384942,0.01140651168065133,0.010172003519321257
2020-09-28,308.0954153354496,309.70421136202526,307.106085914168,308.9922790527344,64584600,0.016473216608052003,0.010876113336584833,0.011351985437331952,0.010658333567757559
2020-09-29,308.788814611231,309.5284836874694,306.6159979020015,307.3094482421875,51304000,-0.00546107504917813,0.01314547683681469,0.011471121701285232,0.01060586443088494
2020-09-30,307.9751372004484,312.7830704632652,307.7809790212787,309.6394348144531,104081100,0.007553292383926246,0.014860577519361658,0.01198155149385257,0.013126621692079352
2020-10-01,312.22836509125534,313.1991843917802,309.7504423645945,311.62738037109375,88698700,0.006399673354098289,0.015018526335728989,0.012042073129190482,0.01326593029206417
2020-10-02,306.69007030245626,311.59969787140113,306.2185149056574,308.668701171875,89431100,-0.009539643164138795,0.013003432188925957,0.011313033472875586,0.0132991823385993
2020-10-05,310.7212700191764,314.3272066536649,310.675051276602,314.1423034667969,45713100,0.017577541774283067,0.012711387476575187,0.011686914739152954,0.012895268675812943
2020-10-06,314.28097349200937,316.37057974539914,309.16793362544905,309.67645263671875,90128900,-0.014318027728224164,0.00946441802048409,0.010448318879239268,0.013180866333934787
2020-10-07,312.6259052380061,315.87126190492677,312.598168352672,315.0668640136719,56999600,0.017256831738332038,0.01009310489375423,0.009110782087205123,0.013550996477868843
2020-10-08,316.99932011187576,317.9239207082548,316.08394633419226,317.85919189453125,45242500,0.008823608923698559,0.00993367083471914,0.008830928873980935,0.014086472446535494
2020-10-09,319.50488950315776,321.15993200343445,318.88542307998716,320.6976318359375,59528600,0.008890230378425137,0.009204423721703554,0.008392760704737422,0.013962316744251557
2020-10-12,323.2311019429976,327.32707559553944,322.7410647815939,325.8569641113281,80388500,0.015959802376066354,0.005896127490736754,0.008068870220177687,0.013780027446950819
2020-10-13,325.7183240365502,325.89400042178966,322.7688456316229,323.7304382324219,73255500,-0.006547335948381923,0.007357352384464968,0.008009651120057049,0.01369369601074915
2020-10-14,324.3037311298951,325.39475330369925,320.96593578039835,321.69635009765625,57727900,-0.006303100230449361,0.0072598809494941975,0.012775585150650895,0.013675298599405921
2020-10-15,317.79443172197927,321.7794576418191,317.2581758442864,321.2986755371094,60357700,-0.0012369445964495553,0.008225298766581495,0.013743616243102899,0.013887233620831583
2020-10-16,322.6486204375523,324.30366342738694,320.9288768497177,321.10455322265625,89501900,-0.000604362841502406,0.00854247317123557,0.0137336317258704,0.01417787996324368
2020-10-19,322.36198948401005,322.9907111121093,315.3257925506402,316.22265625,68425600,-0.015320207218674832,0.009963379803028631,0.014310429615540052,0.013793588414283683
2020-10-20,317.5633049958053,320.7254513716909,316.8051539703146,317.4893493652344,60051900,0.003997698610697526,0.00947360561277612,0.01567057061315229,0.013914231764667287
2020-10-21,317.443073902537,319.6066638803036,316.5832022185799,316.8883361816406,63575000,-0.0018948124346286732,0.01695176713340031,0.017452551873140928,0.014265032808036746
2020-10-22,317.1010016263074,319.20908978421284,314.96517658013624,318.6265869140625,55399300,0.005470383161825579,0.01807381961565831,0.018435364997531675,0.01425131332118688
2020-10-23,319.8470279304944,319.9025017003484,317.25815794875194,319.7083435058594,49143900,0.0033893104569255156,0.016776899523589097,0.018432293143393102,0.014378064300140304
2020-10-26,316.3336287158571,317.11954492115404,310.31446938243005,313.80023193359375,91473000,-0.01865257423641405,0.018754786116846098,0.017289674578249165,0.013607694387252215
2020-10-27,314.14230712329396,314.475149793473,312.5057460118679,312.7184143066406,65994100,-0.0034534285886194203,0.021468762006873747,0.017200972377781364,0.01384518180574334
2020-10-28,307.05976563946336,312.74605184793154,301.5399007132188,302.0299377441406,127094300,-0.03477700675805889,0.012484751033781424,0.010245201557039616,0.010619770832149275
2020-10-29,302.2612006889962,308.26184985459844,300.5784207406355,305.0997314453125,90597700,0.01011256743888902,0.01315182741018692,0.011771472218977145,0.010568675238656268
2020-10-30,303.52789396877716,304.8315842442729,298.27616915749184,301.9190979003906,120287300,-0.010479617764173955,0.008898846830943812,0.010208730451462929,0.010186512745616784
2020-11-02,305.3031005859375,307.30021286282704,302.56626275236454,305.3031005859375,86068300,0.011145961815931131,0.00881231544658491,0.010242760533579406,0.010178399478632132
2020-11-03,308.5299198245358,312.74609552911073,305.38628400502864,310.6934814453125,93294200,0.017501780402422538,0.010892537108414525,0.010764132755855122,0.009769037405945997
2020-11-04,315.1593172475223,321.7055046793928,313.98508475423665,317.63726806640625,126959700,0.022103229309372256,0.008726691244224389,0.010888467891226699,0.008872560928123852
2020-11-05,322.9074612913422,325.63504398286517,322.55610859572175,323.8320617675781,82039700,0.019314988268940417,0.008568464118870871,0.00942123388807123,0.008145144936539658
2020-11-06,323.5454798982403,325.0063646417054,321.43739166729375,323.7581481933594,74973000,-0.00022827267430175233,0.009954639988529431,0.009831282340085495,0.008190170754364578
2020-11-09,336.52688050400957,336.90597013486416,327.3640851994297,327.8263854980469,172304200,0.01248737488102108,0.009938213539536016,0.009216647856412597,0.007856910442042907
2020-11-10,326.8370947712311,328.39967222282814,324.0818027239641,327.34564208984375,85552000,-0.0014675336377002104,0.010653605173004255,0.010322580545777782,0.008212830998051882
2020-11-11,329.52756152474734,330.60010132463776,328.2886004326059,329.7772216796875,58649000,0.0074007185631869265,0.012383482088631752,0.010243713792686262,0.008115539319229518
2020-11-12,328.76945432758134,329.8235125087104,324.7752013576145,326.5781555175781,67546200,-0.009748046883320625,0.011216244746803562,0.00942620977657275,0.007712611825725339
2020-11-13,328.48276092245214,331.83906475599196,327.9649869763122,331.0993957519531,62892200,0.013749325795047855,0.009777293297031028,0.008840561149142874,0.0072946601551212315
2020-11-16,333.7622800304141,335.42654955095253,332.47707186315154,335.2323913574219,74541100,0.012405377287050847,0.007680750583168644,0.008634309556322425,0.007382627822177301
2020-11-17,332.8283977244911,334.63137974023823,331.32129460037004,333.42938232421875,66111000,-0.0053929010868191555,0.01109495534443091,0.008343214941460597,0.007229925339440484
2020-11-18,333.697561213107,334.2430721080145,329.379664574458,329.4166564941406,70591300,-0.01210771315205612,0.00859499064666555,0.006878288871407231,0.006552633929812797
2020-11-19,328.7879664083773,331.173423449706,327.44728430310664,330.8035888671875,59940900,0.004201429516799874,0.008591536765832913,0.007107361943675561,0.006675718623394369
2020-11-20,330.5446951604477,330.7481084092092,328.46434393216515,328.5382995605469,70417300,-0.006871391790982676,0.007915849900823013,0.006475433699248855,0.006489230806424087
2020-11-23,330.341330114274,331.7652230633756,328.11303908751194,330.50775146484375,63230600,0.005976692414045638,0.008539051121910762,0.006433221709919211,0.0064648828400892585
2020-11-24,333.0504084548386,336.3789766002486,332.1997916166957,335.8334655761719,62415900,0.015985286159728024,0.005775310408398285,0.005871841535266514,0.00550184829656609
2020-11-25,335.75017614636334,335.77791303204526,334.22459100072433,335.31561279296875,45330900,-0.0015431828863713476,0.005608396678713744,0.0058258530386314,0.005513573240678045
2020-11-27,336.4066780190502,336.7210388362217,335.24167223686067,336.24951171875,28514100,0.0027812627359668886,0.0063116179523780395,0.005834473459878282,0.005753258578772646
2020-11-30,335.47282708749947,335.74096916518056,332.08881368370197,334.7608947753906,83872700,-0.004436948730128081,0.005628423501643151,0.0058394379746312605,0.005645791448690476
2020-12-01,338.00621842500254,339.95711197569057,337.4144605490259,338.4222717285156,74231400,0.010877910319627359,0.0040455260719637854,0.006364800609433029,0.005196702064841381
2020-12-02,337.31281295054083,339.2914436515928,336.7395650672134,339.13427734375,45927000,0.002101686946401382,0.006473800992016592,0.006356498540227172,0.005270942334851975
2020-12-03,339.03255404637883,340.42871003443537,337.94153206913154,339.04180908203125,62882000,-0.0002726969120339288,0.006474484589101327,0.006502251878684005,0.00623278631576178
2020-12-04,339.6242931462519,341.9635314941406,339.53182744457604,341.9635314941406,50749900,0.008580667917513154,0.00438241944208498,0.006190164787189183,0.006126528678791097
2020-12-07,341.1961049259402,341.75087093197277,339.9941354266788,341.2608337402344,48944300,-0.002057005099461034,0.004532375868566684,0.0062713790434743115,0.006218073254991046
2020-12-08,339.9941774018219,342.82345334365795,339.94795865251774,342.25946044921875,42458900,0.0029220124932925143,0.008405903705248043,0.006209304964182923,0.006948540448968762
2020-12-09,342.9158052793327,343.0729715480787,338.35753202065183,339.1896667480469,74098300,-0.009009665855496127,0.006858926107612428,0.005417402273336207,0.0065550645889638545
2020-12-10,337.82135527213035,340.1236019996459,336.95222835158745,339.0788269042969,57735400,-0.0003268317658094293,0.006908752840599438,0.005498465715490118,0.006834567132323589
2020-12-11,337.38674768616795,339.08800937588853,335.8704174000004,338.6811828613281,57698600,-0.0011734067601068578,0.007430033292815462,0.005908095352773207,0.0068096457509781855
2020-12-14,340.8447456280566,341.91725738932104,336.9891490851876,337.1648254394531,69216200,-0.00448729428797055,0.0072279298730612935,0.005643140264300651,0.006643153740217756
2020-12-15,339.6982365511047,341.7231140136719,338.329845795208,341.7231140136719,63865300,0.013428893962496868,0.0040103410053649305,0.004061476751269847,0.006207744919652633
2020-12-16,341.9358445543657,343.17480613140845,341.0574625849894,342.25946044921875,58420500,0.0015683047068861128,0.0039376280697765486,0.00425508333010667,0.006505912024091416
2020-12-17,343.8959099470601,344.3766920459077,343.0730019635639,344.17327880859375,64119500,0.0055761423045247675,0.003299014746110111,0.006123106042507171,0.006608435463311485
2020-12-18,344.4611087749372,344.62823947679175,340.7933577976849,342.79901123046875,136542300,-0.004000945689584224,0.004788364600306087,0.006392032265299284,0.0070675414847250415
2020-12-21,338.88995381488303,351.4159755487242,336.1600382375715,341.57342529296875,96386700,-0.00358163824916887,0.0043753811599981434,0.006413838236488415,0.006952817828143477
2020-12-22,341.8983673411588,342.0097878229692,339.87415302334546,340.9976806640625,47949000,-0.001686988389709441,0.003927445781227938,0.007508731608438866,0.007019300529172681
2020-12-23,341.96342554621316,343.20766834908954,340.97917335383556,341.3041687011719,46201400,0.0008983943338529587,0.003926353570588468,0.007499698118001167,0.007025130625774028
2020-12-24,341.77762611632846,342.6597520909689,341.1926686317637,342.63189697265625,26457900,0.0038826141975728335,0.0085492942439953,0.008188124615196326,0.007063400056693973
2020-12-28,345.1760534669629,345.9653195129683,344.5539464489038,345.5753479003906,39000400,0.008554018858814417,0.008144733818282042,0.0079342640067331,0.009068357934287405
2020-12-29,347.09824735774396,347.27467258670123,344.33118227864804,344.9161682128906,53680500,-0.001909306261895998,0.008543358073069373,0.007830693197966953,0.00923490674644907
2020-12-30,345.733259466037,346.4389603203097,345.0182924625775,345.40826416015625,49455300,0.0014256949559995232,0.010512275292282335,0.008038807727665406,0.010360727868975732
2020-12-31,345.2132342407314,347.8874388872676,344.70254763729105,347.1631774902344,78520700,0.0050678297731509645,0.010534541160569882,0.008412092489627829,0.010968315174796671
2021-01-04,348.49100217915696,348.62101162593734,338.75060828235917,342.4369201660156,110210800,-0.01370745550394315,0.007710764893089942,0.007015004829089994,0.01085587614159696
2021-01-05,341.7962685644844,345.8818471316903,341.7498244688002,344.7954406738281,66426200,0.006863849556092224,0.007943503662078322,0.007771980235361203,0.01078859799996081
2021-01-06,343.29118386394964,350.04170094295614,342.743347597711,346.8567810058594,107997700,0.005960644296589406,0.007872710453262165,0.007745818301488602,0.010972058058235114
2021-01-07,349.2245069915542,352.7529537930365,349.04808181779595,352.0101318359375,68766800,0.01474799891372433,0.004925496666248934,0.006706654347213677,0.010551662247270995
2021-01-08,353.3937031789076,354.2293850911422,350.1531015213458,354.0158386230469,71677200,0.005681695197221516,0.004351534437868383,0.006592790542567232,0.010591452522881815
2021-01-11,350.84951439553026,353.3844152987946,350.7287994312137,351.6294860839844,51034700,-0.006763629128712709,0.0057951229731109085,0.006116147862661057,0.010436823640891227
2021-01-12,351.8152146876118,352.71587302635754,349.4659767403623,351.7037658691406,52547700,0.00021122216311008968,0.00847239807422913,0.010292339578715079,0.010442041163065486
2021-01-13,351.62950774382404,353.64442764556827,350.8495360073249,352.6509094238281,45303600,0.0026893954389448052,0.00850943956013272,0.0106960116192414,0.010438205373071777
2021-01-14,353.39372265354797,353.89514316325904,351.0816626236897,351.4159240722656,49989100,-0.003508151667998322,0.0085158702165465,0.012379619991551086,0.010399066496846339
2021-01-15,349.8002212044383,350.59875344385847,346.9960355450777,348.8531188964844,107160000,-0.0073195199571950715,0.006602716231681508,0.013533133465919145,0.010198108088765336
2021-01-19,351.3045309935299,352.1309468672761,349.82815280679114,351.5923767089844,51233300,0.00782151300685936,0.006779853241558579,0.014058093864749596,0.010117329607034254
2021-01-20,353.87657321374,357.2936287805517,353.4866015027723,356.45794677734375,61836100,0.013743787681579807,0.011386012183150112,0.01330571211620217,0.009792916287846981
2021-01-21,357.0149417906809,357.44209131852733,355.86355930325504,356.7828063964844,47840100,0.0009109396516096379,0.012805234358845598,0.013826516753891833,0.00981079421141944
2021-01-22,354.9350642448892,356.6807271719311,354.5543587480902,355.5200500488281,52860500,-0.003545563966436008,0.014840055473432605,0.013785093780941103,0.00995041648847287
2021-01-25,356.25365943655754,357.27503278883,351.4159360582794,356.9222106933594,70402000,0.0039362135914485655,0.01787083549416304,0.013893690041143044,0.009920072195277246
2021-01-26,357.8693763313574,358.2779370791173,356.1330073218045,356.3651428222656,42665300,-0.0015619735345299142,0.01973202822603378,0.013874052333668587,0.010181197224304479
2021-01-27,353.05019098865546,353.1430508430368,345.4268701693278,347.6553649902344,123351100,-0.02474422869917388,0.014791676325907109,0.010435388715915334,0.010134279229594926
2021-01-28,349.4660278006509,354.6380131608825,349.0296402961442,350.6452941894531,94198100,0.008563496057790079,0.015054229833455987,0.010336053717101414,0.010063057779924353
2021-01-29,348.78814770996314,349.75383907984985,341.9540655846165,343.6254577636719,126765100,-0.02022287599811602,0.006704450445784185,0.006167035331751362,0.010154939211074264
2021-02-01,347.0146573120808,350.37597423640665,343.91333096928156,349.3453063964844,75817600,0.016508571016193276,0.00536565003519307,0.005228567400776104,0.009850458819637817
2021-02-02,352.52093227928594,355.8358337158987,349.42890017127894,354.28515625,64450700,0.014041265340393422,0.004856427433893765,0.0040193965252088865,0.009896272159524395
2021-02-03,355.11149587959494,356.281467508707,353.2915620518551,354.56365966796875,52427100,0.0007857907808976895,0.005114434119672382,0.004579232837170071,0.010275187683567283
2021-02-04,355.59436662167684,358.63998265068375,354.6751192898168,358.59356689453125,47142600,0.011301715725408569,0.003292756038376597,0.003449020022744229,0.01080350734932044
2021-02-05,360.4599180558391,360.71061412663744,358.54712432112404,360.0049133300781,48669800,0.0039280579881527024,0.0034412766749676105,0.004226022419921519,0.010802463372298269
2021-02-08,361.45341690524697,362.6512436310637,360.5991744109489,362.6048278808594,38365200,0.007195933355012893,0.0024539260884876247,0.003411521306022863,0.011179851821050446
2021-02-09,361.76918395765694,362.95774475328056,361.3606516052226,362.36346435546875,35551100,-0.0006658595607370795,0.0023397786257719484,0.005042891788094383,0.011277353515002557
2021-02-10,364.09983025590975,364.24840035419544,359.8099713889872,362.2055969238281,59154400,-0.0004357553822679269,0.0033669365234422315,0.00933825891803114,0.011503420029321242
2021-02-11,363.2826227627068,363.7004778361302,360.36701674347415,362.7904968261719,42913300,0.0016135260156109749,0.003383646148734421,0.009292206092583506,0.011502139594282453
2021-02-12,361.9920325190132,364.82407372216704,361.91773330512245,364.5826721191406,50593300,0.004927811462252899,0.0031748770580383805,0.01243839722525327,0.011525333194925512
2021-02-16,365.808381339612,366.0033955530589,363.552031185599,364.2669982910156,50972400,-0.0008662248490448214,0.0036107604093564647,0.012637159233196926,0.011528101839389661
2021-02-17,362.5213268153556,364.6012515218009,361.5091912477151,364.3505554199219,52290600,0.00022935799130007137,0.007106475381251171,0.013150883896416101,0.011546630280449775
2021-02-18,361.7505480599932,363.542626693373,360.0327402924635,362.7998046875,59712800,-0.0042652886349915185,0.013086052251299838,0.01349996887685096,0.012002645657748313
2021-02-19,364.05335165745737,364.3411973179349,361.71340843442175,362.15911865234375,83241000,-0.0017675103549357337,0.013006963548581975,0.015186202922271054,0.012003353924038082
2021-02-22,359.4013597570989,361.77842431901905,359.1042196026477,359.3735046386719,67414200,-0.007721419000803337,0.01808438603482697,0.015089239965633843,0.01197798507975486
2021-02-23,357.1729115862207,361.15636405887625,353.0316228676275,359.8099670410156,107284100,0.0012137722100563897,0.01854363312651494,0.015873373165651128,0.012136878003059386
2021-02-24,358.7235110381606,364.2019298681405,357.7392590796617,363.7747802734375,72433900,0.010958917880815395,0.017965518829025688,0.015574240760724063,0.011932425056293463
2021-02-25,362.51206472788135,363.87702252268934,353.5702012493284,355.0094299316406,146670500,-0.024390588318054175,0.015415424886287221,0.013373515066193876,0.010562480216946387
2021-02-26,356.88507715052293,358.0271655270358,351.2024053803291,353.18017578125,152701600,-0.005166012615395063,0.017927107761037862,0.013093413110753472,0.010951962325736125
2021-03-01,358.03639956573255,362.9855428178806,353.3751303176071,361.74127197265625,105348800,0.023950898290353174,0.01292636457333903,0.011053643933412606,0.009684743305788283
2021-03-02,361.9642568270762,362.19639233194147,358.4172195118909,358.91864013671875,79595300,-0.007833504326915541,0.01492081113828302,0.010607730825362678,0.009505065810716242
2021-03-03,358.22215187611573,359.18781495345684,354.06227437694446,354.1644287109375,119940200,-0.013334440481709117,0.01286597920318321,0.009057202913027512,0.008879046392223809
2021-03-04,353.9787065028338,356.5600515760826,345.306129482108,349.7817077636719,183433000,-0.012452025373837789,0.008893643935290185,0.009519041104804095,0.008381736327324045
2021-03-05,353.27300175449477,357.2657484566025,346.01182648724296,356.21649169921875,152039600,0.018229400968098424,0.007484215529880868,0.00817089837491883,0.00804783968399604
2021-03-08,357.17293919990277,359.97712560372787,354.1644724397162,354.4430236816406,123149200,-0.0049910587580012595,0.004827578781530721,0.007991795151435693,0.007874975750872667
2021-03-09,358.2778580660894,362.04773549523804,357.7764375613555,359.5035400390625,113633600,0.014176414218078942,0.004454379329647071,0.007644709040971421,0.007451986574024099
2021-03-10,361.84342629734385,363.4312247093334,360.4320530796693,361.74127197265625,109899400,0.006205213754286255,0.004355791825774091,0.007613009211890819,0.007421857042824558
2021-03-11,364.2019037645304,367.37750035793965,363.7468990842494,365.40899658203125,86245000,0.010088026843335984,0.008057625397342725,0.007051383109842369,0.007295734952977128
2021-03-12,364.05339494438545,366.0404596864284,363.2455681020347,365.90118408203125,64653600,0.0013460432722719948,0.00794658950928833,0.008812156077558437,0.007306453165933046
2021-03-15,366.151838816547,368.3432119800072,364.0162042253978,368.0832214355469,73427200,0.005945749706341947,0.008462536321248068,0.008628883391660435,0.007259373460520691
2021-03-16,368.6960999272851,369.40177242737843,366.84828247321997,367.6189880371094,73722500,-0.001262014587083738,0.00896464233582166,0.008665760424286384,0.007329227801875453
2021-03-17,366.33759873657715,369.6710604301495,365.1954821103504,368.8725280761719,97959300,0.003404088769849596,0.00832179068269333,0.008695833697864008,0.0075747512962186505
2021-03-18,366.2912103516865,368.371135091279,362.82773894437463,363.5055847167969,115349100,-0.01465647140187035,0.006823638238420632,0.007541825027584141,0.006415582821593482
2021-03-19,363.205513182998,364.77989041785,360.6622818583176,362.8328857421875,113624500,-0.001852302182263422,0.009797080732187926,0.008170804514911789,0.0065814338291978625
2021-03-22,363.34537402520954,367.1089779028957,363.2894813107104,365.730224609375,73778600,0.007953611978966095,0.009521274167073658,0.008186366521367476,0.006882129431269229
2021-03-23,365.096619429753,366.54056140133423,362.0689753225367,362.85150146484375,90686600,-0.007902306692567423,0.00843723307806566,0.007245268398360498,0.006596892301630976
2021-03-24,364.2489379839986,365.87920816679144,360.9604512667513,361.00701904296875,97588600,-0.005096262216094308,0.007239709518204734,0.006453194399407957,0.006924988360924542
2021-03-25,359.5724129695901,363.82972563036685,357.63470442840975,363.03790283203125,116128600,0.005609842852982655,0.007780594357295225,0.006483165377040396,0.007117817932337555
2021-03-26,364.18379370268866,369.2888795951097,363.5875952706098,368.8883056640625,114409100,0.015986659212741245,0.007215151064735312,0.005461262058651385,0.0064684391514025575
2021-03-29,367.41640649152026,369.6056326861167,365.93519262274987,368.7019958496094,108107600,-0.0005051851089505064,0.0072320758507481075,0.005258394239730146,0.006461299201707333
2021-03-30,367.4349359437374,368.3944651831491,366.1306971541533,367.7237243652344,76262200,-0.0026568112247053553,0.006349049799967132,0.0053738137518459855,0.0063796272220583965
2021-03-31,368.29203631973724,370.7700506223906,368.2640899656706,369.21429443359375,112734200,0.0040453119883739905,0.006305442349159095,0.005756277940562961,0.006424189543381928
2021-04-01,371.1427167920272,373.2574287119727,370.9377673643158,373.2015075683594,99682900,0.01074128934064078,0.005832363448854245,0.005372341162259672,0.006480695996287181
2021-04-05,375.8564594894642,379.0983784802134,375.7819453604423,378.55804443359375,91684800,0.014250906436351496,0.0032933219092023355,0.004717914331859277,0.005811060810336055
2021-04-06,377.9991164320186,379.3778410378448,377.663731778131,378.33447265625,62021000,-0.0005907623045490886,0.0027811665590547372,0.005563065938005374,0.0060439641237134845
2021-04-07,378.16684605543014,379.11705058317233,377.7103794337197,378.7723693847656,55836300,0.0011567634923608505,0.004100421623730955,0.006097611572593461,0.006046904538556216
2021-04-08,380.02062094317336,380.62614416673193,379.08903800549706,380.57025146484375,57863100,0.004735373440968949,0.0055598862749525945,0.0070012457893266,0.006189494626507029
2021-04-09,380.4491519037927,383.50474266034735,380.3280415787718,383.3370361328125,61104600,0.007243802517035546,0.00517507722891548,0.007433054279348365,0.006189887399164026
2021-04-12,382.74087863290447,383.7469757570129,382.135355372954,383.4768371582031,56704900,0.000364628319358815,0.006227303171612741,0.007429741122711613,0.0066801775905075056
2021-04-13,383.374318989603,385.2374848347506,382.99236657978923,384.6133117675781,56551000,0.00295922409708645,0.00732652285800302,0.007425430667830713,0.006998064857302734
2021-04-14,384.5853346192152,385.63802778616787,382.75944019749284,383.2997741699219,61659900,-0.0034210613227205057,0.008175003659752758,0.00727702712141055,0.008489976723879395
2021-04-15,385.43320380831716,387.687647542853,385.38663602263046,387.41748046875,60229800,0.010685489273365403,0.007860385869292181,0.00677690027481845,0.008583026575723645
2021-04-16,388.70295534718036,389.31780345743056,387.28695960911085,388.7122802734375,82037300,0.0033365580638438164,0.009580036391221895,0.007115796686608987,0.009261709015301364
2021-04-19,387.78069983654575,388.22784142524785,385.4796889791716,386.8025207519531,78498500,-0.004925150053600106,0.009231301736246983,0.0069197615405689715,0.009211389751307957
2021-04-20,385.59152639170094,386.6907875184191,382.4986639809094,383.9705810546875,81851800,-0.007348342680630596,0.00806684297300334,0.006777821961802238,0.009270881555712577
2021-04-21,383.35574340510965,387.808709170284,383.2159832062883,387.603759765625,66793000,0.009417642271137918,0.007122386283708894,0.006071283056802284,0.00901259671650634
2021-04-22,387.43610589568067,388.26520006438915,383.001761278924,384.0637512207031,97582800,-0.009175022475232213,0.004770887566116199,0.005618644248302312,0.009115985668479397
2021-04-23,384.6226230049808,389.63454349879055,384.548108882875,388.22784423828125,73209200,0.010783837078928384,0.004688599482213288,0.005063218529800073,0.008780994905947727
2021-04-26,388.87997690212677,389.60661044348035,388.29307511302295,389.038330078125,52182400,0.002085478978434048,0.004695384473866427,0.0061626242585981865,0.009072146919502354
2021-04-27,389.33648125494796,389.53213415675737,387.8179963971385,388.95452880859375,51303100,-0.00021542940631944754,0.005537981283175795,0.006797481911181945,0.009087893635417624
2021-04-28,389.2246648182536,390.342575715046,388.3769209336228,388.84271240234375,51238900,-0.0002875207087291903,0.005561372418644926,0.00941801073854029,0.009097152591008328
2021-04-29,391.5629909520302,391.93561848281814,387.9484442011052,391.3207702636719,78544300,0.006352684405803495,0.006096017531685924,0.010165147335001203,0.008982302381786869
2021-04-30,389.057011063111,389.90475500080083,387.8552610382918,388.74957275390625,85527000,-0.006592243492643357,0.005755638963485893,0.01142088062518019,0.008857694032974648
2021-05-03,390.73387217038277,391.1158246327663,389.0943053331574,389.5880432128906,68128300,0.0021545169246052517,0.007956148243307927,0.011411213349374233,0.008850739943402046
2021-05-04,387.6037024349062,388.0974402326931,383.5047433776642,387.1844787597656,101591200,-0.006188612640873568,0.008559200741435652,0.011569807615995301,0.008726282325201656
2021-05-05,388.8241183887439,389.0570141395226,386.7466780571217,387.3056335449219,60162200,0.00031286335156433014,0.012545190881278518,0.011573188828515338,0.008778764475808793
2021-05-06,387.3801199711882,390.528874845266,385.3772223436678,390.3984680175781,74321400,0.007953798293121766,0.013655014987050466,0.011843562111313863,0.008834719784797052
2021-05-07,391.16233454379056,393.8918654572951,390.4822688320736,393.23974609375,67733800,0.007251536425002907,0.015655944329106518,0.011495594143613043,0.008690186746153598
2021-05-10,393.59381081117,393.81738162988034,389.2246843410474,389.3457946777344,81852400,-0.00995158573534319,0.015133179341745866,0.011651136807058565,0.008368311318967097
2021-05-11,384.8368977997584,386.85841675179097,382.0048778519801,385.8709411621094,116888000,-0.008964916848921492,0.015093580034811604,0.01124372794792965,0.008084727024459358
2021-05-12,383.09488503627756,384.3618242624742,376.3595297518344,377.6730651855469,134811000,-0.021474049781425152,0.01033678371844151,0.00802872597037246,0.006163085164924114
2021-05-13,379.21949593633536,384.1382530041698,379.1728997288725,382.2098693847656,106394000,0.011940939583632433,0.010070104278611344,0.007457017644163087,0.005720331926506297
2021-05-14,384.9393967974584,388.9265708311616,384.9114504451291,388.0788269042969,82201600,0.015238627074238616,0.007076670462290119,0.00588585064242979,0.004756015828015101
2021-05-17,386.9703182241895,387.9019013257999,385.07917723544665,387.0914001464844,65129200,-0.0025476398794135532,0.008433721309313792,0.005802682639603858,0.0047304174443439
2021-05-18,387.3521831986254,387.59440386559174,383.597905008926,383.75628662109375,59810200,-0.008653160391973067,0.006778476469029339,0.004712347210550264,0.004440561608334975
2021-05-19,379.0798024141684,382.92721668401646,377.5985602871788,382.7502136230469,106467100,-0.0026250881772591963,0.006095304573556252,0.0048428165735083534,0.004365026195076783
2021-05-20,383.62587868681237,388.1254406224363,383.5047967743601,386.8677978515625,78022200,0.01070043438543182,0.004853074767488219,0.004537460606299346,0.004959286549317247
2021-05-21,388.3490042918943,389.5880256140857,386.0945893314259,386.5510559082031,76578700,-0.0008190696658801734,0.004619410899093457,0.004547236250271997,0.005865883227124599
2021-05-24,388.7867646935149,391.5628916889913,388.5445440665606,390.4915771484375,51376700,0.01014244226088311,0.0017905764375128496,0.0034610744948161782,0.005556179654085067
2021-05-25,391.5722490957163,391.9262551656702,389.0476672600288,389.625244140625,57451400,-0.0022210349534976847,0.0011911134115206506,0.0033989970403175557,0.005533342287647819
2021-05-26,390.2121400584183,390.9015023339306,389.1780966451499,390.3984680175781,43088600,0.0019825657045247,0.0022602257278361458,0.00359841975555125,0.005649838475146194
2021-05-27,391.4232522007512,391.9356114927395,390.3239626244938,390.60345458984375,56707700,0.0005249323235678942,0.004763994563589972,0.0035968295802821103,0.005680211164298272
2021-05-28,392.1684893742527,392.42933147222897,391.0692282777566,391.3021240234375,58520200,0.0017870946023388402,0.004890921689194432,0.003607905483200946,0.005682029843037368
2021-06-01,393.65910502496916,393.7988368138463,390.51967430632686,390.95751953125,54216600,-0.000881048938976614,0.0048083093461612145,0.003681993747161481,0.005665614535385505
2021-06-02,391.609475863933,392.4106518937659,390.60337890073964,391.57220458984375,49097100,0.0015710206681536073,0.004948782196106861,0.004243934278400723,0.005664845486245022
2021-06-03,389.26200853094554,391.25558160462,387.79941622388145,390.1190490722656,58138800,-0.003717982476410377,0.004505602492806588,0.0040052259587069275,0.005630074791897749
2021-06-04,391.9635773504691,393.985125124761,390.1842502722685,393.68701171875,55938800,0.00910426053053463,0.0024591090980120426,0.005044610865552756,0.005533710137773015
2021-06-07,393.6776507018846,393.85465374362394,392.3734402072181,393.3050231933594,51555000,-0.0009707558360004882,0.0022918592132590543,0.007093477271867476,0.005556667483361723
2021-06-08,394.162117490748,394.2552814880263,391.563021073544,393.388916015625,47134300,0.00021327944300155105,0.002712639264302733,0.007291595589581087,0.005568218567895459
2021-06-09,394.2272923071258,394.3018348687151,392.57840061009364,392.8019714355469,48436300,-0.0014931353148295303,0.0039911974980983405,0.007283330616844287,0.0059505477755315925
2021-06-10,394.0222844350054,395.57804034366546,392.7087491710795,394.6278076171875,51020100,0.004637466101555519,0.0031444829426109074,0.007372292109593956,0.006271349173327063
2021-06-11,395.17753829078254,395.3917841957337,393.8919491424424,395.2799987792969,45570800,0.0016513099504246098,0.00614918721194513,0.007424247799644936,0.006287731774786985
2021-06-14,395.3917787091995,396.26746903201445,394.1527857880061,396.1650085449219,42358500,0.0022364412594988903,0.01013864538124634,0.00742001742635784,0.006386010225847745
2021-06-15,396.31410594008616,396.35134879576736,394.56272511460134,395.43841552734375,51508500,-0.0018357505779613874,0.010564171053992705,0.007362475906670345,0.006341467978195543
2021-06-16,395.5780452993392,395.8016160944157,391.19029786804174,393.2304382324219,80386100,-0.005599265276064973,0.010156160073241558,0.006985069054284057,0.006230335209287814
2021-06-17,392.82060361942723,394.0782178856841,390.63137795315737,393.1000671386719,90949700,-0.0003315936341120621,0.010349847163992237,0.007038474253113862,0.006574656832838106
2021-06-18,389.82519114669236,390.51680887211063,387.591438170524,387.79705810546875,118676300,-0.013582046553647361,0.005587844369596189,0.0044277049488688,0.006733119062645721
2021-06-21,389.5540649639203,393.53560087943845,388.7409408172673,393.3486633300781,72822000,0.01421424593309814,0.00286047484810786,0.00323409703724917,0.006734582290925505
2021-06-22,393.339292332768,396.28337300789326,392.6196085187923,395.4515380859375,57700300,0.005331843815177037,0.0027329688781315086,0.0031274405925304466,0.006849577510175328
2021-06-23,395.52640432656335,396.33017311106846,394.8908622379778,394.9749755859375,49445400,-0.0012058364680387645,0.0022054721168591135,0.0045409026899898165,0.00682486897746145
2021-06-24,397.115289475811,397.7321206963649,396.86292090837077,397.3115539550781,45110300,0.005898333636157059,0.002065090852651259,0.005195140408075877,0.007037597055757944
2021-06-25,398.05925946140326,399.17147241602134,397.73213297075046,398.72283935546875,58129500,0.0035457937267121486,0.003117556034165459,0.005195868260528285,0.007026867709565228
2021-06-28,399.2462030135846,399.6948074887242,398.0498768754374,399.5265808105469,53159600,0.002013760878208071,0.0038913011362206747,0.005517212612064645,0.0071622974862525415
2021-06-29,399.9098343658785,400.5453764693619,399.2088612604478,399.7416076660156,35970500,0.0005380593491810527,0.0037335867954417998,0.0054996274095102885,0.007170959743267017
2021-06-30,399.2836220683984,400.7509992918403,399.2555842848848,400.07806396484375,64827900,0.0008413304413691433,0.006369937789795145,0.0057566341641482255,0.007198088635023165
2021-07-01,400.83509959729395,402.4520211210759,400.7696685970019,402.2931213378906,53441000,0.005521292490871724,0.007513277367437252,0.006266088472912901,0.007263357697324033
2021-07-02,403.45209077508554,405.72323677808726,402.37724253484845,405.3680725097656,57697700,0.007614494920790458,0.00700592621192376,0.007269853406480096,0.007116143105018469
2021-07-06,405.4241415803903,405.6391169295271,401.9005937821132,404.62969970703125,68710400,-0.0018231482420867251,0.0072297271582427705,0.008909729663393706,0.007293591744770318
2021-07-07,405.3119686849688,406.34006819983387,403.3025183056718,406.0596618652344,63549500,0.003527772064111915,0.007124157143494593,0.009243002883333478,0.007380397480874801
2021-07-08,400.75088402251015,403.5080555398632,399.57324040832856,402.7510070800781,97595200,-0.00818157664940833,0.005819482439539277,0.008789867388840937,0.007190428781645706
2021-07-09,404.2558173257462,407.3494426746745,402.55478259875076,407.05035400390625,76238600,0.010618375138083457,0.004521660367865299,0.008744241361110556,0.006846348707369884
2021-07-12,406.96631811831986,408.760821961799,406.5363958989324,408.5084533691406,52889600,0.0035757100668176067,0.006145216467089491,0.008714771064650758,0.00682279467679039
2021-07-13,407.7233490688548,409.21876411942253,406.85414923191337,407.1158447265625,52911300,-0.003414832047318359,0.010930291803582995,0.008785520542583693,0.006758653488339063
2021-07-14,408.8074721795963,409.29349840963926,406.4802508086064,407.7232971191406,64130400,0.0014909752708567817,0.011827205681228668,0.008789042225534567,0.006767556415288876
2021-07-15,406.38676403559714,407.0596992666777,404.43338933545084,406.3306884765625,55126400,-0.0034214192810843357,0.01177584557017497,0.008730419249449659,0.0067058423130243825
2021-07-16,407.5083537824567,407.555073909898,402.75108678868395,403.14361572265625,75874700,-0.00787446668984434,0.011401992303405507,0.008423942368721977,0.0063584693999271
2021-07-19,398.33031422579336,403.209088281005,394.38617099707693,397.1900634765625,147987000,-0.014877949586119956,0.00519054607096826,0.00635317552223828,0.005027452083836925
2021-07-20,397.85360950811923,404.1530401378472,397.0591676686946,402.8819274902344,99608200,0.014228619688773628,0.005793252608853101,0.0053599700735166645,0.004613473965902899
2021-07-21,404.0782727663207,406.28401626491234,402.83522636423976,406.143798828125,64724400,0.008063746075688024,0.005407698404939933,0.005386209683661479,0.005124154170724773
2021-07-22,406.32141887481384,407.2373674036416,405.34006786173984,406.9943542480469,47878500,0.0020920325209582355,0.005496896290098289,0.005639476885814717,0.005116855076856837
2021-07-23,408.91963853760046,411.5179109011736,408.2373763394922,411.18145751953125,63766600,0.01023530582334022,0.004054487099511869,0.004731562133897849,0.0049074038512802575
2021-07-26,410.5926462837905,412.20021236866125,410.5459261537889,412.19085693359375,43719200,0.0024518675258419324,0.0036770406985436477,0.004700451377510087,0.005238475584608041
2021-07-27,411.15338725210887,411.18142503169713,407.4896224241449,410.3122253417969,67397100,-0.004568091960105681,0.0051557699155047486,0.00438719718113448,0.005091266173930493
2021-07-28,410.9384848950348,411.51795145786116,408.7234143462509,410.14404296875,52472400,-0.000409972796597251,0.005813354636615179,0.00439151031476522,0.005085310466470782
2021-07-29,411.0693007705477,412.91985138960683,411.05994533585215,411.84503173828125,47435300,0.004138719722416323,0.006258219393006722,0.004318371782689188,0.005266865114145916
2021-07-30,409.2841865056366,411.29363706752343,409.15332449973266,409.844970703125,68951200,-0.00486817407826737,0.00549152697944538,0.0037933219244559832,0.0054080311978318045
2021-08-02,411.5553115323718,412.10674026622047,408.62991264660883,408.9850769042969,58783300,-0.00210029936600822,0.005289104436527371,0.0035546641024004257,0.005386558048518748
2021-08-03,409.7794757496443,412.43382344600275,407.59244339115173,412.31231689453125,58053900,0.00810244429850218,0.004083609290837307,0.003830349709260805,0.005205180334449347
2021-08-04,411.0319033838049,412.2843051456388,410.0505525213927,410.2842102050781,46732200,-0.004930997717700888,0.0026121236944167616,0.005089080165382678,0.005007991362969618
2021-08-05,411.4431375086628,412.96659014888616,411.12536648595767,412.8824768066406,38969700,0.0063128775046132615,0.0014692373643559414,0.00464031701398427,0.004893107316561185
2021-08-06,413.20023664333985,413.9853230057107,412.9198303207797,413.5647277832031,46930000,0.0016510458932051863,0.0014750974607797827,0.0053265867643013535,0.004903804134131237
2021-08-09,413.5366870620658,413.85445807390835,412.46186747322616,413.228271484375,41222600,-0.0008138828405627449,0.0006689894003861045,0.005948598012487291,0.005001203277004443
2021-08-10,413.6768175506631,414.45257688642795,412.99455549788365,413.74224853515625,43339300,0.001243036128904888,0.004041200191286894,0.005950159842315567,0.005026289494488421
2021-08-11,414.80780947459465,414.8638850355054,413.6862412110491,414.7704162597656,44034300,0.0024819614620326556,0.006333441055901952,0.005942083171509393,0.005142342621956347
2021-08-12,414.620958878903,416.15376725903695,413.7237211934941,416.0135498046875,38909400,0.002992678057125548,0.006071346147610386,0.006293004362902728,0.005442959615430005
2021-08-13,416.4620637284058,416.78919015715337,415.9760660634455,416.7705078125,39470300,0.0018178979517009463,0.0075577836917099335,0.006861080725469605,0.005458149867453248
2021-08-16,415.4713908619817,417.8827255582406,413.9199004513762,417.75189208984375,73740000,0.002351967376444953,0.008749268699121274,0.006936560193691468,0.005562654531102662
2021-08-17,415.2003367624512,415.87327201338974,412.0319534928369,415.013427734375,92673900,-0.006576821011147669,0.00790593375993266,0.006476219625943342,0.005675994313166096
2021-08-18,414.004033503329,415.5648794226537,410.2281457688839,410.47113037109375,89351900,-0.011005277237575516,0.003632674766301927,0.004767724553371016,0.00503135652640485
2021-08-19,407.7513683082851,412.30304425730367,407.6111793930043,411.106689453125,92812200,0.0015471673978414845,0.005910766127937443,0.0047463658956025025,0.005565013169177105
2021-08-20,411.4524984131377,414.7049951138694,410.96647217681397,414.37786865234375,72008700,0.007925517903449813,0.006130604271239659,0.004498112877885557,0.006465684887052851
2021-08-23,416.0602493564847,418.92957275106846,414.4526832434195,418.0229797363281,54973000,0.00875812270200688,0.005385716700159039,0.004170219702177926,0.006053560061884126
2021-08-24,418.6865234375,419.21926979163254,418.1724879522138,418.6865234375,38744700,0.0015860793686659365,0.005643331837875385,0.004215631956332734,0.006518107606302683
2021-08-25,418.87347636542324,420.0791294982954,418.49960124676494,419.5650939941406,40529700,0.002096198468520045,0.00565206046284096,0.004450064588810911,0.007120380354594371
2021-08-26,419.2847079423929,419.5183656415265,416.99487960448477,417.0883483886719,57829600,-0.005920618298873592,0.003965800542305931,0.004778384489276431,0.007016476722083309
2021-08-27,417.89207569885787,421.1913209422029,417.8360001384459,420.8174743652344,77235100,0.008901121096913727,0.002417554386010094,0.0037481744166715306,0.006708185516006033
2021-08-30,421.4904164695936,423.4531466839395,421.2474033554113,422.6680603027344,48357400,0.00438795647519357,0.0024609212648789894,0.003509078938201606,0.007898308180549434
2021-08-31,422.5745248356213,422.9109781504676,421.4436298305058,422.0417785644531,59300200,-0.0014828330965731987,0.0024329880932134795,0.004754626777372482,0.00793931701932385
2021-09-01,422.97650283531857,423.49053835442544,422.03251662178167,422.26617431640625,48721400,0.0005315495524375381,0.0029312936009773796,0.004734951626226697,0.00825542106180874
2021-09-02,423.6867836507604,424.3690457877398,422.3689509787344,423.5652770996094,42501000,0.003071779377646504,0.002997034375532294,0.00521887407000598,0.008776139638425336
2021-09-03,422.4344228744772,423.9765579301553,422.0325099688313,423.4624938964844,47170500,-0.00024269146100988718,0.0038776851360094963,0.00686033333596165,0.00909993887153455
2021-09-07,423.1167444291313,423.2102132231523,421.2755204253354,421.9484558105469,51671500,-0.003581783995385889,0.0040420770189439105,0.006927397257571158,0.009544313609586843
2021-09-08,421.4157048587594,422.14471575872943,419.51837690907405,421.43438720703125,56181900,-0.0012190636113490786,0.006651488368693981,0.00812254878864507,0.009639897728046824
2021-09-09,421.2380284408069,422.98578312246457,419.387449559995,419.6304626464844,57970400,-0.004289627195841987,0.006459764571680891,0.009310146562872304,0.009882236904708405
2021-09-10,421.5558370150139,421.9764037145198,416.2003928599835,416.3218994140625,89948200,-0.007915715436375587,0.007006241455689319,0.00900471362397885,0.009750968426328843
2021-09-13,419.3127250750678,419.57442052650157,415.07882068151736,417.3873596191406,83738600,0.0025559528662511422,0.009376784608785218,0.00899529612800765,0.009825502080455588
2021-09-14,418.82672304337876,419.03234294728094,414.2470381175579,415.13494873046875,78197100,-0.0054110655339616055,0.00954576918260199,0.01092456272135032,0.00978085856009783
2021-09-15,415.55554197274927,419.0978006931455,414.45268447355176,418.6024475097656,78792200,0.008318011852975822,0.010009016778104235,0.010413630502703938,0.009598183352612331
2021-09-16,418.07903168064803,419.0510271190857,414.99473310868217,417.9388427734375,77786700,-0.0015865442225842226,0.012378385798564871,0.010826233830856333,0.01040274649968559
2021-09-17,417.16810338516024,417.5900174422534,413.5113432060983,413.8676452636719,118425000,-0.009788887385620003,0.011401731279558038,0.011623468130349807,0.010299344297436872
2021-09-20,407.7543373535724,409.32954038102963,402.10981691745377,406.96673583984375,166445500,-0.016814773301179694,0.0066127042093232094,0.011119355633009084,0.009464589334604432
2021-09-21,409.30141250201683,410.59533949300106,406.0572382327374,406.5823059082031,92526100,-0.0009450689276889891,0.0128978974888754,0.011712000676057257,0.009544019999140929
2021-09-22,408.85139337293356,412.5831513891095,406.6948671942367,410.5484924316406,102350100,0.00970766902642143,0.01185110226518252,0.011318864125234435,0.009381953115476955
2021-09-23,412.41443344556274,417.14007227646357,412.18002715493935,415.5367126464844,76396000,0.012076916067453288,0.0096452095054852,0.010931066910163479,0.009060646856872795
2021-09-24,413.9051347076099,416.9336734105124,413.68947068134617,416.2210693359375,62094800,0.0016455676368964723,0.012442342603011441,0.01089187587066542,0.00907293942083791
2021-09-27,415.18965363663966,416.35229928321826,414.33641159747526,415.0302734375,61371100,-0.0028650701700666465,0.012941663285698795,0.011046710380210913,0.009073399767245575
2021-09-28,412.2643708805607,412.5925453791143,405.93540163406385,406.666748046875,130436300,-0.020357416437849062,0.011925258750856876,0.008961393138310795,0.007493456486502183
2021-09-29,408.0449684995728,409.7795802277792,406.7885546104285,407.35113525390625,82329200,0.0016815045033468036,0.012077009309006008,0.009021894597419346,0.007652001930783451
2021-09-30,408.82324196639286,409.5264607159928,402.03484612674845,402.3724060058594,140506000,-0.012297510787616301,0.010126980684603607,0.009224750432239914,0.007009039925330521
2021-10-01,404.0976283486504,408.8326231008619,400.58153463739126,407.1542663574219,129240100,0.011814103556851066,0.009440347787510139,0.008869326349914556,0.00671814801969862
2021-10-04,405.9915954205408,406.8917073430287,399.7657521393978,401.903564453125,128570000,-0.012979976026155977,0.0073364200638827174,0.006980997833670276,0.005614356085868912
2021-10-05,403.4037355215152,408.3262663404989,402.6067772325321,406.0853576660156,90682500,0.010351207640108146,0.006189101203486586,0.006769239860915977,0.005383653791275683
2021-10-06,402.49426854273986,407.97938044868795,400.8721956255004,407.7731018066406,113032200,0.004147518626485831,0.006105720158136448,0.006768959409763914,0.005418604288297056
2021-10-07,411.0453745390407,414.1301397145414,410.86722352719846,411.29852294921875,72437500,0.008608387366246835,0.00919443040995412,0.006573018112320691,0.005286581516618208
2021-10-08,412.0674690550003,412.45189876084635,409.9202996692927,410.5484924316406,74557400,-0.0018252319757004506,0.009244573497269652,0.006508499538693985,0.0051568485711642464
2021-10-11,409.89216791478833,412.79881127574237,407.5105922896659,407.57623291015625,65233300,-0.007266062267212959,0.007119843540999286,0.0053199233264212735,0.004559175796323975
2021-10-12,408.4950853785661,408.89825725037673,405.7853354665387,406.57293701171875,71181200,-0.002464650074900759,0.005478403628571167,0.0049078197098723275,0.0046237427250643325
2021-10-13,407.594929147859,408.8513431322092,404.6226741156243,408.0356140136719,72974000,0.0035911201079815965,0.005418393545894827,0.005752669897442359,0.005327346413205984
2021-10-14,411.69232759288604,415.0490407513381,411.2235151439211,414.8990173339844,70236800,0.01668069905151906,0.002498538094189691,0.004301715400012334,0.004299706999890696
2021-10-15,417.00867206884914,418.42449481685196,416.3898362044381,418.0588073730469,66260200,0.007586951229134539,0.0031223849150918926,0.004069671537423513,0.004295332136420124
2021-10-18,416.2773855665458,419.6340705825797,415.6210366001597,419.2965393066406,62213200,0.0029562905162001784,0.0032513682798473885,0.004088453861479935,0.004315442875488294
2021-10-19,420.9186558175996,422.59698407803893,420.30917663549167,422.5313720703125,46996800,0.007685296820711316,0.002504789187404859,0.0037565668485215523,0.004143569674868351
2021-10-20,422.99075914645675,424.4909648278342,422.878248727811,424.19091796875,49571600,0.003919934653883646,0.003698346070849848,0.0039090133606017085,0.004233272335343684
2021-10-21,423.5908483463569,425.5223536137635,423.1595488456662,425.2973327636719,41305400,0.00260489870130424,0.005497626493977673,0.003960154839086943,0.004245651642638251
2021-10-22,424.8659833060559,426.3099336904653,422.91570745443045,424.8565979003906,58845100,-0.0010368355349965922,0.005228247617946032,0.003711699130078662,0.004274887587038173
2021-10-25,425.9442973142117,427.46324528395957,424.1722008875209,427.13507080078125,45214500,0.005348592987149339,0.00501399254896089,0.0037141965595445976,0.0042991186850624315
2021-10-26,428.68211402620443,429.89162954029996,427.14439546156063,427.5194396972656,56075100,0.0008994720502320856,0.005043919433947215,0.004175480601031463,0.004298073647251374
2021-10-27,427.97890546543795,428.6446111455954,425.5504317463337,425.6254577636719,72438000,-0.004440007906450685,0.003257126169993278,0.004934250960063731,0.004084990878742533
2021-10-28,427.05073806133873,429.80735826082883,427.04138126749586,429.73236083984375,51437900,0.00960284584186547,0.001839460210442285,0.004184092787096798,0.00644762854908436
2021-10-29,427.4350712129975,430.8949094853391,427.1444097745334,430.604248046875,70162400,0.002026852040261141,0.0016076889446188876,0.004642539025349657,0.006987944394751905
2021-11-01,431.5888253261382,431.9638982601933,429.6198354925865,431.3450622558594,48433600,0.001718927975316742,0.001929283683532809,0.004663308668823005,0.008312520532550136
2021-11-02,431.51378609797507,433.398421537022,431.38250486096626,433.0889892578125,48908400,0.00403484653299918,0.003708611761244579,0.0046584575800752434,0.00856828986430573
2021-11-03,432.5264031559585,436.1362651463071,432.08571825925554,435.73309326171875,52509800,0.0060866596745270864,0.005242012474432591,0.004520671500919076,0.009198146055376928
2021-11-04,436.3331934985726,437.8709123645309,435.9862767972165,437.7865295410156,52847100,0.004701531615752106,0.004470227954410841,0.004410473044347719,0.00926626964028116
2021-11-05,440.00863863956613,441.29318025230174,437.79585747597196,439.305419921875,66390600,0.003463472444657366,0.005747128783686533,0.004344154378329576,0.00967620615848603
2021-11-08,440.4024705143944,440.89941061596096,438.9960330253521,439.68048095703125,50405200,0.000853394935103719,0.00572066520004361,0.004425680004862831,0.010807796489423304
2021-11-09,440.0462289116431,440.28063519202976,436.8207962043988,438.22723388671875,51149100,-0.0033107087980560838,0.00579458454736469,0.004315593196278846,0.010795823366154027
2021-11-10,436.53936633806717,438.2271082413826,433.2201949615556,434.7016296386719,69429700,-0.00807768780603419,0.0038548434737401428,0.0032354830659182764,0.010746869942280425
2021-11-11,436.19252851233256,436.2675545379645,434.8236039920207,434.84234619140625,34848500,0.00032365598031631375,0.003776465790225128,0.008216579512362278,0.010936866571487245
2021-11-12,436.10807465603904,438.6771576415782,435.1610643814979,438.12396240234375,53466700,0.007518346668236792,0.0029128963500818675,0.008864845058882527,0.011017552700526411
2021-11-15,439.4085029164484,439.5678831096425,437.1488236998005,438.2739562988281,46980500,0.0003422963353705174,0.003322202837954211,0.01069982050736552,0.01112175682826389
2021-11-16,438.0114907479462,441.14315465497026,437.9364933419403,440.0086364746094,48857500,0.0039501692181823245,0.0027035730211439355,0.010743904391514897,0.011649205979497193
2021-11-17,439.7461325975495,439.9242836397509,438.3209528739824,438.9397888183594,47858300,-0.0024321067137910235,0.002737447684296067,0.012369066853120487,0.011811363707940836
2021-11-18,439.9711168325113,440.6931063478928,437.25201023461375,440.4305725097656,50625600,0.003390573949579565,0.010263737125156276,0.012341466262634757,0.012005757333681184
2021-11-19,440.31803734544474,441.5650945480242,439.2772873896782,439.6429748535156,57315600,-0.0017898455620407737,0.012819137968689802,0.013265220657961343,0.01220436904109779
2021-11-22,441.518225650883,444.00292604113224,438.1990253218852,438.4053039550781,72762000,-0.002819142746507452,0.015140561674220175,0.015063212863492588,0.012907348534129098
2021-11-23,438.0771968516729,439.83993660377723,435.47998564656854,438.9866943359375,73206500,0.001325269587789788,0.014821170487321088,0.015080399658613793,0.013107324357858715
2021-11-24,436.98954456020806,440.2806177630515,436.17381531500166,440.1587219238281,61858800,0.002666289923265397,0.0177783719238944,0.015209618004437292,0.013167173585596445
2021-11-26,433.50155816840993,434.96425094373944,429.21660486222436,430.3417663574219,112669600,-0.02255569502998249,0.015307786175581225,0.01333859687430903,0.012341539893543727
2021-11-29,435.1236653350825,437.4583425612124,432.9296261441328,435.62060546875,86268800,0.012191995107920153,0.015208733985910241,0.013308777812384638,0.012124179190678198
2021-11-30,433.1827469437874,435.08612453579684,426.90064804249147,427.1444396972656,148559600,-0.019649471287859818,0.014476564824950895,0.011683990985795504,0.011061217959522952
2021-12-01,432.8452735236711,435.68627648871933,422.20322270380683,422.4001159667969,131939200,-0.011169215364811212,0.011512992331095432,0.011462750724425257,0.010666271646037168
2021-12-02,422.6157168413784,430.43550572803196,422.22190176024696,428.8696594238281,127637800,0.015200041642596937,0.012368832184117575,0.011460628872452373,0.01032532515319621
2021-12-03,430.5292831950463,431.5887754076615,420.91862695944747,425.137939453125,137331600,-0.008739368892995286,0.010215293214536408,0.011678672329653531,0.010032304497155201
2021-12-06,427.6789484275413,432.04828489860165,425.26924501380654,430.17303466796875,98977500,0.01177385426430201,0.012067067954487155,0.011699655599805785,0.009824482564175103
2021-12-07,435.4424103932935,439.633595102183,430.0416814760553,439.0710144042969,95484700,0.02047363006315883,0.007829253552861192,0.01115068196846778,0.009960279206139896
2021-12-08,439.46484235390875,440.68374339000826,437.7114595944113,440.2336730957031,72238800,0.0026444971475963596,0.011178388564606947,0.011628259840065035,0.009945951235550522
2021-12-09,438.9491577219033,440.3368530852221,437.06455084489505,437.2614440917969,61272600,-0.006774374723032849,0.011548121874903679,0.011516764536593295,0.009864568474460737
2021-12-10,439.9617388281514,441.52755637554407,437.4113979747184,441.3775329589844,77159800,0.009369306587079433,0.010969340586052423,0.011969629684376109,0.009624933739992765
2021-12-13,440.86191039613635,441.2088270752524,437.18640772794674,437.46771240234375,87724700,-0.008897690172241186,0.011197557418345258,0.011433485699594341,0.009626772167030409
2021-12-14,434.2047983047942,436.6894990636773,431.54194649017546,434.45794677734375,97264100,-0.0069037481522082784,0.014627349428439882,0.010966249115228982,0.0094755787488355
2021-12-15,434.5141370446989,441.4900398681601,432.0012806047948,441.24627685546875,116899300,0.015504015791715352,0.013366274845259336,0.010212981244401268,0.009384742217544225
2021-12-16,443.09342361388826,443.37469964954175,435.8080595359977,437.35516357421875,116568600,-0.008857574191122628,0.012703572984225288,0.009679999276024255,0.009175459077525011
2021-12-17,434.28120719660683,437.2827414785998,430.9974086651927,432.7004699707031,135511600,-0.010699862934014754,0.010994963064013277,0.008588805303287322,0.009737778471477871
2021-12-20,427.62890570329984,428.4945351603184,424.4862394814665,428.099365234375,107134800,-0.010690402966470522,0.007139006130254426,0.007150644871475226,0.009723844424124543
2021-12-21,431.5148641473523,435.8430974441347,429.3507618562461,435.70196533203125,69806300,0.017603113460237275,0.006106768027295595,0.009114130649608062,0.009028507821204425
2021-12-22,435.44794347232624,440.17134685592566,435.25032979357655,440.0584411621094,58890200,0.009949095056157202,0.006736068885071093,0.008579857799624602,0.009436091625897428
2021-12-23,441.0558028110541,444.2925666264492,440.9523154989883,442.7965087890625,56439700,0.006202777491143789,0.0070144632914941885,0.008369920999328123,0.009341902206801403
2021-12-27,444.17025861450196,449.11008378457836,444.12322414632985,449.06304931640625,56808600,0.014052983117639594,0.00351733750432605,0.006512366349451846,0.008580426251611602
2021-12-28,449.4958929694086,450.5214913868531,447.93396375035627,448.69610595703125,47274600,-0.0008174650799241477,0.003489341639954859,0.007474002937773416,0.008548411749825334
2021-12-29,448.7995905115579,450.2862300149204,447.8022185897107,449.2700500488281,54503000,0.0012783202710148836,0.009345510156264966,0.007545989859167956,0.008428646157388326
2021-12-30,449.6934621372565,450.70025247373695,447.56700448030426,448.0280456542969,55329000,-0.002768322352772174,0.009433711987424629,0.008529212872767492,0.010723210187072856
2021-12-31,447.53874202831184,448.68663568101795,446.6260494189647,446.8988952636719,65237400,-0.002523448425073915,0.009419063601871858,0.00857755576153316,0.011761186192207621
2022-01-03,448.15972040589463,449.6181621243115,445.8544860219246,449.4864196777344,72668200,0.005773257454992719,0.008067244625889591,0.009364047854502192,0.011799575934435483
2022-01-04,450.9072851460478,451.6223929028808,447.48232558918886,449.3359375,71178700,-0.00033484298190554105,0.010271657628916022,0.009404422661432904,0.012111192358577615
2022-01-05,448.96894028365364,449.74050080120287,440.61357447061033,440.7076721191406,104538900,-0.019389017775713856,0.005032537383313493,0.008358960834768406,0.012474790477643502
2022-01-06,440.24669721539595,443.0035835732876,437.93201531445186,440.2937316894531,86858900,-0.000939704428071705,0.008493340367274314,0.009467933414376272,0.012572190022884667
2022-01-07,440.3030723284207,441.479221117935,437.1980222953608,438.5529479980469,85111600,-0.00396152368381634,0.008396242363740515,0.010059950570900542,0.01256747499565943
2022-01-10,435.36337378718616,438.2237477990872,429.6237602853808,438.0073547363281,119362000,-0.0012448506519710922,0.011455064230370756,0.010110515043434087,0.012775288398563392
2022-01-11,437.7438209696161,442.0908627934465,434.751676287286,441.99676513671875,74303100,0.009066861484789388,0.008984280853290588,0.00863387192694511,0.013070157752107358
2022-01-12,443.72810332210804,445.24299823820036,441.23467306567045,443.1917724609375,67605400,0.0027000079631239625,0.0068017938055983055,0.007880757865508672,0.013554126431859555
2022-01-13,444.2925567024861,444.9417931268879,436.0595152339108,437.0851135253906,91173100,-0.013874627395371979,0.007946756819781528,0.012903600038203199,0.013887503753497479
2022-01-14,433.9425333832712,437.6121125646515,432.7287395605385,437.26397705078125,95890900,0.000409135275174348,0.009455092506629022,0.014758817565429247,0.013869067599585035
2022-01-18,432.5781900809837,432.7851934565631,428.4099248561453,429.52020263671875,109709100,-0.01786830130961799,0.008744828335321014,0.014084342193275746,0.014004995611331268
2022-01-19,431.06331069209193,432.45585270815616,424.78736709556773,425.06024169921875,109357600,-0.010437873834867118,0.00931970901443746,0.013986909823942994,0.013839103597102031
2022-01-20,426.94202425230395,431.6372011815895,418.2385229314581,420.3555908203125,122379700,-0.011129906168021219,0.00926065096629485,0.01569764929139983,0.01444372470218128
2022-01-21,419.2358518525332,421.58814926561837,412.0754723100945,412.10369873046875,202271200,-0.019825984258974822,0.0140107135913411,0.014095786165219138,0.013828422567153593
2022-01-24,406.50524550753806,414.3619251147175,395.901098425589,413.85382080078125,251783900,0.004237807994074223,0.0158089454095202,0.014185604864313032,0.013968995546461305
2022-01-25,407.47438716618876,413.7409112645625,401.9135523304981,408.80108642578125,167997300,-0.012284125137953886,0.012743602845924913,0.013403457271908814,0.014257249626485053
2022-01-26,414.68182421507754,417.80568219701877,403.5225099061903,407.7754821777344,186391100,-0.0025119623236159933,0.011226608771150871,0.013604853166631741,0.014716101583650174
2022-01-27,412.36723366568094,415.50048178403745,404.07773829561154,405.761962890625,149878300,-0.0049500447969365036,0.01857441776968018,0.015259263590790025,0.015495723277997121
2022-01-28,407.1168346707988,415.88620682845203,402.54398201671927,415.83917236328125,164457400,0.024531891251642148,0.015805515803070467,0.015121639907879781,0.014456599414949811
2022-01-31,415.17104738454265,423.6769623039199,413.825540245353,423.3288269042969,152251400,0.017850665005542186,0.013508489791870788,0.013707890699680758,0.014128093835905475
2022-02-01,424.05345661872343,426.8291797344353,420.5344280122152,426.1893615722656,123155400,0.006734512616852004,0.013736179011268484,0.014676368237002423,0.014734263070816342
2022-02-02,428.58860927324656,431.0538124863708,426.2833462117449,430.3293151855469,117361000,0.009667006606654989,0.014801418481145698,0.014193160418360898,0.014502306825932813
2022-02-03,424.3074813838875,426.20812763649417,419.37704575360794,420.2144775390625,118024400,-0.02378552310156682,0.012568773976418507,0.013838205870145321,0.013688950959986571
2022-02-04,419.97926396514714,426.0293671450485,417.6081293545503,422.1904296875,118454400,0.004691225692812556,0.015372031370943088,0.013674092023466283,0.014973876056066844
2022-02-07,422.95254768054906,424.3450895509773,419.50878037886775,420.8354797363281,84472900,-0.0032144946027098586,0.015371573562661344,0.013878475501824005,0.015003663629585662
2022-02-08,420.33677354523064,425.2201456654425,418.91597660458353,424.29803466796875,81012000,0.00819414742586237,0.017174165045101095,0.013776085089494666,0.016261839021029168
2022-02-09,428.325239275932,430.82808779311625,428.12765428405766,430.5081787109375,92589900,0.014530201596612193,0.014799378242079138,0.013845949482734833,0.015750651511561364
2022-02-10,424.6744807309833,430.66813161634667,420.77909006037453,422.7738342285156,140103700,-0.018128956650150962,0.015634479362906423,0.015780135277719536,0.015536020526083882
2022-02-11,422.858431768966,424.9284364407401,413.00700821201644,414.43719482421875,153214600,-0.019915922436867135,0.013562720808939378,0.014573421895804994,0.01507860473729643
2022-02-14,413.9291560964369,415.50989334254666,409.61973040303707,413.0823059082031,123006300,-0.0032745817482475407,0.014030019316234495,0.015277500477477909,0.01603944030742513
2022-02-15,417.51407522523783,419.91340763201026,416.99655245102997,419.7440490722656,88482700,0.01599825752355627,0.009040562416409466,0.015584011915946201,0.016429980095927593
2022-02-16,417.70221089727113,421.588211390658,415.82979106919817,420.2144775390625,84863600,0.0011201231991322062,0.014302049833942539,0.015574082341450428,0.016706085743617326
2022-02-17,417.0341632264874,420.186247943638,410.63592485416507,411.23809814453125,102259100,-0.021592880763046617,0.017159938581431108,0.014265534736749491,0.016129225609273337
2022-02-18,411.4920821949047,412.7435205102697,406.30763817495443,408.57525634765625,132642900,-0.006496237581027258,0.016857026105734196,0.016921765037947636,0.01603683628977748
2022-02-22,406.37352124987865,409.77022506154026,400.6997521061171,404.1905822753906,124391800,-0.01078961836473516,0.01775991018794221,0.01679833850738477,0.015929760207739837
2022-02-23,407.0980794779474,407.6626367061376,396.45628627766916,397.0208435058594,132578000,-0.0178977231904073,0.015801964717566477,0.018263562998016514,0.015633705551445432
2022-02-24,386.7364966376221,403.4284183428238,386.378971556724,402.9955749511719,213942900,0.014936799773722937,0.015943308739075797,0.017674708410134396,0.015634755508044204
2022-02-25,404.22823397331,411.97200837339045,402.58162557598797,411.8873291015625,121804500,0.021824257278137398,0.012579161855510586,0.016101818598885903,0.014988452885892335
2022-02-28,406.5052626502716,412.3107459178309,405.25385292778066,410.83349609375,145615000,-0.002561825474435225,0.01754718926717019,0.01612114344156611,0.014994842334184645
2022-03-01,409.3374644946176,411.3416268267393,401.8759540045587,404.576416015625,137785900,-0.015347380015508305,0.017076285144632157,0.01757619502734262,0.014548404406285046
2022-03-02,406.825151607102,413.74091213892484,406.0724278778105,412.01904296875,117726500,0.018228935674766838,0.02017041399336729,0.01805620593581002,0.014287141514396438
2022-03-03,414.44671092760717,415.04888432726085,408.17076677861536,409.9679260253906,105501700,-0.004990641647389858,0.020170645931138754,0.018413992230664238,0.01476230254048826
2022-03-04,406.2418557535522,407.7661402300269,402.60050312317946,406.6370544433594,113978200,-0.008157897966573884,0.020470932596620507,0.018320911004888564,0.014569511851873076
2022-03-07,406.05359214668294,406.7592814126414,394.5837869801388,394.649658203125,137896600,-0.029922599387268396,0.015725868928067637,0.014346806453769541,0.012448535074956997
2022-03-08,394.82845492231417,401.9700272063481,390.5943191141427,391.6575622558594,164772700,-0.007610537742298418,0.018029483801030952,0.013574648290690355,0.012756510896661804
2022-03-09,400.0222969242245,404.13410814898197,397.83935806469975,402.1581726074219,116990800,0.02645758309406455,0.01673166282052859,0.01334570478098934,0.011987879034407239
2022-03-10,397.5571741386675,401.23617169428314,395.6000748169369,400.3423156738281,93972700,-0.004525505116075463,0.016334892245586582,0.013373380448609905,0.011889743126015203
2022-03-11,402.8262482347944,403.43783985789673,394.7437572588801,395.2518615722656,95636300,-0.01279678437502908,0.011926618854717743,0.011669457451172819,0.011395238614510512
2022-03-14,396.02350128864606,399.46724033893065,391.2248075600843,392.3633117675781,95729200,-0.007334959643176489,0.009181935344802862,0.010416588160108726,0.012077752513247917
2022-03-15,394.9695806826798,401.62188528128036,393.69936293232934,400.9914855957031,106219100,0.021751967857158043,0.007889531987312856,0.009546489807881062,0.011294920345959901
2022-03-16,404.49170046381727,409.939601038674,399.7023972745846,409.8831481933594,144954800,0.02193192051771258,0.010982471439607545,0.009216730501244818,0.010512885117077665
2022-03-17,407.9731446506093,415.01123046875,407.5967827207491,415.01123046875,102676900,0.012433466564589234,0.01149458085212425,0.010945900995639418,0.010569498930332911
2022-03-18,413.40280107875645,419.87754345248976,412.666605461863,419.556640625,106345500,0.010892954926234094,0.011007898787345911,0.010563864757503283,0.010244429325061425
2022-03-21,419.3868116069883,421.3877523283893,415.93234592986585,419.43402099609375,88349800,-0.00029230272847702895,0.010841909750101322,0.010730102296390695,0.01090939907065957
2022-03-22,420.8214384644653,425.27637447242336,420.8214384644653,424.34197998046875,74650400,0.011633453264933487,0.010944834483991365,0.011241323316432059,0.010564711290373514
2022-03-23,421.8125003060186,423.303758234989,418.79219389310117,418.87713623046875,79426100,-0.012962040729718105,0.0082046761691714,0.010891236714847851,0.010704430441167676
2022-03-24,420.89711759543286,425.20103699747506,419.7833903825769,425.19158935546875,64736900,0.014962219860762923,0.011211482513470334,0.009838901895255697,0.011653156185350044
2022-03-25,425.823897280711,427.5416971867033,423.2471974217225,427.2679748535156,77101300,0.00487152632589764,0.011048926003113519,0.009679291266642475,0.011686352294498404
2022-03-28,426.67326991890525,430.30706787109375,424.7855856636152,430.30706787109375,68529800,0.0070876730049013225,0.011293025239618006,0.010411813940869027,0.012858622007266993
2022-03-29,434.18626321308204,436.12115693733773,431.5057549157547,435.6303405761719,86581500,0.012294975852352657,0.01018565796852854,0.008808739997732745,0.01236947107201434
2022-03-30,434.48834654789084,435.3000658769964,430.8356815763662,432.9404602050781,79666900,-0.006193827764195619,0.01047718699406112,0.0102230517729122,0.014061105695646784
2022-03-31,432.1759304126346,432.997068540125,425.8238618663555,426.27691650390625,121699900,-0.015511039420453763,0.009493183572394585,0.00986837680592016,0.01581977688942441
2022-04-01,427.8530993439852,427.99466991123313,423.91729355560483,427.4850158691406,89048800,0.0028300633367619055,0.00921318093642602,0.009735221950961718,0.01591371169105136
2022-04-04,427.6831192515497,431.2508407691633,426.86198134092166,431.1470031738281,59601000,0.008529869436238551,0.008784752746016195,0.010961000947793323,0.01576799670636382
2022-04-05,429.6557500304338,432.1191637881486,424.55900906665335,425.7010498046875,74214500,-0.012711767702280255,0.00836993040289564,0.010372844649824537,0.017421673995630587
2022-04-06,421.7936733149173,423.7190907497015,418.5657201739074,421.4444274902344,106898000,-0.010049414774120176,0.010755382858720007,0.010942735903690826,0.018933114878991804
2022-04-07,420.5666126114327,425.3802132507673,418.62230012164184,423.5680236816406,78097200,0.005026199694700705,0.010978840544707913,0.013303970400867032,0.018822612862227285
2022-04-08,422.8129864370016,425.32361011547357,420.89698794603316,422.4354553222656,79272700,-0.002677457159638517,0.011223147815575242,0.013743626414977653,0.019839620764911584
2022-04-11,419.1697603481383,420.00979376147524,414.7148526591951,415.215087890625,89770500,-0.01723999661723541,0.011514201170046204,0.015441488827530131,0.01973004878155026
2022-04-12,418.19758861647455,420.71765996000386,412.12869019333453,413.6766052246094,84363600,-0.0037121482709756228,0.011197829333135137,0.015664535843856544,0.019883200574252705
2022-04-13,413.4311571589825,419.16970449840653,413.25182485427155,418.4146423339844,74070400,0.011388386385777804,0.012377104152170788,0.01768827328692246,0.019518899938355327
2022-04-14,418.64113099890267,419.7548865120772,413.1007827575576,413.2046203613281,97869500,-0.012529989072926863,0.01666004242642325,0.02064208102042384,0.020540365894247046
2022-04-18,412.2797123367979,415.05461073103595,411.1470901663332,413.37457275390625,66002500,0.0004112186621404989,0.017292678005536403,0.020911092803695006,0.020510703622796656
2022-04-19,413.27073740895713,420.76484688177004,413.1008527235854,420.04754638671875,77821000,0.016013772807090383,0.015768239958495696,0.01989059491380974,0.02076134163057767
2022-04-20,421.82193478222695,422.4354264021452,418.57511557097627,419.73602294921875,65224400,-0.0007419136624351667,0.016544145624283732,0.0230334089604727,0.022304783125425862
2022-04-21,423.3510108398269,424.73846009934624,412.55345319655066,413.45953369140625,85417300,-0.015066350114157427,0.023394797751791138,0.02508116191912549,0.022209789577273736
2022-04-22,412.3740611145033,413.47834025677906,401.5481909244776,402.114501953125,132471800,-0.02782276798458874,0.026079962285189967,0.02386150663042034,0.021631711458921343
2022-04-25,399.87763849644267,404.61571598232445,395.31886452951045,404.4458312988281,119647700,0.00578093353263528,0.026106512929800228,0.025240766175961025,0.022132038496392115
2022-04-26,401.9162927984164,402.1145203899857,392.70441293823944,392.73272705078125,103996300,-0.02938851565715978,0.02294002319907217,0.024130582259424486,0.021330140714907353
2022-04-27,393.80869150273776,399.169736833569,391.70394193167726,393.8370056152344,122030000,0.002807835705082998,0.026654387592723296,0.02425920162891769,0.02145382235925902
2022-04-28,398.5751272035263,405.51237307337215,394.1485050200903,403.7851257324219,105449100,0.024945737098594892,0.02942409103847967,0.021840428183120236,0.021135708770197575
2022-04-29,399.8021034252902,401.9540624319965,388.11733269096055,388.86297607421875,145491100,-0.037655834501567086,0.023988965428567852,0.021391947763053094,0.020262365736870926
2022-05-02,388.92904179526005,392.56283983474725,382.2749373532382,391.2037048339844,158312500,0.0060013735811353065,0.02739966139145196,0.021181865341675498,0.020259828029156376
2022-05-03,391.7039196895496,395.40376459664327,390.1465571793375,392.9969787597656,100028200,0.004573515655188629,0.027156786076495687,0.022406278392500097,0.02030164711016411
2022-05-04,393.65769528593023,405.53124638806986,390.4769516548114,404.9649353027344,144247900,0.029998559653369505,0.01660186583573558,0.022428168075365938,0.019550779897528694
2022-05-05,400.7081751004019,401.1329155913623,386.4467339742489,390.5713195800781,172929100,-0.03618989468648176,0.014052641434735967,0.02030313300610903,0.01815345630202811
2022-05-06,388.0135688560758,391.50576802589364,382.9451403977338,388.2400817871094,151770800,-0.005986673414263276,0.021023705584354156,0.020407202582719504,0.018119342041638023
2022-05-09,382.3505124543199,383.5869435337957,374.23346310540126,375.8096923828125,155586100,-0.03254103777872046,0.014430642866237896,0.019223284845231444,0.016506687224245784
2022-05-10,381.7747206128694,383.2754262479383,372.6477827083813,376.677978515625,132497200,0.002307776065321552,0.016899100788445188,0.019330439142753113,0.01676387049017184
2022-05-11,375.71521640762944,381.34995466803645,369.9483264327751,370.6939697265625,142361000,-0.016013811280799085,0.02589617386516795,0.018819152699045123,0.017295158791502334
2022-05-12,367.5038249274551,373.5727232304534,363.5208097766853,370.3070373535156,125090800,-0.0010443505596288032,0.026025328645259565,0.019679875530943376,0.018595231831081988
2022-05-13,374.43161982347493,380.53827982576547,373.3933876739787,379.1602783203125,104174400,0.023626521424746,0.022222450635429134,0.01975274085556479,0.01956794589955622
2022-05-16,377.5180173546355,381.2839385536254,375.27166828724563,377.621826171875,78622400,-0.004065778666260548,0.024882438981037938,0.019823581585986665,0.019567589223036815
2022-05-17,383.70016285890136,385.62560898408395,379.9719747013643,385.3896484375,83029700,0.020361661387148712,0.021647270609585757,0.019110649345156504,0.019217201720998455
2022-05-18,380.840309909265,381.12345103452697,368.61754246873323,369.8539733886719,117674500,-0.04114663513011953,0.010939035800262132,0.013133367029197075,0.018508894515981453
2022-05-19,366.79595164216687,372.005979027499,365.3707407010665,367.5887756347656,98510700,-0.0061434053862982965,0.011758693882321406,0.01456386013138145,0.0185353508904653
2022-05-20,371.16591037827914,374.7336324078952,359.1696852051724,367.74920654296875,131432200,0.00043634604668032887,0.012723966778822315,0.014490909618296412,0.019544663680054475
2022-05-23,370.7694520093487,375.39430099984236,368.45705631787473,374.6297912597656,76414900,0.018537113157011065,0.014444860486387807,0.013859488337679499,0.018957162121729397
2022-05-24,370.51472368444104,372.9592717368289,365.22920114781124,371.7700500488281,91448800,-0.007662796924525753,0.01456942523369967,0.014215657327446266,0.0191168791424179
2022-05-25,370.278726265349,377.01777330975807,369.8823286767236,375.0545654296875,91472900,0.008796005084968595,0.015410104650524031,0.016652561041777526,0.020395018336750875
2022-05-26,376.2816083941698,384.1815635422074,376.07396194375553,382.5487060546875,82168300,0.019784458053048994,0.017906762503370425,0.017727190919352015,0.019821550665813426
2022-05-27,385.0026351628093,392.0531368146943,384.80443638650837,391.93988037109375,84768700,0.0242524803776376,0.013439327116319687,0.017797210888209576,0.019238697285689867
2022-05-31,390.3259612932842,393.07254576990726,387.0036468547426,389.74078369140625,95937000,-0.005626600688714415,0.014025143572033657,0.017890538125880436,0.01924915644832985
2022-06-01,391.8549424707136,392.86483164009155,384.0776638781302,386.5882873535156,86585800,-0.008121591175025335,0.0145464710281954,0.019459863590748708,0.01924957321455405
2022-06-02,386.4278338799512,393.9974369297573,384.1814851394755,393.95025634765625,79609600,0.018864378638009292,0.013869416655904679,0.018557434195762307,0.01881586252456621
2022-06-03,389.2405486758481,390.7884638335638,386.5128594774759,387.4850158691406,71874300,-0.016547469081683263,0.016789635437016604,0.019090477112392007,0.018635705007400326
2022-06-06,391.48687393580764,393.21409252066996,387.49441098526677,388.664794921875,57508900,0.0030400830998559172,0.018724059413683585,0.02192244427739931,0.018641874143264875
2022-06-07,385.1819150847723,392.8459072997686,384.71941293126656,392.3928527832031,59272400,0.009546250994440546,0.014304101824775744,0.021140200800759113,0.01887248673500077
2022-06-08,390.6845741806073,392.4684496696644,387.333946070098,388.12677001953125,64350000,-0.010931500301105334,0.021439804332978128,0.022036905255222065,0.018787153808959532
2022-06-09,386.3523744576506,388.61759004588066,378.8960266113281,378.8960266113281,86289800,-0.024070181786617722,0.02270905038089745,0.02437575790140386,0.01823304105224895
2022-06-10,372.70440234363315,373.55385453962793,367.86248738155257,367.90966796875,132893900,-0.02942439076688614,0.023169040404324097,0.022498942712978715,0.017152087306391974
2022-06-13,358.5184359528124,360.3683584476511,352.3362527688543,353.9407958984375,170004900,-0.03870778463832209,0.02214114023903619,0.01956969572844753,0.014737418780842074
2022-06-14,355.6869276147928,356.7157121238985,349.7784664118968,352.874267578125,104011800,-0.0030178449352993115,0.02209440026204258,0.019520187473595452,0.014730167809546372
2022-06-15,356.1682732930812,362.34100925128496,351.2225494582893,357.90496826171875,125666800,0.014155688392216339,0.021526621496276686,0.019268615617847883,0.014994797397336314
2022-06-16,349.70306113987675,350.10890646395734,343.63413254239947,346.059814453125,134473300,-0.03365586512053956,0.014343059899958483,0.015390478158510352,0.012825970523446409
2022-06-17,346.4739460122469,350.1423885814665,343.30789944734585,346.8056945800781,111113900,0.0021530308706628333,0.015686262751119125,0.015394898530023451,0.013937784050948128
2022-06-21,352.52169557516805,356.9200257502837,352.44584583713896,355.53607177734375,76811900,0.024862046694551488,0.019204740186104574,0.013602233478066937,0.013028492914635951
2022-06-22,351.31792647230407,358.99608033931366,350.9008395709114,354.8916015625,90059400,-0.001814316687861927,0.01914781812609556,0.014075582711761094,0.013091104485486437
2022-06-23,357.0243625508475,359.1002793406204,353.46966494173824,358.3703918457031,79292100,0.009754670514510764,0.01927918365414951,0.013977613511485184,0.013278673727037602
2022-06-24,361.53641078181903,369.7738317116263,361.5079743602973,369.76434326171875,98050300,0.03129882697084998,0.011331967465312552,0.010352255358188732,0.011377028005134652
2022-06-27,370.68380190795756,370.9776545538821,367.2618273862305,368.3519287109375,66009600,-0.0038270834239295063,0.011709276282234879,0.010598874086573637,0.011685180684243134
2022-06-28,369.9065216331798,372.68391795995,360.7116937770823,360.825439453125,86548900,-0.020644515032512915,0.006774250728760837,0.008504537731027356,0.01190065681146358
2022-06-29,361.37524766838453,362.3610628098229,358.71159702593604,360.5315856933594,65676000,-0.0008147249303086978,0.008832120436016716,0.008526966969845704,0.012068831607572461
2022-06-30,356.64510092174794,360.8349164010324,353.1567653026987,357.6025085449219,112508300,-0.008157511013249302,0.0065081111535351885,0.010040842853941525,0.012001446268331014
2022-07-01,356.9484798436387,361.82079880218214,354.33221338787916,361.3847351074219,74839700,0.010521080825024733,0.009439334306119818,0.010043305706620815,0.012018566047670955
2022-07-05,356.30389388763615,362.0862071237408,353.4790840960441,362.0672302246094,81438000,0.0018867743882432894,0.010515489908882753,0.013099831060840162,0.012235766037466525
2022-07-06,362.2093972721212,365.7735827766986,359.83013971421116,363.2900390625,70426200,0.0033716074768864886,0.01041034193292633,0.013151557925467012,0.012537963510812135
2022-07-07,365.06266665246835,369.52735833895935,363.3090102076316,368.7311096191406,64525900,0.014866157278781423,0.004424588019667596,0.01275461543182556,0.012302811660306577
2022-07-08,367.10068528955685,370.29519752923926,365.5745491503481,368.42779541015625,72397800,-0.0008229276592395443,0.01210434591784945,0.013272355226306782,0.012319049334205637
2022-07-11,365.7546798643806,366.72154716840924,363.52706364959664,364.21905517578125,58366900,-0.011489263969857654,0.011537578492989892,0.012459304267880373,0.01188442771598018
2022-07-12,363.6691408840922,366.04842697713934,359.25183460160264,360.9960021972656,62219200,-0.008888602535483387,0.015780753442506252,0.012807850527575864,0.011661297605089138
2022-07-13,355.56459025701633,362.029407826538,355.1475033861952,359.1003112792969,84224600,-0.0052651159623049075,0.01452777696246952,0.014334071056941209,0.012037917117667905
2022-07-14,354.15207948496095,359.30876226262916,351.71594911911046,358.2281494140625,89704800,-0.0024316957789729267,0.013250215895365723,0.014168483110248249,0.011969319111997822
2022-07-15,362.6265563284071,365.1859502897795,360.72125799807424,365.07220458984375,79060400,0.018925082528149194,0.014824410606182952,0.013824450574210079,0.011849982626910964
2022-07-18,368.1528836213448,368.825898190188,360.8349458407432,362.0577697753906,63203600,-0.008291370704302374,0.01319687315786604,0.013272531087655094,0.011425250672394402
2022-07-19,365.97267860433266,372.40905889172745,365.31864088700104,371.8403015136719,78506000,0.026660680984218883,0.0096246398039689,0.011980937262662614,0.010333609696431514
2022-07-20,372.02984989964705,375.62247177061846,370.66484393622255,374.2100524902344,71843800,0.006352812336998198,0.015330987407556155,0.012525641733797586,0.010645006786239848
2022-07-21,373.6318507302927,378.068105826219,371.2336162126565,378.0207214355469,64903900,0.010131735300114731,0.015629104306126636,0.012486898826494564,0.01054391786930023
2022-07-22,378.1440056178114,379.3383643459128,372.29533041038957,374.5134582519531,72197300,-0.009321273830765081,0.014267489854615546,0.011812024649149317,0.010851175478705559
2022-07-25,375.1390328241593,375.8215358224329,372.7313098957775,374.9684143066406,53631500,0.0012140550084699018,0.01490049716308913,0.011909993031120874,0.012142010336804385
2022-07-26,373.3284791799176,373.5370225526236,369.6410886834943,370.5321350097656,52946400,-0.011901618763006367,0.013276014620107478,0.010935411661932948,0.011741034711463762
2022-07-27,373.82144153900765,381.8977324950311,373.5275888700464,380.153564453125,82342100,0.025635112924705057,0.01051801163594807,0.009990502038644785,0.010430205845210011
2022-07-28,380.9593347805678,385.6135934950256,377.4140966164,384.921630859375,73966600,0.012464469288927523,0.010319308741991001,0.009675216476115427,0.010521203921610644
2022-07-29,386.35290637404563,391.5190777399874,385.5850941133151,390.5332336425781,87003700,0.014473313659208276,0.008584668739449491,0.009992701384277772,0.012812757405051469
2022-08-01,387.8411455020427,391.8792906615118,387.13020608259814,389.37677001953125,69997500,-0.0029656356892653903,0.008427662322000177,0.009722852065003852,0.012871257719492253
2022-08-02,387.8127450392465,391.4906766053588,385.63254218875403,386.8079528808594,63435400,-0.006619111254736084,0.007890398663035694,0.0090033775080776,0.013009981677920529
2022-08-03,388.93125481134643,394.0310649800449,388.6468906090099,392.8651428222656,67820600,0.015538080872356317,0.010214110263256677,0.008954828108868761,0.012459104218147957
2022-08-04,392.7893590044414,393.4718621327927,390.9598814965707,392.59979248046875,45656600,-0.000675651680845733,0.010163361632067503,0.008867085184094048,0.012515516665548052
2022-08-05,388.3246175842232,392.5807659148732,388.26774474140564,391.9361877441406,56814900,-0.0016917130923733146,0.011409253574497707,0.010279131333877953,0.012654606272666189
2022-08-08,393.62347746477167,395.87004150956847,390.3815808280443,391.4811706542969,53886100,-0.0011616212894216887,0.01075013592766747,0.01262873329631684,0.01265210017114621
2022-08-09,390.75132095945645,391.2537170647009,388.8554822335221,389.9266357421875,44931800,-0.003978810936352579,0.009403300065867686,0.01258255415514198,0.013454504420326694
2022-08-10,396.96969430070163,398.25887975700465,395.0169826060676,398.1166687011719,68665700,0.020786491821621685,0.008714728221885912,0.010438289343343985,0.01254834477092415
2022-08-11,400.96042696654627,402.81836986156515,397.37729270930276,398.1166687011719,59489700,0.0,0.008547808466578958,0.011547043650966711,0.013161419763661353
2022-08-12,400.0503656332881,404.9605804756404,399.10244636975136,404.8563232421875,61694500,0.01678714697035606,0.007675500782257321,0.01425905473860522,0.012777651613142312
2022-08-15,402.64773218017746,407.04609228987914,402.5908593277422,406.52471923828125,54048300,0.004112490334748116,0.010215585711173987,0.013875977372389612,0.015822430072776155
2022-08-16,405.45355110579476,409.24522847882577,404.64781387838514,407.3209533691406,59289000,0.0019567208174916125,0.009369055956338116,0.013621818770925432,0.01586666263229362
2022-08-17,403.7283280008868,407.1313549468698,402.42968313864895,404.4297790527344,63563400,-0.007123335837541523,0.010716960932645446,0.013620744564748452,0.015936353633285695
2022-08-18,404.628809463559,406.28766820146114,403.33965312992564,405.6051940917969,49023200,0.002902136087985158,0.013785721940877448,0.013640832435987302,0.015853779854766464
2022-08-19,402.84675039895933,403.11216664311075,399.28256461046794,400.1546630859375,68016900,-0.01352912805122784,0.019430076258392662,0.013531325146366858,0.015964177474865303
2022-08-22,395.3297327861423,395.5003802457015,390.9219138235221,391.82244873046875,77695600,-0.02104232981850923,0.018057561258088644,0.012663197624004212,0.015564963544460991
2022-08-23,391.3959168557966,393.78469227238185,390.3247632987665,390.87457275390625,49105200,-0.002422077544525485,0.018130585341588856,0.014684950236033372,0.015878157371871423
2022-08-24,390.64698231789686,393.49074002484474,389.9645082393007,392.1257629394531,49177800,0.0031958894356790258,0.017235941140223286,0.014891603887060916,0.015804897695982614
2022-08-25,393.6139873082117,397.70900548583626,392.5238859364247,397.66162109375,50942300,0.014018833241368578,0.013953403150326425,0.015077158552307486,0.015372752101806332
2022-08-26,397.5479234905298,398.0882155528186,384.1443295439162,384.2012023925781,103087000,-0.03443506547377684,0.005733857655475984,0.010815973027691472,0.013925259321614309
2022-08-29,381.2531682301508,384.70357956798847,380.30524889484775,381.6607666015625,65370800,-0.006634211415349737,0.005864647630457687,0.01809568185311762,0.013931892677955351
2022-08-30,382.81719520790887,383.0541750206006,375.3760233037477,377.4709167480469,85652400,-0.011038644520696198,0.011309577472672729,0.017915933045563454,0.014867229846209792
2022-08-31,379.1012790591029,380.3430507669573,374.465969698621,374.5986633300781,76029700,-0.007638302249831243,0.010744534639054008,0.018112434162647125,0.015366302319362743
2022-09-01,372.4280160542996,376.1154069737023,369.7264403478649,375.774169921875,78740100,0.003133129296047635,0.012198457296524355,0.018141161512947444,0.015474065044372166
2022-09-02,379.43310730382876,380.6464427581479,370.00129941700374,371.81182861328125,99632100,-0.010600461807052337,0.008522423323777216,0.018142706775052017,0.01688360425947213
2022-09-06,372.6554995418325,373.5939303427136,368.19080797230174,370.408935546875,76637400,-0.0037802627056660954,0.025887561429525568,0.018460387173791216,0.018484552777493418
2022-09-07,370.0961415467539,377.83116684452074,369.87813861226584,377.0633544921875,70964200,0.017805595852562934,0.02435351465406216,0.017768574907225148,0.0179197891211124
2022-09-08,374.79781566335777,379.98290632149366,373.59393967123003,379.5279235839844,80821700,0.006514951680015825,0.02417854525286315,0.01732942112954488,0.01787207752514088
2022-09-09,381.7649972904449,386.28659071940456,381.4995810521483,385.4239807128906,76706900,0.015415802902999997,0.02129160923204914,0.015762268128500817,0.018132062570839328
2022-09-12,387.49046061347366,390.2868341942052,387.1871194866291,389.56640625,69256300,0.010690364829720416,0.020608253653751886,0.014074343171286963,0.01772976557156431
2022-09-13,380.90229841953163,382.1061741248203,371.50844610844,372.6269836425781,122947100,-0.0444564663803268,0.008994733828107454,0.00825262277100415,0.015308507468663309
2022-09-14,373.9257160615463,375.5656268148488,370.7501807174359,374.0489501953125,85023700,0.0038087963126273517,0.009535606905054441,0.01148509721403052,0.015187269778658728
2022-09-15,372.4943947202488,375.3381528851013,368.53209861998994,369.80230712890625,87633800,-0.011418113935835037,0.009367860402022088,0.012378233169079189,0.01658285590351984
2022-09-16,365.6295510878898,367.6378630769438,363.69734233012485,366.9811096191406,103084800,-0.007658183487038116,0.010273629336579049,0.012685470529567673,0.017158206657504907
2022-09-19,363.84011191988435,369.8269958496094,363.7639505998914,369.8269958496094,73278500,0.007724943201973379,0.0041401626935191295,0.01603610058744114,0.018201931006346234
2022-09-20,366.5051996914192,367.5141193905518,362.83121456949,365.5819396972656,77274900,-0.011544878222063754,0.006270366761639605,0.019506091460873714,0.01836007301700112
2022-09-21,367.50452437829694,370.55033777024784,359.1952150060502,359.2047424316406,106746600,-0.017597900180738257,0.013913982790001432,0.018696025687372685,0.018029420021463342
2022-09-22,358.4337649769324,360.0708846733697,355.44508694272207,356.1875,89472600,-0.008435261506362684,0.015998002555212096,0.01880175651804603,0.01802910863740051
2022-09-23,352.7228790149844,352.76095967141856,345.7841825636604,350.2196350097656,122346900,-0.01689679132616689,0.015788087318066416,0.020213296158152785,0.018468651669635367
2022-09-26,348.753848761664,352.37072699861113,345.53671576875286,346.7550354003906,92581200,-0.009941905476908803,0.020891685883474433,0.020119136280606263,0.01844995240037118
2022-09-27,350.2863328489352,352.5516532322038,343.4808733177717,345.86993408203125,108294100,-0.0025557894651568186,0.024333849329655852,0.020183627827384268,0.018670329642243674
2022-09-28,346.8217084645166,354.3600529595543,345.127482081543,352.67535400390625,110802200,0.019485165401152693,0.023678261117766847,0.01878066823491351,0.018381544163662698
2022-09-29,349.1346285560483,349.42016092257757,342.36725004597866,345.308349609375,112952300,-0.021110171884966795,0.021248790804540462,0.0198533740702829,0.017684726351975842
2022-09-30,344.3660311283521,348.27799879138144,339.83541969328155,339.9686584472656,153711200,-0.015584352519351497,0.02487473678046257,0.020665049290466697,0.017762698765186224
2022-10-03,343.6807182327434,350.7907644280534,341.90083208876825,348.9442443847656,89756500,0.026058718906064367,0.021432865295566914,0.020570277225027144,0.017163611614629426
2022-10-04,354.4551993806732,359.7853586515844,348.90614168269303,359.7568054199219,103602800,0.030516111439756435,0.010089851257379413,0.018196833875951165,0.0159044380598417
2022-10-05,355.3974682809226,361.1749510870313,353.07504224847634,358.9191589355469,88065700,-0.002331083562637306,0.009888214247169678,0.01827420585046763,0.016951405589284298
2022-10-06,357.52010776378955,360.4707348086878,354.7217743328191,355.21673583984375,82333500,-0.010369052432716927,0.019444567271050917,0.018188847807332265,0.0169508147440846
2022-10-07,351.19054873616767,355.3023890964065,343.5474892236813,345.308349609375,107789500,-0.028290341831114927,0.017881058986808678,0.017323064485759286,0.015890335288539937
2022-10-10,346.42189898919605,346.659852271921,340.43501530969775,342.6717529296875,76042800,-0.007664784426307857,0.021418195608308575,0.01708445683242516,0.01581406373780419
2022-10-11,340.9774934330555,345.5366860181765,338.5694076088321,340.5015869140625,92482800,-0.006353214297591604,0.020802714576412293,0.016871143334009134,0.0156778273315133
2022-10-12,340.91088255478394,342.4813682302242,339.1309678057882,339.3784484863281,76991800,-0.003303934197016321,0.021352648737886212,0.017219345800357763,0.01653084017134914
2022-10-13,332.38259688988734,349.8007915522085,331.3355968205085,348.3349914550781,147254500,0.02604878395533533,0.018925022167451896,0.016170080566315418,0.019474410461634756
2022-10-14,350.7907254903841,352.4183468938871,339.7592145462475,340.3969421386719,123737000,-0.023052222360107743,0.01630626299482294,0.014173382329885329,0.018448836234344155
2022-10-17,346.46954168027236,350.24824134925336,340.06382821256403,349.1441345214844,93168200,0.025372416325085984,0.013905292370523115,0.013577943186710507,0.018072406642649332
2022-10-18,357.0536821558411,357.35826934412756,349.81036876588746,353.2464294433594,97162900,0.011681083938101697,0.01441093895405209,0.013669650190991403,0.01801241362113569
2022-10-19,351.2095126771094,353.9317132956456,347.9352732315164,350.7431335449219,79746900,-0.007111771483174469,0.014524574479641329,0.01623920269728007,0.018029849052935074
2022-10-20,350.2958396474553,354.71226720130164,347.04062545500517,347.8020935058594,88283100,-0.008420521114638129,0.013743547297101961,0.01638382515106703,0.0178821903556043
2022-10-21,347.5260408349085,356.7395859020458,346.02218871676973,356.2541809082031,131038400,0.0240108462138122,0.013597612491742043,0.015142597678993105,0.017242304226269742
2022-10-24,357.77704931693273,361.7460937798273,355.1309809456278,360.6134338378906,85436900,0.012162096804780939,0.014735732240587267,0.014939135993242755,0.01715369890981658
2022-10-25,360.5373287022716,366.6860338162217,360.4231157662592,366.3719482421875,78846300,0.01584250519324171,0.013325125794569575,0.014069599164608875,0.017057467799734907
2022-10-26,363.230974837986,368.90377378445976,362.9739957124518,363.6116943359375,104087300,-0.0075625449684840786,0.01752044368075021,0.015347779569630012,0.016933334250754162
2022-10-27,364.61114368478263,366.4481364625134,361.0513420357324,361.6700439453125,81971800,-0.005354209065720586,0.017773385928757313,0.02322007864759501,0.016845106287223122
2022-10-28,361.5652384352448,370.7502290607999,361.3843916220893,370.2743225097656,100302000,0.02351182775609438,0.014229031803519136,0.022307672837850852,0.016615221457192852
2022-10-31,367.81868945232327,369.68423516133385,366.69555686556424,367.5997619628906,96631300,-0.007249400179083908,0.015920080658985442,0.022373574677308068,0.01651858451204825
2022-11-01,371.34039469961164,371.5783479860967,364.8204688405162,365.9911804199219,85407600,-0.004385507039803699,0.016342297694001726,0.022317797719574674,0.017744821542889904
2022-11-02,365.4010542504777,369.9031408055681,356.70149735976,356.8061828613281,126990400,-0.02541650669476037,0.014692711923641135,0.020377329501962704,0.01648353907457999
2022-11-03,353.5700586148132,356.1685191668986,351.01920615203176,353.1322326660156,87100100,-0.010350145625918742,0.026708973314208156,0.01987796928357072,0.016183058839783614
2022-11-04,358.8335775577456,360.61346359996287,352.170885136249,358.21490478515625,103505200,0.014290515416063746,0.0267066685136853,0.019668165915975012,0.016777599573213862
2022-11-07,359.5093069084671,362.2315073959389,357.4343613850076,361.6413879394531,68286900,0.009519980772307778,0.028211098359103043,0.019779406272164277,0.017142755532203634
2022-11-08,362.74552365571884,366.5623039769019,359.5188919325988,363.5926513671875,84641100,0.005381071572385234,0.028177872055550116,0.02001105557272967,0.017137919856760966
2022-11-09,361.6224344512429,362.7741495038233,355.60696718518795,356.1019287109375,78495500,-0.020817144862762246,0.025219932468746983,0.01791480289379526,0.016358841127111733
2022-11-10,369.3510591794325,376.00425245255667,367.0572151863192,375.6711120605469,141455800,0.05349705217326211,0.008741731791334029,0.007609610598660838,0.01133950490277181
2022-11-11,376.5277909851231,380.1066180137116,374.64319033872147,379.3070983886719,93839900,0.009632104315632562,0.007514676007809432,0.00894173564534198,0.011598098368935753
2022-11-14,377.5462142284,380.89658611860307,375.8043798668183,376.0804138183594,71903500,-0.00854317590200907,0.006587838112065045,0.008523417992865455,0.01152795516681695
2022-11-15,381.8198821687392,382.9239890323085,375.48080239259394,379.2880554199219,93194500,0.008492970021682993,0.00833680832080558,0.012873896891669017,0.01149027800388425
2022-11-16,377.6604299906343,378.61224316456577,375.76633106956126,376.39453125,68508500,-0.007658078569295258,0.007075815278794983,0.012459600830963268,0.01267505240279883
2022-11-17,371.6449453937852,375.91860608551974,371.34038726892305,375.2427978515625,74496300,-0.00306460111877692,0.0065088186978104305,0.01237110039937249,0.012911009290121274
2022-11-18,378.57412543802,378.640759324959,374.10062138676545,376.946533203125,92922500,0.00453007825247534,0.01107002686728313,0.014057224297679374,0.01293676378830438
2022-11-21,375.6235663390515,376.7466989172969,373.73896579052973,375.5759582519531,51243200,-0.0036426192763954076,0.010947163252210934,0.014846016481102656,0.012948404828473202
2022-11-22,377.5175566271868,380.79179533954783,376.10886307283744,380.6299743652344,60429000,0.013366970947037028,0.017239935827181686,0.014060746956015696,0.01304189261224348
2022-11-23,380.2968975987144,383.5140303982983,380.0684717587064,383.02862548828125,68261600,0.006282019247394018,0.017278452460373957,0.014164537100990138,0.013208931286074975
2022-11-25,382.46702560328106,383.49499996496786,382.1910207322794,382.94293212890625,30545400,-0.00022375076170998653,0.017319427811944628,0.014275356469170077,0.013330650130746247
2022-11-28,379.8591567063179,381.49627670237254,376.07092941217024,376.8323974609375,67881600,-0.016085456275555462,0.017882522248189283,0.014244436519411104,0.0129379053443305
2022-11-29,376.96561491269216,378.15538144006086,374.34812855248094,376.1851501464844,52310000,-0.0017190767357452097,0.019375269464253716,0.014365520093986905,0.013164322369250815
2022-11-30,376.4325818837763,388.0351867675781,374.51945716113363,388.0351867675781,144566700,0.0310145802637035,0.008397577536285176,0.01012719664006036,0.011659666536429029
2022-12-01,389.0726695441886,390.24341023181614,385.2463909544575,387.7496643066406,76398200,-0.0007360867473347606,0.010626783659883527,0.012380530037347333,0.011649391407493754
2022-12-02,382.86679385886526,388.20645105003473,382.76210836744406,387.30224609375,85342700,-0.0011545504412980548,0.01034651007865993,0.01252635772063018,0.011644948066563748
2022-12-05,384.48497335823737,385.4177317516839,378.9834939436765,380.3350524902344,77289800,-0.018152804552248235,0.01156734529347201,0.011796527720666606,0.01131401227030903
2022-12-06,380.1732926862465,380.7158042080798,372.76818614779955,374.8526306152344,77972200,-0.014519617610312764,0.008632459603313469,0.011368720582394722,0.01115327991407196
2022-12-07,374.00553520657735,376.5754428369556,373.0822751072084,374.2149353027344,65927900,-0.0017026380411326804,0.009623348722762375,0.01270024793680122,0.012407416974124478
2022-12-08,376.0994521400108,378.212449392276,374.3195371968257,377.14642333984375,60737900,0.007803177201301193,0.015131871722451576,0.012864843850036646,0.012255640779964752
2022-12-09,375.9090843451082,378.45993659247966,374.205330689029,374.3290710449219,81447700,-0.007498223204998537,0.015551714584026776,0.013090826200018819,0.012269480410752941
2022-12-12,375.11902932851245,379.725830078125,374.4527776179369,379.725830078125,75405800,0.014314212859096844,0.011588780814913501,0.011732196799668668,0.012167218341006198
2022-12-13,390.45286275137533,390.70984189180217,379.8401500031239,382.60040283203125,123782500,0.007541617366188657,0.009563314594405235,0.011235478966024396,0.012067280571993499
2022-12-14,382.2577044665144,385.9602719426471,377.2131058725146,380.1542053222656,108111300,-0.006414136001858197,0.014844718018664571,0.013530519479688752,0.012016472603503655
2022-12-15,375.29987006418787,376.2041040710259,369.19877403899443,370.85491943359375,117705900,-0.02476604049738082,0.011972308822940515,0.011316226990710599,0.010517890264495082
2022-12-16,368.302907769073,369.6415593936089,364.34432159505855,366.4765930175781,119858000,-0.011876280354466388,0.011552636713422661,0.010775230198560894,0.010817840395242147
2022-12-19,366.6678648941245,367.0025351167428,361.70526779936387,363.3690185546875,79878100,-0.008515755094521425,0.0108914696032484,0.010677594972856209,0.010764746854149186
2022-12-20,362.61364283927566,365.482194633709,361.2941043449694,363.8662414550781,74427200,0.0013674336358846738,0.012355617517435061,0.011375704503346212,0.011442296263643941
2022-12-21,366.4575070608886,370.4352358837999,365.92204637130624,369.30694580078125,78167400,0.01484179812529765,0.013408287145499784,0.012724011827260321,0.011287321303353417
2022-12-22,366.2662563964438,369.28780122976565,358.3490543275083,364.0383605957031,100120900,-0.01436888136299687,0.011468611557027848,0.011636733487450144,0.01065697798854937
2022-12-23,363.01521636298173,366.2758070046261,361.4662030943732,366.13238525390625,59857300,0.0057357280087480785,0.011280972083784225,0.01168973175581654,0.010638580873306193
2022-12-27,366.0176778685383,366.36189009849295,363.01524613197586,364.6885681152344,51638200,-0.003951225017407902,0.011736223575059589,0.011922855530062186,0.010703945959801581
2022-12-28,364.6215818081712,366.59134742365524,359.92674469166934,360.1562194824219,70911500,-0.012505870996425764,0.01144100172399345,0.010502932855741155,0.010070497875349933
2022-12-29,362.99604137114017,367.5092298344996,362.47012280084226,366.63909912109375,66970900,0.017840102745832802,0.013236399951677117,0.009525760641189611,0.010124889005071545
2022-12-30,363.9618527124626,365.8168226274327,361.8486652893112,365.67340087890625,84022200,-0.002637395379592134,0.013070542294168994,0.009468135196454583,0.010421634014549323
2023-01-03,367.52838265402187,369.4981190554035,361.2749320892196,364.1339416503906,74850700,-0.004218816178272033,0.012510710809417935,0.011158359300088171,0.010403481806486594
2023-01-04,366.3905568832152,368.9722652057651,363.34989894273167,366.9451599121094,85934100,0.007690637337875662,0.012949526660826485,0.011427123799357616,0.010644016789255991
2023-01-05,364.99448566002695,365.1092230485303,362.16418974875853,362.75701904296875,76970500,-0.011479167746942725,0.009000600347146287,0.01163734580296508,0.010584119817835809
2023-01-06,365.8455090657922,372.19458418736764,362.7857380848977,371.0758361816406,104189600,0.02267321080187226,0.004871357206318853,0.010148800738559763,0.009868872043056698
2023-01-09,373.26550947515705,376.44961824670435,370.6838304181261,370.865478515625,73978100,-0.0005670466585029712,0.005269360609686927,0.010170846407343982,0.010093959470110428
2023-01-10,370.28219867133123,373.53321794947027,369.3451279864,373.4662780761719,65358100,0.006988308968394613,0.010508414471982957,0.010107052068672632,0.010548660402048054
2023-01-11,375.04405606095594,378.26639143115705,374.231293835196,378.18988037109375,68881100,0.012568684297145423,0.008315907633827953,0.009937026908446755,0.010553183007976365
2023-01-12,379.2894696301709,381.0297021014003,375.2256881711222,379.5667419433594,90157700,0.0036340509524904483,0.012886042987797466,0.009926170936729449,0.010542952064085682
2023-01-13,376.37315440820146,381.6130534140989,376.10542404617286,381.0393371582031,63903900,0.003872167460326662,0.014029122704699394,0.01093246339450337,0.01078161281836342
2023-01-17,381.0201896884126,382.6935115955875,379.6623956443495,380.3412780761719,62677300,-0.0018336670612732356,0.013993929079997127,0.011743468132467677,0.010761830231252226
2023-01-18,381.526947386791,382.58829750949707,374.1356353327088,374.33642578125,99632300,-0.01591402261960962,0.0104577336945576,0.010081861775072134,0.0099184142094947
2023-01-19,372.2997219516563,373.9443593060729,370.2917592534764,371.6112976074219,86958900,-0.007306518169661475,0.008273091014399759,0.009506764974489542,0.010368082720019134
2023-01-20,373.00734634342695,378.68708106087394,371.36270886328373,378.5340881347656,91806400,0.018457720863548716,0.006097052734315865,0.01005227340241696,0.009704519909571302
2023-01-23,379.3372757234957,385.0074392135379,378.3810918291715,383.0759582519531,84178800,0.011927163990112545,0.008447698791354197,0.01010694757741069,0.01050615587524109
2023-01-24,381.40265563212273,383.57318267652687,380.21699688122226,382.6648254394531,59524900,-0.0010738173041376707,0.010593329116909108,0.010558678456904929,0.010507725776612131
2023-01-25,378.6010544265812,383.14292828207675,376.3157607326886,382.8082580566406,84800300,0.00037475548640077675,0.010910898694902253,0.011522026222807487,0.01057971003201939
2023-01-26,385.46642861189923,387.17800600043023,382.5022526217131,387.01544189453125,72287400,0.010930361653139197,0.011476064617133016,0.011606285433626731,0.010515015404141582
2023-01-27,385.97318218490153,390.2760095744735,385.762820567528,387.9046630859375,68346200,0.002295001964686715,0.013730463055195825,0.01160688104367049,0.010536367160325381
2023-01-30,385.15081668441593,387.37874124310093,382.7412440526751,383.03765869140625,74202000,-0.012626285822646133,0.012056524253231511,0.011065631965099562,0.010201268079758059
2023-01-31,383.5540875652921,388.717475261581,383.2098461559824,388.669677734375,86811800,0.014596515472776402,0.011740163859141109,0.010312614306454543,0.009574976072192274
2023-02-01,387.45528923844535,395.54462644508357,384.7206171548962,392.80035400390625,101459200,0.010571652327035124,0.012750803578979343,0.009846473375637581,0.009407459412594812
2023-02-02,396.6824246845757,399.98127069479483,394.78919930515946,398.518310546875,101654500,0.014451968137534035,0.01008255467874708,0.009541905988385262,0.009543180058801153
2023-02-03,393.55570061661354,398.69997431086017,393.07760869975664,394.28240966796875,94736800,-0.010686017505510964,0.009829420223221485,0.009058621702648897,0.009305033883148812
2023-02-06,391.834637420615,393.2689133762878,390.2186841761235,391.87286376953125,60295300,-0.00612996827736308,0.011141543280417728,0.010834758031121855,0.009797448716028934
2023-02-07,390.9549267928235,398.24104381969875,389.7118993305467,396.9980163574219,90990700,0.01299382402740076,0.009096092864833013,0.009384359181439237,0.009229989553913645
2023-02-08,395.0282373142556,396.36688886374986,391.96843733219856,392.6568908691406,76227500,-0.01099510477938908,0.007333469011729361,0.009467557637469586,0.009763396839746523
2023-02-09,396.2522033663381,396.4051963035193,388.0290153704697,389.2529296875,78694900,-0.008706842135477044,0.00925847828900741,0.009636857597623406,0.010045049974984392
2023-02-10,388.07678232835883,390.54375312300726,387.26404936045475,390.1612854003906,70769700,0.002330868764158526,0.009282671775560507,0.009704144404433781,0.009981504580178505
2023-02-13,390.8114317189332,394.8752127422372,390.35245300429375,394.7413330078125,64913500,0.011670491303170659,0.009883394515952647,0.008318145661812727,0.01039097814543555
2023-02-14,393.2210725630297,396.86413102531327,390.61070909281807,394.55975341796875,88389300,-0.0004601022250438922,0.009744274355525141,0.008222056808975246,0.010408587519287844
2023-02-15,392.3700513500147,395.9174852871057,391.52860488743005,395.84100341796875,61555700,0.003242029087549528,0.010311223050817287,0.00879303828953428,0.01129250901131969
2023-02-16,390.8783796232902,394.81785216860595,390.25686599597043,390.3907165527344,76431500,-0.013864549174559482,0.009840330498721355,0.010029899158980034,0.011187547978850472
2023-02-17,388.2680948062688,389.6545733573568,386.3461555191352,389.41552734375,89257800,-0.002501107743053695,0.01067108438548199,0.010027872271610965,0.011486435844757776
2023-02-21,385.39950609313314,386.4513142893378,381.34529542458307,381.60345458984375,82655900,-0.020264974749711985,0.006335144711346525,0.009050924063067211,0.01102776906739046
2023-02-22,382.0145561334285,383.55402728513724,379.62409654042705,381.0775146484375,83742300,-0.0013791874872659323,0.0064260509968281,0.009057608132526599,0.01169152029042578
2023-02-23,383.96523503521115,384.5772067863999,378.88790045751995,383.10467529296875,96242400,0.005305450522720786,0.0071626191322865275,0.010563595330111092,0.011636372502383504
2023-02-24,378.0942481460913,379.84405183245593,376.3922419822525,379.0121765136719,108194400,-0.010739922906260212,0.008322621897287847,0.010961223310596065,0.011496511277366037
2023-02-27,382.3491965943758,383.7069903770485,379.36590792305304,380.302978515625,80444700,0.0033999143486422856,0.008450592562216171,0.010768485032490827,0.011478535647530805
2023-02-28,379.82496053517093,381.78512595829335,378.79226552930106,378.8974609375,96438600,-0.0037026300587463916,0.011852336335995934,0.012406700488919672,0.011458192761421253
2023-03-01,378.0846868266854,379.30860107550785,376.1436346387775,377.44403076171875,99706800,-0.0038433220464527953,0.01154045203506909,0.012488867648966282,0.011848531503542183
2023-03-02,375.4742885040699,381.2209631061389,375.13961830151106,380.3795166015625,85127800,0.007747187408198991,0.014067069710313445,0.013596603885342054,0.011799078734290189
2023-03-03,382.1962660076362,386.7285976253681,381.54606794616154,386.47998046875,90120000,0.01591058748751322,0.00963594944826019,0.012687360384499458,0.011678261980849064
2023-03-06,387.3021933316864,389.5970575401285,386.3077833004661,386.74761962890625,72795900,0.000692264918662539,0.009121981966264694,0.01328606449672469,0.011697040313173711
2023-03-07,386.699921017692,386.93896700217493,380.20742390861926,380.8193664550781,108310600,-0.01544717571704496,0.013934631076554122,0.013210087691956458,0.011162848913468642
2023-03-08,380.9341111603913,382.19625170885286,379.212962662717,381.4408874511719,74746600,0.0016307321040084973,0.01367982009984865,0.014331259457384974,0.011200250291615015
2023-03-09,382.2249589763906,383.88873887527785,373.41851305631604,374.40338134765625,111945300,-0.018622115075584592,0.014117928530953568,0.012998680436125582,0.010181126761333896
2023-03-10,373.85837851710613,375.9333106680976,367.4806474809918,369.0009765625,189253000,-0.014534485392076088,0.013322886763202365,0.011899811910364473,0.00938276589051005
2023-03-13,365.0805650006383,373.2846390345943,363.9713881978472,368.4750061035156,157790000,-0.0014264072607839918,0.013344908645628869,0.011812043360753869,0.009346646471451312
2023-03-14,373.3898317252391,376.21058604424246,370.0909854321958,374.5659484863281,149752400,0.016395001593638416,0.012702462562338283,0.010942182766842284,0.008944516018669427
2023-03-15,368.9818788651893,372.4241181176825,366.8973754488771,372.22332763671875,172996900,-0.00627386763194754,0.015602784596250337,0.011289662768913494,0.009029191192492018
2023-03-16,369.8711000150825,379.09826973239205,369.364323664859,378.7540283203125,143254200,0.017392975347454688,0.013231994813310728,0.010245290666499544,0.008460256681430146
2023-03-17,377.4256197444262,378.55821591341066,372.94318572096427,374.3253479003906,140553400,-0.011761659165567907,0.011878985722664187,0.009536499627899393,0.007795950477550538
2023-03-20,375.1028011958168,378.33746367070916,374.40214170963634,377.9247131347656,93055800,0.009569670750482144,0.011287786213342609,0.009392982796840709,0.007652927789631628
2023-03-21,381.28412015653794,383.36697102971766,379.69079357481445,382.8870544433594,91524200,0.013045044494102258,0.009224108127526321,0.00930606150755953,0.0072579409938050435
2023-03-22,382.71428861761933,386.3232414014182,376.3217962204962,376.36016845703125,111746600,-0.017193468941308347,0.0062916877935916115,0.006658354406489949,0.006001831305623556
2023-03-23,379.2205491483167,383.25186087562724,374.6709485097319,377.377685546875,119351300,0.002699924655623043,0.00620339286194253,0.006645647896595848,0.006013172983867517
2023-03-24,376.1010222149094,379.9403548581303,373.75902695920195,379.8539733886719,107682400,0.0065403939200524615,0.007367248261971579,0.006639635293423792,0.005937356023885194
2023-03-27,382.1288028794633,382.8966870426311,379.6716321408978,380.56427001953125,74010400,0.0018681741097060654,0.007090523285116025,0.006700764951201784,0.007185523191407505
2023-03-28,379.8731772141997,380.5642582938647,377.8767370350477,379.71002197265625,62871700,-0.002247211079910569,0.008251140652197992,0.006891673043660716,0.007249488315367172
2023-03-29,383.86611930354206,385.4690537806492,382.6663276952182,385.2290954589844,77497900,0.014430349114679811,0.007656964282392076,0.006673631987454875,0.00783358490860099
2023-03-30,387.8590304445402,388.10859647318574,385.62263176835995,387.4847106933594,69840000,0.005838181285694683,0.007530840914838249,0.006791838662254075,0.007935577923885127
2023-03-31,388.40614495841936,393.2437129705157,388.3005480641613,392.9461669921875,112062600,0.013996231083264471,0.0041365613903509455,0.005436136466612003,0.007381153379830356
2023-04-03,392.42785614585927,394.846625551224,392.0343209722465,394.4435119628906,67391100,0.0038033182696604983,0.0036163457740091796,0.005353057670208534,0.007811742175846943
2023-04-04,395.08655642138893,395.37452397054454,390.88248211307797,392.25506591796875,66601500,-0.0055636345394596345,0.0031375001876682343,0.004893723309605852,0.00786666656170199
2023-04-05,391.5255732993779,392.28384974684195,389.57711302940226,391.22802734375,65200200,-0.0026217264196929206,0.006445671492581625,0.005221478044296952,0.008005711812445792
2023-04-06,390.43131081559227,393.03247968178334,389.3850962213968,392.7541198730469,63743300,0.0038931867575910505,0.006804954340191727,0.0051246715091478314,0.008995306900985198
2023-04-10,390.277787817443,393.2340906618624,389.6635097627265,393.15728759765625,63681000,0.001025987805096594,0.00684767902820482,0.005124779879855204,0.008994210594186529
2023-04-11,393.78116601430696,394.6641961280183,392.4949930804865,393.2628479003906,59297900,0.00026845778383211965,0.006824085018625945,0.007376848009718517,0.009057504232433466
2023-04-12,395.3264818376402,395.61444936283374,391.0744279375137,391.659912109375,86420400,-0.0040843203968229545,0.006113203662735485,0.0073847358487823395,0.009053566457630996
2023-04-13,392.7444905245143,397.21731616818573,391.60228682213693,396.8621826171875,85814800,0.013195181274470308,0.0034000189099073633,0.008899927373016087,0.008561293369652799
2023-04-14,396.22870868146754,398.41712702758065,393.5891675964206,395.89276123046875,78161500,-0.002445703751091257,0.003307252494087822,0.009266226082877001,0.008549118699341036
2023-04-17,395.8064093482449,397.3325406110166,394.577824032139,397.3133544921875,66436400,0.0035819057680385536,0.0027422001484076557,0.009228834214928499,0.008546044258366928
2023-04-18,398.88753782707477,399.02192855853326,396.20001611580255,397.57257080078125,63560000,0.0006522101084804686,0.007230194620438165,0.009936644587088756,0.00866886105067257
2023-04-19,395.66241754419593,398.4075262603893,395.60482989922565,397.50531005859375,55227300,-0.00016919284001528536,0.006918348006419448,0.010113529802020871,0.009112341948689848
2023-04-20,394.6929585087422,397.0829628319808,393.79071305675006,395.3360595703125,75840400,-0.005472105731027381,0.012884068457531515,0.010198010606076701,0.009246142262508248
2023-04-21,395.63361128968654,396.10392013942635,393.6947589557848,395.6432189941406,73457400,0.0007766560960366259,0.013413837634570666,0.012014154050454367,0.009260978215380704
2023-04-24,395.4416314735753,396.4782676301581,394.10747868962846,396.0559387207031,64332100,0.0010426176658848217,0.013474156390225414,0.012009925507120328,0.009261095698304094
2023-04-25,394.088353969468,394.6450737017642,389.7115163477085,389.76910400390625,97766700,-0.01600093789144487,0.012046289074211451,0.010787565781248254,0.008864009461334806
2023-04-26,390.3833244029181,391.4583328014488,387.56141271088387,388.11810302734375,80447000,-0.004244840230584695,0.012457871327098122,0.01065611454729472,0.008982880021441379
2023-04-27,390.65214704527966,396.11360078097556,390.4025810177756,395.8448486328125,92968400,0.019712655548441187,0.007673515898653706,0.008689473875603508,0.008049423285908689
2023-04-28,394.9617272106124,399.2329963765921,394.904139565875,399.223388671875,89433100,0.008498793478013068,0.011731617402994377,0.00815200419311989,0.008338534613996992
2023-05-01,398.7819109693187,400.8455465437123,398.58993260769745,398.8203125,62122300,-0.0010101607357062528,0.011761343071709665,0.008275115688274251,0.008331167604278687
2023-05-02,398.1099974743272,398.1580067083917,391.43917444922255,394.3378601074219,103998500,-0.011302916036002792,0.010651490247836112,0.007723956627281183,0.007992946582952187
2023-05-03,394.837004192524,397.24619509986604,391.3912062306647,391.63116455078125,91531800,-0.006887564705113946,0.010005254714201285,0.008196258866678977,0.007996142826639208
2023-05-04,390.5849268562114,390.91126663739385,387.52305652796423,388.85723876953125,94901900,-0.007108209293569847,0.008971390959633653,0.007885515477630266,0.008194997355620704
2023-05-05,392.4853583991723,397.10215328992234,392.2262140059175,396.0559387207031,87891800,0.01834317986596827,0.003339591111824167,0.005977290303200499,0.00737552505991055
2023-05-08,396.3823933168665,396.64153778521086,394.76027255638553,396.16162109375,50046800,0.0002668013915230401,0.003794402667887334,0.005974410744204807,0.007368030759838021
2023-05-09,394.6162031980649,395.53763480997924,394.1938742734827,394.4242248535156,49220100,-0.004395219180943286,0.004548817618045249,0.007028603715092852,0.0073295324417368725
2023-05-10,397.25577792419296,397.88927136463667,392.44700411687967,396.26715087890625,96142900,0.00466156434536088,0.0070810228918123256,0.007301425609914471,0.007363332755055588
2023-05-11,395.40337837653095,395.86407965890675,393.5028977113591,395.5761413574219,70157100,-0.0017453193167605392,0.007708574972728618,0.0078117683982021815,0.007312617471075654
2023-05-12,396.8142503993596,397.0254148728848,392.63897016343816,395.0577392578125,70481500,-0.0013113583584240323,0.007730999830595312,0.008664581737255914,0.007422749708446977
2023-05-15,395.66240845072787,396.8237983199805,393.75234992228525,396.4206848144531,54289400,0.003444053210807649,0.007843966287707426,0.008663081977782802,0.007473608034841712
2023-05-16,395.3168627044219,396.23832360826236,393.7619377053924,393.77154541015625,57705500,-0.006705075620765923,0.00935152397504893,0.008546167466236067,0.007147392205513173
2023-05-17,395.78721992832476,399.1562144912637,394.14591338269895,398.5515441894531,87287000,0.012065928240365379,0.007974465959129462,0.008233151635022258,0.0071643112043465774
2023-05-18,398.23477512417634,402.8131980774416,398.01403224251106,402.390869140625,97177200,0.009587092140472282,0.007628205948260844,0.008863105017404687,0.007143191352790137
2023-05-19,403.29314851307697,403.8210450825171,400.5864117249465,401.8053894042969,103793300,-0.0014560620832231555,0.010223904305272103,0.008884602032481221,0.007300886024460905
2023-05-22,401.8246282749285,403.5043365562108,400.5864351115969,401.9685974121094,60745400,0.0004061042351020259,0.010224071659090714,0.00886681278502846,0.007481712422017437
2023-05-23,400.32725913165393,401.9013998007867,397.0638317760762,397.4573669433594,86383500,-0.011286294307846428,0.008768139733264495,0.00783112972616353,0.0067908693283108236
2023-05-24,395.8543837451471,396.2383111304324,393.41639944632345,394.5777893066406,89213700,-0.0072713699678623265,0.007543586923578052,0.0069830717168153965,0.00681601836285442
2023-05-25,398.0812545290906,399.44423070710803,395.84485582251955,397.994873046875,90961600,0.008622818007863372,0.008569221522551965,0.0068453900094721885,0.00683793610226773
2023-05-26,398.6475192492727,403.86901432087706,398.5707454798897,403.1491394042969,93830000,0.01286744304039397,0.008282781277874554,0.006359282806525632,0.006688697907598902
2023-05-30,405.07843177412394,405.60632835331285,401.920572129655,403.302734375,72216000,0.00038091540872856337,0.008160313403211085,0.006352613905633856,0.0066871098555817176
2023-05-31,401.47906649861943,402.3813121326053,399.5018122688516,401.06634521484375,110811800,-0.0055606188239180135,0.00759994973903704,0.005549731461394701,0.006449061560780053
2023-06-01,401.29664281865877,405.93265339027886,400.04887142591303,404.8768310546875,88865000,0.009456036964891145,0.007139261539724199,0.00589592501464576,0.006595676529282731
2023-06-02,407.4491692853337,411.51885243910056,406.92127277329087,410.7318115234375,91426200,0.014357574801268399,0.003732530896079032,0.005350837730742726,0.005997603018223634
2023-06-05,411.07732872105703,412.3635015907827,409.2440439412278,409.9447326660156,65460200,-0.0019181225643952508,0.004727951934583378,0.005772485738699306,0.005983556196881826
2023-06-06,409.5321040964684,411.3653599992297,408.8793951634606,410.83746337890625,64022200,0.002175317810806377,0.004914974777605614,0.006287026217062338,0.006378383311074426
2023-06-07,411.2309384070294,412.3635345526036,408.9945106484148,409.4168395996094,85373300,-0.0034638652782873268,0.003337357227359116,0.005998655798176343,0.006343187171479917
2023-06-08,409.48408900675076,412.3444028643595,408.7162340623749,411.8932800292969,61952800,0.006030481971418433,0.004747199669823256,0.0066624872678991915,0.006261457357714748
2023-06-09,412.6898203071148,414.6382802757191,411.6436057714387,412.6322326660156,85742800,0.001792431703286272,0.006274856928345345,0.006872541291028285,0.00635869825614439
2023-06-12,413.61134578902306,416.4524439304632,412.89147087099775,416.3756408691406,76104300,0.009031117232123175,0.007224994439800592,0.007144010731278429,0.00630013181111354
2023-06-13,417.8345242682373,419.7637687522181,417.1722371300444,419.1206970214844,95899700,0.006571102482038625,0.007387617729080284,0.006862426721401295,0.0063625984296559746
2023-06-14,419.45677881703784,421.42442545450064,416.17413589387496,419.61993408203125,100612100,0.001190444580819228,0.007565379290368467,0.006955758597456419,0.006382252840400524
2023-06-15,418.8040012480244,426.0699454976172,418.7080413628314,424.8221740722656,110303100,0.012321284678396962,0.0042645414831602325,0.006846852976461966,0.005883379684775791
2023-06-16,426.80484934957235,427.3732510116979,422.9030966686289,423.3751525878906,114165800,-0.0034119958710321207,0.004270037041596369,0.006705971718490216,0.005942817293226946
2023-06-20,421.4387253030806,422.32503554227975,419.1072877770987,421.1785888671875,76160400,-0.005201726227139568,0.0076081406849696255,0.006422417315011954,0.005720106268059628
2023-06-21,420.19591625792975,420.9955241203809,418.43288044222425,419.02056884765625,76982300,-0.005136936273311897,0.0071459055874785885,0.0067763097655591294,0.0058292260863413645
2023-06-22,418.06681362984074,420.6390713007603,417.72961825633774,420.5331115722656,70637200,0.003603210601884583,0.007181275463308666,0.006799914394192986,0.005830915120454165
2023-06-23,417.0841314152319,419.13617505158805,416.6409763099136,417.3538818359375,92074500,-0.007588720241816502,0.0067711919612321305,0.0061939311382518385,0.0054218386693708764
2023-06-26,416.78554609984883,418.7027001286234,415.40789299777055,415.64874267578125,72823600,-0.004093964392353449,0.0053445855718637185,0.006028206909001207,0.005204282725334884
2023-06-27,416.52534656947205,420.82209563920264,416.07254809930254,420.2055358886719,72813700,0.010903427724405003,0.005166494556610704,0.005638456782458221,0.0048566905811190655
2023-06-28,419.12662231723505,421.4291594853662,418.51006239393865,420.4176025390625,75636000,0.0005045463185464614,0.00719892848819381,0.0058674358587355625,0.005234728468417641
2023-06-29,420.0032229268465,422.2383146152685,419.59861200085055,422.07452392578125,67882300,0.0039333863686764415,0.007231213829468484,0.005960775225940472,0.005512474942715965
2023-06-30,425.28267848094407,428.0379843526411,424.96474047999936,427.0553283691406,104964000,0.011731684044421568,0.004021009811061915,0.005043667621966385,0.005025392561134501
2023-07-03,426.70853977944085,427.82605633249915,426.4291459408796,427.54669189453125,32793400,0.0011499237490315355,0.005368849300421788,0.005347590292792787,0.005124007643989377
2023-07-05,425.7354801650757,427.6430199831629,425.7258367708566,426.91082763671875,58418400,-0.0014883463733587033,0.006531709816457351,0.005180382828454619,0.006157316587554186
2023-07-06,423.3366343156822,423.991738320798,421.06299828536083,423.5678405761719,80658300,-0.007861465319692935,0.004489755838243506,0.004914988389485635,0.005883529552953992
2023-07-07,422.57550143257924,426.43873894163033,422.25756345371417,422.4984130859375,86134200,-0.002528000744967055,0.0037728255711783148,0.004668899743010608,0.005963946232856391
2023-07-10,422.1420000351028,423.7412452715391,421.57359837767063,423.5678405761719,62443500,0.002528000744967138,0.0036507762268722294,0.004684280610257913,0.006205021130966502
2023-07-11,424.32890870557475,426.7566624993896,423.3558667490492,426.26531982421875,64463800,0.006348277362923743,0.0037749214509286274,0.004556696968774595,0.0062030610175617005
2023-07-12,430.0514894814251,431.1015903646367,428.62564905437046,429.69500732421875,91924500,0.008013702844823249,0.003592678912445626,0.004241986456236198,0.0061635498553142595
2023-07-13,431.506253963796,433.89549322497544,431.0727422071223,433.1054992675781,72425200,0.007905673861274548,0.0052368837799562085,0.004519182544126192,0.005876456592924911
2023-07-14,433.99178336356243,434.83954937929775,432.0746002832751,432.835693359375,69815800,-0.000623150669424723,0.005190987545201185,0.00531378057398231,0.005876386352385258
2023-07-17,432.6912500682276,435.3887545883977,432.64306249429234,434.3386535644531,52680200,0.0034663426456623516,0.00531250405683664,0.005278462576510357,0.0059641006810947665
2023-07-18,434.0110663595222,438.2114701147798,433.5775252322227,437.5660095214844,80668200,0.007403035752056121,0.00433111755376547,0.005000441044931542,0.006191830064307271
2023-07-19,438.3559839057652,439.7239933832524,437.48890168977437,438.5390319824219,65891700,0.0022212470306907173,0.004229124127899309,0.006719202977858025,0.0062786285730615675
2023-07-20,437.54673021651973,438.44268380742795,434.9166416038705,435.6295471191406,70591600,-0.006656600743113589,0.004227298941019472,0.006474768047675466,0.006323295584606571
2023-07-21,437.34439535359957,437.54673021651973,435.6199331260899,435.6295471191406,71275600,0.0,0.006015515411569328,0.006575012113310831,0.006331366903452951
2023-07-24,436.77598531715506,438.38487379289774,435.7451418375123,437.57562255859375,54023400,0.004457322812640307,0.005870448014196357,0.007095071909848209,0.006451364718166026
2023-07-25,437.30587795856155,440.02263949533193,437.2576903912355,438.7702331542969,55191200,0.0027263467451206606,0.006123388393914257,0.007060633702550402,0.006370720889430946
2023-07-26,437.83576473919794,440.263518637083,436.7856637889011,438.83770751953125,71052900,0.00015376881233659804,0.008930376993270083,0.007215922341562311,0.006996619968515591
2023-07-27,442.2192143317386,442.6238546795818,435.02262562113657,435.92822265625,92194400,-0.006652055119189782,0.008632883235020981,0.007070753631932758,0.007460992270831635
2023-07-28,439.1941631701477,441.0246146496096,435.92822776892785,440.19610595703125,80011800,0.009742720115195594,0.005846514148991435,0.0059110541751178575,0.00726268813552844
2023-07-31,440.66814456102355,441.39069349037516,439.35790721415856,441.03424072265625,62040400,0.0019021928182662547,0.0080650016022504,0.006305606653526641,0.007448974783744201
2023-08-01,439.5698819163366,440.51402315707037,438.81843216166044,439.772216796875,55291500,-0.002865612027759295,0.008080964273577724,0.007002051418358653,0.00825469742721406
2023-08-02,436.6604008783812,436.9205079074881,432.90315234388123,433.65460205078125,93933400,-0.01400853433087524,0.006106900910803476,0.006101094116919912,0.007705744876218772
2023-08-03,431.64115804128886,434.29050444334024,430.9956679816183,432.411865234375,64276100,-0.0028698436350588137,0.006156565004647496,0.006328574133987157,0.007683635667851451
2023-08-04,434.2229769011584,436.3231785934213,429.93584177835424,430.4560852050781,100128900,-0.0045332159517122,0.00588707953943025,0.006377607882860963,0.007610432007242032
2023-08-07,432.28655130575453,434.3674956833761,431.5929031798807,434.2133483886719,58357500,0.008690689611148415,0.004692088547788638,0.005979724324959708,0.007426519502599109
2023-08-08,431.6795833163524,434.20371206163696,428.97243590614755,432.3250732421875,71361300,-0.004358209833912179,0.006680239507551999,0.005947140690444216,0.007516122523352415
2023-08-09,432.59488283321724,432.7586735355105,428.6738433785323,429.4349365234375,78789600,-0.0067075462353271805,0.006786271161004207,0.007066374738025876,0.007395616078617816
2023-08-10,431.7856284811605,435.16716703483127,428.42337671620794,429.5890808105469,93005500,0.00035888237267723774,0.00681094787047386,0.008205872917758315,0.007403802575109594
2023-08-11,427.72008989099777,430.3501787286785,427.1227874459535,429.3385925292969,68690900,-0.0005832581627673728,0.006973263655142827,0.0086944654896187,0.007547103434342335
2023-08-14,428.4233633029166,431.7085266113281,428.1150686990038,431.7085266113281,47867400,0.005504786007539762,0.007317921384655823,0.008768819234191077,0.007549866523390223
2023-08-15,429.9358583347008,430.29234049304716,426.1111649328765,426.6795959472656,75707500,-0.011717282820911333,0.005900115220438163,0.00916127109285223,0.007051999615847209
2023-08-16,426.26528432536145,427.92233089124835,423.44253382784007,423.54852294921875,80107200,-0.007365287227840233,0.00739991138203544,0.008644675162492005,0.007028671343273174
2023-08-17,425.01294414487614,425.27305119137833,419.8009540161682,420.3211975097656,95711300,-0.007648908583790651,0.009574966670767869,0.008033302285530055,0.007387185618471961
2023-08-18,417.5079955464786,421.5542809321435,417.1611862051528,420.5234375,98852000,0.00048104010114039474,0.010045846822602282,0.007993652220008121,0.007386848734742074
2023-08-21,421.5350602162778,424.00135836533855,419.3867000805202,423.2595520019531,68719000,0.006485373907951712,0.010026095954498352,0.008244135831847117,0.00729894045299529
2023-08-22,425.0321947779214,425.0321947779214,421.55433988295033,422.11309814453125,64994200,-0.002712305774398881,0.011062718367133687,0.008603490057391097,0.007592631936118153
2023-08-23,423.1728380844883,427.43107286328376,423.0283341735705,426.8144836425781,68441000,0.01107617107338165,0.010526094654536805,0.008059375881891857,0.008028876587615247
2023-08-24,428.4137593836846,428.9243595057039,420.87033128977225,420.8992614746094,88517300,-0.013955933143146347,0.005704475122747163,0.006284884087166235,0.007452606724084386
2023-08-25,422.62366273446645,425.14776219480035,419.07836317797603,423.866455078125,102325100,0.007024920040729065,0.005949924444653233,0.006244414877735684,0.00732666926037022
2023-08-28,426.05339622552776,427.1709421526019,423.8664919427265,426.55438232421875,61595400,0.006321426001722962,0.007159110055093287,0.006432510493259582,0.007768537097857543
2023-08-29,426.44841900560834,432.9995476574254,426.2653709047112,432.72015380859375,83081900,0.014351355825529773,0.004419914618264408,0.004340665058347849,0.006812515788730635
2023-08-30,433.05731299234867,435.1382574911251,432.35402143192493,434.5024108886719,69053900,0.0041102703315114356,0.003221151945055462,0.005051777871933915,0.006906959478666914
2023-08-31,435.11898360214246,436.2557869248091,433.6835290574293,433.8665771484375,66084600,-0.0014644324305125881,0.0037481450480542156,0.0063248811656150886,0.006903585324236322
2023-09-01,436.5833209067049,437.06502016743536,433.2210400744053,434.67578125,58944100,0.001863361821966368,0.005280314381857075,0.006268569177111925,0.0068478672268044325
2023-09-05,434.23266409054196,434.55057269413254,432.72976461783867,432.79718017578125,55166200,-0.004331210526524099,0.005475001398607623,0.006188966541165024,0.007266131010942662
2023-09-06,431.98789706191957,432.09388618903915,427.5659013158959,429.8876953125,70758500,-0.006745211321591454,0.00464277623060223,0.006483925541542551,0.007555021533119181
2023-09-07,426.8915375451562,429.24223247025344,426.5447281630559,428.56787109375,70355400,-0.003074883104727679,0.005483055641927137,0.008104990178384178,0.00756454175475631
2023-09-08,428.6160154651993,430.74511806057524,428.2595627004295,429.21331787109375,61659700,0.0015049220184915905,0.008586045832931329,0.007973390385000017,0.00815493951486913
2023-09-11,431.8337979292306,432.3443980335229,430.1285929169173,432.0361328125,60180100,0.0065551857183687185,0.00777793620297225,0.007685860622039586,0.008145843995607529
2023-09-12,430.59102153155527,432.11317840274216,429.0881220484013,429.6661376953125,67565400,-0.005500742366068933,0.0074778184613868,0.008497228067538118,0.008230854256988614
2023-09-13,429.8876594387545,431.32311372742333,428.7893710886088,430.16705322265625,60199300,0.0011651459592475388,0.00821456069690337,0.008446158775950825,0.00829930533207257
2023-09-14,432.6334271290332,434.5698383708397,431.332833106535,433.8761901855469,83430800,0.008585588222007137,0.0071132219430712134,0.008004297800701419,0.00805509011409256
2023-09-15,432.2935859212208,432.62229333118586,428.21370176743056,428.64874267578125,111848900,-0.012121415429568402,0.007018767889139706,0.007569899809455817,0.0077211081702859875
2023-09-18,428.3392962837647,430.1955590603149,427.86557530879384,428.9000549316406,55752200,0.0005861176967538595,0.007976837496202137,0.007514921437751357,0.008155816049634789
2023-09-19,427.9815868766938,428.5713482483716,425.332573169419,428.0105895996094,66514600,-0.0020759822675840583,0.008723203965109474,0.008076818034727198,0.00815255566431635
2023-09-20,429.2674693964477,429.68318495179983,423.8727265693422,424.0757751464844,82562600,-0.009235783098415539,0.009354644314310967,0.008746336781716282,0.00843000491740047
2023-09-21,421.2333281262123,421.49435261003185,416.91174575721686,417.0664367675781,104095800,-0.016666624338311804,0.008160729956990279,0.007377455908829427,0.007821982708945446
2023-09-22,418.09131961695476,419.6865285568745,415.71297806578804,416.12872314453125,100829700,-0.002250886860782102,0.008166138434022393,0.008495657724201413,0.008250945003790722
2023-09-25,414.92023546020613,417.91728222441265,414.4851650567311,417.8786315917969,70874500,0.0041963922866513174,0.0076235682167777276,0.008648187350337974,0.00815722867801929
2023-09-26,414.84285049792544,415.54862280920696,410.90798029741677,411.73944091796875,96168400,-0.014800310991899246,0.0070843758215053815,0.006996028598303566,0.007740332664316447
2023-09-27,412.9092244496163,413.4699830924983,408.2686118060124,411.90374755859375,104705800,0.00039897529683554446,0.008240171809575925,0.00699871999624512,0.008361136387497739
2023-09-28,411.35270706101295,415.964317107926,410.762945679416,414.291748046875,92258300,0.005780731439314467,0.007461489354154919,0.007358543593041614,0.008547553784310494
2023-09-29,417.3372277775056,417.5112441372113,411.76846823252566,413.2863464355469,115111300,-0.002429745573645929,0.009607861717341673,0.007541153897140828,0.008567501661100206
2023-10-02,412.4548865420046,414.36915501527096,410.3666017087048,413.1219787597656,83798600,-0.0003977880496540612,0.009843575361433045,0.008090245940808743,0.009111693408984175
2023-10-03,410.94667474306095,413.1799731499237,406.2287013020404,407.5918884277344,103760600,-0.01347649710560195,0.004378911931925107,0.006101837593624218,0.008797208686461068
2023-10-04,408.0559363281981,411.30435944495287,406.59606370497346,410.5599365234375,87453000,0.007255526482179501,0.004390195346058892,0.007879684628895559,0.008980876133178065
2023-10-05,410.2699077129364,411.24638199806213,407.18585282564163,410.4052734375,70142700,-0.0003767835369652056,0.006517920036943665,0.008507183792757547,0.009955377582102066
2023-10-06,407.9592644123595,416.81512702154566,406.6347574601129,415.2779235839844,113273300,0.011802848187323087,0.0059701445423769916,0.008356220613469906,0.009813708851322545
2023-10-09,413.3829806224,418.5070215863633,412.8319288458573,417.9366149902344,80374400,0.006381790779183102,0.007081927292548142,0.007833442484543532,0.0097291072248068
2023-10-10,418.56502711101643,422.70291641435927,418.16863686530417,420.1119079589844,78607300,0.005191341060878042,0.00682413290000018,0.008124489827725474,0.009682174197759394
2023-10-11,421.17537943505704,422.08414129890025,418.79703802262225,421.8327941894531,62451700,0.004087889911372816,0.008832500120002106,0.008548186442531061,0.009641599576733549
2023-10-12,422.4419396645169,422.8189751332802,416.9118599230101,419.26116943359375,81154200,-0.006114971407349711,0.009162235116105954,0.00888000138577063,0.009707222198056704
2023-10-13,420.7596289275812,421.9584770278049,415.60661494268294,417.1728210449219,95143100,-0.004993466912646898,0.010041060051024274,0.008881125327547179,0.010217094423896341
2023-10-16,419.4157827397426,422.6255551040407,419.1740835467255,421.56207275390625,75433200,0.010466458020007641,0.006102346622062441,0.009161537613084043,0.00997917163595055
2023-10-17,418.4393454760135,423.5923892481788,418.09131276942526,421.5427551269531,75324700,-4.582497055573781e-05,0.008716766238895357,0.009725132646354322,0.010820334240594311
2023-10-18,419.77355201420596,420.73067151213604,414.84288188055683,415.9256896972656,93559800,-0.013414594179286856,0.00895449021787059,0.010146524761808315,0.0102401555805787
2023-10-19,416.64115074369084,418.449056290601,411.5944695651963,412.2712097167969,121323000,-0.008825204976958167,0.009319409081669104,0.011691318495847291,0.009911300383362544
2023-10-20,411.8361348739324,412.3775387523352,407.09880668145956,407.2051696777344,123919900,-0.012364247964592337,0.008752998210318323,0.010905970323675976,0.009267813177405515
2023-10-23,405.6776368923659,410.3569598965053,403.92773684712256,406.4994201660156,92035100,-0.0017346582469769383,0.011675515100449587,0.010778900526132392,0.009232277832576762
2023-10-24,408.61667642933105,410.7146385432617,406.7700909338865,409.56414794921875,78564200,0.007511037892539779,0.011422663148896296,0.010689402992203046,0.009285124822746486
2023-10-25,407.8818980106432,407.9109007331841,403.17357302000806,403.68597412109375,94223200,-0.014456256539731514,0.010358046503015871,0.008837737563671157,0.008282311473924544
2023-10-26,402.6225823087564,403.47333880031834,397.93361142540357,398.85205078125,115156800,-0.012046735854255813,0.008672403870769799,0.008017084729045412,0.007404694669222682
2023-10-27,400.43756406837696,400.83395429205797,395.6229054415524,397.0440979003906,107367700,-0.004543195726293098,0.004747265419607141,0.007859383366190763,0.007243768992279716
2023-10-30,399.82851071417565,402.84491222424634,398.53300645045545,401.7911071777344,86562700,0.011884967323069975,0.0061984483382430825,0.008025895041312323,0.007112541042601744
2023-10-31,402.3614742415841,404.6334525608876,400.4568834170143,404.3144226074219,79665200,0.006260529367591153,0.006797358618519694,0.009091995825576009,0.007192983543734922
2023-11-01,405.2812643437381,409.43847913059346,404.7495083565733,408.6263732910156,98068100,0.010608376755951828,0.007523084808005498,0.009118933682951942,0.007031768269256709
2023-11-02,412.41622487157895,416.61214954670544,412.3968995543654,416.45745849609375,94938900,0.018983090124788948,0.006072922067636526,0.00801460724256887,0.00609501685115353
2023-11-03,418.75840416588386,421.80380835994043,418.63271585397734,420.2569274902344,100167800,0.009081940440554707,0.00834213695173197,0.007890443204721894,0.006207670029316321
2023-11-06,421.01102787683624,421.66844265759465,419.28045324415575,421.2237243652344,67831700,0.00229784796184508,0.008506974050285453,0.007971520986353628,0.006236287097572894
2023-11-07,421.2236364247306,423.0605441659624,420.0828234543573,422.4224548339844,64256100,0.0028417867703935274,0.011507620417856843,0.008219243605719274,0.006395094075090938
2023-11-08,423.02196085453033,423.5440394282341,420.43095231056213,422.73193359375,61746000,0.0007323603304571246,0.011385508742954732,0.008154236087647404,0.006506918147521107
2023-11-09,423.8727133946502,423.9113935278032,419.0097266771128,419.43511962890625,83174400,-0.007829398676411371,0.009230838804698334,0.007173176734319818,0.006058581459204643
2023-11-10,421.50416243357046,426.28978983275846,419.4255253010769,425.98040771484375,89462200,0.015484501180546999,0.008265761992914898,0.006356210053789285,0.005303568555238369
2023-11-13,424.64616313137293,426.6764127794683,423.86306009469695,425.57427978515625,52236100,-0.000953850566361404,0.007706148239099023,0.006247288532099142,0.005264847927736956
2023-11-14,431.50076562505876,435.1165763059157,431.2783917339626,433.83074951171875,97176900,0.01921497658991116,0.0035639121570695833,0.0028689087645259737,0.00442889680688239
2023-11-15,435.16489156652574,436.39274237985995,433.8983901244557,434.7491760253906,77327600,0.0021147779932692576,0.0036598076157331487,0.0029812642309157322,0.004432306769386888
2023-11-16,434.3045010394223,435.60000533429076,433.2410185572766,435.2809753417969,66665800,0.0012224849490570433,0.003716648989197222,0.003286850926869141,0.004518855629385234
2023-11-17,435.2906012114316,436.43144390959674,434.37216191303287,435.8223571777344,83133200,0.001242979760103776,0.00414562695272509,0.004007489750826297,0.004571303931134066
2023-11-20,435.57099160312566,440.0182630951851,435.5613141930735,439.1771545410156,69936200,0.00766815011206009,0.0024383201165705543,0.003334114362329322,0.004489081187355889
2023-11-21,438.13296253247677,439.05143128536895,436.95346926763995,438.219970703125,49244600,-0.0021818722447999412,0.002133547791085387,0.003545801945737235,0.005725456252830331
2023-11-22,439.87318409093035,441.2266936036218,438.81937920232434,439.9118347167969,59394900,0.0038533306655125763,0.00216284434092471,0.004112629507800672,0.0059606690800896546
2023-11-24,439.96030328520334,440.3760189003886,439.6315958566172,440.1826477050781,29737400,0.0006154180084923244,0.0032071543291053006,0.00426527091086963,0.005950437652595196
2023-11-27,439.55423153875734,440.36633744385705,439.003150191057,439.389892578125,50506000,-0.0018025922941130714,0.0043215979719708935,0.00421836711461079,0.005890387095033549
2023-11-28,439.00313736224456,441.12042500107185,438.4424081242647,439.8249206542969,62115000,0.0009895832170376596,0.004352744876637994,0.004307244369726837,0.005882344551909664
2023-11-29,441.97114450802434,443.10230972873876,439.1191116939092,439.5154724121094,63146000,-0.0007038190384555812,0.004854348525028609,0.005536211387640026,0.00585606495895957
2023-11-30,440.35662667945024,441.59412543023933,438.28766732031204,441.2460632324219,79752700,0.003929765271094883,0.005775317974617857,0.005533769754975089,0.005970797939645973
2023-12-01,440.6369952391435,444.3881717849613,440.0472633152973,443.8564453125,89183400,0.005898502429520598,0.005456347357758109,0.0056626374438289466,0.006150842908980327
2023-12-04,440.4726841519421,443.87579870037587,439.25451058722007,441.5264892578125,72430900,-0.005263172221230215,0.0044992915277776244,0.004986775975423216,0.006356371516442264
2023-12-05,440.14391844231596,442.3965419933345,439.7668535301099,441.4394226074219,69793500,-0.00019721407022136404,0.004337002496725831,0.004834367003780968,0.006434793414123722
2023-12-06,443.5760069120985,443.6050096339301,439.22542161159066,439.6604919433594,69124700,-0.004037982643854668,0.004124419405161361,0.007185065228766948,0.006308485305214591
2023-12-07,441.73911050428126,443.6630266124851,441.13970123464765,443.0152893066406,66995400,0.007601462708060288,0.004373500683686869,0.007328340606888738,0.00678899042512362
2023-12-08,442.2709087807209,445.4516788944759,442.02920955180366,444.9199523925781,83194400,0.004290101164503055,0.005570960028634514,0.007337006335574911,0.006808153855959675
2023-12-11,444.4268611503367,446.8245280398024,444.21416465607524,446.6504821777344,65002200,0.0038819859683213395,0.005558132850147058,0.007340751652701599,0.00684946506256982
2023-12-12,446.30240990232363,448.78708475043413,445.30661038207074,448.6903991699219,68327600,0.004556746071599175,0.005563231996624395,0.007340726577532873,0.006833003981163231
2023-12-13,449.06747102737427,455.12930631637573,448.70976090431213,454.8779296875,93278000,0.013695980793080417,0.008303775890026177,0.006332189590323444,0.006201415696528108
2023-12-14,456.8114895469167,458.0006602364905,453.6693999362765,456.3377685546875,119026000,0.003204159276388774,0.00933600448086779,0.006465098200073307,0.006254903124752879
2023-12-15,455.7417439978948,456.91633245678577,453.74207009746453,455.58642578125,141553700,-0.0016478188606348465,0.009209161442573272,0.006766898135820324,0.00638644074984556
2023-12-18,457.1881393985243,459.12957270241793,456.13006180277284,458.1491394042969,70375300,0.005609326024369213,0.00908639720408737,0.007057653885339652,0.0065666440727017005
2023-12-19,458.69270565753243,461.012732509764,458.61506136543755,460.93505859375,55761800,0.006062399349302928,0.008751578227029102,0.006673027705672721,0.006988721633683804
2023-12-20,460.0808576886502,461.96405036999886,454.1206728290634,454.54779052734375,102921000,-0.013954104579225074,0.0035559504780745535,0.005094940895675247,0.006067005168209202
2023-12-21,457.5278204873464,459.1295265010188,455.1107457468796,458.85772705078125,86667500,0.009437141394985027,0.0026236203002044842,0.006181870315937373,0.005792396145441394
2023-12-22,459.98374941589714,461.45925759296136,457.8870276491879,459.7799072265625,67160400,0.0020077132726565154,0.003878425571183123,0.006180607230680151,0.0057898754270431715
2023-12-26,460.1876248035588,462.62410332069675,460.1099508863103,461.7213439941406,55387000,0.004213645152389171,0.004133433365495141,0.006302611039100068,0.0058289665552957596
2023-12-27,461.5175089754055,462.7017844285322,460.98362668768385,462.5561828613281,68000300,0.001806468446889951,0.0032084189764503743,0.006278632864229485,0.005855031812884672
2023-12-28,462.91536504878167,463.5657286208665,462.3135254600746,462.7309265136719,77158100,0.0003777068817898988,0.0035519491177213322,0.006281711275975509,0.006042043830160686
2023-12-29,462.53673484415077,463.060930093317,459.44014657654174,461.39129638671875,122283100,-0.002899250839615055,0.008824746698330598,0.006326291132368877,0.005978838248146024
2024-01-02,458.333531951908,459.7993234289346,456.71242227128295,458.8091735839844,123623700,-0.005612102284534582,0.008387631993056971,0.006322599634971131,0.007061525683020438
2024-01-03,456.6542157231931,457.3919698393569,454.4604162904711,455.062255859375,103585900,-0.008200144133699842,0.006951174191497351,0.0061862833565026875,0.007186969307213017
2024-01-04,454.5865251948926,457.16863464029916,453.37312956964047,453.5964050292969,84232200,-0.00322640869396398,0.006387288133319277,0.006767955031611109,0.007301387874746442
2024-01-05,453.8003122508208,456.66393818647634,452.7713549830218,454.2177429199219,86118900,0.001368866059314457,0.00645960011555005,0.006749781743651428,0.007438592550291335
2024-01-08,454.71278328613425,460.84771948944723,454.5865853845721,460.7021179199219,74879100,0.014174976088312662,0.0034717962788631557,0.005562262708272727,0.006921673612030816
2024-01-09,458.05208481523704,461.02247554943773,457.54732279548995,460.00323486328125,65931400,-0.0015181473394466772,0.004324806101028787,0.005431273289331029,0.007006836724190847
2024-01-10,460.275022232607,463.4686883884697,459.99350610212235,462.604736328125,67310600,0.005639466470761317,0.005559827370291594,0.005417413509684575,0.006980308473707495
2024-01-11,463.60461925818277,464.11909796202355,458.4307119015927,462.40093994140625,77940700,-0.00044063813929902113,0.007822685604041932,0.005471521555956798,0.0069930895233603655
2024-01-12,463.847256832393,464.5850109920546,461.31370050606375,462.7212219238281,58026400,0.0006924101668308735,0.007764564785849345,0.005705463159029296,0.007013392353917904
2024-01-16,461.34278348918724,462.6532272077025,459.2071951071508,461.0224304199219,85014900,-0.003678062446697538,0.00689646554681421,0.005392243235492168,0.007809768296186932
2024-01-17,458.00360079309655,458.9451972598832,456.11069121201325,458.4598388671875,68843900,-0.0055740023993898265,0.004906629888674763,0.007897652376078505,0.007749857664609036
2024-01-18,460.12935459709723,463.09002818161,458.58591886010277,462.5367126464844,91856200,0.008853237075158416,0.00454194204107924,0.008379431902416138,0.007679627349459194
2024-01-19,463.66277131466796,468.5843115147551,462.5852901238366,468.30279541015625,110834500,0.012389152946588758,0.002453475693101121,0.008150229183830621,0.00749585400035768
2024-01-22,469.83653714242234,471.0110958989677,468.6425450951434,469.2929382324219,75844900,0.0021120897948163327,0.0035860547685440504,0.008376429868462421,0.00766821875215993
2024-01-23,469.8365052457373,470.90426970251536,468.7493074995451,470.6615905761719,49945300,0.0029121691934372216,0.004015543656860027,0.008376249471827257,0.007659935948460054
2024-01-24,473.52526505734005,474.45714470411593,470.6810725123754,471.1761474609375,81765000,0.001092665785579823,0.0094755756971272,0.008609812416156968,0.008782927858340605
2024-01-25,473.30199623812143,474.0106300348732,471.1761540957068,473.73883056640625,72525000,0.005424169260190304,0.01121426031087228,0.00857132488028293,0.008755991653500193
2024-01-26,473.311776348533,474.79697179035713,472.292535611096,473.1370544433594,76641600,-0.0012710772628065198,0.011960997700347828,0.008553760163230222,0.0088191957269838
2024-01-29,473.4476564539632,477.0296033689382,472.90405748370506,476.88397216796875,61322800,0.00788811415354653,0.01185293166590698,0.008406361159273526,0.008704977163967781
2024-01-30,476.1947226231299,477.2236798269538,475.7578883130134,476.51507568359375,58618400,-0.0007738554042314384,0.011866474977489943,0.009785806637369424,0.008713608066771237
2024-01-31,474.31155855924624,474.75807991768903,468.7202212489611,468.7396545410156,126011100,-0.016451854235812403,0.006649162525701969,0.007992958016031185,0.007619090473773134
2024-02-01,470.43842101293257,474.90372358641025,469.6327095934461,474.8746032714844,91891600,0.013003269341093398,0.005751625055662487,0.007368186834548381,0.007395361018925025
2024-02-02,475.31136898916844,481.523949196212,474.97161226030033,479.8737487792969,99228200,0.01047226985909592,0.004642878386678201,0.007148418146075332,0.007176208311721376
2024-02-05,479.2428126687566,479.90289286822576,475.87442477356564,478.12646484375,75757100,-0.003647777627159559,0.003653418660411552,0.007307611742245725,0.007563121638458992
2024-02-06,479.0680669349689,479.84465802363434,477.6411122849623,479.5146179199219,55918600,0.0028991113130472563,0.008586579623810547,0.007272641715427713,0.00759992225810701
2024-02-07,481.75695184930976,483.93134756331705,480.8541628931194,483.5139465332031,70556500,0.008305779812444868,0.008769308561802117,0.009404130825318989,0.007680912821555063
2024-02-08,483.51398020972,484.10610316011065,482.69858176017516,483.7275390625,52343600,0.00044165296040262766,0.009273352081995988,0.009400278907747372,0.007868029585169557
2024-02-09,484.2322563033971,486.95996752942966,483.89249957484776,486.5231628417969,63979400,0.005762699290796253,0.009277649989405515,0.009442100616132784,0.007810668665521727
2024-02-12,486.4940393494017,488.7557959365899,485.59125041968997,486.3096008300781,56502300,-0.00043905185582635497,0.009520440597781878,0.009432441605920891,0.008094940918092222
2024-02-13,480.04846760997253,482.5334996770295,476.35003982173856,479.61163330078125,113099200,-0.013868780706439423,0.0066589765200712045,0.007921680047109482,0.007288754628082086
2024-02-14,482.2423099561509,484.4555426281319,479.9222830533005,483.9701843261719,68387800,0.009046623071212699,0.010724732019038098,0.007596917785008551,0.007156835407619595
2024-02-15,484.6690979139186,487.4938867654942,484.19342663721847,487.3094482421875,61683000,0.006876036438323735,0.010601327966356124,0.007813936558709168,0.0072851926532370185
2024-02-16,487.00856229426716,488.1442842020213,484.144936285217,484.8826904296875,75532900,-0.004992352347355053,0.010387726429558947,0.007508985974632268,0.007227040616655138
2024-02-20,483.1450143046399,483.8148110550334,479.97078203566997,482.213134765625,71736700,-0.005520781653618526,0.009429600672851297,0.00815614259298333,0.007085477483909986
2024-02-21,480.9124325062878,482.80531210783914,479.10688422021883,482.6499938964844,59293400,0.0009055360241964325,0.009665228052266678,0.008195425612837386,0.007257380083096408
2024-02-22,489.25094105413393,493.5997329784438,488.2899113619232,492.63873291015625,76402500,0.020484371483982366,0.002817247116024631,0.006000251171463813,0.005898998083924749
2024-02-23,494.35679443193635,495.19162604856547,492.250356160334,492.9783935546875,61321800,0.0006892344884380418,0.004991316881618966,0.0064505079620901734,0.0059477764388760805
2024-02-26,493.41526570907337,493.8521000550051,491.0467146922128,491.17291259765625,50386700,-0.003669116671908939,0.004353728469737311,0.006295549415690849,0.005910179627220055
2024-02-27,491.86211180789684,492.30863314805396,489.9692025931845,492.0853576660156,48854500,0.0018559626862470018,0.007140330448493493,0.007004195779441074,0.005956267159209785
2024-02-28,490.5322390639573,492.01743437576624,490.17307863790023,491.4350280761719,56506600,-0.0013224528826255336,0.00738826667416839,0.007017296411110255,0.006122440755055668
2024-02-29,493.19203416880555,494.8131144463538,490.5516835957709,493.20172119140625,83924800,0.0035885213758852525,0.008334260338693706,0.007088913841783849,0.006122595879115116
2024-03-01,494.07533144522296,498.2590878764062,493.6676174504883,497.83197021484375,76844800,0.009344349753417778,0.008068792597132553,0.006909621546872825,0.0058825275267058354
2024-03-04,497.03604251314806,499.1424809176813,497.00689257657365,497.298095703125,49799300,-0.0010729744406745574,0.008065188699823462,0.007169948085484927,0.006099158993612473
2024-03-05,495.29839314371003,495.7449440770518,490.1244870696133,492.3280029296875,72855600,-0.010044469455392535,0.007145886095298368,0.006281578469679925,0.0055408070366688225
2024-03-06,495.5993458504527,497.0748540345267,493.53174438668293,494.8227844238281,68382400,0.005054520216213022,0.007451026730116694,0.00663483430214902,0.00624184419043063
2024-03-07,498.1134781427479,500.78294851299574,494.88097561410905,499.73455810546875,58652100,0.009877386462072497,0.006281476118343912,0.006116206575606408,0.006283599607862399
2024-03-08,500.3656691875528,503.0447976060077,496.1624491386697,496.73516845703125,86532500,-0.006020049835704894,0.006500111615662884,0.005657072449239826,0.006093331103102279
2024-03-11,495.53145243574386,496.8904498381802,493.6094227797772,496.3080139160156,62557200,-0.0008602940434872539,0.006996287583252496,0.0058000351123913075,0.006080482389108311
2024-03-12,498.41440902025136,502.2293178339327,495.90022716452177,501.64691162109375,73114400,0.010699779125871191,0.0054649668140276855,0.005000754836836808,0.006098076228181905
2024-03-13,501.9672573875113,502.14197926945354,499.4239845817287,500.8606262207031,55104100,-0.0015686377048351032,0.006597491894819312,0.005465158442486361,0.006317700002459984
2024-03-14,501.83132111592977,501.9866689472691,496.8321662856789,499.8705139160156,110171800,-0.001978778491139844,0.006135604773380707,0.005359827115950873,0.007066974592235198
2024-03-15,496.80813351794416,498.2590153922283,494.7730358188075,496.4381103515625,107646300,-0.006890268859496288,0.00411110397772903,0.004620562967743477,0.007454905099209671
2024-03-18,500.4985887866016,501.93969410963876,498.97956820958467,499.3885192871094,88893300,0.005925564713180833,0.005044636344891101,0.005178857322406429,0.007301513276850964
2024-03-19,498.6972103635703,502.44605736767124,497.6942371868493,502.1636962890625,60755300,0.005541766192918167,0.005077918400817242,0.004946468255259448,0.0072176470398549655
2024-03-20,502.22210687375775,506.9446864437559,501.5502289693654,506.808349609375,69594600,0.009206768706146819,0.004750834792804195,0.005485577950495416,0.00676410546460032
2024-03-21,509.6419901809582,510.34304922248214,508.20082532016534,508.4832458496094,60256100,0.0032993432962288285,0.004587848315294601,0.006525647869589524,0.006799390810228171
2024-03-22,508.395641528445,508.8825079510304,507.2855718212856,507.5193176269531,79070800,-0.0018974922830404097,0.0045693281685197,0.006522826900866419,0.007296517840947323
2024-03-25,506.1462159868013,507.2660322991133,505.96120440733904,506.1170349121094,48512100,-0.00276683764530776,0.00539828441524132,0.006487809399316027,0.007926538341667037
2024-03-26,507.5386061090331,507.87944816611747,504.78298573958654,505.18218994140625,65463700,-0.0018488004618384254,0.005355541900658591,0.007215030773179172,0.0079281890462693
2024-03-27,508.00609219695343,509.4666912006187,505.8443747669276,509.4277038574219,82999800,0.008368809964334254,0.00547230576428663,0.007097611014696151,0.007606947041524891
2024-03-28,509.46662856862366,510.82981847863687,509.04793070421056,509.3302917480469,96294900,-0.00019123699660187932,0.008483528860025106,0.008168494454069941,0.00801505899991249
2024-04-01,510.07048202760325,510.60602319461645,507.28556098165114,508.4443054199219,62477500,-0.0017410270493853,0.00854842652983967,0.008776540625993576,0.008090970004273706
2024-04-02,504.62727251731803,505.34782527414643,502.9134932946272,505.2115478515625,74230300,-0.006378434097051289,0.008085819571576449,0.008725725144477843,0.008678530071008625
2024-04-03,504.1209296756727,507.2661271144131,504.07225492080545,505.76654052734375,59155800,0.0010979322656195938,0.009230421034621435,0.008642211902986923,0.008660485492702352
2024-04-04,509.76856679026787,510.10934946561747,499.2911933332161,499.5930480957031,96858100,-0.012281317246784867,0.007892549943075481,0.008101888433762878,0.008639966463875697
2024-04-05,500.94653513579135,506.7694375345306,500.5083435441168,504.8122253417969,74546500,0.01039266590866465,0.008792778277145802,0.006834107687671081,0.008780787378580504
2024-04-08,505.5133313161047,506.51624504555883,504.28641866242464,505.0945739746094,48401800,0.0005591578160680972,0.009429206533400285,0.007998042153248765,0.009116032381909422
2024-04-09,506.8278303713481,507.0712635271461,500.8393509659492,505.6788330078125,68049200,0.0011560634544559975,0.008980394659622056,0.009319270707475265,0.009115620437794188
2024-04-10,499.9922448100833,502.6018412987628,498.6388015333815,500.6154479980469,82652800,-0.010063512906370174,0.00871954983786005,0.008960114002076185,0.00881578638197468
2024-04-11,502.1344572387197,505.8346295064768,498.6290433917763,504.3935241699219,70099000,0.007518527841692619,0.005722800287148308,0.008359867121861937,0.008748006465322354
2024-04-12,500.85886371567153,502.2707879594682,495.70780962230026,497.43133544921875,92561100,-0.013899237453002474,0.0045820398226760475,0.008184313193655427,0.00809357322955561
2024-04-15,501.5989207934361,501.7644387082916,490.3522904966187,491.199462890625,92101400,-0.012607244506947673,0.006818125614101455,0.007045524340718718,0.0074441586832895805
2024-04-16,491.6766166443132,493.19563735543574,489.0183155418661,490.30364990234375,73484000,-0.0018253905165380516,0.009165162494485504,0.008879927424537934,0.007426514498930398
2024-04-17,492.7574157801548,492.9229634124424,486.00945537176443,487.4018859863281,75910300,-0.005935882184822059,0.008453534762245866,0.008730259765664316,0.007529728862676616
2024-04-18,488.7943295112607,490.88784877913054,485.46415075166374,486.39892578125,74548100,-0.002059888526688224,0.008692428057634437,0.00916739248164533,0.007529724430826867
2024-04-19,486.32104754330464,487.3142441699,480.8876025986124,482.1534729003906,102212600,-0.00876665026417122,0.006900278899648697,0.00907103283900321,0.007031262067713906
2024-04-22,484.75331996273405,489.18382142190774,482.4163675078979,486.59368896484375,67961000,0.009166988731787952,0.0065459717580057955,0.009158205816139828,0.006909509192528457
2024-04-23,488.5996095177476,492.79639521919916,486.4087108687592,492.3679504394531,64633600,0.011796843117986797,0.009493220260639576,0.008669220490976697,0.00658805240578459
2024-04-24,493.2540334865075,494.0427545951939,489.914137461728,492.1342468261719,55928100,-0.00047476505043886254,0.00950265315539458,0.008651153775658433,0.006666449600631424
2024-04-25,486.0678327855915,491.02412816029823,484.42222231211605,490.2646179199219,69122400,-0.003806256767070195,0.010627470463957477,0.008425930406016894,0.006881154928367538
2024-04-26,493.04949947545424,496.4867743057136,492.41657923952914,494.9093322753906,64306100,0.009429296762451992,0.01128518477129055,0.008152409949521657,0.00675202339053338
2024-04-29,496.69128964862307,497.33395677101214,493.9258924563797,496.6620788574219,46415400,0.0035352943577886503,0.012014314743936444,0.008172790045104595,0.006748783525509722
2024-04-30,495.201551843949,496.1752846468065,488.7944030761719,488.7944030761719,77483600,-0.015967915572244112,0.006684590697807592,0.005147027292323884,0.0057207797273899795
2024-05-01,488.2100967940072,494.841213980312,486.7397509352648,487.2071533203125,80242800,-0.003252558655809092,0.00561387749860114,0.0050073372510315945,0.005942403885394833
2024-05-02,490.90730120185356,492.60161619088024,486.4281251448712,491.7641906738281,62550200,0.009309915548287905,0.0054095756745644865,0.0053775952794643846,0.005927280541194726
2024-05-03,497.73318173027803,499.08665465274976,495.20147091341136,497.8597717285156,72756700,0.012319140149140225,0.004270642700098246,0.004694873896488224,0.00542703617510605
2024-05-06,500.2552260399176,503.0400875844757,499.81703439349593,503.00115966796875,47264700,0.010274021101716551,0.0023405318527118563,0.004075733039281001,0.005027307327210336
2024-05-07,503.9651034446084,504.9485829994704,502.8842743906612,503.55615234375,52561300,0.001102754359638734,0.0026271807454011017,0.0040436976895652605,0.005565922276394729
2024-05-08,501.72550045922026,504.14033844049237,501.6086572944442,503.60479736328125,42047200,9.659830354466384e-05,0.0047803456231345345,0.004355662589684606,0.005567688969949967
2024-05-09,503.78989858456765,506.5455791466874,503.1375142265029,506.506591796875,43643700,0.005745509747332412,0.005602368871630622,0.005137313335604532,0.005516284586856704
2024-05-10,508.1034888313709,508.91170366265516,505.9418306327187,507.15899658203125,52233200,0.0012872191435090428,0.0055896712619758916,0.00542414021786851,0.0055304691013359115
2024-05-13,508.8337334335511,508.94082976185797,506.0878002167031,507.22705078125,36716400,0.000134178106052865,0.005463693190201473,0.005409676045989889,0.005526368249642669
2024-05-14,507.42190503136476,510.0704892557743,506.8863638567624,509.55438232421875,57535900,0.004577848358797717,0.005439888109439307,0.005940989194252198,0.005687696004202132
2024-05-15,512.0179402902028,516.1563047340521,511.38499019072265,515.8641967773438,59504900,0.012306962683525465,0.002342196297749313,0.004652058116504342,0.005113781088205795
2024-05-16,515.9614786446474,517.558414507879,514.6566506998298,514.802734375,50244800,-0.002059759065787944,0.004064655453491294,0.0056831594049571565,0.005059280464408018
2024-05-17,514.9196434193897,515.6110151080264,513.4687910457112,515.5428466796875,59187600,0.0014366295068171599,0.005311991456079495,0.0056660304653024405,0.005271224454013062
2024-05-20,515.6595992673854,517.5973177042522,515.2700824401487,516.13671875,37764200,0.001151272460572113,0.005291196606887206,0.005665067988774086,0.0052735772892516745
2024-05-21,515.3772058901883,517.5583573493641,515.1727006539206,517.4025268554688,33437000,0.0024494642922206333,0.005822761126351353,0.006827828510227471,0.005361332616312539
2024-05-22,516.7113097871478,517.4221156794935,513.7413773413039,515.912841796875,48390000,-0.002883313528138968,0.006199706048754067,0.006723763978944832,0.00530654586963188
2024-05-23,518.9606609347318,519.0677572803991,510.9370526401655,512.14453125,57211200,-0.007330967166568576,0.007389698320371546,0.00614439216702954,0.005018949161174538
2024-05-24,513.9847589456947,516.3412347653415,513.0402667962413,515.5330200195312,41291100,0.006594482958191128,0.0066165557249316985,0.005918340820823528,0.004915282198963911
2024-05-28,516.3411878885217,516.5748741957514,513.2641596915468,515.8932495117188,36269600,0.0006985075278292397,0.006640042080568287,0.005927911268051054,0.004911551545792378
2024-05-29,511.87174962966077,513.458938533357,511.5698948988185,512.2807006835938,45190300,-0.007027144955959344,0.007345031607063217,0.005476664915297632,0.004471264060439774
2024-05-30,510.7422784507473,511.4044095336918,507.6360688600374,508.8824157714844,46377600,-0.006655738740170981,0.005472406955277803,0.004379442425810841,0.0042277333513634306
2024-05-31,509.8367164200918,513.6439850215788,504.7440541264526,513.5173950195312,90785800,0.009066924606624118,0.005283895963412001,0.004036711937882315,0.003905638964826669
2024-06-03,515.1239586121396,515.4063196265455,508.87255350557365,513.9359741210938,46835700,0.0008147895316549929,0.00519948409557837,0.004253159632268984,0.004044297584854008
2024-06-04,512.6312623824123,515.250605333056,511.17066354967966,514.5105590820312,34632700,0.0011173843309696151,0.005116825033122953,0.004184531655752511,0.004068987916606069
2024-06-05,516.8280887412405,520.645104022442,514.8416361330836,520.6256103515625,47610400,0.011815107203701696,0.0036318132888348083,0.0035402565111363176,0.0035099547916384935
2024-06-06,520.9276295048329,521.3560743759424,518.6880556280096,520.6160278320312,30808500,-1.8405947630384818e-05,0.0033869502422020827,0.003658459071449996,0.003484274158206404
2024-06-07,519.6421901069427,522.7873872843439,518.55161418802,519.9830322265625,43224500,-0.0012165986071686482,0.0028961335106866106,0.00391469012129122,0.0034097491610322926
2024-06-10,519.1747009286601,521.9108869486413,518.5807383516342,521.5895385742188,35686100,0.003084773287294335,0.0035578670547489442,0.003946492052038433,0.003816930589730133
2024-06-11,520.0415307577631,522.904307826486,518.0745713052842,522.8458862304688,36383400,0.002405794044082817,0.00354148174115114,0.003950893717188446,0.004560917344803052
2024-06-12,527.4028804771598,529.8274655446977,526.1077992631506,527.1399536132812,63251300,0.008179331872468738,0.0038604312642390322,0.0032803946179803807,0.004442974997544411
2024-06-13,528.8828575806059,529.0581223075357,525.4163720846324,528.2012329101562,44760900,0.0020112541198611792,0.0041538593304813335,0.0036455406565329713,0.004447392846725698
2024-06-14,526.6725890295746,528.551886156822,525.6696157422205,528.522705078125,40089900,0.0006084317130127014,0.004666372797686941,0.0036724378715088267,0.004524460098340878
2024-06-17,527.8410283318889,534.1216160104203,527.3833430672393,532.7291259765625,55839500,0.00792732281595392,0.0031951577309889253,0.0034206825273757195,0.005601665209983669
2024-06-18,532.7874995764366,534.2091705580833,532.3688016931667,534.0825805664062,41376400,0.0025373836970603806,0.0029638488390464667,0.003586416025501587,0.005918705793381408
2024-06-20,535.0076850141029,535.669816103357,530.8595742964317,532.6317749023438,70328200,-0.002720140684686762,0.0027547813973601994,0.0036460965848422386,0.006096006222400716
2024-06-21,531.810221745453,533.0313142277637,530.4621308750893,531.9176635742188,64338600,-0.0013416219283542625,0.003350382058188667,0.0034964378748481312,0.006467716250266279
2024-06-24,531.7418545665156,534.3012597413704,530.0713785197397,530.1885986328125,45528700,-0.0032559199214208224,0.0029161050382443105,0.0030188310472750554,0.006421199689176249
2024-06-25,531.4097461795637,532.5917853363576,529.8956032092343,532.2303466796875,37936200,0.003843588387563958,0.003778653465630082,0.0038298259226502386,0.008310395586315892
2024-06-26,531.1167351250136,533.6077524053179,530.4720243887124,532.8946533203125,38550600,0.0012473779636393873,0.003985262309874361,0.0053199125816793605,0.008371439835132029
2024-06-27,532.7578061070262,534.3110621107577,532.0153722749866,533.7346801757812,35041500,0.0015751058081029368,0.004257625994119529,0.0054851522240749705,0.008769123901842065
2024-06-28,534.5064116818106,537.5543137581463,530.3938098387125,531.6343994140625,76144500,-0.003942827932309525,0.0023704881510029025,0.005004033663131921,0.008725128537217935
2024-07-01,533.0117876323043,533.2560061424955,529.9737236752046,532.728515625,40297800,0.0020559089026094984,0.002630708171326452,0.005060258490480573,0.008784452163157526
2024-07-02,531.126400132376,536.3135986328125,531.0775683576217,536.3135986328125,40434800,0.006707119204569822,0.0036666673367651242,0.007363348955873002,0.009410285505929601
2024-07-03,536.000949362856,539.068347757372,535.9618958708759,538.7069091796875,32789900,0.004452593199006118,0.006907695184328351,0.0078013580615786966,0.009880117967976665
2024-07-05,539.0097918869257,542.2139076372644,538.3747999305978,541.8134155273438,41488400,0.005750035118812811,0.0069880533556936795,0.007810753340775908,0.010530249983893878
2024-07-08,542.5948722312855,543.3861377502993,541.3737797869028,542.4385986328125,36110500,0.001153206388531594,0.006980668275933247,0.008584877042556558,0.01215934388239577
2024-07-09,543.3959524424528,544.2946598471173,542.6730752067231,542.9661254882812,27289700,0.0009720372231332721,0.007105130483368114,0.008586789010420735,0.012454263755200638
2024-07-10,544.1872136667199,548.6808102777995,543.894163387503,548.3389282226562,38701200,0.009846643936390637,0.00927555495247851,0.01033137785746583,0.01209163677894997
2024-07-11,548.4561564855596,549.3255886798729,542.9759074999535,543.61083984375,53054200,-0.008659955000958364,0.009102819372613376,0.010202376326967848,0.013425627568202758
2024-07-12,544.7343252522627,550.6346235261244,544.2654447499774,547.0397338867188,53084400,0.00628781650657893,0.008171237049163104,0.01080619397212665,0.013368018922816706
2024-07-15,549.0325654558818,551.7775792240066,546.6880438244344,548.5441284179688,40584300,0.0027462899528490525,0.010161920931314534,0.010703808012476614,0.0133315737680235
2024-07-16,549.8530882979716,552.090108393895,549.1008762046278,551.7970581054688,36475300,0.005912600934859084,0.009116886536019992,0.010237444129598863,0.013872152529455511
2024-07-17,545.8772131422685,547.5476892504238,543.7378565645935,544.0602416992188,57119000,-0.014120351175631823,0.011971978970041992,0.011364008923276,0.013617210070630827
2024-07-18,545.5940223403177,546.5806748281783,537.700862061102,539.8792724609375,56270400,-0.0077144340964305355,0.011920089634200923,0.011960055321761203,0.014107002202902823
2024-07-19,539.644738170822,541.2663824595259,535.2390267295067,536.2940673828125,65509100,-0.006662901242614875,0.013880070146921211,0.013075591726834025,0.014024680577128508
2024-07-22,540.2112543695183,542.4287771514711,538.2770631712352,541.8231201171875,43346700,0.010256957726202264,0.012398359805901956,0.014574513523121132,0.013998458656708186
2024-07-23,541.7157629327536,543.8648979607326,540.4849516029554,540.973388671875,34439600,-0.0015695130393363968,0.012354055760033393,0.015389284412562928,0.013998902988308068
2024-07-24,536.1670544374522,536.4698829953903,527.7952370228695,528.7135009765625,74515300,-0.02292338939844813,0.009693913415996826,0.014202578562395473,0.012879332855926613
2024-07-25,528.8308137450439,534.7995603016705,525.0210402154329,525.9588012695312,61158300,-0.005223814004411388,0.012238355185164662,0.016569068691134968,0.012968504436715723
2024-07-26,529.7392825093052,534.5357078065754,528.9675138593225,531.8493041992188,53763800,0.011137301344201628,0.013701734972574903,0.016131492662037537,0.01294717934893542
2024-07-29,533.3927971337158,534.3989464184045,530.1690650137424,532.1619262695312,39515800,0.0005876292850229215,0.017205637130026936,0.016130339270425276,0.012976451530474359
2024-07-30,533.6271909452782,534.6822315404584,526.0661958644091,529.4656982421875,46853600,-0.0050794341860085955,0.01933899366406797,0.017086087371213955,0.012885463688381569
2024-07-31,536.2843251839307,540.6998152024645,534.9167372159726,538.072021484375,65663400,0.01612403860144832,0.014456836634549067,0.01619569747192817,0.012528504820996263
2024-08-01,539.7912440920945,542.0380422456446,526.955106117804,530.4523315429688,76428700,-0.014262321830854486,0.02104916018471611,0.016428487031559396,0.012028947946062072
2024-08-02,523.3603616135271,524.571676102486,516.3756871144337,520.5762939453125,82789100,-0.018793642802819945,0.01964976161063277,0.0147550805327118,0.011162495805057009
2024-08-05,499.80782241877216,511.4717002411795,498.4694800108966,505.4150695800781,146267400,-0.029556443853860397,0.011046884908743356,0.008918801374700256,0.009929146887418914
2024-08-06,507.21253555376086,517.4990483238507,505.89377938390135,510.0748291015625,84826300,0.009177427039382687,0.01197370625797912,0.009382066031769708,0.0098934292937305
2024-08-07,516.2485672171777,519.2964689099484,506.06955696870784,506.6654357910156,70698300,-0.006706542874627974,0.009638468807878577,0.008243191009691443,0.009724700376267494
2024-08-08,511.79399346845105,519.0033278281719,509.7719169059722,518.378173828125,63276600,0.02285414538728099,0.007777603577183087,0.007710413140559802,0.009498294318654949
2024-08-09,517.5576103421191,522.1489300560904,516.3365178449808,520.6640625,45619600,0.004399998921796559,0.008100112405547666,0.007926953234795697,0.009744785598579277
2024-08-12,521.8558860240913,523.3406939742863,518.6712672136742,520.9376220703125,42542100,0.0005252671547187688,0.006991199759256205,0.008172450100714553,0.0097673993744888
2024-08-13,524.122235093717,529.739260585726,523.8780165940644,529.5047607421875,52333100,0.016311848742340495,0.007308765319091053,0.00718746126272449,0.009365082902358298
2024-08-14,530.2960824274743,532.3573320967027,527.6292352085552,531.17529296875,42446900,0.003149929334443642,0.0072819002787117846,0.007777084753626586,0.00949688094367727
2024-08-15,536.7921554149043,540.5628739894906,536.186498426184,540.2796020507812,60846800,0.016994701781210857,0.006434769272347685,0.005927702706695721,0.00881919318803069
2024-08-16,538.667786928332,542.1845687274085,538.51151333941,541.490966796875,44430700,0.002239597355128617,0.007738153002632533,0.006518466193084237,0.008814290851329428
2024-08-19,541.9013070349608,546.66845703125,541.0514314058853,546.66845703125,39121800,0.009516122715592325,0.006946552891629947,0.009030674575046657,0.008570187877676109
2024-08-20,546.2191462607274,547.8700657821756,544.4412283435015,545.779541015625,33732300,-0.0016273840281577406,0.006854306593443282,0.00903307236991335,0.008591384151018625
2024-08-21,546.8248322343893,549.1106842316043,541.9013486274712,547.6551513671875,41514600,0.0034306798645063366,0.007277176971788423,0.008873804256814093,0.009350910380443205
2024-08-22,549.5502804647684,550.1559376249218,542.1455582382872,543.3568725585938,56121500,-0.007879475116558792,0.006129211025018195,0.009946299823306196,0.009145339229744193
2024-08-23,546.5902786774961,550.0679473561338,544.4020310704757,549.130126953125,50639400,0.010569110917247061,0.005705896221830176,0.010032434002628576,0.008885584877852492
2024-08-26,550.1559102385648,550.8690092024209,546.1214157161334,547.8211669921875,35788600,-0.002386542756158523,0.01128514547220006,0.010288638880688143,0.008863346803159072
2024-08-27,546.5512279111676,549.0618012606642,545.4083020191189,548.5733642578125,32693900,0.0013721290323900149,0.011045045047132489,0.010981870037851095,0.00889327122725293
2024-08-28,548.2314695905903,548.661296528156,542.2041141850556,545.3887329101562,41066000,-0.005822213314323858,0.010994909246043408,0.011244974071186848,0.0087720846471843
2024-08-29,547.352316743397,550.644377643334,544.2946960843145,545.4376220703125,38715200,8.963692519125815e-05,0.012311951739185388,0.011358334443538457,0.008790868495069873
2024-08-30,547.8016102208953,551.1522806301471,544.255553101835,550.644287109375,62700100,0.00950057501834109,0.012853944267370097,0.010939576667504945,0.008605354212270098
2024-09-03,547.508549729637,547.8407131286382,536.8020487007664,539.3126220703125,60600100,-0.020793617131608138,0.0104154163118656,0.008207254034738579,0.007341739109634758
2024-09-04,537.4760847370844,541.608242662233,536.7532075195429,538.208740234375,47224900,-0.0020489287001439383,0.011545166476094037,0.008262380843819653,0.007297243524808054
2024-09-05,538.1501466111926,540.9928237930679,534.4477558926965,536.8997192382812,44264300,-0.0024351434153945,0.011693815294830542,0.009336719779996472,0.007280196233685104
2024-09-06,537.2221796738046,538.8437645502386,526.9650009606123,527.8637084960938,68493800,-0.016973211960039244,0.0029947131457717185,0.006324086671499088,0.005956581081496421
2024-09-09,532.0543726925215,535.0436043247605,530.1299001804285,533.7736206054688,40445800,0.01113369508819331,0.0034350920801242513,0.006027601570069051,0.006227697911856382
2024-09-10,535.6786451567546,536.4504138231891,530.8138314182086,536.0986938476562,36394600,0.004346456808267727,0.00424376326613604,0.006049487158338841,0.006424967987573077
2024-09-11,536.0108196239122,542.5167747623394,527.4729497044474,541.5985107421875,75248600,0.010206697423128894,0.004397561229232105,0.005982084538444552,0.006251829805850673
2024-09-12,542.1747991721596,546.4632899534062,539.957276313442,546.1604614257812,51819600,0.00838784610743805,0.007681692684694663,0.005703227877176314,0.006130259102715158
2024-09-13,546.7662628583907,550.0094922558702,546.5122660345418,549.0130615234375,39310500,0.005209414743934047,0.00807265216773999,0.005758689172755696,0.00615579008308015
2024-09-16,548.7491943236346,550.0875069413107,546.9517795427174,549.8237915039062,36656100,0.0014756151021779278,0.008042989387677286,0.005789565641928083,0.006321848799075194
2024-09-17,552.0315464267048,553.4773606816602,547.8212213158272,550.0485229492188,49321000,0.0004086500687157807,0.007917432590075645,0.006795022179289887,0.006688217223074026
2024-09-18,550.7030274298603,555.5385664291312,547.8603498689396,548.4171752929688,59044900,-0.0029702317663818267,0.007767270423536479,0.006641819155474519,0.006623808708997789
2024-09-19,557.8048475354702,559.6315971955383,554.9426137920285,557.7755126953125,75315500,0.016920308323790854,0.0028348885800454954,0.00394272419896193,0.005618817492193448
2024-09-20,556.4096197933483,557.8500005367814,553.7933228326182,556.8113403320312,77503100,-0.001730098648055058,0.002767897609677798,0.004859046395077355,0.005607130384559718
2024-09-23,557.8794446150124,558.8495067502496,556.6643550711399,558.2027587890625,44116900,0.002495787596560366,0.003023248970583842,0.005720600318410861,0.0056415183062203875
2024-09-24,558.9964868304339,559.8587776289324,556.1744550910837,559.7999877929688,46805700,0.0028572918902978113,0.005366315855413571,0.006454828147464295,0.005640340598717406
2024-09-25,559.6432009533316,560.378103761662,557.4580492681129,558.5653076171875,38428600,-0.0022080096413377467,0.00533983734776041,0.006695774595164387,0.006052091507181913
2024-09-26,562.817932214862,563.1413061737785,558.4281322177342,560.77978515625,48336000,0.003956742996381432,0.004750123926030579,0.006681535986699582,0.006014309289497873
2024-09-27,561.8478858705382,562.6611352170194,558.9376397719122,559.9664916992188,42100900,-0.001451342942798752,0.00672571375661769,0.006830611832750572,0.00599949656020428
2024-09-30,558.9376557740085,562.8179640810873,556.6447925339722,562.21044921875,63557400,0.003999298913751391,0.0075333463180031505,0.0071247741640341295,0.00597617045143233
2024-10-01,561.8576982708267,562.5043864049716,554.6066335561335,557.1738891601562,72668800,-0.008998864597382177,0.0078060181120989695,0.006929858544425419,0.005532568487664217
2024-10-02,556.282242548741,558.4281611024765,553.8913563966638,557.4090576171875,38097800,0.00042198467364129805,0.008095442157547294,0.006944909836153685,0.0056095609743571214
2024-10-03,555.9392527365582,558.3301388916863,554.106899883147,556.3900146484375,40846500,-0.0018298511436541753,0.008084099584515827,0.006842923266415263,0.00727365502899644
2024-10-04,560.8287218708198,561.818400406846,556.6642732473864,561.446044921875,42939100,0.009046165060293734,0.007602717131341997,0.006480206761296146,0.007036182779144941
2024-10-07,559.7999074826037,560.446655391967,555.2239297880301,556.370361328125,49964700,-0.00908148860476716,0.004381927406123397,0.005403610251278577,0.006738639604538108
2024-10-08,558.9376197622599,562.230029540932,558.0655806170524,561.6322631835938,37398700,0.009413109760801184,0.006841932007917163,0.0049358959193031345,0.006948578623849872
2024-10-09,561.6225357741174,566.0809942856702,561.0248291372598,565.5224609375,37912200,0.006902713739553311,0.006497327496626645,0.0056419050627951346,0.008725497185729224
2024-10-10,564.1800368650188,565.953600014702,562.9257739624676,564.5327758789062,44138100,-0.0017515697983243178,0.006296483888628963,0.005631235579089524,0.008813388184977221
2024-10-11,564.4542980317323,568.6481717987969,564.3171018304082,567.9132690429688,42268000,0.005970268023691283,0.006039919050085768,0.005298677895586561,0.008778633121216413
2024-10-14,569.520288010914,573.4888112745962,569.0401610478535,572.5579223632812,36217200,0.008145193029141917,0.0049197545547044206,0.004623192591132136,0.008641796172913488
2024-10-15,572.8224884018784,573.1262458468478,566.8942243784207,568.1093139648438,54203600,-0.0078000503766040155,0.002698413988702152,0.0038952179844610395,0.008445571729580244
2024-10-16,568.1092586044506,571.0978512020905,567.305757742965,570.5784912109375,30725400,0.0043368886625765055,0.004768445350015067,0.0037497887160174745,0.008420273187526394
2024-10-17,574.1159000748407,574.3216944108202,570.441385688738,570.6275634765625,34393700,8.600071030762595e-05,0.005022841208697088,0.007174695296456186,0.00859343087934526
2024-10-18,572.3128360166068,573.6062719503354,570.8528388827377,572.8223876953125,37416800,0.0038389558056885695,0.004296305036380123,0.007211482929627755,0.009095546346155562
2024-10-21,572.0973176864316,573.0771881011084,568.912738838732,571.8817749023438,36439000,-0.0016434167628713782,0.0048536935733036685,0.00720776086368625,0.009128006025834612
2024-10-22,569.3537388044809,572.7343039714391,568.6972423190728,571.5780639648438,34183800,-0.0005312140126283128,0.004994399025063322,0.008538466554212754,0.009153721945082006
2024-10-23,569.5594810059998,570.0004346494243,562.8571411229607,566.3552856445312,49314600,-0.009179474344185241,0.0024328972309896175,0.011246353727921404,0.008861574116597971
2024-10-24,568.3052337104026,568.3836400907534,564.9639018539431,567.5801391601562,34979900,0.0021603593383062066,0.009289391940184657,0.01137816287184208,0.008910880532543509
2024-10-25,569.8044050522926,572.6950344865168,566.443456997856,567.3840942382812,47268200,-0.0003454644966876584,0.009903333888517829,0.011331032310303232,0.008912064786005175
2024-10-28,570.8528957024953,570.9802836348513,568.8343651367928,569.1381225585938,30174700,0.003086661548734472,0.009390850046614252,0.011354600608382079,0.008915297325448759
2024-10-29,568.1778707648036,571.1762720247682,566.7864714367279,570.0592651367188,42899700,0.001617178530827376,0.011754372013057563,0.011517730983493736,0.008955595480347382
2024-10-30,569.588797638648,571.5779630983764,567.6290569957021,568.3345947265625,41435800,-0.0030300088404782684,0.01651580394317851,0.011380732423822247,0.00895571995558814
2024-10-31,563.9741674152153,564.0427655154251,556.9974954170759,557.1934814453125,60182500,-0.019797777440130348,0.009999840518618443,0.008941899541220207,0.007446376190902924
2024-11-01,559.8195584319851,563.9643910438907,559.1336371976272,559.545166015625,45667500,0.004211707102523141,0.009985954016515544,0.010457913205696358,0.00744354071157273
2024-11-04,559.6823835212687,560.9758196621659,556.4586313456186,558.3399658203125,38217000,-0.002156215568006429,0.009157548558246213,0.010331793565816066,0.007374928869756026
2024-11-05,559.2512590975022,565.1304818819561,559.0357163025479,565.09130859375,39478300,0.012019291618126603,0.010663115680087081,0.00986346370934446,0.007106111537672924
2024-11-06,577.3396500855225,580.0146771322202,573.6063462638446,579.142578125,68182000,0.02456136995947425,0.00410487408484214,0.006024859684239058,0.00492896415339456
2024-11-07,581.1414428581493,584.6395866964643,581.0630364952552,583.6204833984375,47233200,0.007702218205799306,0.004130081183362933,0.005725680649370637,0.004697848228170655
2024-11-08,584.1692634497057,587.569444510154,584.1692634497057,586.1486206054688,46444900,0.004322461816811658,0.005707275806406462,0.005627240124188227,0.004823368880068652
2024-11-11,587.7360663213191,588.0888053142032,584.9826328704219,586.7072143554688,37586800,0.0009525361525001799,0.0065288077573095555,0.005745973546031652,0.004890284379652268
2024-11-12,586.6287817012992,587.2264882691159,582.4055428293386,584.8846435546875,43006100,-0.0031112750719250325,0.007303060707052449,0.005879225274067594,0.0050829402368703916
2024-11-13,585.3451316888757,587.1676761411395,582.9836705187753,585.1687622070312,47388600,0.0004856507515451121,0.007289711578702003,0.005992871153398502,0.005259851253001889
2024-11-14,585.296183408181,585.7763103260314,580.7202054727688,581.4060668945312,38904100,-0.006450864988544518,0.007498939740856965,0.00574500379512279,0.004998392718065265
2024-11-15,577.8492248081469,578.3196033347165,572.1071978105703,573.9591674804688,75988800,-0.01289116604982928,0.001855695949768003,0.002735249840592327,0.003844670381737555
2024-11-18,574.4196493771738,577.6238450144261,573.5574183688442,576.3108520507812,37001700,0.004088931828068879,0.00180746931104326,0.0028149869670925794,0.004018368238896901
2024-11-19,572.9400384688264,579.142574989824,572.2737337790142,578.41748046875,49412000,0.003648703674754749,0.0020323801111653676,0.003022830132183954,0.008089145806524548
2024-11-20,578.4958236706298,578.8975441726233,572.8615695316089,578.6134033203125,50032600,0.00033866486397222695,0.0034202854959494654,0.0032651663581892954,0.008087575916288883
2024-11-21,581.4550801704302,583.1404284379229,575.6248397212988,581.7196044921875,46750300,0.0053539950530813426,0.0035929678674894877,0.003133331819690601,0.00845860214799559
2024-11-22,581.7098478799927,584.1497754660484,581.2101642027249,583.5226440429688,38226400,0.003094705829717668,0.0036287326999895064,0.003908613074307682,0.008538839119342886
2024-11-25,587.451946771504,588.7649396726674,583.2188992835091,585.5020141601562,42441400,0.00338636485522849,0.003726374534519688,0.004101010608461458,0.008860262850942947
2024-11-26,586.7463470552605,589.2254477201681,586.0310608458545,588.5591430664062,45621300,0.00520779653910303,0.003948927915605437,0.004454038921801805,0.008790256328895766
2024-11-27,588.3730114334577,588.755115442667,585.2570306878304,586.7758178710938,34000200,-0.003034584391838552,0.003501957522831622,0.004718475855923269,0.009094346983797724
2024-11-29,587.5889978813017,591.2047216811674,587.314665296655,590.4208374023438,30177400,0.006192731118907509,0.002869388054348112,0.004341878574784843,0.00930146392784717
2024-12-02,590.8324390421951,592.1552999944694,590.3425038316959,591.4791870117188,31746000,0.0017909296393853397,0.004209745670547265,0.004504880128499408,0.009293940944101856
2024-12-03,591.2439261058101,591.9983855319149,590.2150743018244,591.75341796875,26906600,0.00046352840648072706,0.004480408247975682,0.004739473847030194,0.00928761351428019
2024-12-04,593.438872844782,595.6729460981672,592.7725681970518,595.427978515625,42787600,0.006190414189814256,0.0050480811317516385,0.010279679554019766,0.009655108747192293
2024-12-05,595.4279904670244,596.2314913306755,594.0953811448159,594.4481201171875,28762200,-0.0016469926928679725,0.005544528718416548,0.010316363947509457,0.009775447446364742
2024-12-06,595.212464951605,596.8096584526629,594.800936138575,595.5750122070312,31241500,0.0018939000361718997,0.005369440578429114,0.011333278917626194,0.010031561118334486
2024-12-09,595.4574149257465,595.6239761392873,591.9200973185369,592.5079956054688,34742700,-0.00516297833458787,0.005278564409784069,0.011580573164874208,0.010011323804002107
2024-12-10,593.1841677805376,593.605504896008,590.0093971009587,590.6658935546875,37234500,-0.0031138339952738606,0.0054774844156257,0.012188728628787103,0.010504845615062703
2024-12-11,593.5858806768452,596.1825011825678,593.3114882757061,595.2320556640625,28677700,0.0077008054153845235,0.01346749553669052,0.011894376983531473,0.010302673730580187
2024-12-12,594.369747252086,594.9380289691392,592.1650390625,592.1650390625,31543800,-0.005165960799480725,0.013812602799201188,0.012239836832408915,0.010301543270355063
2024-12-13,594.1934650654297,594.9087513561514,590.6757038334936,592.0475463867188,35904700,-0.0001984317302660415,0.016007114160621547,0.01264825922209464,0.011207438936931267
2024-12-16,593.8014854078001,595.5456834945226,593.0274092921627,594.5755615234375,43695200,0.004260862517392682,0.016236249885402922,0.012434678060826092,0.01114599007416477
2024-12-17,592.0278303510687,592.9880840930309,590.7540109408761,592.1257934570312,55773500,-0.004128707759649672,0.017431431266866564,0.012431081087526377,0.01138827765860365
2024-12-18,591.822113059209,594.2031909866316,574.0962907751041,574.4784545898438,108248700,-0.030256507563296415,0.005819742156022056,0.008825913611805594,0.009133424515150153
2024-12-19,579.456129686489,581.0631314525076,574.057034359764,574.302001953125,85919500,-0.00030719993032865203,0.009277764216615055,0.008910632263547894,0.009164834904032002
2024-12-20,571.9778279294948,585.7225012446567,571.132257605004,581.199951171875,125716700,0.011939453918031324,0.00995750029332736,0.00904127089150718,0.008900628991686116
2024-12-23,580.9443313472664,585.2800771480029,577.7686569320756,584.6803588867188,57635800,0.0059704551547163365,0.00917393489120081,0.008795822573293482,0.008890270256333956
2024-12-24,586.0272849416975,591.2184422848073,585.4471892507113,591.1790771484375,33160100,0.01105367568985796,0.0051272476818558736,0.00878429480778083,0.00919480500711105
2024-12-26,589.4093887705021,592.3392110668057,588.0133066034633,591.2184448242188,41219100,6.658957764061234e-05,0.009590525235578707,0.00886374563891271,0.009399498166843072
2024-12-27,587.4823184826345,587.7183292627742,580.8164691334702,584.9949340820312,64969300,-0.010582380600210406,0.009197690633255984,0.008585416432771885,0.009124272988562802
2024-12-30,577.9948725430215,581.7800467977985,574.5734057798932,578.3192749023438,56578800,-0.011477092614339582,0.009163573388506707,0.00998944601836706,0.008722131647132782
2024-12-31,579.9808236627084,580.698577374324,574.5832389413312,576.21533203125,57052700,-0.0036446637241498506,0.00891765694933848,0.009919517085881612,0.008781716702202267
2025-01-02,579.4695486945864,581.180251846637,570.7291685588775,574.7994995117188,50204000,-0.0024601476798058125,0.01167613457104782,0.010221455160345186,0.008930273474829963
2025-01-03,577.64092396713,582.6255346471705,576.5594027877501,581.9865112304688,37888500,0.012425987395675624,0.009201487323436463,0.009901372354761965,0.008634821878093769
2025-01-06,586.2338281568046,589.6060884935793,583.6087253809885,585.339111328125,47679400,0.0057440858848327265,0.008250583256544215,0.009895440497568733,0.008592139768805039
2025-01-07,587.3643167301589,587.6887790314382,576.903452910936,578.7222900390625,60393100,-0.01136863149571142,0.011813247128164476,0.00876480484830498,0.008119301454687622
2025-01-08,578.7911897402016,580.6395509433228,575.350100693004,579.56787109375,47304700,0.0014600507425088201,0.011905945177434384,0.00898638121518765,0.008463063566263883
2025-01-10,576.0187135246937,576.0875425144147,568.8120722687759,570.7194213867188,73105000,-0.015385068234860631,0.00812975085816195,0.008729837435662097,0.007620697886749811
2025-01-13,566.0788468496604,571.9581742427216,565.6658729466735,571.604248046875,47910100,0.001549170100896096,0.007838750043599362,0.008862704073991035,0.007625496327133524
2025-01-14,574.5241441869972,575.1533862250869,568.6152938144415,572.3906860351562,48420600,0.001374897892880756,0.007242836387874186,0.009234987585917533,0.007714750520368004
2025-01-15,580.3937768602567,583.9430001285099,579.2827918470954,582.8025512695312,56900200,0.01802667614531019,0.004696844735957408,0.007740286361504304,0.007034535497657385
2025-01-16,584.1691475266347,584.346110636513,580.9836915331506,581.6817626953125,43319700,-0.0019249532292756927,0.005102886696012956,0.008005411347700997,0.007000158353636676
2025-01-17,586.9121689712896,589.2717368825727,585.5848557638515,587.521728515625,58070600,0.00998973135235659,0.009404678910107662,0.007829223832386172,0.006722208098298968
2025-01-21,590.5595911538271,592.9093774154856,588.5932548694913,592.8995361328125,42532900,0.009111738301148014,0.009281255786592524,0.007549197895046966,0.0064659100439345705
2025-01-22,595.7213382459036,597.5893820777127,595.1707663809229,596.2326049804688,48196000,0.005605899397039257,0.008982832890989872,0.007430855659048558,0.006453946192149376
2025-01-23,595.6033506126263,599.4868774414062,595.3280946897063,599.4868774414062,41152100,0.005443217316000488,0.008965339230722374,0.007284172543141815,0.0074281123506296
2025-01-24,599.54587252364,600.4995770008244,596.5865262707722,597.73681640625,34604700,-0.002923534324684772,0.009121250119639181,0.007764154158410767,0.007461566115314038
2025-01-27,584.7984314522485,589.5962983553967,584.6313096156265,589.2816772460938,70361100,-0.01424625177524634,0.00697621783983643,0.006593786853973205,0.006851716070616918
2025-01-28,590.5104687195756,595.1805175844501,587.1971967465958,594.3448486328125,44433300,0.008555405204592855,0.006392930688317385,0.006025850029189053,0.006524743675519106
2025-01-29,593.5583059073574,593.9614384934404,589.1340487911447,591.6804809570312,37177400,-0.004492943095458172,0.006336331978592687,0.005930439065763963,0.007332580358663363
2025-01-30,593.7943006280343,596.389819126707,590.6087851839717,594.8560791015625,39281300,0.005352731358855029,0.006047421188333421,0.006607013624086971,0.008131126171195652
2025-01-31,597.2746959271392,599.6933113603776,590.9332488823969,591.6903076171875,66566900,-0.00533612344483288,0.007117911236987481,0.006266684454207246,0.008915288420496877
2025-02-03,582.6943625959686,590.1861005375324,580.5510628181718,587.7085571289062,65857200,-0.006752195097576815,0.006628705762272897,0.005596347307966056,0.00914599031777199
2025-02-04,587.767535135661,592.1622687341741,587.2268045597665,591.6510620117188,33457800,0.006685864947223816,0.006174980749818028,0.005379943786732491,0.009381888057116795
2025-02-05,590.5301667443101,594.1973649569587,588.5048426365228,594.0498657226562,30653100,0.004046226038259271,0.0061845823700487365,0.005626517646007721,0.009955968308881416
2025-02-06,595.7902226770135,596.2425017541303,592.4867911796968,596.1146850585938,35771500,0.0034698082819047934,0.007832100505710232,0.007955492796100794,0.0100358038828069
2025-02-07,596.6750050236558,597.8941240756534,589.9501076619601,590.6580200195312,50788500,-0.009195869552418261,0.005557767577920966,0.007553538849471365,0.01135660285970018
2025-02-10,593.8631663388722,595.3083949100401,592.5948408497425,594.6693115234375,26048700,0.0067682684944034765,0.0051487782189789345,0.007186129754903767,0.01114087378977219
2025-02-11,592.4080280097315,595.662312577201,592.2900526181724,595.12158203125,30056700,0.0007602521284138967,0.005087613345232586,0.007176587425382491,0.011292520446896215
2025-02-12,589.1145136580423,594.3744405625547,588.4361250659014,593.2044677734375,45076100,-0.0032265823363159894,0.005362948005137716,0.008493755418000976,0.011484592138655528
2025-02-13,594.3055902381474,599.6737110792319,593.047165943141,599.4672241210938,40921300,0.01050215906498357,0.00831775229053758,0.009469342260109977,0.012350772890087559
2025-02-14,599.6736338799176,600.7059485220444,598.8182823186273,599.4376831054688,26910400,-4.9279997859525275e-05,0.008127994651640215,0.010526625368233119,0.012599534278352503
2025-02-18,600.5978525430173,601.1975708007812,598.1399318067746,601.1975708007812,26749000,0.00293159633618473,0.007113966854586361,0.010432225026910404,0.012599861607925736
2025-02-19,599.8113366176324,602.908280775238,599.3000698962699,602.6133422851562,31011100,0.0023521503613693965,0.006620606464798125,0.011443126381434117,0.012972888571876723
2025-02-20,601.2466498622931,601.3843078099816,596.8027704742943,600.106201171875,36554000,-0.004169126141555471,0.007796951311756613,0.012136847148610385,0.012974535547223673
2025-02-21,599.8899309928074,600.0275889538111,589.3798596850504,589.8419799804688,76519800,-0.01725197102109201,0.01146734161325831,0.012010038205060428,0.012606933698218751
2025-02-24,591.8869960824046,592.8800056614799,586.4500466079941,587.157958984375,50737200,-0.004560791483029168,0.013533343723632983,0.014033693281030213,0.013417070934953021
2025-02-25,587.0989070332523,587.8264418905826,579.636634088407,584.2378540039062,58266500,-0.004985694838379668,0.013936765272871483,0.014038187746033133,0.013427144119291561
2025-02-26,585.8995163780398,589.4881049123491,581.8980139327481,584.5328979492188,43321600,0.000504879081011832,0.01574129718119617,0.014387210645723328,0.013621196345780663
2025-02-27,586.8039490929929,587.9542991571739,574.809344386224,575.2025756835938,74196700,-0.01609077895577309,0.016110382060535243,0.014206590377483442,0.013219302341888225
2025-02-28,575.7040488167072,584.7098443771037,572.6365684069419,584.178955078125,88744100,0.015485081527449984,0.013469023774075033,0.015095723625398986,0.01323698052636049
2025-03-03,586.1453068357338,587.2858157400013,570.1393571070072,573.9442138671875,74249200,-0.01767516260468328,0.015876912675714006,0.014938038016411442,0.012952935891035787
2025-03-04,569.9525786591505,575.5369680083471,562.6181207422406,567.1505126953125,109648200,-0.011907480221748184,0.015743137491695508,0.014871726144501628,0.012776460076275179
2025-03-05,566.9833769883293,575.0355284425119,563.4341535288585,573.2461547851562,71230500,0.010690490980447023,0.01431296222101768,0.014886018527054462,0.012597295666752665
2025-03-06,565.7936477589768,570.4047092717689,560.5238803180225,563.0703125,80094900,-0.01791070464120093,0.013700616910882046,0.013914729457886067,0.016382664761740072
2025-03-07,561.2907328755356,567.6714847046253,556.1094174114145,566.2261962890625,81158800,0.005589129125759151,0.01815603669469845,0.013724823158212596,0.02062444417376399
2025-03-10,558.0364891964213,559.9536192631458,546.2384702857362,551.1444702148438,99326600,-0.026996667272413812,0.013487496443728025,0.011747147797888014,0.02006164574684066
2025-03-11,549.9843324603625,554.5265648872522,542.7285461144836,546.5628662109375,88102100,-0.00834763594419627,0.014022633589888167,0.011099920123910543,0.020192937587637638
2025-03-12,552.7076387923001,553.6318192815521,544.3703918307585,549.4631958007812,69588200,0.005292458747557035,0.014572955580867093,0.012134019195254274,0.031022689200173884
2025-03-13,549.0896792735167,549.6992388466521,540.4279685563406,542.138671875,74079400,-0.013419973103024,0.012184613760477025,0.011039987624423207,0.03245683390345105
2025-03-14,546.7496145526088,554.3397037227768,542.2073825911375,553.3368530273438,62660300,0.020445132672080115,0.008627984732581646,0.011447360468539926,0.03236057524565347
2025-03-17,553.3172227764923,560.1207900872192,552.8846263579363,557.6038818359375,49008700,0.007681867552727074,0.011325703942333716,0.011368029212960026,0.032396177901269745
2025-03-18,555.2934322950165,555.5097605205915,549.6500559715837,551.5770874023438,66041400,-0.010867214480762116,0.008443154603251655,0.01087149672957022,0.032335167592453765
2025-03-19,553.3565563629542,561.3398770802173,552.1767425607164,557.5841674804688,66556000,0.010831858371121503,0.010809144696113762,0.010470921428006753,0.03249794489405107
2025-03-20,553.848245552193,560.966374832501,553.1304918485869,555.9718627929688,62958200,-0.0028957785155605993,0.010787691952575435,0.019119573374927704,0.032517560544496706
2025-03-21,551.5205297947124,557.0526817242638,550.2878724028328,556.1552734375,83763000,0.0003298375522347131,0.014507226869119419,0.025741919418314906,0.032825960004535776
2025-03-24,562.880651498493,567.1703352751009,562.2890000340255,566.1151733398438,58766800,0.01775001993397574,0.010969527422829792,0.024000987564076655,0.033157250964772685
2025-03-25,567.3181993393742,568.4127846067184,565.73055113845,567.4760131835938,38355700,0.0024009369755894215,0.011043427343477859,0.02339032534906166,0.03342024009015954
2025-03-26,567.2097001365158,568.3338979913931,559.3206937528307,560.7012939453125,51848300,-0.012010170085436027,0.011215312522612705,0.043209859953385374,0.033790309476596704
2025-03-27,559.3108687859911,562.9792883535321,557.101956447335,559.2122802734375,42164200,-0.0026591597486995905,0.02476881797911823,0.045123874717213665,0.03385148438330959
2025-03-28,557.6838014665011,558.4135249923543,547.3689030262066,547.95068359375,71662700,-0.020343861653928184,0.03346292898458379,0.04554884660912084,0.03355929903716168
2025-03-31,542.201546342058,552.9305994826874,539.282592409213,551.62890625,95328200,0.006690259458893106,0.032019560951777194,0.045635625978512326,0.033554837091578506
2025-04-01,549.715889513425,555.1297110203275,545.9981756472096,553.18701171875,54609600,0.002820572144887285,0.029591219149039102,0.04558108133273446,0.03354675919476142
2025-04-02,547.3491017135567,559.547472787333,547.1124411566806,556.687744140625,76014500,0.006308358691470958,0.06374747012016485,0.045748661756548306,0.0335553203651332
2025-04-03,537.5470145495102,540.3673198616506,529.2537231445312,529.2537231445312,125986000,-0.05053653500547572,0.06278472439506999,0.04314799743108704,0.031550895952766216
2025-04-04,516.404523136506,518.5740121118964,498.05273494035157,498.2696838378906,217965100,-0.06032648048691723,0.054627744183404284,0.039023945089018845,0.02796723915082752
2025-04-07,482.4029468413161,515.9114867336431,475.1154617622772,497.3822021484375,256611400,-0.0017827152983578298,0.05419462360738356,0.03971313628425218,0.02809603608312392
2025-04-08,514.6196789750944,517.6963871548359,482.37337814369187,489.5918273925781,165816600,-0.01578671031912476,0.052742994904430525,0.039169032142356966,0.027665321336013467
2025-04-09,486.59399925019795,541.0084228515625,486.20939567811143,541.0084228515625,241867300,0.09986280912531384,0.025305078021886373,0.023185606143247967,0.016739041359222873
2025-04-10,524.7866027854379,526.0981670837639,502.25365007002944,517.3019409179688,162331200,-0.04480811874838202,0.015155590326191409,0.017154180505462253,0.012761539713510862
2025-04-11,515.7537548286505,528.9875485351057,512.8545420601603,526.5321044921875,97866300,0.017685577889526977,0.014962351307670896,0.016578464030429736,0.013991128927533859
2025-04-14,536.5018528789103,536.7287027931718,526.4532262576091,531.6402587890625,68034000,0.009654748419880956,0.02034791262352789,0.016464564468253593,0.013947127725349414
2025-04-15,532.1825399641931,535.6931457102869,529.3622343758641,530.151123046875,56892900,-0.0028049516016199288,0.022251539775458015,0.016374769080449436,0.013868238165390614
2025-04-16,524.3033791384568,530.4272422697393,513.0713913810127,518.3668823242188,83484800,-0.02247884513446928,0.02002940086832364,0.01369232665759294,0.012337636020808321
2025-04-17,520.3194821276195,523.800475242003,516.6411916080497,519.1065063476562,79868100,0.0014258180630277613,0.019730980340370453,0.013838466356667396,0.01229450717241264
2025-04-21,513.9293002870572,514.4618467446136,501.40552056556845,506.7503356933594,69368100,-0.024090628879336547,0.010207316825331977,0.009841548928235782,0.010146304800291505
2025-04-22,512.9235348557764,521.9564215250564,511.9867032226325,519.9348754882812,75948100,0.025685116511127353,0.008068633158945146,0.00939666351892549,0.009432633300915047
2025-04-23,532.9320165359907,537.8626460694973,526.4729038847668,527.9915161132812,90590700,0.015376651323154154,0.008355381292581527,0.00877683772892674,0.010438021150301676
2025-04-24,529.2734571828396,539.8348871004667,528.0211182344198,539.1051635742188,64150400,0.020830444939895523,0.0035545482011619966,0.006820555280343242,0.009703369177222155
2025-04-25,539.0657336001437,543.4046513367819,536.1467793425768,543.0003662109375,61119600,0.007199333805528579,0.005920550894048973,0.006809383114957673,0.009906718767289036
2025-04-28,543.7399439376,545.8699492792146,537.4583271221219,543.2073974609375,47613800,0.00038120009712900725,0.007687501532357458,0.011609799799316435,0.010676568488981459
2025-04-29,541.2943585019403,547.7436606136026,540.9393676118534,546.6293334960938,47775100,0.006279742980455942,0.009456651892304576,0.01161195684237278,0.010853161810965713
2025-04-30,539.9729835885655,548.7988227140515,534.0069337400583,546.8462524414062,93101500,0.00039675133299295497,0.009487422587302778,0.011570530990714091,0.010838605950568554
2025-05-01,552.595342895286,556.2440206119321,550.1201573586014,550.7216796875,63186100,0.00706187423718725,0.009472962428906143,0.011564485071067396,0.01083572623048924
2025-05-02,556.894803218062,560.4941864598073,554.5774316657111,558.8966674804688,60717300,0.014735040614723718,0.006467508519628115,0.011121061925662427,0.010488726040543035
2025-05-05,554.7648727126054,558.788283367358,553.9069479669498,555.6918334960938,38659200,-0.005750719326023617,0.015524275741403205,0.010603071601412844,0.01034096387522134
2025-05-06,550.1891944565425,555.533979770925,549.2326812616892,551.047119140625,48264700,-0.008393563113417038,0.013119173680251128,0.009976572140714486,0.010032650250231876
2025-05-07,552.3783761794856,555.997440916007,548.3253535066884,553.364501953125,55588000,0.004196598748646957,0.013490176179525153,0.012350291810978908,0.010188642635424714
2025-05-08,557.3978323656503,562.3974982446085,553.9069681077176,557.2203369140625,65130800,0.006943819722599762,0.013608407553125122,0.012338457280778349,0.010285130145072499
2025-05-09,558.6205786168767,559.6264462916283,554.9522191721212,556.5103149414062,37603400,-0.0012750337214194804,0.012589684157226683,0.01268126272261788,0.010249776997224862
2025-05-12,573.4026196086874,574.9114211824733,569.0340889310521,574.9015502929688,78993600,0.032513103328074035,0.0026759540007069353,0.009781389562768129,0.007602055514315233
2025-05-13,575.3157161654024,580.907093658496,574.7536773375426,578.6981811523438,67947200,0.006582256329715443,0.0037753296917754195,0.009834799928858525,0.0075755460447048594
2025-05-14,579.6547240062519,580.8084745781977,577.4161987168885,579.4378051757812,66283500,0.0012772664569985568,0.009379326409386247,0.009904451878000218,0.0076004046757551505
2025-05-15,577.4357820961777,582.7706958315019,576.9821425909696,582.267822265625,71268100,0.004872185554210102,0.00880082607123458,0.009785557185459164,0.008049071158987542
2025-05-16,583.0469103495059,586.2518193704545,581.1042713102905,585.9559936523438,76052100,0.006314173003547581,0.0073496822944604506,0.009736506020138818,0.008197523371164138
2025-05-19,579.9405744991373,587.2773530559552,579.9405744991373,586.596923828125,68168500,0.0010932218581512902,0.01380991268805113,0.009913701592976257,0.008455051315808471
2025-05-20,584.8614155899625,585.8080578995526,581.419785763877,584.6246948242188,60614500,-0.0033678184156015266,0.013945579701926173,0.009837637246542527,0.008413607030870728
2025-05-21,580.2759146876367,584.3584902721909,573.7477661832594,574.7733154296875,95197700,-0.016994365011937837,0.011063600932152516,0.008016087523334102,0.007397340515722967
2025-05-22,574.5760350084579,578.4811148637216,573.3433777523152,575.0001220703125,70860400,0.000394524062166623,0.0111543129694064,0.008425166411325334,0.007645441679326433
2025-05-23,567.9887994120531,573.7379304924723,567.6140667399493,571.0753784179688,76029000,-0.006849040910355118,0.009970564797141257,0.007779311503679476,0.0076495530286437505
2025-05-27,577.9387671986972,583.1060568711622,570.4047514802384,582.9483032226562,72588500,0.020577296518006608,0.0050118658360752836,0.005111043471781772,0.006357708316385133
2025-05-28,583.3526236048898,584.545857588394,578.8460211072919,579.5757446289062,68445500,-0.005802147596664622,0.003253409958679605,0.004678063085121964,0.00626420021443451
2025-05-29,584.8318350718904,584.9699071457442,577.9388245287198,581.8635864257812,69973300,0.003939671569296213,0.004569948732697492,0.004679124334229202,0.00628348844862056
2025-05-30,580.7591289651484,582.9286180198035,575.1480700909575,581.2127685546875,90601200,-0.0011191319232543386,0.005873071206018399,0.006310739989510149,0.006257147971458229
2025-06-02,579.6053591727813,584.5655410710423,576.9428072484826,584.4866943359375,61630500,0.0056171157210044296,0.005782196250068861,0.006709663095405018,0.006242653438177856
2025-06-03,584.1218520308094,588.7960792462304,583.6385997733717,587.81982421875,63606200,0.005686463073757727,0.005777470664560831,0.007255122281773835,0.006213892158696437
2025-06-04,588.6776647088699,589.6539195966438,587.2280285207049,587.6619262695312,57314200,-0.0002686523208085811,0.006171106807511826,0.007254297743769651,0.006311986430256282
2025-06-05,589.3383724752952,590.6893600195378,582.8496477946317,584.8218994140625,92278700,-0.004844471791619437,0.004926958591970493,0.007100855833836066,0.006499344073688636
2025-06-06,590.3541332655441,592.4940699072976,588.5791185976601,590.8275146484375,66588700,0.010216765988985126,0.006717796908003815,0.007042721948364023,0.006261446919931552
2025-06-09,591.3994087206146,592.9082102708385,590.1864930975049,591.3599853515625,53016400,0.000900822820631318,0.008169318319781653,0.007794395538848668,0.006322046632298172
2025-06-10,591.8924637491524,595.0973729509094,590.7781968461302,594.7128295898438,66247000,0.005653705450468955,0.008609863645562215,0.0076559775349631905,0.0062706781391523685
2025-06-11,595.8073544523882,596.6652790904382,590.9556323288738,593.0166015625,73658200,-0.002856255197579159,0.008615751463051912,0.007804947432451044,0.006299495614025287
2025-06-12,591.6854337777163,595.37353515625,591.2022416981604,595.37353515625,64129000,0.003966604250990693,0.008096432521944828,0.007838455338505357,0.006281861604954742
2025-06-13,590.1963519379123,593.499849631983,587.218232455665,588.7171630859375,89506000,-0.011243128922878952,0.007936902839704439,0.006285461060078182,0.005681737679776766
2025-06-16,592.0700235861916,596.0638215052488,591.8924679557008,594.318359375,79984100,0.009469264508429075,0.008330276148739574,0.006050056007314358,0.005429237005200974
2025-06-17,591.8826784891205,593.401290785268,588.480531921813,589.2398681640625,82209400,-0.008581787124168365,0.006163167700675607,0.004558532091934572,0.004904111077128853
2025-06-18,590.1371267775953,592.8785252065284,588.1944276516227,589.1510009765625,76605000,-0.00015082803167561687,0.00591725116875168,0.004438079416338203,0.004923205560064242
2025-06-20,591.8224395288368,592.8906208578056,586.3629131433069,587.7673950195312,94051400,-0.0023512362440002437,0.0041840083400858635,0.0055267306046228246,0.004787765775865133
2025-06-23,588.5189525073708,593.9586781700418,585.403509483969,593.572998046875,87426000,0.009828919420942845,0.003876383518900455,0.005354469208576743,0.004524177497934956
2025-06-24,597.7072691809916,601.1886530620405,596.7973078378046,600.1304321289062,67735300,0.010986816119520414,0.003369590087530847,0.004757472333637228,0.00430046889435082
2025-06-25,601.247995602986,601.940336500435,598.903972841808,600.4666748046875,62114800,0.0005601257618072818,0.0029272060935138884,0.004692072323307493,0.004305395830187743
2025-06-26,602.3161684365299,605.5997923429508,601.7029677445283,605.1646118164062,78548400,0.007793362434847595,0.0029441040032170186,0.004780230451526919,0.0041315408926606715
2025-06-27,606.1635425121184,609.6350865938839,604.1360202356653,608.1712646484375,86258400,0.004956020908146138,0.005988469598435312,0.004659508572797987,0.004100762803362142
2025-06-30,610.6142811588834,612.4340832221852,608.2998981128763,611.0791015625,92502500,0.004769885673784504,0.005813914409305037,0.004850059194443572,0.004149015379529267
2025-07-01,609.6053849111585,612.0483479268365,608.7746241554748,610.8812866210938,70030100,-0.00032376653948382644,0.00617987029964708,0.004902781361257776,0.004174570287981023
2025-07-02,610.4757300098587,613.6901136433279,609.8526292762224,613.6505737304688,66510400,0.00452302127882086,0.006056051697842846,0.005049868039046403,0.004252480338968
2025-07-03,615.628656191773,619.4167005776212,615.6088560521965,618.4869995117188,51065800,0.007850504238325978,0.005263361417241523,0.004495943826941581,0.005480264327662183
2025-07-07,616.5286747873084,617.1913758193931,611.0988485499288,613.8780517578125,74814500,-0.007479876580079352,0.0035783677100934214,0.003560116898074578,0.006198025159032033
2025-07-08,614.5406899285775,615.2923708557059,612.7307881009865,613.5418090820312,59024600,-0.0005478853567877983,0.0043696338514334345,0.0035269218681157396,0.0063328835899651185
2025-07-09,615.945166968477,617.8737488887257,614.1055045789822,617.2210083007812,66113300,0.005978747694233981,0.003654978581285194,0.0039517734870039125,0.006416790247317651
2025-07-10,617.3595500232223,620.000273214104,616.1825885407072,618.9617919921875,57529000,0.0028163874172284034,0.004478556405269711,0.003945851262410626,0.006405188809160662
2025-07-11,615.9154056597896,618.0121678287132,614.7187046395575,616.7857666015625,63670200,-0.0035217996177431534,0.003964110837601041,0.003626875802824285,0.006527345793099588
2025-07-14,616.3308265898004,618.3089087938923,614.9857451789246,617.9627685546875,51898500,0.0019064648000917212,0.003963621215213273,0.003705544501529414,0.006559068767991668
2025-07-15,620.6431287961128,620.9793689858044,615.242942324076,615.3220825195312,74317300,-0.0042823684543158574,0.00271208843560751,0.0034259597402286177,0.006782091127280415
2025-07-16,616.9045519994012,617.883693134462,611.2769051241828,617.3792724609375,88987500,0.003337697071379566,0.003959558343205313,0.0035458782361432583,0.006783173651083383
2025-07-17,617.557284919235,621.5134493059918,617.3396644874989,621.1573486328125,68885700,0.006100890076443559,0.0037277976184526417,0.0035343794697758613,0.006707310692278928
2025-07-18,622.4036365954075,622.5717567026577,619.5947932954602,620.7025146484375,65621600,-0.000732504557334665,0.0034611597205004363,0.006500568451229253,0.006742957756791255
2025-07-21,621.87939453125,624.6189973413707,621.4541141003111,621.87939453125,63375000,0.001894249748886786,0.0037547640495904843,0.008243837532751224,0.0067488352668237115
2025-07-22,622.2058050575365,622.828905853138,619.3277216791315,621.9684448242188,60046300,0.00014318518761442616,0.004363912573313167,0.008424263857695308,0.006905977629669477
2025-07-23,624.6288217656338,627.2597045898438,622.8287599296668,627.2597045898438,70511000,0.008471297114254109,0.002572682895789996,0.008332462853331241,0.006706220781880033
2025-07-24,627.6454884244192,629.1785504969665,627.0421878119985,627.4674682617188,71307100,0.00033116948173152877,0.0030736587056013863,0.0083319839579525,0.006775595437890665
2025-07-25,628.1301809903662,630.5928838363332,627.8829206987424,630.1181030273438,56865400,0.004215440684552298,0.006641435223399531,0.008618656751354536,0.007534891189454812
2025-07-28,630.4938993278172,631.0477599275997,628.5751571845921,629.9598388671875,54917100,-0.00025119741521783395,0.011256221025840753,0.008641830155926164,0.007617740604395978
2025-07-29,631.3543820995848,631.6708825055948,627.3883778702398,628.2982788085938,60556300,-0.0026410495605851667,0.01135330107534118,0.00921371981937066,0.007625549405271919
2025-07-30,628.9509803708415,630.6917023127537,624.6189756546709,627.5070190429688,80418900,-0.0012601632939269942,0.012221570534655361,0.009195760617278692,0.007616911987751842
2025-07-31,632.4522656090571,632.8379457731452,623.8574957354674,625.1531372070312,103385200,-0.003758217413957386,0.012097900077210315,0.009024042494523939,0.007553966209908663
2025-08-01,619.4364414435403,619.476041722763,612.5032535330552,614.9066162109375,140103600,-0.016526226537602218,0.007937317663507889,0.006565833212476862,0.006543635121711497
2025-08-04,618.813325728958,624.3024917393647,618.7243458354196,624.2530517578125,73218000,0.015085405109181525,0.0058688247924698796,0.005187044779382277,0.006065096439431587
2025-08-05,624.8662177521945,625.6772386500149,620.168272806011,621.0880737304688,68051400,-0.005082920296747279,0.0056557434255523125,0.00524142321590241,0.005990284602793706
2025-08-06,622.1563552914652,626.4982606508958,621.2464542892866,625.8455200195312,64357500,0.007630669984759495,0.0054060094996785935,0.0049884258206984175,0.006031006289431764
2025-08-07,629.2674923107387,629.9993730574174,622.2156245224251,625.3212280273438,74205800,-0.0008380849693998135,0.00521949188211504,0.005204077205439253,0.0060864108096704795
2025-08-08,627.1114011688534,630.6620853000642,626.7949007710238,630.1972045898438,64051600,0.007767311017072898,0.005341477626518474,0.006685862369417188,0.005896350060654066
2025-08-11,630.474150672182,631.9478122276477,627.7047873460086,628.9509887695312,58742300,-0.0019794591832815807,0.00506812372074304,0.006859033637581378,0.005863788435999654
2025-08-12,631.2949848204768,635.8050095563038,629.8114232578196,635.6467895507812,64730800,0.010589712348546611,0.003270631944634682,0.006126096080731375,0.005447260064561269
2025-08-13,637.8424936799373,639.10849531226,635.6369512596368,637.82275390625,60092800,0.0034173828252364816,0.0022294165752947256,0.006073698635876921,0.005676670986009145
2025-08-14,635.7457174616427,638.5447207235369,635.300697252298,637.882080078125,59327500,9.300924530087265e-05,0.0019532597020165366,0.006159521057309208,0.005680982564268618
2025-08-15,638.9106535836406,639.0095939138803,635.4787099260534,636.3886108398438,68592500,-0.002344038723875428,0.008418066716928954,0.006453968899171507,0.005704666634588653
2025-08-18,635.8150025688236,636.9425240091701,635.1424618060598,636.2501831054688,43804900,-0.00021754442121282353,0.008720861349592476,0.006900508243921993,0.00572718712342446
2025-08-19,636.0721245937336,637.0512656505922,631.4829592777961,632.7984008789062,69750700,-0.005439966259085958,0.008344800697053987,0.006885186603075583,0.005541844988921012
2025-08-20,632.3929060531275,632.6500060324975,626.013578858981,631.1170043945312,88890300,-0.002660617109700641,0.007989480130287217,0.007175009511690963,0.005494784875478492
2025-08-21,629.3071240874224,630.9785456585483,626.864161086776,628.5850830078125,54805800,-0.0040198787023870254,0.007074012459433022,0.00708382429760184,0.005353852168691605
2025-08-22,630.7709103705197,639.4151205943501,630.2664897119097,638.2381591796875,84083200,0.015240110357538828,0.004752252761174491,0.005329635025602929,0.004457993117157122
2025-08-25,636.9820621561176,638.218363635622,635.3105801411765,635.4292602539062,51274300,-0.004410733032418605,0.005565111460256609,0.00505191189059241,0.004539962538985741
2025-08-26,635.1621986940528,638.4359222802034,634.5390979794016,638.0897216796875,51581600,0.004178132142168754,0.005852785567485088,0.004983817749811754,0.004628503996116305
2025-08-27,637.5062179210042,640.2755208793137,637.3578376120881,639.5436401367188,48341100,0.0022759566681472393,0.0070555959858912345,0.005479397182648944,0.004810139484914109
2025-08-28,640.146950913372,642.3623933153343,638.267809046051,641.8085327148438,61519500,0.003535163844696036,0.007011627131745888,0.005470994963030432,0.004894120308463521
2025-08-29,640.374419619015,640.7404203673219,636.0919150690585,637.98095703125,74522200,-0.005981588576274999,0.0063523266644709385,0.004940714426733726,0.004608915480829625
2025-09-02,630.5136938017484,633.4709169972102,627.9619508913343,633.2533569335938,81983500,-0.007437844999217563,0.004172452039272976,0.0038465040864103426,0.00411135905913575
2025-09-03,635.6270215222661,637.1501834379544,633.4412793439511,636.685302734375,70820900,0.00540491326799287,0.003974690762880311,0.00396410531523449,0.004051130920938269
2025-09-04,637.3579030521721,642.0361089027498,636.4579021356687,642.0064086914062,65219200,0.008322782770799371,0.00395786160843984,0.003494494685703646,0.0037718144776636713
2025-09-05,644.3404973975818,645.0625384730564,636.2798483910566,640.14697265625,85178900,-0.002900491260722524,0.0031492956856600638,0.0031327050829557334,0.003640972410929242
2025-09-08,641.5118230975241,642.718484610511,640.1370415028089,641.7195434570312,63133100,0.0024535652814358087,0.0032558329201344627,0.003187310457773287,0.0036601487332309237
2025-09-09,641.8580441132016,643.7273464852004,640.1272219983028,643.2031860351562,66133900,0.0023093112191371395,0.0039829004566292485,0.0041725928943007334,0.0038637283613406235
2025-09-10,646.4570213518696,647.3768223058731,643.4997982019892,645.0625,78034500,0.002886540060796159,0.004405631004192057,0.004497072488608595,0.0039777445451748775
2025-09-11,647.0108918753651,651.115436538164,646.4273914384058,650.423095703125,69934400,0.008275856275638451,0.0033027968679763976,0.004220810991996058,0.003788185129017509
2025-09-12,650.3934866540098,651.8869485652141,649.701206088218,650.20556640625,72780100,-0.0003344987008828243,0.003448312240319688,0.004534824140899647,0.007431374181865788
2025-09-15,652.4110731340584,653.7956944276398,652.114372883025,653.6671142578125,63772400,0.005309653366226374,0.0033346035024478223,0.0043316996492451946,0.008117392619041592
2025-09-16,654.2210123755038,654.5276730798186,651.9858301119879,652.7671508789062,61169000,-0.0013777402281604336,0.004694246755565248,0.004363077904245878,0.008115777583390856
2025-09-17,652.7770367516476,654.4682584259048,647.1295902463727,651.9561157226562,101952200,-0.0012432295513901252,0.005047807075316267,0.004320064540680554,0.008157768292716874
2025-09-18,654.6363789857319,657.6035020628194,653.0341373534065,655.0023193359375,90459200,0.0046615241122961735,0.005133609065795538,0.004190967798344714,0.00826016394061243
2025-09-19,656.8877828567474,659.0895125014193,654.9438659954435,658.2465209960938,97945600,0.004940736530660038,0.005353353555313143,0.004004400080035638,0.008284273386926949
2025-09-22,656.7588293222589,661.8069717744121,656.7290467709187,661.3607177734375,69452200,0.004719893112429032,0.004932799264663815,0.00389600330914807,0.008542664945588547
2025-09-23,661.2416672722171,661.856628548307,656.5406245808955,657.7605590820312,81708900,-0.005458433114998444,0.0045329475193450685,0.003618174951886948,0.00843445595771485
2025-09-24,659.0498612769777,659.1490153831234,654.2496039734066,655.6678466796875,68082200,-0.0031866436938144398,0.003973392170610749,0.0036281265754146124,0.008494348435549455
2025-09-25,652.5338627083877,653.9917550046746,649.0328388399253,652.6429443359375,89622100,-0.0046241424508109445,0.001649332235588739,0.0033166764265449805,0.00848628868578191
2025-09-26,654.0908804383538,656.9273655696547,652.4742691464395,656.3818969726562,69179200,0.005712592590631297,0.0016005957049740826,0.00965007841087517,0.008573648427211
2025-09-29,658.9010899003678,659.8135740530697,656.4216318338509,658.2266845703125,73499000,0.0028065978489793704,0.0017052523866036872,0.010954164423510377,0.008890510151508752
2025-09-30,657.4827596300943,661.1722242194463,656.173598681204,660.7060546875,86288000,0.0037596656203880132,0.0029845369154617874,0.010872284702818969,0.008879785172606168
2025-10-01,657.7208144097488,663.8698820443607,657.6117327913598,662.9574584960938,72545400,0.0034017799195840766,0.0036616142311264076,0.010919026570111238,0.0088716265716058
2025-10-02,664.9410037342527,665.0600128657511,661.3011766397112,663.7210693359375,56896000,0.0011511619554406625,0.004144211196192453,0.011076337866794793,0.009299250647041462
2025-10-03,664.4848631838105,667.1527626006609,662.6698828508305,663.7113037109375,70494400,-1.4713555580661802e-05,0.013239803097556084,0.011292232177951866,0.009313414356094923
2025-10-06,666.1014192164715,666.9841207809839,663.9591941673339,666.0914916992188,54623300,0.0035797646662827694,0.015868233917024854,0.011771320723460937,0.00929587298745498
2025-10-07,667.0138910729768,667.4602056461605,662.1839114453724,663.6220092773438,72020100,-0.003714311780944407,0.01586238127702265,0.01170115411963038,0.009682033420958849
2025-10-08,664.7426772273783,667.6783772359653,663.919480237528,667.5791625976562,60702200,0.0059452546462897245,0.01568440856467882,0.01163736014746828,0.009623627438103707
2025-10-09,667.9957845708525,668.4023890582872,663.7112737749407,665.6452026367188,66501900,-0.002901179078111572,0.015815542676951486,0.011792594824473946,0.009920016836893794
2025-10-10,666.6071968358344,668.4122493878771,647.4757221413303,647.6542358398438,159422600,-0.027399832538963102,0.008248312852653135,0.006947667563962133,0.007550740731725868
2025-10-13,655.2216030747315,659.664772492732,654.3488290056752,657.5919189453125,79560500,0.015227587680655873,0.006637978150307044,0.006362938863193291,0.007575688814587996
2025-10-14,651.7701536094826,660.3590300864076,647.8030207789583,656.78857421875,88779600,-0.0012223931057610573,0.006490102376007701,0.006172519408183612,0.007553123792592472
2025-10-15,661.3408732132422,664.7228272522149,653.5156893256119,659.7044067382812,81702600,0.004429704266786335,0.007243072157989763,0.00624520998593876,0.0075248465998791385
2025-10-16,661.3408828539109,663.215367636124,651.7106461582608,655.211669921875,110563300,-0.0068335225027077754,0.006031141512999638,0.007091545143398963,0.008369684308761643
2025-10-17,654.0810128478913,660.2895852935891,652.7322022395391,658.9308471679688,96500900,0.005660249367837144,0.00636253626168352,0.007026836718517035,0.008294695304894925
2025-10-20,661.8367798071084,666.6866142382812,661.7872027532737,665.7840576171875,60493400,0.010346787167762106,0.006735233571683829,0.00648197911216872,0.008241780620672181
2025-10-21,665.9229005771253,667.4601523988813,664.4748753427003,665.7741088867188,56249000,-1.4942990429156014e-05,0.006425270851355878,0.007806656271099748,0.00843268861558164
2025-10-22,666.4782452803545,666.4782452803545,657.8497201766941,662.312744140625,80564000,-0.0052125696080209645,0.004439582322214236,0.007568912650302261,0.008429115457061551
2025-10-23,662.6301900162397,667.1825015615415,662.3128121266341,666.2402954101562,65604500,0.005912541831996953,0.008730046186357697,0.008284348332158306,0.008919968431655857
2025-10-24,670.9016937183009,672.8951271271609,670.0983517375236,671.6851806640625,74356500,0.008139340211438471,0.008182818070200333,0.00777589635469815,0.009028428383790392
2025-10-27,677.1201116013259,679.9070199177999,676.5151383891614,679.6094970703125,63339800,0.011728614603400918,0.005963731538027231,0.008511135459608984,0.009268267335141646
2025-10-28,681.4046232640447,683.2493254549719,679.2028936555786,681.41455078125,61738100,0.0026524950416700003,0.007394835966566279,0.00849658840223341,0.009533426572258539
2025-10-29,683.0608492697363,684.0328379014793,677.2589421639235,681.7418212890625,85657100,0.00048016576939499743,0.007895841180964262,0.008497688273209871,0.009687770880064162
2025-10-30,678.2805836148408,680.3037996369978,674.2440185546875,674.2440185546875,76335800,-0.011058934288291149,0.007826066147885892,0.009414731874161504,0.009446624170923013
2025-10-31,679.4111832231399,679.4508932951077,673.6588524169174,676.4556884765625,87164100,0.0032748535991825116,0.007437413231279934,0.009297121198037283,0.009477864774308413
2025-11-03,680.0359699637585,680.1649066224819,674.3530715971103,677.7251586914062,57315000,0.001874890771598795,0.01128816260089493,0.009520606554826746,0.009477594304325078
2025-11-04,670.5544968959969,674.3728983771498,669.0371001406891,669.691650390625,78427000,-0.011924451941663715,0.009329570948514042,0.009200095288899911,0.0090863656792208
2025-11-05,669.4337786331213,675.2654684624238,668.6304366940664,672.012451171875,74402400,0.0034594857288829657,0.009328575135262356,0.009228327451872242,0.009062199971127042
2025-11-06,670.9116044462689,671.8141611273297,663.2252840482561,664.80224609375,85035300,-0.010787246744836403,0.011455600150575136,0.009795221110735391,0.008665878327701035
2025-11-07,662.4218719882706,665.5658682287408,655.7769731606511,665.4567260742188,100592400,0.0009839889028669835,0.011455365889612297,0.01054527283763364,0.008715371181784032
2025-11-10,671.6751969912248,676.5746080726943,669.4833950163819,675.8406982421875,75842900,0.015483783745324687,0.008116785373511473,0.010388880676362547,0.008017709155937556
2025-11-11,674.3630127379913,677.9532631527235,673.1530057317516,677.387939453125,58953400,0.0022867412676202815,0.007176966179906444,0.010931163840090593,0.008136681041304349
2025-11-12,679.1631581075335,679.3318048264125,675.3547447293747,677.7647705078125,62312500,0.0005561455349355046,0.00811582341096677,0.011221506815519137,0.00814882533607077
2025-11-13,674.9085136071693,675.265541055433,665.0105359672095,666.5180053710938,103457800,-0.016733127522772336,0.007680318661930648,0.009762931428193062,0.007580360971567179
2025-11-14,659.9126462553079,670.1081450818862,657.8199984349773,666.4088134765625,96846700,-0.00016383779399072634,0.01039949618234217,0.009953098955865687,0.007594595469485447
2025-11-17,664.1972328051172,668.1742931923078,656.7290761218832,660.2003173828125,90456100,-0.00936001611387412,0.012544205578265473,0.009232590584909564,0.007272672399999601
2025-11-18,656.6596108350068,659.6548153709225,650.4708935566339,654.65625,114467500,-0.008433011441929867,0.011725841250431978,0.008418706517236309,0.0074730173697903635
2025-11-19,655.3505280387882,661.856623370592,653.3371790986623,657.185302734375,94703000,0.0038557337390654808,0.011763760568362591,0.008463707856103914,0.007594641401338864
2025-11-20,667.3808213360044,670.0090710879778,646.5335791707308,647.1683349609375,165293500,-0.015359584109870688,0.0035107314003883236,0.005488291506837129,0.006732713017048765
2025-11-21,649.6675301260088,659.0894699034471,645.5020288545189,653.6148681640625,123956200,0.009911853052476355,0.0070320614921225485,0.005708629869593075,0.006559746672768095
2025-11-24,657.2448196444445,664.5542570793402,656.1538823239337,663.2351684570312,80437900,0.014611339452438529,0.005410136264028065,0.004346475294435825,0.005900004529449481
2025-11-25,663.1360016067486,670.6537351639657,659.0200771396823,669.4735107421875,81077100,0.009361967767598688,0.004449486650107207,0.0039011393419878956,0.005632033720865407
2025-11-26,672.0620713400136,676.0986363282427,671.1595147067713,674.09521484375,71879600,0.006879770632920697,0.0037729909893598527,0.00349204577651505,0.005480519783565434
2025-11-28,675.2654787466182,678.0523870500939,674.9084513312986,677.7747192382812,49212000,0.005443590966696786,0.003089922420894434,0.004894818154401433,0.005459821387376566
2025-12-01,673.2323336611282,677.3779800628074,673.1629015749381,674.6803588867188,61201200,-0.004575923889866952,0.002434461804183228,0.004684545074407947,0.005346930390719691
2025-12-02,676.316742094939,678.2011542749951,673.748057660358,675.9299926757812,62953800,0.001850473223761602,0.0024951542473247348,0.004715025209297538,0.005631975029580223
2025-12-03,674.9779023816353,679.2822075879724,674.105128319461,678.2706298828125,57238500,0.0034568578671407297,0.0036009481363574523,0.005558912394515423,0.005593737386766441
2025-12-04,679.6690366334618,679.7384687237238,675.7416137771377,678.7665405273438,61970300,0.0007308726355028201,0.003633432152717437,0.006276927094337199,0.005781882587926035
2025-12-05,679.8375623637357,682.7336127271673,678.9549213715281,680.0557861328125,79241000,0.0018975931835084833,0.006502839092233264,0.007023110474133247,0.005906162183628868
2025-12-08,680.9484564225444,680.9980334759979,675.9696853695019,678.0127563476562,55231500,-0.0030087308003297914,0.006429899569744605,0.0072515111764655344,0.0059134176100314306
2025-12-09,677.5367544682442,679.7583392727543,676.9813582671167,677.4276123046875,58310100,-0.0008634006967059875,0.0064851652551973435,0.007342906284033498,0.005906073846816374
2025-12-10,676.951505843926,683.3088092137841,675.7117769038598,681.9203491210938,85671300,0.006610159139183051,0.005941095100219419,0.007143118098127759,0.005905084898857551
2025-12-11,679.51034738166,683.5865617528303,676.5647198382891,683.5072021484375,86173700,0.0023243323899324697,0.007688629508768468,0.007123098065055274,0.005896007602703471
2025-12-12,682.5154459360199,683.2196338188487,673.5893968987631,676.1581420898438,113160300,-0.010810206581406788,0.008214255020794457,0.006151994448528369,0.005299150276080741
2025-12-15,680.1054404790556,680.1252955149479,673.6687768311533,675.1365966796875,90811000,-0.001511950835671096,0.00852121374451716,0.006138541247555974,0.00543826902403729
2025-12-16,673.6488975485244,675.4837328267965,669.4338188610296,673.2918701171875,122030600,-0.0027361150535985287,0.008169599656330902,0.006634475968776679,0.005385500604711441
2025-12-17,674.3034691132465,674.8489377460819,665.6848710067972,665.8832397460938,110625200,-0.011064581322954193,0.002215236874809353,0.005177656744872987,0.004594938753510055
2025-12-18,672.0322187932205,675.1464323222394,669.3544527925658,670.9114990234375,108650100,0.007522894645792734,0.0033702814396915277,0.0050800587126132194,0.006569077158011809
2025-12-19,673.0134542661981,677.4896664833268,672.8940327515619,676.9923095703125,103599500,0.009022679156543787,0.003934884145085023,0.004679574683569316,0.006761904406590171
2025-12-22,680.3245290528953,681.7370055876305,676.9922622536055,681.2098388671875,69556700,0.00621047884157309,0.003367242783784998,0.004605530420490427,0.006719840868043322
2025-12-23,680.3046207584179,684.562024812114,680.2548972126992,684.3233032226562,64840000,0.004560079363435816,0.00407207366783116,0.004401835983136582,0.006644987030312176
2025-12-24,684.313382495532,687.1781631452748,684.164151137988,686.7305297851562,39445600,0.003511501850767283,0.003565775761095285,0.0047512461015297176,0.006695958461896237
2025-12-26,686.989161229118,688.0037280321676,685.6264081645946,686.660888671875,41613300,-0.00010141480775991423,0.005341611128186206,0.0047558266563267,0.006749130900390959
2025-12-29,683.9055083361335,685.5567672531378,682.4433081832867,684.2138671875,62559500,-0.003570018446780222,0.005761527452361422,0.004623366571621727,0.006686727827797766
2025-12-30,683.8159723723246,684.9200900521846,682.9505762759469,683.3782958984375,47160700,-0.001221959902357149,0.006031459466029423,0.004945742924301332,0.006699544636788762
2025-12-31,683.5076844111845,683.726492314561,678.1063955310838,678.3152465820312,74144800,-0.007436434837780548,0.004138489805167137,0.0041102047047570905,0.00649248751269794
