,Date,Open,High,Low,Close,Volume,log_return,future_vol_10,return_5d,return_10d,return_20d,vol_5,vol_10,vol_20,hl_range,oc_range,vol_change,vol_ratio,future_vol_5,future_vol_20
0,2015-01-30,165.67338811674696,166.99500099265984,164.4839277056571,164.7482452392578,197729700.0,-0.0126548622050709,0.0072032743558505,-0.0273002000934068,0.0021578444104652,-0.0300775821593643,0.0105371215825243,0.0107521719629002,0.010603715718797,0.0152418818382921,-0.0055841368852625,0.1390917669343159,1.2422134589977214,0.008649099008800292,0.005786974261534869
1,2015-02-02,165.24390342208943,166.87940563546837,163.4349329327051,166.78854370117188,163107000.0,0.0123082824448324,0.0067893988313043,-0.0173309753435298,0.0014371768700428,-0.0172338635559164,0.0130300997173606,0.0106587584112049,0.0110451866713454,0.0206517343837152,0.0093476385336704,-0.1751011608271291,1.0114701434858584,0.008857507086865163,0.005564708455334883
2,2015-02-03,167.68062446617702,169.20875342530874,167.30892116918625,169.2004852294922,124212900.0,0.0143575102354274,0.0057908634113154,0.0103046778846426,0.0136642879459765,0.0153485182490358,0.0136729502797715,0.0115739983901946,0.0107482934556297,0.0112282908263867,0.0090640213689193,-0.2384575769280288,0.781280181439453,0.007700645944111073,0.0049502065606969615
3,2015-02-04,168.44057206127013,169.64655660572535,168.10190370106497,168.55621337890625,134306700.0,-0.0038150102405127,0.0054872314022424,0.0193969774508548,0.0048138128830008,0.0209970686876075,0.0116376830223666,0.0116006194415202,0.0105374539027906,0.0091640223382811,0.0006865407557156,0.0812620911354617,0.8651321996802005,0.0071114718203550914,0.004802819476293561
4,2015-02-05,169.21701022264207,170.40647086465165,169.14267208350574,170.25778198242188,97953200.0,0.0100443484187478,0.0050274190488881,0.020240268653424,9.70649939624011e-05,0.0186573536398355,0.0117397508234988,0.0110377365386921,0.0104173025854034,0.0074228547231772,0.0061505150008881,-0.2706752529844006,0.6365786758894231,0.006992980914402078,0.005541544093399329
5,2015-02-06,170.6212406255758,171.18293601095024,169.26657983067707,169.78697204589844,125672000.0,-0.0027691074883044,0.0047870832214214,0.0301260233701905,0.0028258232767836,-0.0017012328834647,0.0086490990088002,0.0109195466621651,0.0096720486756435,0.0112868269996305,-0.0048895939135043,0.2829800353638267,0.8224759660142921,0.006289651856613121,0.005553148713672289
6,2015-02-09,169.14271042465256,169.8613378071158,168.62231812482196,169.02706909179688,87219000.0,-0.0044856714068428,0.0040692472124104,0.0133320695185153,-0.0039989058250144,0.0018589385570004,0.0088575070868651,0.0109897829003634,0.0095498128225834,0.0073303032996504,-0.0006836909055398,-0.3059790565917627,0.5844611887220481,0.004579637482767315,0.006658398383714773
7,2015-02-10,170.05952712324256,171.0837749758462,169.06830163446324,170.8277130126953,96164200.0,0.0105966481276784,0.0033880462224812,0.0095712074107663,0.0198758852954089,0.020319991227394,0.007700645944111,0.0104618453180659,0.009632039045114,0.0117982808868558,0.0045171587999068,0.1025602219699837,0.6549884564688728,0.003891295761540794,0.006195903549722545
8,2015-02-11,170.6625165467923,171.35636432033186,170.0182275279404,170.9268341064453,91087800.0,0.0005800718519472,0.0035305327645042,0.0139662895032262,0.033363266954081,0.0237168358516956,0.007111471820355,0.0091103361779756,0.0095907584593904,0.0078287110352615,0.001548773362782,-0.0527888756938652,0.6476438869426357,0.004142793161791478,0.006863081664568579
9,2015-02-12,171.719840560346,172.62845989396322,170.9599101194834,172.5706329345703,97545900.0,0.0095710247330142,0.0028009922659699,0.0134929658174926,0.0337332344709166,0.0393433741161978,0.006992980914402,0.0091375096012967,0.0096062888935196,0.0096687932709411,0.0049545374107503,0.0708997253199659,0.7179216564042977,0.0027958697514282936,0.006609784187507561
10,2015-02-13,172.69454368851316,173.3305646226638,172.43846907159076,173.281005859375,93670400.0,0.0041079691064516,0.0031489417389194,0.0203700424122486,0.0504960657824391,0.0526539101929043,0.0062896518566131,0.0072032743558505,0.0092460416923567,0.0051482593066028,0.0033959507830173,-0.0397300142804566,0.7111032833822166,0.0027191417286966915,0.007250466750969615
11,2015-02-17,172.9671293090362,173.72707241390395,172.71933547479566,173.55360412597656,76968200.0,0.0015719211110111,0.0035334182309944,0.0264276349301025,0.0397597044486177,0.0411968813186606,0.0045796374827673,0.0067893988313043,0.0089170930247565,0.0058064881117468,0.0033906720848243,-0.1783081955452309,0.615844726367156,0.002801497966581314,0.00726043012019887
12,2015-02-18,173.1818717963169,173.64443701478808,172.91754161207228,173.57009887695312,80652900.0,9.50367309767236e-05,0.0038366226484838,0.0159260235334008,0.0254972309441671,0.0391615188901436,0.0038912957615408,0.0057908634113154,0.0089278534199158,0.0041879068308367,0.0022417304802712,0.0478730176878243,0.6585901027878059,0.0029569659489801212,0.007778248583567131
13,2015-02-19,172.9753918948121,173.80966051892923,172.83497119197804,173.4462127685547,91462500.0,-0.0007140074371382,0.0038393184180381,0.0146319442443154,0.0285982337475416,0.0334120466305424,0.0041427931617914,0.0054872314022424,0.0089161050405599,0.0056195480511979,0.0027218951122763,0.1340261788478778,0.7565827350983911,0.0030476113915118984,0.007846468727123633
14,2015-02-20,173.03325388638092,174.56138345641074,172.41374394241674,174.48704528808594,140896400.0,0.0059829613882347,0.0054375271180272,0.0110438808995359,0.0245368467170285,0.0246339117109909,0.0027958697514283,0.0050274190488881,0.0084412030766693,0.0123083035216061,0.0084018035207245,0.5404827114937816,1.1818583381187655,0.002253635246120806,0.007985039519226663
15,2015-02-23,174.2392074282766,174.4622344970703,173.85923585195994,174.4622344970703,74411100.0,-0.0001422028500687,0.0057410853207344,0.0067937089430156,0.0271637513552642,0.0299895746320478,0.0027191417286966,0.0047870832214213,0.0083002559340433,0.0034563276507873,0.0012800050693844,-0.4718736603632172,0.6356625509527344,0.0038308550581615747,0.007997269442052621
16,2015-02-24,174.38785846833633,175.1560571033271,174.090493287688,174.9578094482422,72472300.0,0.002836558989931,0.007204202380444,0.0080583468219355,0.034485981752038,0.0304870759270235,0.0028014979665813,0.0040692472124104,0.0083036492873105,0.0060904044180682,0.0032682950803558,-0.0260552525093702,0.6243100621469012,0.004127798540934028,0.0080596257348409
17,2015-02-25,174.8339377101534,175.31302682594247,174.4704899254886,174.8091583251953,73061700.0,-0.0008500009760396,0.0071636368274715,0.0071133091149192,0.02303933264832,0.0429152179437289,0.0029569659489801,0.0033880462224812,0.0075702393480238,0.0048197526292444,-0.0001417309778789,0.0081327624485492,0.6463653455735886,0.004432699095218505,0.00866979895630902
18,2015-02-26,174.7182261234912,174.87517056775698,173.99958643679824,174.6025848388672,72697900.0,-0.0011824073714571,0.0087918772003456,0.0066449091806003,0.0212768534249157,0.0546401203789967,0.0030476113915119,0.0035305327645042,0.0067530501938505,0.0050147260521187,-0.0006618730466178,-0.0049793530673389,0.6716122281670295,0.00456610433633747,0.00867395008065324
19,2015-02-27,174.50347369283446,174.76780386009438,173.95831477978405,174.00787353515625,108076000.0,-0.00341189924942,0.0088813764045497,-0.0027499514570544,0.0082939294424815,0.0420271639133981,0.0022536352461208,0.0028009922659699,0.0067059073192255,0.0046520255886397,-0.0028400589810067,0.4866454189185658,1.029605198288742,0.007591084290149071,0.008692559381867613
20,2015-03-02,174.1070098663145,175.16430544173227,174.05745110558516,175.1064910888672,87491400.0,0.0062937609649822,0.0098541543221835,0.0036860123579964,0.0104797213010121,0.0609757870834512,0.0038308550581615,0.0031489417389194,0.0057869742615348,0.006321035441144,0.0057406144837023,-0.1904641178429993,0.8796953642284225,0.006964486728656047,0.00903957918119392
21,2015-03-03,174.67698803921306,175.15607714083993,173.52883035557673,174.38787841796875,110325800.0,-0.0041123047825926,0.0098287769531864,-0.0032628514145271,0.0047954954074084,0.0445551998560262,0.004127798540934,0.0035334182309944,0.0055647084553348,0.0093311920531715,-0.0016551099517436,0.2609902230390644,1.1395243304110112,0.009083437336721905,0.0091920532836138
22,2015-03-04,173.79320701450573,173.86755779639384,172.6863521299743,173.6527862548828,114497200.0,-0.0042241802798543,0.0106302805988207,-0.0066370307183418,0.0004762783965774,0.0259735093407445,0.0044326990952185,0.0038366226484838,0.0049502065606969,0.0068021117996103,-0.0008079761115818,0.0378098323329629,1.1885732650843757,0.009208351474054109,0.009180338335529477
23,2015-03-05,173.97484964121526,174.12353853152536,173.33882872209776,173.8426971435547,76873000.0,0.0010930266242422,0.0107225694607833,-0.0043615967226425,0.0022833124579578,0.0308815462054994,0.0045661043363374,0.0038393184180381,0.0048028194762935,0.0045139072409789,-0.0007596069083152,-0.3286036689106808,0.8225234885383251,0.012232249368750496,0.009225279769054984
24,2015-03-06,172.98366399574914,173.4131943420877,171.067320134475,171.39772033691406,188128000.0,-0.0141641450957406,0.0098864322239244,-0.0151138425689631,-0.0178637940260175,0.006673052691011,0.007591084290149,0.0054375271180272,0.0055415440933993,0.0136867293392318,-0.0091681701161911,1.4472571644140335,1.920287079488716,0.010891106536159814,0.00879769285208095
25,2015-03-09,171.5959539499552,172.46325756122909,171.4390094552801,172.1080780029297,89818900.0,0.0041359341359618,0.0099165491021797,-0.0172716693979835,-0.013585657039987,0.0135780943152772,0.006964486728656,0.0057410853207343,0.0055531487136722,0.0059511913550714,0.002984476272231,-0.5225649557747916,0.933901097809922,0.01271156517624498,0.00877286824189342
26,2015-03-10,170.74514307546252,170.82773680839537,169.27482842335175,169.31613159179688,157121300.0,-0.0163550712973716,0.0082425345093336,-0.0295144359127625,-0.0327772873272896,0.0017086944247484,0.0090834373367219,0.007204202380444,0.0066583983837147,0.0091716505122354,-0.0083692657836485,0.7493122271593173,1.5763970605534832,0.009304135271053187,0.007907982309195606
27,2015-03-11,169.57223785067123,169.7457061618348,168.8370866347127,168.91969299316406,110145700.0,-0.0023441560671897,0.0098071967753229,-0.0276344117000979,-0.0342714424184397,-0.0112321097701196,0.0092083514740541,0.0071636368274715,0.0061959035497225,0.0053790029511766,-0.0038481821421842,-0.2989766505241491,1.0973942270924584,0.00948927064097112,0.007904238664372936
28,2015-03-12,169.54738756835224,171.13333067656885,169.49782881558852,171.0672607421875,93993500.0,0.0126334042440329,0.0089503692920644,-0.0160940340803072,-0.0204556308029497,0.000821222621966,0.0122322493687504,0.0087918772003456,0.0068630816645685,0.0095605778328628,0.0089642972129106,-0.1466439452470682,0.9351144383147656,0.009486618582851991,0.0075149017285917556
29,2015-03-13,170.79474969819526,171.75291541326115,168.98577880740035,170.01829528808594,162410900.0,-0.0061507662378894,0.0087478307618124,-0.008080655222456,-0.0231944977914191,-0.0149005683489375,0.0108911065361598,0.0088813764045497,0.0066097841875075,0.0162755225910955,-0.0045461257531707,0.7278950140169267,1.5652741785500417,0.00845423122982763,0.007443083290116886
30,2015-03-16,170.74513950639326,172.380641590183,170.0430234693745,172.28977966308594,136099200.0,0.0132717740697674,0.0085661562669333,0.0010551847113495,-0.0162164846866339,-0.0057367633856217,0.0127115651762449,0.0098541543221835,0.0072504667509696,0.0135679442238519,0.0090464663366586,-0.1620069835214261,1.2854075306529231,0.007555382183913591,0.006869317722951355
31,2015-03-17,171.5546219127697,172.15760780310515,170.96814720565243,171.77764892578125,94510400.0,-0.0029769229689458,0.0089972650909762,0.0144333330397753,-0.0150811028729871,-0.0102856074655786,0.0093041352710531,0.0098287769531864,0.0072604301201988,0.0069244200563406,0.0013000350006597,-0.305577108462063,0.885282744820132,0.00808952300842685,0.006876356214984573
32,2015-03-18,171.30683124757832,174.51176564005567,170.67079772450302,173.8426971435547,228808500.0,0.0119499492173751,0.0079248185100055,0.0287274383243401,0.0010930266242423,0.0015693050208197,0.0094892706409711,0.0106302805988206,0.0077782485835671,0.0220945025512396,0.014803063471015,1.4209875315309213,2.0041898098705047,0.008453816033477918,0.0063581399096687115
33,2015-03-19,173.42971522233455,173.8509773639673,172.66151648881646,173.04974365234375,117917300.0,-0.0045717621895622,0.0080320930366595,0.011522271890745,-0.0045717621895621,-0.0022884497316042,0.0094866185828519,0.0107225694607833,0.0078464687271236,0.0068735200067124,-0.0021909254103524,-0.4846463308836866,1.0210366330823184,0.008449268409863531,0.006811099309596866
34,2015-03-20,173.9964219067773,175.08332706439776,173.813886863184,174.57720947265625,177715100.0,0.0087880162167281,0.0077727051663576,0.0264610543453625,0.0183803991229066,0.0005166050968891,0.0084542312298276,0.0098864322239244,0.0079850395192266,0.0072715115853229,0.0033379282143521,0.5071164282085834,1.5146763674993242,0.006396179558329837,0.0068326651486569565
35,2015-03-23,174.58551785943564,175.15801303387462,174.23704528808594,174.23704528808594,71784500.0,-0.001950403618899,0.0077830059524409,0.0112388766566961,0.0122940613680458,-0.0012915956719411,0.0075553821839135,0.0099165491021796,0.0079972694420526,0.0052857171921501,-0.0019959992994967,-0.596069776850701,0.6125091650900536,0.009920068061792459,0.0068241542619486605
36,2015-03-24,174.112585767895,174.56891073329592,173.1916180726312,173.25799560546875,77805300.0,-0.0056349136418422,0.007747126677008,0.0085808859837997,0.0230142190235752,-0.0097630683037143,0.0080895230084268,0.0082425345093335,0.0080596257348408,0.0079493743180603,-0.0049082618505562,0.0838732595476738,0.6623752554823569,0.01032505488149658,0.006780596025111874
37,2015-03-25,173.46537261303482,173.69768758352507,170.67758030693514,170.71905517578125,159521700.0,-0.0147625344978126,0.0059665520614644,-0.0181315977313879,0.0105958405929523,-0.0236756018254873,0.0084538160334779,0.0098071967753229,0.008669798956309,0.0176905107252395,-0.015832078736429,1.0502677838142134,1.309840912517157,0.007866515151269534,0.005767899010677935
38,2015-03-26,170.05537123840853,171.2252389858429,169.3584133966899,170.3125762939453,153067200.0,-0.0023838203662938,0.0059113857594733,-0.0159436559081195,-0.0044213840173743,-0.024877014820324,0.0084492684098635,0.0089503692920644,0.0086739500806532,0.0109611728609577,0.0015124782808312,-0.0404615798352199,1.216696768016068,0.007878708524433273,0.00570553296084638
39,2015-03-27,170.19635140623822,170.87669876838024,170.00551130618186,170.7024688720703,118939000.0,0.00228666009633,0.0062937877341827,-0.0224450120285176,0.004016042316845,-0.019178455474574,0.0063961795583298,0.0087478307618123,0.0086925593818676,0.0051035434223934,0.0029737268845678,-0.2229622022222919,0.941355191678078,0.008278359352949306,0.0058413760496770625
40,2015-03-30,171.73129641311075,173.08371141679822,171.7147115290507,172.78501892089844,96180400.0,0.0121260636337767,0.0051173061754416,-0.0083685447758419,0.0028703318808543,-0.0133461528057795,0.0099200680617924,0.0085661562669333,0.0090395791811939,0.0079231399591086,0.0061358793056152,-0.1913468248429867,0.7586213451322729,0.006127326526760544,0.005276360541543311
41,2015-03-31,171.96370781276786,172.66066580079868,171.21698248443536,171.27505493164062,126768700.0,-0.008777383941224,0.0040190610794362,-0.0115110150752237,-0.0029301290914238,-0.0180112319644109,0.0103250548814965,0.0089972650909762,0.0091920532836138,0.008429034321078,-0.0040046408040761,0.3180304926991362,0.9934439238373268,0.004406462421127223,0.004924473987919657
42,2015-04-01,171.24186786965754,171.26675786924957,169.68202704069807,170.66937255859375,137303600.0,-0.0035425815295732,0.0036415118698082,-0.0002910621069843,-0.0184226598383721,-0.0173296332141298,0.0078665151512695,0.0079248185100054,0.0091803383355294,0.0092853849802924,-0.0033431970708211,0.0831033212457017,1.066472091747439,0.0034688830632059486,0.005431204167269375
43,2015-04-02,170.60296489926685,171.73135776912642,170.42042982765565,171.2833251953125,86900900.0,0.0035908668097081,0.0056313017966467,0.0056836250690175,-0.0102600308391018,-0.0148317930286639,0.0078787085244332,0.0080320930366594,0.0092252797690549,0.0076535642916549,0.0039879746313164,-0.3670894280994817,0.6723629688749848,0.003631045308677023,0.005856482698956717
44,2015-04-06,170.39548636758687,172.950963908092,170.26274398824668,172.43655395507812,114368200.0,0.0067103077653454,0.0059541116413573,0.0101072727380329,-0.0123377392904845,0.006042659832422,0.0082783593529493,0.0077727051663576,0.0087976928520809,0.0155896175038712,0.0119784134603668,0.3160761280953361,0.9108720707947574,0.004492497831996589,0.005721214025372761
45,2015-04-07,172.4614980599821,173.20822323643148,171.947087945549,171.9802703857422,81236300.0,-0.0026496024818185,0.0058730481324483,-0.0046683933775622,-0.013036938153404,-0.0007428767853582,0.0061273265267605,0.0077830059524408,0.0087728682418934,0.0073330230732504,-0.0027903484525719,-0.2896950376066074,0.6492158128332013,0.003942566729430792,0.006317841520790096
46,2015-04-08,172.20428539278765,173.00079052443866,171.8143252715886,172.56105041503906,89351900.0,0.0033713261331595,0.0059578206032452,0.0074803166968212,-0.0040306983784023,0.0189835206451728,0.0044064624211272,0.0077471266770079,0.0079079823091956,0.0068756260465291,0.0020717546107383,0.0999011525635706,0.7339482623887689,0.004059492482376502,0.006353904014165431
47,2015-04-09,172.39515667132295,173.55673222499155,171.90563644943578,173.3244171142578,85548900.0,0.0044139925512432,0.0058759882832145,0.0154368907776376,0.0151458286706534,0.0257416692636057,0.0034688830632059,0.0059665520614644,0.0079042386643729,0.0095260425682975,0.005390293212857,-0.0425620496038696,0.7098811877614246,0.004003573150932218,0.006338874180914048
48,2015-04-10,173.57327279212356,174.31170543599447,173.37415285413942,174.2702178955078,72722900.0,0.0054419891457712,0.0056984385194274,0.0172880131137007,0.0229716381827184,0.018550254165344,0.003631045308677,0.0059113857594732,0.0075149017285917,0.0053798784047954,0.0040152789203838,-0.149925948784847,0.608824531200992,0.006288867436852821,0.00689054916605754
49,2015-04-13,174.1291290766868,174.75970915796125,173.4321841386416,173.48196411132812,74436600.0,-0.0045334302700596,0.0056616239446555,0.0060442750782957,0.0161515478163288,0.0201675901331738,0.0044924978319965,0.0062937877341826,0.0074430832901168,0.0076522365083885,-0.0037165807282805,0.023564791833109,0.6469972489192245,0.007709561090616857,0.00690018291676865
50,2015-04-14,173.2829265980501,173.9964694196096,172.66065132320944,173.81393432617188,75099900.0,0.0019117433718239,0.0057030651945809,0.0106056209319381,0.005937227554376,0.0088075594352303,0.0039425667294307,0.0051173061754416,0.0068693177229513,0.0076853337540443,0.0030643972752925,0.0089109389735695,0.6705386231430865,0.0077151710373532315,0.006929367710566896
51,2015-04-15,174.2785640233061,175.0999592812793,174.19558892280122,174.59384155273438,99529300.0,0.0044769869286725,0.0057563550318185,0.0117112817274511,0.0191915984242725,0.0162614693328486,0.0040594924823764,0.0040190610794362,0.0068763562149845,0.0051798525677374,0.0018090436491438,0.3252920443302853,0.8866728296785995,0.007777560369901596,0.00685328197202528
52,2015-04-16,174.26188088326768,175.05009331004587,174.0627483359927,174.54397583007812,68934900.0,-0.0002856506543411,0.0065936526455981,0.0070116385218668,0.0224485292995046,0.0040258694611324,0.0040035731509322,0.0036415118698082,0.0063581399096687,0.0056567118364163,0.001618798932851,-0.3073908889141188,0.6612039924942903,0.007835272634243627,0.007241366675546908
53,2015-04-17,173.35750980416844,173.5981172194862,171.75618231527255,172.53610229492188,191113200.0,-0.0115702171409161,0.0063639431095393,-0.0100005677648204,0.0072874453488804,-0.0029725854902214,0.0062888674368528,0.0056313017966467,0.0068110993095968,0.0106756492103036,-0.0047382285900072,1.7723721946358086,1.770937093218201,0.003796988610300883,0.006667237364642517
54,2015-04-20,173.45713954843745,174.44448491317723,173.3741771160743,174.11260986328125,92189500.0,0.0090957697643404,0.005797394576333,0.0036286322695795,0.0096729073478754,-0.0026648319426091,0.0077095610906168,0.0059541116413573,0.0068326651486569,0.0061472158618688,0.0037788603948513,-0.5176183539389221,0.8895153514113667,0.0035595277830575834,0.006417436723207276
55,2015-04-21,174.79284723472975,174.9504922150478,173.60638265269577,173.9050750732422,72559800.0,-0.0011926682098221,0.0069719891741169,0.0005242206879335,0.0111298416198718,-0.0019070965335322,0.0077151710373532,0.0058730481324483,0.0068241542619486,0.0077289841126599,-0.0050789959402364,-0.2129277195342203,0.6998511076167757,0.0034597028039450375,0.006406437750205684
56,2015-04-22,174.24532765331014,174.94228541591448,173.324359960795,174.75975036621094,78264600.0,0.0049025708500909,0.006800933476978,0.0009498046093519,0.0126610863368032,0.0086303879584008,0.0077775603699015,0.0059578206032452,0.0067805960251118,0.0092579982045586,0.0029522898537877,0.0786220469185416,0.7547076656039247,0.003745208484518852,0.006340336996785456
57,2015-04-23,174.36148812213582,175.84665853711883,174.24533060310532,175.19949340820312,102585900.0,0.0025131113480008,0.0069059798093572,0.0037485666116938,0.0107602051335608,0.0259060338042142,0.0078352726342436,0.0058759882832144,0.0057678990106779,0.0091400260518021,0.0048061374968324,0.3107573538994641,1.017161405396664,0.005433831838740177,0.006347448985605979
58,2015-04-24,175.6143689483349,175.87157401630265,175.15803125022026,175.60606384277344,61327400.0,0.0023179257466201,0.0082113677398362,0.01763670949923,0.0076361417344097,0.0306077799171281,0.0037969886103008,0.0056984385194274,0.0057055329608463,0.0040633150727713,-4.729171998402558e-05,-0.4021849006539885,0.6370480271786826,0.008035094404125318,0.0063657787601402345
59,2015-04-27,176.17021507638887,176.29466502117256,174.68504488080637,174.87588500976562,79358100.0,-0.004166718952674,0.0082483202167182,0.0043742207822156,0.0080028530517953,0.0241544008681241,0.0035595277830575,0.0056616239446554,0.005841376049677,0.0092043573662332,-0.007347042552352,0.2940072463531797,0.84164704172966,0.007929289874009428,0.006772316597951875
60,2015-04-28,174.8509904598969,175.48155793071655,173.68111036857317,175.43177795410156,86863500.0,0.0031737439383551,0.0082088723667865,0.0087406329303928,0.0092648536183265,0.0152020811727025,0.003459702803945,0.0057030651945809,0.0052763605415433,0.0102629499805584,0.003321613979292,0.0945763570448385,0.925821069531786,0.009303603811573503,0.007066773457877007
61,2015-04-29,174.54399554046685,175.30731806756097,173.9051356170558,174.70994567871094,125684900.0,-0.0041230921610265,0.008121462687191,-0.0002850300807245,0.0006647745286275,0.0198563729529,0.0037452084845188,0.0057563550318185,0.0049244739879196,0.0080257734902153,0.000950763947681,0.4469241971599118,1.3403670711481823,0.009303726518514207,0.006999606388244361
62,2015-04-30,174.1374775440112,174.52743764078912,172.2623470377464,172.9593048095703,161304900.0,-0.0100708110519995,0.0079492186542392,-0.0128689524807248,-0.0091203858690308,0.0133281434304737,0.0054338318387401,0.006593652645598,0.0054312041672693,0.0130960898896801,-0.0067657620350169,0.2834071555135105,1.6984991325597762,0.008501803094477428,0.006743994460438935
63,2015-05-01,173.73921654071185,174.87591442186115,173.63965656814003,174.8344268798828,103399700.0,0.0107830594313576,0.0072937470629176,-0.0044038187959873,0.0132328907032428,0.0205203360521232,0.0080350944041253,0.0063639431095392,0.0058564826989567,0.0070710207124737,0.0063037600892733,-0.3589797954060911,1.079396187778736,0.009234154404487552,0.006321899639186475
64,2015-05-04,175.25757748874994,175.9130477655993,175.1497250669073,175.33226013183594,70927200.0,0.0028434091867257,0.0073022013443082,0.0026063093434123,0.0069805301256281,0.0166534374735035,0.0079292898740094,0.0057973945763329,0.0057212140253727,0.0043535781613607,0.0004261307508417,-0.3140482999467117,0.7575914072305892,0.009450553011820047,0.006295658889139492
65,2015-05-05,175.09168310540448,175.44846087846096,173.1833695584712,173.3244171142578,113326200.0,-0.0115177212709198,0.0059260135213824,-0.0120851558658625,-0.0033445229354695,0.0077853186844022,0.0093036038115735,0.0069719891741168,0.00631784152079,0.0130685067788029,-0.0100933748525495,0.5977819510709572,1.1900704284255432,0.0075913634953672605,0.005699101491580132
66,2015-05-06,173.8719416972736,174.1789266667018,171.54877900859634,172.6107940673828,135060200.0,-0.0041257671152277,0.0056269939247398,-0.0120878308200637,-0.0123728609007881,0.000288225436015,0.0093037265185142,0.006800933476978,0.0063539040141654,0.0152374460259926,-0.0072533130853657,0.1917826592614946,1.3850640557847926,0.00708699051527163,0.005970790557454977
67,2015-05-07,172.5112715607244,173.72263947585762,172.1793965303919,173.2994842529297,88244900.0,0.0039819059373182,0.0056015180363889,0.0019648861692539,-0.0109040663114707,-0.0001438611779099,0.0085018030944774,0.0069059798093572,0.006338874180914,0.0089050636943233,0.0045690503876892,-0.3466254307338505,0.903716337309164,0.008066431147779263,0.005931683012392353
68,2015-05-08,174.96719142130206,175.7802941151666,174.8842163328538,175.58116149902344,155877300.0,0.0130801740078043,0.0042285548053672,0.0042620007457006,-0.0001418180502865,0.0074943236841231,0.0092341544044875,0.0082113677398361,0.0068905491660575,0.0051034961533603,0.0035090583139269,0.766417096058809,1.5311450192722516,0.005867169286510153,0.005257676155522637
69,2015-05-11,175.5396205318406,175.8051179265287,174.66843307198295,174.74310302734375,75708100.0,-0.0047844820083884,0.0053648822348785,-0.0033658904494134,-0.0007595811060009,0.0072432719457943,0.00945055301182,0.0082483202167182,0.0069001829167686,0.0065048910935723,-0.0045375368938567,-0.514309652527982,0.743198242627283,0.004994673529371172,0.005171836124611298
70,2015-05-12,173.9134587041349,174.75975644947212,173.0920509518764,174.22044372558594,119727600.0,-0.0029954973660701,0.0059886521725081,0.0051563334554362,-0.0069288224104261,0.0023360312079003,0.0075913634953672,0.0082088723667865,0.0069293677105668,0.009572386925053,0.0017651596589386,0.5814371249575674,1.1501281083764587,0.004386358619217217,0.005829257292006491
71,2015-05-13,174.6269635497374,175.24923856234108,174.0212860823308,174.25360107421875,94667900.0,0.0001903002489148,0.0060299056757599,0.0094724008195787,-0.0026154300004848,-0.0019506554718573,0.0070869905152716,0.008121462687191,0.0068532819720252,0.0070469274232517,-0.0021380574221135,-0.2093059578576702,0.9115278429452852,0.004539349118163687,0.005867355479681391
72,2015-05-14,175.26583815484017,176.1619157026827,174.99203562687012,176.07064819335938,95934000.0,0.0103736091209661,0.0054696442938814,0.0158641040032266,0.0178289901724807,0.0087086043034498,0.0080664311477792,0.0079492186542392,0.0072413666755469,0.0066443787639597,0.0045919390052965,0.0133741215343321,0.9118660208811749,0.0017686638117885816,0.00563365041613184
73,2015-05-15,176.26148986816406,176.40253736481634,175.7802622947641,176.26148986816406,76510100.0,0.0010833056247335,0.0055084884210711,0.0038672356201558,0.0081292363658566,0.0213621270690994,0.0058671692865101,0.0072937470629176,0.0066672373646425,0.0035304085453814,0.0,-0.2024714908166031,0.7691305518743248,0.002401413130791077,0.005681171089623184
74,2015-05-18,176.0955698911435,177.0580124734228,176.02919235784495,176.80911254882812,74549700.0,0.0031020601321818,0.0053688021580962,0.011753777760726,0.0083878873113127,0.0153684174369408,0.0049946735293711,0.0073022013443082,0.0064174367232072,0.0058188183897689,0.0040520193558856,-0.0256227609165325,0.7561273950469652,0.005147353494662406,0.005788330043958616
75,2015-05-19,176.92528021508664,177.19908280806544,176.46894256012197,176.75103759765625,72114600.0,-0.0003285152564286,0.0054802847002345,0.0144207598703675,0.0195770933258039,0.0162325703903343,0.0043863586192172,0.0059260135213824,0.0064064377502056,0.0041308965303248,-0.0009848373122177,-0.0326641153485527,0.7315943376931991,0.007421380783287827,0.005810698844424081
76,2015-05-20,176.85055102371675,177.3732660782015,176.31125108448646,176.6265411376953,76857500.0,-0.0007046087392258,0.0060331195389404,0.0135258508822269,0.0229982517018058,0.0106253908010176,0.0045393491181636,0.0056269939247398,0.0063403369967854,0.0060127712793012,-0.0012666620755475,0.0657689288992797,0.7802674243946678,0.007429454111618189,0.006302439885491843
77,2015-05-21,176.48550322428738,177.34838570588087,176.31955308609574,177.14096069335938,64764600.0,0.0029082372777307,0.0058491232836745,0.0060604790389915,0.0219245830422183,0.0110205167307475,0.0017686638117885,0.0056015180363889,0.0063474489856059,0.0058079882583797,0.00371394509519,-0.1573418339134111,0.6703686827983979,0.007537221414601289,0.006336951179918307
78,2015-05-22,176.75930935079924,177.17415941398292,176.65145694332057,176.71783447265625,57433500.0,-0.0023914986890117,0.0060138650716136,0.0025856747252463,0.0064529103454023,0.0063110922951157,0.002401413130791,0.0042285548053672,0.0063657787601402,0.002957836554653,-0.0002346404174994,-0.1131960978682798,0.5956860252827015,0.00776886916155213,0.00643361507208923
79,2015-05-26,176.228282326917,176.65143744720314,174.40294478240588,174.8177947998047,124308600.0,-0.0108100460798684,0.0051955249202962,-0.0113264314868038,0.0004273462739223,-0.0003322348320786,0.0051473534946623,0.0053648822348784,0.0067723165979518,0.0128619209924947,-0.0080037523403635,1.1643918618924496,1.2599280887260451,0.005756356725300942,0.00591083774338332
80,2015-05-27,175.2741711023209,176.70954893500715,174.86761343770593,176.47723388671875,93214000.0,0.0094476226220781,0.0057785148614396,-0.0015502936082971,0.0128704662620705,0.0059416438516443,0.0074213807832878,0.0059886521725081,0.007066773457877,0.0104372414318527,0.0068638908792529,-0.2501403764502214,0.9417384335493432,0.003519345713773747,0.005769333110640693
81,2015-05-28,176.17016536698577,176.38588276381523,175.58937802151053,176.2780303955078,74974600.0,-0.0011294148241344,0.0059151018708961,-0.0019750996932057,0.0115507511890213,0.0089353211885364,0.0074294541116181,0.0060299056757599,0.0069996063882443,0.0045184572377942,0.000612277500548,-0.1956723238998433,0.7773798318341409,0.004965015206159349,0.005800050019004571
82,2015-05-29,176.2116785599206,176.25315342904204,174.9173486699629,175.18284606933594,124919600.0,-0.0062322036066438,0.0060897399765047,-0.0111155405775802,-0.0050550615385885,0.0127739286338921,0.0075372214146012,0.0054696442938814,0.0067439944604389,0.0076252029753554,-0.0058386169349997,0.666158939160729,1.320140411733583,0.004431419830423591,0.0056337759700512465
83,2015-06-01,175.84664258087983,176.17851755936138,174.75143236349666,175.53965759277344,93338800.0,0.0020347234227329,0.0061215986273536,-0.0066893184658356,-0.0041036437405891,0.0040255926252674,0.0077688691615521,0.005508488421071,0.0063218996391864,0.0081297025152877,-0.0017457540479636,-0.2528090067531436,0.9916688756567872,0.004405690259105259,0.007319028764254335
84,2015-06-02,175.08336818147808,176.05411605389597,174.46109293042386,175.36546325683594,91531000.0,-0.0009928287727718,0.0064699657910631,0.0031278988412609,-0.0081985326455427,0.0001893546657699,0.0057563567253009,0.0053688021580961,0.0062956588891394,0.0090840185626459,0.001611204298203,-0.0193681512939956,0.9619335736056636,0.00451461240451651,0.0073567409257662905
85,2015-06-03,175.8964556652323,176.45235332192888,175.3405580085357,175.830078125,87820900.0,0.0026459056820192,0.0064218467641499,-0.0036738180987979,-0.0052241117070949,0.0143529816187089,0.0035193457137737,0.0054802847002345,0.0056991014915801,0.0063231235818639,-0.0003773671276164,-0.0405338082179808,0.9354802715762368,0.007919823631846476,0.0075919932673412524
86,2015-06-04,175.1247685850004,175.78022595277886,174.02955861123456,174.3448486328125,151882800.0,-0.0084828369190882,0.0066207173718402,-0.0110272401937517,-0.0130023398869573,0.0099959118148484,0.0049650152061593,0.0060331195389403,0.0059707905574549,0.0100414056123412,-0.0044535102515173,0.7294607547861613,1.6035092429444333,0.0067709291911959455,0.007375008482635808
87,2015-06-05,174.1955130192715,174.71822807219536,173.39070300390694,174.04617309570312,121704700.0,-0.0017145999273997,0.0068106971798679,-0.0065096365145076,-0.0176251770920877,0.0042994059501305,0.0044314198304235,0.0058491232836744,0.0059316830123923,0.0076274303805488,-0.0008573121143013,-0.1986933345974659,1.2626017336813082,0.007895535072676808,0.007389747206953173
88,2015-06-08,173.9383617105217,174.0877143403882,172.90123638724768,172.9759063720703,89063300.0,-0.0061683113578073,0.0064179925562056,-0.0147126712950478,-0.0214019897608833,-0.014949079415481,0.0044056902591052,0.0060138650716135,0.0052576761555226,0.0068592093432273,-0.0055333126573489,-0.2682016388849403,0.9571419720703512,0.007552977372565551,0.00741002778672193
89,2015-06-09,172.9510040283203,173.49031675404825,172.32043643447227,172.9510040283203,105034700.0,-0.0001439745972014,0.0063903943577424,-0.0138638171194774,-0.0107359182782163,-0.010308572004294,0.0045146124045165,0.0051955249202961,0.0051718361246112,0.0067642297085735,0.0,0.1793263892085741,1.1112710460086148,0.007822455475703882,0.008334728053694332
90,2015-06-10,173.71435575987715,175.4069515395513,173.65628331951808,175.02528381347656,134551300.0,0.0119221017455182,0.0060173040472652,-0.0045876210559784,-0.0082614391547762,0.0046090271072942,0.0079198236318464,0.0057785148614395,0.0058292572920064,0.010002373267961,0.0075464577919598,0.2810176065624026,1.4124814282269536,0.005464379121057772,0.007819022292685501
91,2015-06-11,175.46499965066585,175.97111729320704,175.23268460099652,175.58946228027344,73876400.0,0.0032182271853352,0.0060024847462569,0.0071134430484449,-0.0039137971453066,0.0076369540437146,0.0067709291911959,0.005915101870896,0.0058673554796813,0.0042054499320229,0.0007093302359751,-0.4509425029709858,0.7840904248479623,0.00726009968744972,0.00835417039405201
92,2015-06-12,174.76796945409845,175.4649142639513,173.97145205697055,174.24525451660156,135382400.0,-0.0076848541012605,0.0054257332993382,0.0011431888745841,-0.0053664476399233,-0.0104215091785119,0.0078955350726768,0.0060897399765047,0.0056336504161318,0.0085710351832764,-0.0029909081116501,0.8325527502693688,1.4074235441733485,0.00637318676603774,0.008577717715471186
93,2015-06-15,173.1086665631017,173.78072176679095,172.4034162583637,173.49862670898438,124384200.0,-0.0042941313720682,0.0086951506935804,0.0030173688603232,-0.0116953024347244,-0.0157989461753136,0.0075529773725655,0.0061215986273535,0.0056811710896231,0.0079384231135007,0.0022526899064323,-0.0812380338951,1.2616903767455938,0.005474938458554749,0.008557395771325239
94,2015-06-16,173.34926288666625,174.52744835364663,173.17503292818068,174.44447326660156,85308200.0,0.0054368020950811,0.008468783519526,0.0085981455526057,-0.0052656715668715,-0.0134642042124143,0.0078224554757038,0.0064699657910631,0.0057883300439586,0.0077526986102853,0.0063179407959256,-0.3141556564258161,0.8606272481788714,0.005489356588894348,0.008483277506443164
95,2015-06-17,174.7264862060547,175.3321762043976,173.70595894807167,174.7264862060547,126708600.0,0.0016153290708948,0.0089647956894166,-0.0017086271220176,-0.0062962481779959,-0.0115203598850909,0.0054643791210577,0.0064218467641498,0.005810698844424,0.0093072166197409,0.0,0.4853038746568325,1.2440342322809683,0.00711812708164053,0.008652361957173681
96,2015-06-18,175.32397960472704,177.00827030886364,174.75978944147187,176.54364013671875,165867900.0,0.0103462834110751,0.0080419198379567,0.0054194291037222,0.0125328721521673,-0.00046946773479,0.0072600996874497,0.0066207173718401,0.0063024398854918,0.0127361193280625,0.0069566098986656,0.3090500565865299,1.5603239046539434,0.004815036872743197,0.008347256259134005
97,2015-06-19,176.30179312772805,176.37682630299184,175.38467857961558,175.75985717773438,130478700.0,-0.0044494832328567,0.0080062474811906,0.008654799972126,0.0097979888467103,-0.0078271882453774,0.0063731867660377,0.0068106971798678,0.0063369511799183,0.0056449051524488,-0.0030739105960258,-0.2133577382965601,1.1906163024626235,0.004599534704942612,0.008276103864659668
98,2015-06-22,176.67703289958004,177.24396738249402,176.45192057404458,176.6603546142578,70696000.0,0.005110373163445,0.0081274234119906,0.0180593045076392,0.0210766733679626,-0.0003253163929207,0.0054749384585547,0.0064179925562056,0.0064336150720892,0.0044834440085829,-9.439984953623448e-05,-0.4581797642067249,0.6412199796040601,0.008940944248217205,0.008254034400095289
99,2015-06-23,176.8687332929665,177.1188566072924,176.39351044536755,176.7853546142578,68476800.0,0.0007073222390185,0.0093346439651671,0.0133298246515766,0.0219279702041825,0.0111920519259661,0.0054893565888943,0.0063903943577424,0.0059108377433833,0.0041029765361929,-0.000471415592549,-0.0313907434649768,0.6372261796621641,0.009225297648184088,0.008261198295390513
100,2015-06-24,176.51862399503057,176.89380272943305,175.47645377624346,175.50146484375,92307300.0,-0.0072889213211328,0.0093789663761011,0.004425574259549,0.0027169471375315,-0.0055444920172447,0.0071181270816405,0.0060173040472652,0.0057693331106406,0.0080759950035258,-0.0057623333349188,0.3480083765596522,0.8593487656938609,0.011015539484462423,0.008194450975302057
101,2015-06-25,176.00167167480106,176.12672698393885,174.89280128717357,174.96783447265625,97107400.0,-0.003045235542844,0.0105340424974226,-0.00896594469437,-0.0035465155906476,-0.0074603127359543,0.0048150368727431,0.0060024847462569,0.0058000500190045,0.0070523002155468,-0.0058740192198573,0.0520013043388767,0.8948172283881478,0.011048205750875515,0.008495886058077105
102,2015-06-26,175.3263076494394,175.56809817200963,174.384194782506,174.93446350097656,104174800.0,-0.000190744513392,0.0112157837630531,-0.0047072059749053,0.0039475939972208,-0.0014188536427025,0.0045995347049426,0.0054257332993382,0.0056337759700512,0.0067676966894348,-0.0022349421128877,0.0727792114710104,0.969204857877127,0.010976324409065173,0.00858029637692249
103,2015-06-29,173.45875114834269,174.9427999864751,171.19098855307968,171.26602172851562,202621300.0,-0.0211933791980067,0.0084182496952008,-0.031010958336357,-0.0129516538287176,-0.0246469562634421,0.0089409442482172,0.0086951506935804,0.0073190287642543,0.021906338429129,-0.0126412153051409,0.9450126134151446,1.79391952655419,0.004602563295930073,0.0075793773242324395
104,2015-06-30,172.8001770178951,172.85021188107152,171.14938274364292,171.62461853027344,182925100.0,0.0020916110875509,0.0084669892874422,-0.0296266694878246,-0.0162968448362479,-0.0215625164031194,0.009225297648184,0.008468783519526,0.0073567409257662,0.0099101699511051,-0.0068029935380211,-0.0972069570178456,1.5565624312874962,0.009874256865074928,0.00769141473309451
105,2015-07-01,173.1919998852783,173.44212326454112,172.2165301557765,173.000244140625,135979900.0,0.0079833643218393,0.0084676625353522,-0.0143543838448525,-0.0099288095853034,-0.0162250577632993,0.0110155394844624,0.0089647956894166,0.0075919932673412,0.0070843432323042,-0.0011071859253333,-0.2566361860674123,1.1338594718652468,0.008746603520003008,0.007524056612929063
106,2015-07-02,173.47541370625456,173.6421583216005,172.4248984581577,172.84176635742188,104373700.0,-0.0009164750925856,0.0084116992948071,-0.0122256233945941,-0.0211915680889641,-0.0086586959367967,0.0110482057508755,0.0080419198379566,0.0073750084826358,0.0070426256864651,-0.0036526637135198,-0.2324328816244165,0.8879004018123687,0.011106575277187837,0.007532462723560266
107,2015-07-06,171.55783748282298,173.12525230369525,171.35773628956693,172.34988403320312,117975400.0,-0.0028499105154137,0.0082410435182077,-0.0148847893966158,-0.0195919953715211,-0.0097940065248107,0.0109763244090651,0.0080062474811905,0.0073897472069531,0.0102553942756805,0.0046167902440449,0.1303173117365772,1.005203695456222,0.01186397897009845,0.007546720532101764
108,2015-07-07,172.55003385811443,173.55884744416352,170.17388081547682,173.4337921142578,173820200.0,0.0062693048052787,0.0083958755125188,0.0125778946066695,-0.0184330637296874,0.0026436096382752,0.00460256329593,0.0081274234119906,0.0074100277867219,0.0195173419633048,0.0051217506967867,0.4733597004121197,1.4294128702847964,0.011758681388520806,0.007452920401244318
109,2015-07-08,172.09976241238823,172.3832295642684,170.29055704167047,170.5240020751953,164020100.0,-0.016919863461219,0.0055250425280929,-0.0064335799421003,-0.0360602494299249,-0.0141322792257423,0.0098742568650749,0.0093346439651671,0.0083347280536943,0.0122720115475305,-0.009156086650585,-0.0563806738227202,1.3168827728964303,0.005647207886120192,0.006267400099705827
110,2015-07-09,172.61663716190128,172.87510592034906,170.7240662449723,170.8324432373047,144113100.0,0.0018071505623343,0.0062077216820245,-0.0126097937016053,-0.0269641775464578,-0.0242472304089262,0.008746603520003,0.009378966376101,0.0078190222926855,0.0125915173641152,-0.0103361643114571,-0.1213692712051754,1.1526293215921397,0.005197360532941055,0.006619074314011006
111,2015-07-10,172.82515438619453,173.40043434338125,170.87421492236402,172.9835662841797,129456900.0,0.0125133853960389,0.0063513323471284,0.0008200667870191,-0.0114055566075749,-0.0149520721982225,0.0111065752771878,0.0105340424974225,0.008354170394052,0.0146038116526463,0.0009166020915634,-0.1016992903490383,1.0128942507133698,0.004757069794955582,0.006040320036711921
112,2015-07-13,174.24246353034553,175.00115350121004,174.2007741926102,174.8927764892578,106069400.0,0.0109764829582515,0.0053413091601611,0.0146464602606843,-0.0002383291359314,0.0037092648612894,0.0118639789700984,0.0112157837630531,0.0085777177154711,0.0045764000358757,0.0037322300530893,-0.1806585821226987,0.8395335722327865,0.0034659083519983013,0.006194361372014071
113,2015-07-14,174.85114022385267,175.96001079082825,174.79277258894697,175.65151977539062,81709600.0,0.0043289506011639,0.0066949817093306,0.0127061060565695,0.0252840006632392,0.0123323468345215,0.0117586813885208,0.0084182496952008,0.0085573957713252,0.0066451927280438,0.0045774911762844,-0.2296590722677793,0.6578368550172322,0.004344915421053437,0.006442376077646602
114,2015-07-15,175.6931533625977,176.15171062773106,175.11787358650312,175.59310913085938,97914100.0,-0.0003325923886811,0.007105310614469,0.0292933771291074,0.0228597971870072,0.0065629523507593,0.0056472078861201,0.0084669892874421,0.0084832775064431,0.0058876857203859,-0.0005694258986396,0.1983181902738477,0.7843178876867127,0.004504650684941448,0.006453285474308752
115,2015-07-16,176.6436231738465,177.00213623046875,176.4018453575481,177.00213623046875,106683300.0,0.007992363020255,0.0065465105895233,0.0354785895870281,0.0228687958854229,0.0129399863001195,0.005197360532941,0.0084676625353521,0.0086523619571736,0.00339143292677,0.0020295839169321,0.0895601348528964,0.8614708424799871,0.002811380506576814,0.006143960535129287
116,2015-07-17,176.99384029452227,177.2106198337727,176.58531772618835,177.15225219726562,89030000.0,0.0008477431351542,0.0065271072116329,0.0238129473261434,0.0246330141131626,0.0034414460241986,0.0047570697949555,0.008411699294807,0.008347256259134,0.0035297440468781,0.0008950136483831,-0.1654738839162268,0.7419373481702469,0.00415112793610175,0.0062160712978533246
117,2015-07-20,177.37731254025718,177.73581287041966,176.92710075231818,177.24391174316406,70446800.0,0.0005172716709068,0.0065469441026784,0.0133537360387987,0.0280001962994832,0.0084082009279621,0.0034659083519983,0.0082410435182077,0.0082761038646596,0.0045627074585972,-0.0007520736174353,-0.208729641693811,0.6021348251797982,0.003181570630619456,0.006370057419396157
118,2015-07-21,177.11057464556754,177.36904355357132,176.24349459620916,176.54364013671875,77965000.0,-0.0039587176951053,0.0064878261573159,0.0050660677425295,0.0177721737990992,-0.0006608899305881,0.0043449154210534,0.0083958755125187,0.0082540344000952,0.0063754715632379,-0.0032010200970965,0.1067216679820801,0.6643318835591897,0.008666972050902845,0.006343924836848951
119,2015-07-22,175.8599302436575,176.56027815967445,175.82658640089568,176.22677612304688,88667900.0,-0.0017964323780088,0.0066272862634196,0.0036022277532018,0.0328956048823094,-0.0031646445476154,0.0045046506849414,0.0055250425280928,0.0082611982953905,0.0041633387100408,0.0020860117417373,0.1372782658885396,0.7490863350685001,0.009605306473409816,0.006558983504766628
120,2015-07-23,176.36019849648346,176.4602427588005,174.87614923703148,175.23464965820312,90509100.0,-0.0056457353629481,0.0068893497034418,-0.0100358706300012,0.025442718957027,-0.0015214585894307,0.0028113805065768,0.0062077216820244,0.008194450975302,0.0090398418626612,-0.0063821023557238,0.0207651246956339,0.7652224537996893,0.009178742439534999,0.007935341827353616
121,2015-07-24,175.3346636099752,175.3930185080703,173.08357920770112,173.4170684814453,117755000.0,-0.0104264373185215,0.0060533990979914,-0.0213100510836769,0.0025028962424666,-0.0089026603651082,0.0041511279361017,0.0063513323471284,0.0084958860580771,0.0133172548734225,-0.0109367713665307,0.3010293992537767,0.986962299682924,0.0071395308072731214,0.010107949284726093
122,2015-07-27,172.53330165520254,173.04188104088917,171.9663546525979,172.40823364257812,132361100.0,-0.0058343776143293,0.0068289057753333,-0.027661700368913,-0.0143079643301142,-0.0145462934660455,0.0031815706306194,0.0053413091601611,0.0085802963769224,0.0062382542038042,-0.0007248920146114,0.1240380450936267,1.0964319455333982,0.006486943183229593,0.01357683398415281
123,2015-07-28,173.24196436651047,174.66765824861352,172.41657402795545,174.5259246826172,123544800.0,0.0122081800873099,0.0065374142353552,-0.0114948025864978,-0.0064287348439682,0.018855265819271,0.0086669720509028,0.0066949817093306,0.0075793773242324,0.0128982798673134,0.0074113701077088,-0.066607938435084,1.058054344146767,0.004018486881153367,0.013087764616116736
124,2015-07-29,174.65099030361242,175.95161625375798,174.5092567292299,175.7265167236328,105791300.0,0.006855608134788,0.006076360561576,-0.002842762073701,0.0007594656795008,0.0236192628665081,0.0096053064734098,0.007105310614469,0.0076914147330945,0.0082079788037709,0.0061581467024647,-0.1437009084963511,0.936957958347731,0.0025601402918335367,0.01609611516731885
125,2015-07-30,175.21795021419427,175.9349636396938,174.6009810316665,175.76821899414062,91304400.0,0.0002372853216042,0.0060641019976574,0.0030402586108512,-0.0069956120191499,0.015873183866273,0.009178742439535,0.0065465105895233,0.007524056612929,0.0075894414568299,0.0031404817786857,-0.1369384817087984,0.8249734629759271,0.004128898801976295,0.01729800196214873
126,2015-07-31,176.26850059816078,176.29351166566732,175.21799759747296,175.50146484375,103266900.0,-0.0015188000214201,0.0062346126708496,0.0119478959079526,-0.0093621551757242,0.0152708589374385,0.0071395308072731,0.0065271072116328,0.0075324627235602,0.0061282341383982,-0.0043515191415816,0.1310177822755529,0.9335264384757144,0.004112344780462816,0.017307755034442193
127,2015-08-03,175.46816045652577,175.52651538656335,173.9590869540209,174.9095458984375,113965700.0,-0.0033784298447802,0.00641746710435,0.0144038436775017,-0.0132578566914112,0.014742339608072,0.0064869431832295,0.0065469441026784,0.0075467205321017,0.008961365856227,-0.0031835665036601,0.1036033811414887,1.0321135076080377,0.007745145263982903,0.017349276627836755
128,2015-08-04,174.8344463902207,175.293003760113,174.08408903716236,174.56765747070312,81820800.0,-0.0019565713214234,0.0064624638701773,0.0002390922687684,-0.0112557103177293,0.0065164634813699,0.0040184868811533,0.0064878261573159,0.0074529204012443,0.0069251930195233,-0.0015259516933071,-0.2820576717380756,0.7732090503130488,0.008926434859067656,0.01838832831202627
129,2015-08-05,175.45977068172783,176.17678428147403,174.85947963441458,175.14295959472656,85786800.0,0.0032901640094887,0.0068463737034407,-0.0033263518565308,-0.0061691139302318,0.0267264909520776,0.0025601402918335,0.0066272862634196,0.0062674000997058,0.0075213108771693,-0.0018056052721962,0.0484717822363016,0.8418055090812212,0.008740911033310414,0.019044905646845234
130,2015-08-06,175.32632990270608,175.43471964877418,173.12526747125386,173.70889282226562,116030800.0,-0.0082216840221694,0.0091980713796812,-0.0117853212003044,-0.008745062589453,0.0166976563675739,0.0041288988019763,0.0068893497034418,0.006619074314011,0.01329495652179,-0.009225294805053,0.3525484107112049,1.154489545862286,0.007828708280344768,0.019036033180663953
131,2015-08-07,173.55047160996344,173.7005379686232,172.4749451523665,173.37538146972656,117858000.0,-0.0019217894896859,0.0128590534764084,-0.0121883106685702,-0.0002404147606175,0.0022624814818491,0.0041123447804628,0.0060533990979913,0.0060403200367119,0.0070690129467469,-0.0010088715899912,0.0157475428937834,1.1794759299163644,0.007829417600264229,0.019222499868411392
132,2015-08-10,174.48422711234036,175.6431193648447,174.48422711234036,175.55975341796875,80270700.0,0.0125203813828633,0.0160534784472889,0.0037105005590732,0.018114344236575,0.0038063799064609,0.0077451452639829,0.0068289057753333,0.006194361372014,0.0066011271372959,0.0061640316917351,-0.3189202260347197,0.8138229672180834,0.005687675356071742,0.019956138537813615
133,2015-08-11,174.22577025574114,174.64263815361645,173.21694434529155,173.97564697265625,126081400.0,-0.0090641307814527,0.016049049201303,-0.003397058900956,-0.0031579666321874,-0.0095867014761556,0.0089264348590676,0.0065374142353552,0.0064423760776466,0.0081947895187248,-0.0014356273628048,0.5707026349589577,1.2501539993551982,0.0034577281704157607,0.02004791612525579
134,2015-08-12,172.6750373934088,174.36752020008473,171.21599961373644,174.18409729003906,172123700.0,0.001197440805408,0.0220918278389726,-0.0054897821050367,-0.0088161339615674,-0.0080566682820665,0.0087409110333104,0.0060763605615759,0.0064532854743087,0.0180930442869339,0.0087393054572917,0.3651791620334166,1.646121591085963,0.005374897694810709,0.020121597395816215
135,2015-08-13,174.02565530078417,174.70932470561127,173.42536455764736,173.96730041503906,89383300.0,-0.0012454173928424,0.0242449234809518,0.0014864845242902,-0.010298836676014,-0.0172944486951639,0.0078287082803447,0.0060641019976574,0.0061439605351292,0.0073804683115776,-0.0003353234650617,-0.480703122231279,0.8619563459048339,0.010696110697159993,0.02019297635771797
136,2015-08-14,173.77557948836994,174.67601584894675,173.63384590223302,174.60098266601562,72786500.0,0.0036359185837374,0.0241357784543573,0.0070441925977135,-0.0051441180708565,-0.0145062732465807,0.0078294176002642,0.0062346126708496,0.0062160712978533,0.0059688664450831,0.0047498226164794,-0.185681217856132,0.7074480492972804,0.014436758376330861,0.020133777765744387
137,2015-08-17,174.0090013897043,175.576416015625,173.55044416331853,175.576416015625,79072600.0,0.0055710955428082,0.0238584851415493,9.4906757658492e-05,0.0038054073167318,-0.0094524493746793,0.0056876753560717,0.00641746710435,0.0063700574193961,0.0115389748707831,0.0090076640484268,0.0863635426899218,0.7653375345017276,0.016389788790090797,0.020349923844446338
138,2015-08-18,175.30128558356714,175.65145309465998,174.83439556877664,175.06784057617188,71692700.0,-0.0029008077931836,0.0249683915667832,0.0062582297459275,0.0028611708449716,-0.0083945394727576,0.0034577281704157,0.0064624638701773,0.0063439248368489,0.0046670909014145,-0.0013316788101019,-0.0933306859771906,0.6960207973162122,0.014256802308514768,0.02051453102734363
139,2015-08-19,174.32586652045595,175.09290215490807,172.87517394473667,173.68389892578125,172946000.0,-0.0079365850150509,0.026488952109334,-0.0028757960745313,-0.0083655781795679,-0.0145346921097997,0.0053748976948107,0.0068463737034407,0.0065589835047666,0.0127687610877452,-0.0036825722280254,1.4123237093874272,1.613037712658689,0.030990468134005463,0.020472972231084557
140,2015-08-20,172.17478180084714,173.6588305616013,169.99873077406508,170.05709838867188,194327900.0,-0.0211027206907029,0.0260378753954451,-0.0227330993723918,-0.0212466148481014,-0.0299916774375545,0.0106961106971599,0.0091980713796812,0.0079353418273536,0.0215227698356402,-0.0122996143222923,0.1236333884565124,1.7287648658660393,0.03475876214531238,0.02027216986182953
141,2015-08-21,168.1895379121759,170.0320998308811,164.67951693145798,164.93797302246094,346588500.0,-0.0305647713835894,0.0247337704008741,-0.0569337893397186,-0.049889596742005,-0.0501300115026224,0.0144367583763308,0.0128590534764084,0.010107949284726,0.0324520957869065,-0.0193327416798828,0.7835241362665886,2.798449368610199,0.031608965117313835,0.019154091268134315
142,2015-08-24,156.31719117881585,164.6462069534633,152.07346461980424,157.9929962158203,507244300.0,-0.0430187778520552,0.0215388100278411,-0.105523662734582,-0.1054287559769235,-0.0873144117403484,0.0163897887900907,0.0160534784472889,0.0135768339841528,0.0795778460741673,0.0107205421512945,0.4635347104707743,3.557253721579652,0.021598770147515697,0.016624637947569066
143,2015-08-25,162.937051181498,162.953729466756,155.8419610598146,156.13377380371094,369833100.0,-0.0118375401281665,0.0216780177052755,-0.1144603950695649,-0.1082021653236373,-0.1113601319558248,0.0142568023085147,0.016049049201303,0.0130877646161167,0.0455491994696945,-0.0417540229705567,-0.270897474845947,2.3874251922599345,0.026868556421188853,0.01635064275605217
144,2015-08-26,160.14401536953736,162.4034328471312,157.05084915471605,162.12831115722656,339257000.0,0.0376749017430063,0.018225170239591,-0.0688489083115077,-0.071724704386039,-0.0805408383476064,0.0309904681340054,0.0220918278389725,0.0160961151673188,0.0330144911410592,0.0123906958565412,-0.0826754014175583,2.036575908491464,0.021965014869981366,0.014042551468340313
145,2015-08-27,164.26267427664732,166.26363563658603,162.75361411543824,166.13858032226562,274143900.0,0.0244341953942623,0.0163356678554066,-0.0233119922265425,-0.0460450915989343,-0.0563439282749484,0.0347587621453123,0.0242449234809517,0.0172980019621487,0.021127070631874,0.0114201601421571,-0.191928537952054,1.5600820217929217,0.017797869682472215,0.012798305005661937
146,2015-08-28,165.49659854882236,166.61380175279606,165.0130301347587,166.14691162109375,160414400.0,5.014542633887573e-05,0.0163450848115248,0.0073029245833857,-0.0496308647563328,-0.0547749828271894,0.0316089651173138,0.0241357784543573,0.0173077550344421,0.0096346757361821,0.0039294648831078,-0.4148532942006004,0.8982704554261962,0.018286019549298708,0.013870735533732236
147,2015-08-31,165.1714418279935,166.02185612224434,164.2543271261738,164.80459594726562,163298800.0,-0.0081119016158995,0.0167290233215006,0.0422098008195414,-0.0633138619150405,-0.0595084545983087,0.0215987701475156,0.0238584851415493,0.0173492766278367,0.0107249982071867,-0.0022210006564567,0.0179809293928725,0.9019638210981108,0.02302543838689175,0.013826791340371332
148,2015-09-01,161.0111258010714,162.38679812081975,159.01849685471262,159.88558959960938,256000400.0,-0.0303020106655657,0.0128770858311659,0.0237453302821422,-0.0907150647874226,-0.087853893942451,0.0268685564211888,0.0249683915667831,0.0183883283120262,0.0210669471497846,-0.0069904250148067,0.5676808402756175,1.3490956646456964,0.018269900128085163,0.012882570018928797
149,2015-09-02,162.2616905798971,162.96203846399754,160.4274739883416,162.92034912109375,160269300.0,0.0188029312263801,0.0119270283563346,0.004873359765516,-0.0639755485459916,-0.0723411267255596,0.0219650148699813,0.0264889521093339,0.0190449056468452,0.015557077365284,0.0040592362796338,-0.3739490250796483,0.8283457462125577,0.01627018197143831,0.012140823645077757
150,2015-09-03,163.62902429870644,165.12141887676557,162.54517766608922,163.03707885742188,152087800.0,0.0007162269136926,0.013320252326919,-0.0188446087150536,-0.0421566009415961,-0.0634032157896976,0.0177978696824722,0.0260378753954451,0.0190360331806639,0.0158015662984818,-0.0036176066185175,-0.0510484540707422,0.7788031191390652,0.016375063205116582,0.012621056132501932
151,2015-09-04,160.78596281128029,161.62803143495745,159.7521257835405,160.56918334960938,207081000.0,-0.0152527539881369,0.0121566551147168,-0.0341475081295294,-0.0268445835461436,-0.0767341802881486,0.0182860195492987,0.024733770400874,0.0192224998684113,0.0116828497989712,-0.0013482486771892,0.3615885034828565,1.036725970313224,0.01413452137098077,0.012655571473737156
152,2015-09-08,163.362203403593,164.7545407372646,162.72022324123685,164.60446166992188,116025700.0,0.0248204954088157,0.0101718215653468,-0.0012151111048142,0.0409946897147272,-0.0644340662621962,0.0230254383868917,0.0215388100278411,0.0199561385378136,0.0123588235421413,0.007604318749667,-0.4397086164351147,0.5757158824403448,0.009923944072202054,0.0114674277064952
153,2015-09-09,166.18027845850835,166.30533377944414,162.0366092008,162.4034423828125,149347700.0,-0.0134617695697914,0.0092426614939997,0.01562512999096,0.0393704602731023,-0.0688317050505349,0.0182699001280851,0.0216780177052755,0.0200479161252557,0.0262846927134834,-0.0227273423220243,0.2871949921439818,0.7368055143403506,0.0059916428433805635,0.01111031671804113
154,2015-09-10,162.21165920366735,164.42939981290357,161.9532031029294,163.2871856689453,158611100.0,0.0054269013533743,0.0090836567096313,0.0022491001179542,0.0071224598834703,-0.0646022445025686,0.0162701819714383,0.018225170239591,0.0201215973958162,0.0151646725971167,0.0066303893971491,0.0620257292211396,0.7851233983069054,0.0069145743200449555,0.01120577438946587
155,2015-09-11,162.89535429755907,164.09593625077846,162.18667356295515,164.02923583984375,119691200.0,0.0045341534577882,0.0088834909557315,0.0060670266620498,-0.0127775820530037,-0.058822673651938,0.0163750632051165,0.0163356678554066,0.0201929763577179,0.0116397706667822,0.0069607972994333,-0.2453794217428666,0.5880591292955332,0.01138778147984087,0.011186256590116855
156,2015-09-14,164.2042918267338,164.25431394794666,162.93700962820373,163.4205780029297,79452000.0,-0.0037175683855668,0.0116962163539953,0.0176022122646199,-0.0165452958649093,-0.0661761606212422,0.0141345213709807,0.0163450848115248,0.0201337777657443,0.0080608227913581,-0.004772797440831,-0.3361918002325985,0.3897203340160093,0.011409105367193025,0.011122126420763793
157,2015-09-15,163.92082498705662,165.90512061114862,163.37890171043026,165.46324157714844,113806200.0,0.0124219540070386,0.010418250159485,0.0052036708628428,0.0039885597580287,-0.0593253021570118,0.009923944072202,0.0167290233215006,0.0203499238444463,0.015267553546269,0.0094095218848099,0.4323893671650807,0.5535160825841859,0.010992917286850208,0.01095471306095421
158,2015-09-16,165.76337869686665,167.0890157322511,165.42154392267057,166.89724731445312,99581600.0,0.0086292726346682,0.0121550335717023,0.0272947130673024,0.0429198430582626,-0.04779522172916,0.0059916428433805,0.0128770858311659,0.0205145310273436,0.0099910084582691,0.0068402841839993,-0.1249896754306882,0.4810696134178874,0.008900280262481677,0.01085489141007553
159,2015-09-17,166.76385473905836,169.15667265027344,166.14688560631092,166.52206420898438,276046600.0,-0.0022505190962568,0.0123217726490174,0.0196172926176713,0.0218663927356257,-0.0421091558103659,0.0069145743200449,0.0119270283563346,0.0204729722310845,0.0180744038831109,-0.0014498977038658,1.772064317102758,1.30115268087064,0.008789853128549418,0.01135389231936153
160,2015-09-18,164.01882514913947,166.50788340610833,163.3902721133118,163.80091857910156,223657500.0,-0.0164760390782045,0.0125929099030115,-0.0013928999183213,0.0046741267437286,-0.0374824741978675,0.0113877814798408,0.013320252326919,0.0202721698618295,0.0190329292402045,-0.0013285460973139,-0.1897835365478147,1.0469783049636223,0.006654380350483112,0.010608012647116135
161,2015-09-21,164.63054336180713,165.669742422647,163.59972040089897,164.64730834960938,105726200.0,0.0051538816448501,0.0137515447575883,0.0074785501120955,0.0250807623767156,-0.001763821169428,0.011409105367193,0.0121566551147168,0.0191540912681343,0.012572461964289,0.0001018340063751,-0.5272852464147189,0.5244906966650609,0.010558350109500724,0.01058536915381776
162,2015-09-22,162.4851128142571,162.97119523935484,161.37885361480554,162.51025390625,153890900.0,-0.013064560238569,0.0129707060109459,-0.018007964133512,-0.0128042932706691,0.0281903964440581,0.0109929172868502,0.0101718215653468,0.016624637947569,0.0097984070929327,0.0001547285874838,0.455560684106683,0.8367677821765209,0.010935466247413494,0.010032102115984076
163,2015-09-23,162.67782322819664,163.14714054084763,161.67214144566768,162.2504119873047,92790600.0,-0.0016002059466012,0.0130382061076161,-0.0282374427147814,-0.0009427296474789,0.0384277306256234,0.0089002802624816,0.0092426614939997,0.0163506427560521,0.0090908804305246,-0.0026273479224786,-0.3970364719421356,0.5456377064912091,0.01565573156956854,0.010179297718106925
164,2015-09-24,161.03521979257945,162.12471385357648,159.70269094597663,161.6637725830078,159378800.0,-0.0036221942332138,0.0129405531905924,-0.0296091178517384,-0.009991825234067,-0.0028693653505966,0.0087898531285494,0.0090836567096312,0.0140425514683403,0.0149818531938331,0.0039032007484944,0.7176179483697702,0.9895304125037404,0.015746438767487516,0.010589210175278833
165,2015-09-25,163.12202764694086,163.42373351263564,160.7502868003842,161.62188720703125,155054800.0,-0.000259123007424,0.0129104686490749,-0.0133922017809579,-0.0147851016992792,-0.0275626837522829,0.0066543803504831,0.0088834909557315,0.0127983050056619,0.0165413655195527,-0.0091964308042841,-0.027130333519891,0.9996400633534916,0.017249539113657723,0.010696121639564056
166,2015-09-28,160.72518850580386,160.83414178262998,157.25557652045333,157.56565856933594,178515900.0,-0.0254173263525581,0.007878325393322,-0.0439634097783661,-0.0364848596662705,-0.0530301555311798,0.0105583501095007,0.0116962163539953,0.0138707355337322,0.0227115812840773,-0.0196579637942302,0.1513084406287326,1.1442175004112567,0.008566708505720184,0.00839548283230517
167,2015-09-29,157.78349409278962,159.0154584188091,156.6604702066107,157.65777587890625,159045600.0,0.0005844572587297,0.0087516124329788,-0.0303143922810674,-0.0483223564145794,-0.0443337966565507,0.0109354662474134,0.010418250159485,0.0138267913403713,0.0149373426021637,-0.0007967767135987,-0.1090675956595462,1.020811884645772,0.009858385357982663,0.008480689097840529
168,2015-09-30,159.54347975454826,160.76706833242253,158.76408031426854,160.59945678710938,163452000.0,0.0184867106508805,0.0082157924281238,-0.0102274756835857,-0.0384649183983671,0.0044549246598955,0.0156557315695685,0.0121550335717023,0.0128825700189287,0.0124719476530306,0.0066187413875245,0.0277052618871569,1.08120604760192,0.008650192365369642,0.008004455647026556
169,2015-10-01,160.97664858788315,161.32026070161675,159.08261309189504,161.0185546875,131079000.0,0.002606185739944,0.0089313489635125,-0.0039990957104279,-0.0336082135621663,-0.0117418208265405,0.0157464387674875,0.0123217726490174,0.0121408236450777,0.0138968307973231,0.0002603240903849,-0.1980581455106086,0.8755170034807878,0.008117274200050312,0.00807173794317275
170,2015-10-02,159.04064658051715,163.44889292368572,158.49589306831552,163.4237518310547,211003300.0,0.0148269270550237,0.0082646237098884,0.0110869543520197,-0.0023052474289381,0.0023688793147905,0.0172495391136577,0.0125929099030115,0.0126210561325019,0.0303077110877404,0.0275596543699821,0.6097414536272019,1.3821609761991345,0.008161288349018194,0.00787391514825651
171,2015-10-05,164.64730088545105,166.5581001942391,164.53834765158405,166.33181762695312,126320800.0,0.0176381626733531,0.006806121900788,0.0541424433779309,0.0101790335995648,0.0352597959762805,0.0085667085057201,0.0137515447575882,0.0126555714737371,0.0121429115094799,0.0102310619879158,-0.4013325857936819,0.8499361223087475,0.005333873006411445,0.007402707395954527
172,2015-10-06,166.1977325448011,166.7592381565138,165.09986240936743,165.76193237304688,110274500.0,-0.0034320779195847,0.0066315774778228,0.0501259081996165,0.0198115159185492,0.0070072226478801,0.0098583853579826,0.0129707060109459,0.0114674277064952,0.0100105960602096,-0.0026221788052178,-0.1270281695492745,0.743408652156419,0.006283819624061384,0.007250767169662843
173,2015-10-07,166.6922504584011,167.4716628280082,165.5021916464763,167.1196746826172,124307300.0,0.0081575539777989,0.0068608320643376,0.0397967515265349,0.0295692758429493,0.0286265461954704,0.0086501923653696,0.0130382061076161,0.0111103167180411,0.0117847954483647,0.0025641517409517,0.1272533541299212,0.845143256117181,0.006020393218829809,0.007282621029108963
174,2015-10-08,166.73412628130978,168.91311473391343,166.4324203846099,168.628173828125,153055200.0,0.0089859655263487,0.0081555966465682,0.0461765313129396,0.0421774356025118,0.0321856103684448,0.0081172742000503,0.0129405531905923,0.0112057743894658,0.0147110313359141,0.0113596873601006,0.2312647768876004,1.042564191640016,0.008516406191956512,0.007168414717673857
175,2015-10-09,168.77063532913212,169.20642276618494,168.10017639559013,168.72872924804688,107069200.0,0.0005961367441004,0.0085985865192232,0.0319457410020163,0.0430326953540362,0.028247593654757,0.0081612883490181,0.0129104686490749,0.0111862565901168,0.0065563604699975,-0.00024830196914,-0.3004536925240044,0.7324707166869391,0.008636119348797109,0.007185728660358278
176,2015-10-12,168.80411205225855,169.08905287462173,168.3767008187138,168.88792419433594,56395600.0,0.0009430515732216,0.0087559993783501,0.0152506299018848,0.0693930732798159,0.0329082136135454,0.0053338730064114,0.007878325393322,0.0111221264207637,0.0042178981079087,0.0004965053342506,-0.4732789635114487,0.3888746152495701,0.008651198838842963,0.007631113360572932
177,2015-10-13,168.1588314648313,169.4243260345395,167.6559968652406,167.8236083984375,88038700.0,-0.0063218466702443,0.0083554108109039,0.0123608611512252,0.0624867693508419,0.0141644129362625,0.0062838196240613,0.0087516124329788,0.0109547130609542,0.010536832011743,-0.0019934906984883,0.5610916454475172,0.612510432015817,0.00770589748681042,0.0073999786695832116
178,2015-10-14,167.76490977995587,168.34318034427724,166.72571077201667,167.01902770996094,99106200.0,-0.0048057335010531,0.0082094056388362,-0.0006024263276267,0.0391943251989083,0.0007294068005412,0.0060203932188298,0.0082157924281238,0.0108548914100755,0.0096843431220867,-0.0044459957149158,0.1257117608506259,0.6896242433613119,0.008074535645954572,0.007360263153594402
179,2015-10-15,167.68111857892492,169.59191797003,167.31236557573996,169.5835418701172,134142200.0,0.0152379334796055,0.0074488765111695,0.00564954162563,0.0518260729385698,0.0182178593764035,0.0085164061919565,0.0089313489635125,0.0113538923193615,0.0134420614710119,0.0113454830652076,0.3535197596114068,0.9818979533136188,0.008675549324820979,0.007516560831834392
180,2015-10-16,169.98581547086303,170.37132068160702,169.22316836151683,170.3545684814453,114580100.0,0.0045362841648106,0.0077848436198075,0.0095896890463402,0.0415354300483567,0.0392301826194186,0.0086361193487971,0.0082646237098883,0.0106080126471161,0.0067397800383336,0.002169316360667,-0.1458310658390872,0.8735813131528958,0.00941900351581224,0.007904815996668658
181,2015-10-19,169.7092526096829,170.43836975097656,169.3991706600181,170.43836975097656,76523900.0,0.0004918016884679,0.0082981566119663,0.0091384391615865,0.0243890690634715,0.0345681026630364,0.0086511988388429,0.0068061219007879,0.0105853691538177,0.0060972132770151,0.004296272183642,-0.3321362086435603,0.590001343857726,0.009789258610151903,0.008612624175884112
182,2015-10-20,170.0026262672648,170.83230797669893,169.7512025297619,170.22052001953125,78448500.0,-0.0012789906130964,0.0081404853437192,0.0141812952187344,0.0265421563699598,0.046353672288509,0.0077058974868104,0.0066315774778227,0.010032102115984,0.0063512051708746,0.0012817081538723,0.0251503125167431,0.6229576306860265,0.009873921669698082,0.008607358663067288
183,2015-10-21,170.6395196068124,170.79036614497844,168.9968959484565,169.16452026367188,102038000.0,-0.0062230389582405,0.007757551509464,0.012763989761547,0.0121615634339204,0.0417308392768697,0.0080745356459545,0.0068608320643376,0.0101792977181069,0.0106019287834499,-0.0086439492243017,0.3007004595371485,0.8073170754864173,0.008634333081770137,0.009082126676355813
184,2015-10-22,170.1115694105604,172.23188703797183,169.16455831386938,172.02236938476562,174911700.0,0.0167527888488652,0.0064726768702943,0.0142788451308067,0.0199283867564369,0.0621058223589487,0.0086755493248209,0.0081555966465682,0.0105892101752788,0.017830987534195,0.011232627979544,0.7141819714224114,1.375436651283488,0.0070255368712299135,0.008369207830600483
185,2015-10-23,173.6900805551726,174.2767272443333,172.8939162778874,173.90797424316406,144442300.0,0.0109017527265747,0.0057660853330595,0.0206443136925708,0.0302340027389112,0.0732666980929474,0.0094190035158122,0.0085985865192232,0.010696121639564,0.0079513948251298,0.0012544970173022,-0.1741987528564412,1.140596584739907,0.006242689778941307,0.008059404068797618
186,2015-10-26,173.73202980492053,173.79068809444453,173.11185298629266,173.48060607910156,69033000.0,-0.0024604630311619,0.0066085000143191,0.017692048972941,0.0268304881345277,0.0962235614143436,0.0097892586101519,0.0087559993783501,0.0083954828323051,0.0039130316840278,-0.0014471927030455,-0.5220721353786253,0.569751473124857,0.0076845069208167395,0.008039924590402316
187,2015-10-27,172.81010415201033,173.48056299169156,172.4664922383321,173.1453399658203,77905800.0,-0.0019344554073758,0.0065693624340968,0.0170365841786616,0.0312178793973962,0.0937046487482381,0.009873921669698,0.0083554108109039,0.0084806890978405,0.0058567603006793,0.0019399086381841,0.1285298335578637,0.6652567518426518,0.0071554252429212855,0.008021104228429877
188,2015-10-28,173.48054217738942,175.13991769585508,172.8184723049507,175.11477661132812,135906700.0,0.0113102680799027,0.0055931196271054,0.0345698912168048,0.047333880978352,0.0865282061772603,0.0086343330817701,0.0082094056388362,0.0080044556470265,0.0132567076053033,0.0094202751122811,0.7445004094688714,1.1743519996267144,0.006439701497057717,0.00761960160244697
189,2015-10-29,174.61198147797265,175.3830047490535,174.49465212776337,175.01425170898438,90525500.0,-0.0005742163429757,0.007031711946481,0.0172428860249639,0.0315217311557708,0.0833478040943406,0.0070255368712299,0.0074488765111695,0.0080717379431727,0.0050758873212639,0.0023037951210837,-0.3339143691959263,0.7961685616517119,0.006474067324867359,0.007621432132875964
190,2015-10-30,175.20700293085025,175.5254737879926,174.10075660741566,174.25997924804688,131076900.0,-0.0043190912276662,0.0076164465531747,0.002022042070723,0.022666355763294,0.0642017858116507,0.0062426897789413,0.0077848436198075,0.0078739151482565,0.0081758140149263,-0.0054051702669507,0.4479555484366284,1.1948113080061316,0.005848614137423592,0.007616575708509365
191,2015-11-02,174.58682573847673,176.514377360471,174.46110751012557,176.32162475585938,86270800.0,0.0117614230182905,0.0083528360723892,0.0162439281201754,0.0339359770931166,0.0583250461565881,0.0076845069208167,0.0082981566119662,0.0074027073959545,0.0116450256920468,0.0099365975069693,-0.3418306352988207,0.8010094091967414,0.004538769462927129,0.007449976665668166
192,2015-11-03,175.9696437316192,177.3859847602942,175.74336114194094,176.83285522460938,95246100.0,0.0028952249218905,0.0081795046840603,0.0210736084494417,0.0381101926281035,0.0646523489980633,0.0071554252429212,0.0081404853437192,0.0072507671696628,0.0092891313453421,0.0049054568429241,0.1040363599271132,0.8905567525969909,0.0043773741028676596,0.007761368414707007
193,2015-11-04,177.12618784722594,177.25189329467037,175.76012897461092,176.29649353027344,96224500.0,-0.0030377656724942,0.0100287580966188,0.0067255746970448,0.0412954659138498,0.0534570293477702,0.0064397014970577,0.007757551509464,0.0072826210291089,0.008461678903462,-0.0046841990280292,0.0102723366101078,0.9116740312341288,0.004432225797722457,0.008319333235794408
194,2015-11-05,176.3551115211073,176.81605270300022,175.2321004873585,176.12045288085938,78408700.0,-0.000999047666969,0.010028516618349,0.0063007433730515,0.0235436293980156,0.0434720161544525,0.0064740673248673,0.0064726768702943,0.0071684147176738,0.008993573373975,-0.0013306029988239,-0.1851482730489636,0.7701116302239991,0.0066263732009808635,0.009494739055573369
195,2015-11-06,175.77690939553904,176.26299181489833,174.70418019003608,176.0283203125,110471500.0,-0.0005232593578336,0.0101254784623265,0.0100965752428841,0.0121186173136073,0.0423526200525185,0.0058486141374235,0.0057660853330594,0.0071857286603582,0.008855459292544,0.0014302840903592,0.4089189082333975,1.0832149701472773,0.006508436916341536,0.00958771384518121
196,2015-11-09,175.4165348072266,175.56739414738445,173.43868791009058,174.38571166992188,131008700.0,-0.009375313339462,0.0096327361768933,-0.0110401611148683,0.0052037670053072,0.0320342551398349,0.0045387694629271,0.0066085000143191,0.0076311133605729,0.0122068844798655,-0.005876430853212,0.1859049619132535,1.2392573690005126,0.011677482408875235,0.009475465344021494
197,2015-11-10,173.90795700910348,174.8214633216322,173.6397811726082,174.78793334960938,75874600.0,0.0023038500375469,0.0096171895180006,-0.0116315359992119,0.0094420724502299,0.0406599518476261,0.0043773741028676,0.0065693624340968,0.0073999786695832,0.0067606620570334,0.0050600119490784,-0.4208430432482728,0.7218776510115354,0.011449970625883333,0.009599808628426756
198,2015-11-11,175.05615355217398,175.1064357313411,174.03370661597697,174.1007537841797,67846000.0,-0.0039392532884702,0.0095020702935817,-0.0125330236151879,-0.005807448918143,0.041526432060209,0.0044322257977224,0.0055931196271054,0.0073602631535944,0.0061615420499207,-0.0054576760005728,-0.1058140668945866,0.6552366125505249,0.01411312486186529,0.009597458452113608
199,2015-11-12,173.06154914702296,173.53086655626646,171.65359691929245,171.67034912109375,121315200.0,-0.0140581134130884,0.0079591389557737,-0.0255920893613073,-0.0192913459882557,0.0122303851675151,0.0066263732009808,0.007031711946481,0.0075165608318343,0.0109353167077781,-0.0080387586542827,0.7880965716475548,1.1789285873069206,0.01161806565230634,0.010076040484682166
200,2015-11-13,171.259685447527,171.5278613165477,169.65896796963872,169.74276733398438,153577100.0,-0.0112919051779902,0.0068503749656771,-0.0363607351814639,-0.0262641599385797,-0.0035978041752856,0.0065084369163415,0.0076164465531747,0.0079048159966686,0.0110101501010158,-0.008857415039498,0.2659345242805517,1.464692756104929,0.008274560062338988,0.00983369623677985
201,2015-11-16,169.55839847536257,172.38269144815004,169.44105635054686,172.3240203857422,117645200.0,0.0150923862868466,0.00591620197313,-0.0118930355551553,-0.0229331966700235,0.011002780423093,0.0116774824088752,0.0083528360723891,0.0086126241758841,0.0170703717973757,0.0163107338548109,-0.2339665223526164,1.1004253717466208,0.007215280194110906,0.009509970187118785
202,2015-11-17,172.63411865075938,173.51408230141928,171.70386003645876,172.1983184814453,121123700.0,-0.0007297170354066,0.0071254284533931,-0.0149266026281088,-0.0265581386273207,0.0115520540007828,0.0114499706258833,0.0081795046840603,0.0086073586630672,0.0105124270720191,-0.0025244150618667,0.0295677171699313,1.1107924792695698,0.006979976507715501,0.010056619744945426
203,2015-11-18,172.67599358057856,175.07287507507408,172.63410029724014,174.93040466308594,121342500.0,0.0157413801554638,0.0067262353500467,0.0047540308158251,-0.0077789927993626,0.0335164731144871,0.0141131248618652,0.0100287580966187,0.0090821266763558,0.0139414001958721,0.0130557296110496,0.0018064177365784,1.103035170452647,0.001969138250828984,0.009999322887567375
204,2015-11-19,174.81308872002745,175.1986067021689,174.4862417997517,174.77957153320312,88220500.0,-0.0008626184524469,0.0094255558744671,0.0179495257764666,-0.0076425635848406,0.015901065813175,0.0116180656523063,0.010028516618349,0.0083692078306004,0.0040757904151393,-0.0001917315635215,-0.2729628942868327,0.8348421902171755,0.0018030477952347983,0.010700320769373294
205,2015-11-20,175.53384851339226,176.09535416536397,175.03939003018522,175.41651916503906,94011500.0,0.0036376667308855,0.0095671362409927,0.0328790976853423,-0.0034816374961215,0.0086369798174858,0.0082745600623389,0.0101254784623265,0.0080594040687976,0.0060197531008197,-0.0006684143790321,0.0656423393655669,0.9113904784432836,0.0022351982014092307,0.01087016167297667
206,2015-11-23,175.47520813820526,175.97804277333833,174.75446698536746,175.2154083251953,64931200.0,-0.0011471337669504,0.0097732047040089,0.0166395776315453,0.00474654207639,0.0099503090816973,0.0072152801941109,0.0096327361768933,0.0080399245904023,0.0069832659106095,-0.0014805499635329,-0.309327050414045,0.6307267838331967,0.004968111527277847,0.011125988967849106
207,2015-11-24,174.2096893297508,175.85231293454058,173.82418410838238,175.45004272460938,98874400.0,0.0013382238468473,0.0099544942841053,0.0187075185137992,0.0037809158856904,0.0132229883359204,0.0069799765077155,0.0096171895180005,0.0080211042284298,0.0115595801212861,0.0071198875311165,0.5227563944605982,0.9507605000294966,0.007260225932172269,0.011513690410949694
208,2015-11-25,175.57578858457168,175.77693012980754,175.16512939186023,175.42494201660156,51980100.0,-0.0001430749363288,0.0100456449709577,0.0028230634220066,0.0075770942378318,0.0017696453196888,0.0019691382508289,0.0095020702935817,0.0076196016024469,0.0034875356429612,-0.0008591535836813,-0.4742815127070303,0.5208492873181209,0.009338032112287502,0.01151613484086097
209,2015-11-27,175.51703860144005,175.82713327610182,175.03934522967256,175.62599182128906,37317800.0,0.0011454168457586,0.0114415081672864,0.0048310987202121,0.0227806244966789,0.0034892785084231,0.0018030477952347,0.0079591389557737,0.0076214321328759,0.0044856005552462,0.0006207558007882,-0.2820752557228632,0.3841716479639607,0.014004469516733776,0.01151464351025138
210,2015-11-30,175.78526418784404,175.9025935308499,174.78795837832422,174.89691162109375,112822700.0,-0.0041599635541492,0.0117685814392256,-0.0029665315648225,0.0299125661205199,0.0036484061819401,0.0022351982014092,0.0068503749656771,0.0076165757085093,0.0063730979706519,-0.0050536236404946,2.0232945136101272,1.1724806402950398,0.014173989227391685,0.011755948334650714
211,2015-12-01,175.52546763035855,176.6820088811428,175.2489028622171,176.56466674804688,97858400.0,0.0094904692138867,0.0118825382632349,0.0076710714160145,0.02431064904756,0.0013774523775364,0.0049681115272778,0.00591620197313,0.0074499766656681,0.0081166070500996,0.0059205033418671,-0.1326355423155092,1.0108814604862433,0.01318817014420078,0.01163511013813299
212,2015-12-02,176.5143660168775,176.83283682937392,174.51137847141774,174.76280212402344,108441300.0,-0.0102575550311802,0.0126923763817945,-0.0039247074620129,0.0147828110517864,-0.0117753275755343,0.0072602259321722,0.007125428453393,0.007761368414707,0.0132834809796006,-0.0099230670702835,0.1081450340491976,1.1126203742521144,0.012920719803313812,0.01162652046625236
213,2015-12-03,175.0142618268885,175.28243773375337,171.59493269576072,172.315673828125,166224200.0,-0.0141015304429373,0.01284980931694,-0.0178831629686214,-0.0150600995466147,-0.0228390923459774,0.0093380321122875,0.0067262353500467,0.0083193332357944,0.0213997076184185,-0.0154192462408162,0.5328495693061592,1.6463585093274866,0.011432189813581408,0.0116251140874203
214,2015-12-04,172.31565756611263,175.9696450663858,172.31565756611263,175.6763153076172,192913900.0,0.0193150765760074,0.0118780006535434,0.0002864967616273,0.0051175954818395,-0.002524968103001,0.0140044695167337,0.009425555874467,0.0094947390555733,0.0207995454246342,0.019502915689569,0.1605644665457857,1.8081718511172904,0.007905095336598498,0.010644100315136672
215,2015-12-07,175.34949288008443,175.76852814381505,173.6482107323735,174.61199951171875,102027100.0,-0.0060768174449331,0.0124586119941955,-0.0016303571291565,-0.004596888693979,-0.0080785261901005,0.0141739892273916,0.0095671362409927,0.0095877138451812,0.0121430223430849,-0.0042058483104369,-0.4711262381819039,0.9600941696311502,0.009759691895100118,0.010886963987274999
216,2015-12-08,173.05315446089486,174.5616708891859,172.458118874404,173.43865966796875,103372400.0,-0.0067423764774895,0.012876773779164,-0.0178632028205327,-0.0101921314045181,-0.005445589328128,0.0131881701442007,0.0097732047040089,0.0094754653440214,0.0121285070976041,0.0022276693439934,0.013185712423464,0.9855691880297835,0.011913690506577417,0.011940942280409133
217,2015-12-09,172.8017509958119,174.88853826661926,171.11722117910855,172.08938598632812,162401500.0,-0.0078099625017826,0.013275155226304,-0.0154156102911351,-0.019340317753148,-0.0155594018674575,0.0129207198033138,0.0099544942841053,0.0095998086284267,0.021914873284575,-0.0041224409207579,0.5710334673471835,1.4870252522299794,0.013240623063557352,0.012031953811236925
218,2015-12-10,172.1564097185433,173.84092651795578,171.92175104363824,172.53353881835938,116128900.0,0.0025776177147805,0.0132839822517488,0.0012635378665826,-0.0166196251020387,-0.0090425308642068,0.0114321898135814,0.0100456449709577,0.0095974584521136,0.0111234922059879,0.0021906189867263,-0.2849271712391819,1.0403346947785148,0.015487552084679803,0.011997833057459158
219,2015-12-11,170.4216620739042,171.08373222295276,168.8796024470076,169.189697265625,211173300.0,-0.0195710910521732,0.0113685427888189,-0.0376226297615979,-0.0373361329999705,-0.0145555085032916,0.0079050953365984,0.0114415081672864,0.0100760404846821,0.0130275649851462,-0.0072289214486416,0.8184388209997684,1.8185878266578832,0.015018068946314038,0.011591826247144605
220,2015-12-14,169.34889219017325,170.17019760312135,167.5721742429756,170.0444793701172,182385200.0,0.0050394917281407,0.0116548175557293,-0.0265063205885241,-0.0281366777176805,0.0017758884028392,0.0097596918951001,0.0117685814392256,0.0098336962367798,0.0152784928376941,0.0041074209045478,-0.1363245258751935,1.551425023811288,0.01538233095493974,0.012590063465120404
221,2015-12-15,171.55299458177075,172.73467682022866,170.01932433805823,171.82955932617188,154069600.0,0.0104430051822145,0.011695594602227,-0.0093209389288201,-0.0271841417493527,-0.0028734927017928,0.0119136905065774,0.0118825382632349,0.0095099701871187,0.0158025923643095,0.001612124259768,-0.1552516322596351,1.2905704181929774,0.01515362142546822,0.01298697860867564
222,2015-12-16,172.9526108886259,174.64551693695873,171.63684680850224,174.34381103515625,197017000.0,0.0145262237674274,0.0111127352752527,0.0130152473403898,-0.0024003629507451,0.0123824481010412,0.0132406230635573,0.0126923763817945,0.0100566197449454,0.0172571088735108,0.0080438227522694,0.2787532387959728,1.599479767413493,0.014634021405926855,0.012939420878689411
223,2015-12-17,174.65382030404936,174.72086745296608,171.67029251090398,171.6870574951172,173092500.0,-0.015355888664267,0.0109407903039288,-0.0049182590386576,-0.0036547211720748,-0.0187148207186896,0.0154875520846798,0.01284980931694,0.0099993228875673,0.0177682289309947,-0.016986532580664,-0.1214336833877279,1.376336912613728,0.01231540543397468,0.012760776014362048
224,2015-12-18,170.94691963686665,171.08179917599455,168.46832640071943,168.62850952148438,251393500.0,-0.0179752595741944,0.0092464159927636,-0.0033224275606788,-0.0409450573222767,-0.0358274618404371,0.015018068946314,0.0118780006535434,0.0107003207693732,0.0154984040521459,-0.0135621637424479,0.4523650649219348,1.8771660257766047,0.006657322205974456,0.012515885960061547
225,2015-12-21,169.8003255285047,170.19656384250655,168.6874827238922,170.01951599121094,99094300.0,0.0082151035171318,0.0097029611699746,-0.0001468157716877,-0.0266531363602117,-0.0312500250541908,0.0153823309549397,0.0124586119941955,0.0108701616729766,0.0088759288003875,0.0012908718639026,-0.6058199595454934,0.7385398718764572,0.007013047662379339,0.01239710831137041
226,2015-12-22,170.9047326303982,171.85739236404658,169.9183562341986,171.56231689453125,111026200.0,0.0090333340123077,0.0113018732721247,-0.0015564869415945,-0.0108774258704145,-0.0210695572749327,0.0151536214254682,0.0128767737791639,0.0111259889678491,0.0113022262985642,0.0038476656205603,0.1204095492879004,0.8134936866355075,0.008580870465797705,0.013241763441687891
227,2015-12-23,172.5655446669815,173.72896882744485,172.47280777210335,173.6868133544922,110987200.0,0.0123071897343926,0.0096807195182002,-0.0037755209746293,0.0092397263657606,-0.0101005913873874,0.0146340214059268,0.013275155226304,0.0115136904109496,0.0072323340562284,0.0064976394312926,-0.0003512684393413,0.8096152239221767,0.007910568260491304,0.01296283013270886
228,2015-12-24,173.43393705200427,173.94820307781427,173.18101701464653,173.40020751953125,48539600.0,-0.0016514930427571,0.0098795840016753,0.0099288746468805,0.005010615608223,-0.0116090094938157,0.0123154054339746,0.0132839822517488,0.0115161348408609,0.004424366464967,-0.0001944805788667,-0.5626558738304958,0.3545253444252329,0.00952292579775273,0.01358033856543748
229,2015-12-28,172.70886132378988,173.04607937608148,171.93324951228385,173.00393676757812,65899900.0,-0.0022879109926726,0.0108936978772902,0.0256162232284023,0.0222937956677236,-0.0150423373322469,0.0066573222059744,0.0113685427888188,0.0115146435102513,0.0064323961904558,0.0017085136311277,0.357652308630479,0.4763500342462943,0.009920515768714507,0.01366350889685381
230,2015-12-29,174.0998986396959,175.1790118238626,174.06618198070987,174.8502197265625,92640700.0,0.0106153700452651,0.010795960370498,0.0280164897565356,0.027869673984848,-0.0002670037328326,0.0070130476623793,0.0116548175557292,0.0117559483346507,0.00636447494829,0.0043097158167759,0.4057790679500273,0.674563283828476,0.006262401969558134,0.013402436826096912
231,2015-12-30,174.60577723904296,174.69008820124438,173.46764356955748,173.6109619140625,63317700.0,-0.0071127752671194,0.0135306450558055,0.0118703804771085,0.0103138935355141,-0.0168702482138387,0.0085808704657977,0.011695594602227,0.0116351101381329,0.0070412871296226,-0.0056974937525607,-0.3165239468181912,0.4669195537408384,0.009311702791720364,0.014835448635032786
232,2015-12-31,172.9365137681449,173.57723329901134,171.87425231933594,171.87425231933594,114877900.0,-0.0100538266296395,0.0142982590495819,-0.0104906358869235,-0.0142661568615528,-0.0166665198122979,0.0079105682604913,0.0111127352752526,0.0116265204662523,0.0099082960751522,-0.0061424937143877,0.8143094269059046,0.8451308413435736,0.009273677958410572,0.014752906275282
233,2016-01-04,169.02472259585497,169.47996830831684,167.42290449220576,169.47154235839844,222353500.0,-0.0140780972350757,0.0144247495360329,-0.0229172400792421,-0.0129883654323614,-0.0166430866044363,0.0095229257977527,0.0109407903039287,0.0116251140874203,0.0121381075989784,0.0026435172067214,0.9355637594350176,1.602714141241114,0.01078716431607877,0.014948848705092825
234,2016-01-05,169.7919106364143,170.2134397222684,168.6537898230363,169.75819396972656,110845800.0,0.0016900150479587,0.0142222170510987,-0.0189393140386108,0.0066769091897916,-0.0342681481324851,0.0099205157687145,0.0092464159927636,0.0106441003151366,0.0091874793361092,-0.0001985764019107,-0.5014883957302223,0.823323159193949,0.012591492916551343,0.015046693534999423
235,2016-01-06,167.2121593520333,168.66222047693086,166.58830452056264,167.61683654785156,152112600.0,-0.0126943963502435,0.0147349904162885,-0.0422490804341194,-0.0142325906775836,-0.0408857270377955,0.0062624019695581,0.0097029611699745,0.0108869639872749,0.0123729572701734,0.0024201421558482,0.3722901544307497,1.109206074401874,0.014861430769934306,0.014878249357014853
236,2016-01-07,164.67458789447326,166.45344151506174,163.20766174470162,163.59547424316406,213436100.0,-0.0242838794963061,0.0154176841391653,-0.0594201846633061,-0.0475498041861975,-0.0584272300566121,0.0093117027917203,0.0113018732721247,0.0119409422804091,0.019840278500221,-0.0065530065391796,0.4031454330541979,1.4963307888094228,0.016326992572922094,0.014515910703946975
237,2016-01-08,164.55650127523245,165.11292267031985,161.51306122906905,161.79969787597656,209817200.0,-0.0110376228813909,0.0157493324758304,-0.0604039809150575,-0.070894616801981,-0.0616548904362204,0.0092736779584105,0.0096807195182002,0.0120319538112369,0.0222488761629837,-0.0167529291027216,-0.0169554260033799,1.446911044712058,0.01834226499178615,0.014612557750862488
238,2016-01-11,162.71870840434448,163.05593950609295,160.02936272818832,161.9599609375,187941300.0,0.0009900126235652,0.0165190556813317,-0.0453358710564166,-0.0682531111356587,-0.0632424955274357,0.0107871643160787,0.0098795840016753,0.0119978330574591,0.018687191330409,-0.0046629393404417,-0.1042617097168392,1.264737319664386,0.01836757911504619,0.014604908270654963
239,2016-01-12,163.4015244612569,164.0169532623226,161.14212210067134,163.26663208007812,172330500.0,0.0080354940310097,0.0164558442620445,-0.0389903920733656,-0.0579297061119764,-0.0356359104442528,0.0125914929165513,0.0108936978772901,0.0115918262471446,0.0176081978603026,-0.0008255270666753,-0.0830621050296023,1.1750427854999472,0.01721339475810384,0.014424918628549045
240,2016-01-13,163.93268573198264,164.27834272629687,158.81532848192018,159.1947021484375,221168900.0,-0.0252566491143628,0.0145677016362832,-0.0515526448374849,-0.0938017252716043,-0.0659320512867563,0.0148614307699343,0.0107959603704979,0.0125900634651204,0.0343165580930126,-0.0289020067132395,0.2833996303614277,1.4883696359509306,0.015078039346654358,0.013637218848651305
241,2016-01-14,159.80165137355536,162.9293894456111,158.20827221925188,161.80812072753906,240795600.0,0.0162831983810614,0.0156932367547836,-0.0109855669601174,-0.0704057516234235,-0.0600918580879094,0.016326992572922,0.0135306450558055,0.0129869786086756,0.0291772576378219,0.0125559988694568,0.0887407768452075,1.574502531804486,0.016368851581164055,0.013949538635242922
242,2016-01-15,157.45792698560197,159.13560396722897,156.40410461461312,158.33470153808594,324846400.0,-0.0217000366531744,0.0135834331764966,-0.0216479807319009,-0.0820519616469584,-0.0963181185085112,0.0183422649917861,0.0142982590495818,0.0129394208786894,0.0172514257839985,0.0055683100195021,0.349054550830663,2.038880440445736,0.014522334162252274,0.013650174293715976
243,2016-01-19,160.14735061786772,160.27380420958087,156.97744336907945,158.5455322265625,195244400.0,0.0013306650091809,0.0151693986483573,-0.0213073283462852,-0.0666431994027017,-0.0796315648350633,0.0183675791150461,0.0144247495360328,0.012760776014362,0.0207912565823103,-0.0100021535487487,-0.3989639411118608,1.216980509646164,0.015811523818355877,0.014094429641911524
244,2016-01-20,155.99105620650136,158.07341096946286,152.61039748829143,156.5137481689453,286547800.0,-0.0128979677848384,0.0143867907519655,-0.0422407901621333,-0.0812311822354989,-0.0745542730457072,0.0172133947581038,0.0142222170510987,0.0125158859600615,0.0349043681151543,0.0033507816098893,0.4676364597396902,1.7667286223578866,0.01536070467440096,0.013762606394117957
245,2016-01-21,156.98588434296087,159.2284095391439,155.66227669927426,157.3905487060547,195772900.0,0.0055864339935502,0.0143625698902318,-0.0113977070542203,-0.0629503518917052,-0.0771829425692888,0.0150780393466543,0.0147349904162884,0.0123971083113704,0.0226578588688309,0.0025777117782753,-0.3167879844130717,1.1721165757651648,0.015343039169795002,0.013739306106572119
246,2016-01-22,159.99559332480396,160.82178680616093,159.2368460469932,160.6194610595703,168319600.0,0.0203076835388188,0.014387631907189,-0.0073732218964629,-0.0183587888565803,-0.0659085930427778,0.016368851581164,0.0154176841391652,0.0132417634416878,0.0098676757393669,0.0038992807351877,-0.1402303383154665,0.990757654757102,0.016484840635303793,0.013368721577123644
247,2016-01-25,160.11359294935863,160.30749271059665,157.99752174755105,158.19142150878906,130371700.0,-0.0152321431239498,0.014216437268199,-0.0009053283672383,-0.0225533090991392,-0.0934479259011202,0.0145223341622522,0.0157493324758304,0.0129628301327088,0.0146023781884864,-0.0120050484481821,-0.2254514625747684,0.7630367506822365,0.013339868020181923,0.013217541693948082
248,2016-01-26,158.84907315996082,160.6279270214324,158.5118549222809,160.34971618652344,141036800.0,0.0135513279200299,0.0132706105676006,0.0113153345436106,-0.0099919938026745,-0.0782451049383332,0.0158115238183558,0.0165190556813317,0.0135803385654374,0.0131966064516762,0.0094469737639039,0.0818053304513173,0.8037023802729669,0.016261104025735107,0.012926242655924814
249,2016-01-27,159.82695436366987,161.49620578116728,157.70244437337146,158.60452270507812,185681700.0,-0.0109433309555386,0.0129400969272473,0.0132699713729104,-0.0289708187892228,-0.0869005249011992,0.0153607046744009,0.0164558442620445,0.0136635088968538,0.0239196294222342,-0.0076484699558888,0.3165478797023189,1.0231921335055132,0.01514784943765002,0.012850284966237755
250,2016-01-28,160.14732966105083,160.3496553813156,157.78676430027338,159.43072509765625,143798800.0,0.0051956772521336,0.0131739492214017,0.0128792146314938,0.0014815075772735,-0.0923202176943307,0.015343039169795,0.0145677016362832,0.0134024368260969,0.0160752645355679,-0.0044746582094828,-0.2255628853031828,0.7813841656774304,0.015123749973471561,0.01285943993409015
251,2016-01-29,160.1978876241089,163.4520920768119,160.0798600165619,163.31719970703125,210529300.0,0.0240848177821163,0.0123480597131659,0.0166563488747913,0.0092831269783284,-0.061122624645095,0.0164848406353037,0.0156932367547836,0.0148354486350327,0.0206483583253897,0.0194716180667848,0.4640546374517729,1.0999932912360135,0.011791206999357531,0.011859420503966156
252,2016-02-01,162.31395785495897,164.04222935059738,161.7322457690278,163.2581787109375,136061600.0,-0.000361454050959,0.0139465496752843,0.0315270379477821,0.0306217095805438,-0.0514302520664145,0.0133398680201819,0.0135834331764966,0.014752906275282,0.0141492671289663,0.0058172499054102,-0.3537165610677468,0.7069948460806506,0.01167605036569689,0.012949478979857479
253,2016-02-02,161.83345580102923,161.84188175187165,159.7932436610134,160.31594848632812,182564900.0,-0.0181863200433557,0.0137555251388355,-0.0002106100156034,0.0111047245280072,-0.0555384748746945,0.0162611040257351,0.0151693986483573,0.0149488487050928,0.0127787541426856,-0.0093769691019071,0.3417812226226944,0.9585411873531507,0.01078075711198132,0.012135486906602384
254,2016-02-03,161.36980602725322,161.68173350831097,157.73622650318634,161.27706909179688,205054900.0,0.0059772657644001,0.0137538861834511,0.0167099867043352,0.0299799580772457,-0.0512512241582531,0.01514784943765,0.0143867907519654,0.0150466935349994,0.024464153691179,-0.0005746857961809,0.1231890686544894,1.0506387582417835,0.009376028807976871,0.012111060388396148
255,2016-02-04,160.77960135882586,162.49943406698162,160.1473078410555,161.52992248535156,139531800.0,0.0015665921238712,0.0137499591146475,0.0130809015760728,0.0259601162075668,-0.0369902356841384,0.0151237499734715,0.0143625698902318,0.0148782493570148,0.0145615511339048,0.0046667681732283,-0.3195393038644772,0.7172300196856617,0.00851210727702739,0.012112497163993253
256,2016-02-05,161.01567798450176,161.58895134209288,157.8204804460133,158.45277404785156,180788300.0,-0.0192338106621231,0.0125223683818589,-0.0302377268681665,-0.0135813779933751,-0.0319401668499554,0.0117912069993575,0.014387631907189,0.0145159107039469,0.0237829278706192,-0.0159171080029665,0.2956781178197372,0.9371628937025732,0.013805472796787246,0.011021317763352106
257,2016-02-08,156.61493026107567,156.9099929217756,154.1110463004901,156.31985473632812,191526700.0,-0.0135523343628521,0.0123966146058956,-0.0434286071800596,-0.0119015692322774,-0.0344548783314166,0.0116760503656968,0.014216437268199,0.0146125577508624,0.0179052534689634,-0.0018840829814606,0.0593976490735297,0.9975572629375884,0.01379075758399458,0.010828042874262691
258,2016-02-09,154.5831537838088,157.60130371702277,154.44826138293897,156.32827758789062,184513100.0,5.388070929404439e-05,0.0123329775685508,-0.0251884064274098,-0.0253990164430132,-0.0353910102456877,0.0107807571119813,0.0132706105676006,0.0146049082706549,0.0201693665582102,0.0112892237049482,-0.0366194373943684,0.961886030228133,0.014326383653038214,0.010803991323847946
259,2016-02-10,157.15450639185042,158.7816027941018,156.06695394221933,156.19342041015625,148214100.0,-0.0008630260680684,0.0124299890038453,-0.0320286982598783,-0.015318711555543,-0.0442895303447658,0.0093760288079768,0.0129400969272473,0.014424918628549,0.0173800461296892,-0.0061155483464011,-0.1967285791632138,0.7775432458759963,0.014883380338747384,0.010773947561603396
260,2016-02-11,153.72324244853974,155.2070332423687,152.66941960703548,154.16163635253906,219058900.0,-0.0130934749766606,0.0110370442741046,-0.0466887653604101,-0.0336078637843372,-0.0321263562070636,0.0085121072770273,0.0131739492214016,0.0136372188486513,0.0164607336518547,0.0028518387786809,0.4779896109749342,1.1498372302378477,0.011184840441033449,0.010341612296347016
261,2016-02-12,155.9320298374662,157.35678720240546,155.0889717482724,157.33993530273438,127632400.0,0.0204070190195821,0.0106878914124997,-0.0070479356787049,-0.0372856625468714,-0.0280025355685429,0.0138054727967872,0.0123480597131659,0.0139495386352429,0.0144134764627276,0.0090289690112781,-0.4173603537678679,0.6904467536021041,0.010012602022657427,0.00978121020752435
262,2016-02-16,159.14409084927416,160.02086566659136,158.18300507119434,159.99557495117188,120250700.0,0.0167375005892003,0.0117197788716484,0.0232418992733474,-0.0201867079067121,0.0104350016738317,0.0137907575839945,0.0139465496752843,0.0136501742937159,0.0114869464105985,0.005350397224011,-0.0578356279440016,0.6886223978671556,0.012373877066607425,0.00938454377635482
263,2016-02-17,161.15903893571564,162.98004807787112,161.03257246348142,162.60910034179688,136009500.0,0.0162030049131049,0.0109579647402309,0.0393910234771582,0.0142026170497484,0.0253073415777557,0.0143263836530382,0.0137555251388354,0.0140944296419115,0.0119764245069691,0.0089977044766297,0.1310495489839145,0.7923040032878319,0.010069243097879394,0.008898905172204373
264,2016-02-18,162.8788033190904,162.9378235539374,161.6310810787867,161.94300842285156,102343000.0,-0.0041046897319508,0.0106595747734392,0.0361493598132758,0.0041206615533975,0.0341006196306433,0.0148833803387473,0.013753886183451,0.0137626063941179,0.0080691503009418,-0.005745344864829,-0.2475305033839547,0.6299851523241778,0.010849139060648355,0.008787712125062765
265,2016-02-19,161.16746278651044,162.01894708663167,160.56045974704102,161.86720275878906,114793000.0,-0.0004682104691554,0.0105536366211304,0.048774624320781,0.0020858589603709,0.0280459751679377,0.0111848404410334,0.0137499591146475,0.0137393061065721,0.0090103944142659,0.0043416950306249,0.1216497464408898,0.7246847997058661,0.011048753771493496,0.00874699729576261
266,2016-02-22,163.44373597191037,164.35424063261036,163.37628975288987,164.21092224121094,103640300.0,0.0143754497102782,0.0099702086583467,0.0427430550114771,0.0356951193327722,0.0221137413393971,0.0100126020226574,0.0125223683818588,0.0133687215771236,0.005955455741756,0.0046938860320252,-0.0971548787818072,0.6679142225071426,0.009832523169642714,0.008361200442910185
267,2016-02-23,163.55332530829386,163.82311016395872,162.01895288581227,162.13699340820312,111455300.0,-0.0127100965144933,0.009678923406374,0.0132954579077835,0.036537357181131,0.0246357879488536,0.0123738770666074,0.0123966146058955,0.013217541693948,0.0111273635968086,-0.0086597560607281,0.075405030668572,0.722683341864741,0.01221620834647462,0.00758484227986394
268,2016-02-24,160.71220733876964,163.15707125544148,159.60780302749964,162.8788604736328,150812200.0,0.0045651210238819,0.0096856460896379,0.0016575740185605,0.0410485974957189,0.0156495810527056,0.0100692430978793,0.0123329775685507,0.0129262426559248,0.0217908463849819,0.0134815716288185,0.3531182456105721,0.9747867059027512,0.012218573662651732,0.007896007688703648
269,2016-02-25,163.3256295149316,164.86000131333842,162.5668824290666,164.8515625,110728300.0,0.0120387105585728,0.0091781928022751,0.0178009743090841,0.0539503341223601,0.038631622566817,0.0108491390606483,0.0124299890038453,0.0128502849662377,0.0139102041224014,0.0093428875161868,-0.2657868527877718,0.7334682848260119,0.01173126594524938,0.00761417030879885
270,2016-02-26,165.71994908705076,165.81267313539044,164.312030636082,164.4722137451172,129833700.0,-0.0023038052520315,0.0100078780460631,0.015965379526208,0.0647400038469892,0.0311321400626519,0.0110487537714934,0.0110370442741045,0.0128594399340901,0.0091239879681682,-0.007529180094535,0.1725430626136226,0.8640194693316102,0.011201874989098281,0.007552139940829459
271,2016-02-29,164.4891468311837,165.4333682483584,162.98850370858017,163.18240356445312,125918100.0,-0.0078730271137782,0.0093447105943042,-0.0062830972978483,0.0364599577136289,-0.0008257048332425,0.0098325231696427,0.0106878914124996,0.0118594205039661,0.014982403043307,-0.007944252200856,-0.030158579783215,0.8622369442606624,0.009108831846468572,0.007302389722840832
272,2016-03-01,164.40476411830258,167.1025604717824,163.93265361565753,167.01824951171875,141799700.0,0.0232344695389495,0.0067613910022299,0.0296614687555944,0.0429569266633781,0.0227702187566659,0.0122162083464746,0.0117197788716484,0.0129494789798574,0.018979404139321,0.0158966524323805,0.1261264266217485,0.9690839359338485,0.0064550939842672,0.005590422120556034
273,2016-03-02,166.7063516447515,167.81918190324672,166.29324844973772,167.7686004638672,102415000.0,0.0044825667951306,0.0068252710154734,0.0295789145268431,0.0312364885454038,0.0454391055951522,0.0122185736626517,0.0109579647402309,0.0121354869066023,0.0090954651185615,0.0063719756844018,-0.277748824574382,0.7196312149130157,0.006529957877952565,0.005656134710629136
274,2016-03-03,167.59156085410075,168.44305800594853,167.0182873607036,168.4261932373047,95172200.0,0.0039119797473666,0.0069359103358621,0.0214521837156369,0.0392531580247212,0.0433738195781187,0.0117312659452493,0.0106595747734391,0.0121110603883961,0.0084593175079216,0.0049801575863986,-0.0707201093589806,0.6955922927933678,0.006251792262546166,0.005746688117056395
275,2016-03-04,168.6200687052301,169.74977648835898,167.79387525766805,168.97415161132812,129293600.0,0.003248122677703,0.0069483409627767,0.0270041116453714,0.0429694911715796,0.0450553501319505,0.0112018749890982,0.0105536366211303,0.0121124971639932,0.0115751504714748,0.0020998859081062,0.3585227618989579,0.948526814687458,0.009690616687626462,0.005855554961043433
276,2016-03-07,168.05520140505269,169.51370120479942,167.9793292621422,169.10902404785156,100219000.0,0.0007978654567197,0.0069345586176679,0.0356750042158693,0.0293919069180211,0.0650870262507933,0.0091088318464685,0.0099702086583467,0.0110213177633521,0.0090732706388457,0.0062706934030498,-0.2248726928479059,0.75761951185291,0.00981575347671959,0.006416677158168747
277,2016-03-08,168.03831996159568,168.54414702278072,167.10252510475314,167.2626953125,123974900.0,-0.0109780173056032,0.0052586041946679,0.0014625173713166,0.0311239861269112,0.0676613433080422,0.0064550939842672,0.0096789234063739,0.0108280428742626,0.0086189088088899,-0.0046157605555265,0.2370398826569812,0.9617625850585534,0.007325161530725828,0.006094991417470893
278,2016-03-09,168.0720787159687,168.43458755741102,167.2880279218925,168.0889434814453,94801200.0,0.0049276624609291,0.0061247286086492,0.0019076130371151,0.0314865275639584,0.0725351250596773,0.0065299578779525,0.0096856460896379,0.0108039913238479,0.0068211484454066,0.0001003424578636,-0.2353194073961745,0.7619557114026394,0.007368159714662713,0.006836560944857158
279,2016-03-10,168.57789636690103,169.5136913337756,166.4028050151373,168.2238006591797,156838700.0,0.0008019748719716,0.0061736429684004,-0.0012023918382798,0.0202497918773572,0.0742001259997173,0.0062517922625461,0.0091781928022751,0.0107739475616033,0.0184925456828843,-0.0021004871655929,0.6543957249486294,1.2562222423264302,0.007193248666327068,0.006841072975324504
280,2016-03-11,169.67388925834564,170.98063204544795,168.20697621851687,170.9384765625,137964500.0,0.0160084659160746,0.0038590270578933,0.0115579514000917,0.0385620630454633,0.1033020668924525,0.0096906166876264,0.0100078780460631,0.010341612296347,0.0162260474219035,0.0074530460148107,-0.1203414718433651,1.142139727661211,0.0038289755335628776,0.00596535557554639
281,2016-03-14,170.4326625925799,171.17454512106875,170.10387038253248,170.71929931640625,73612000.0,-0.001283022320194,0.0045994840157012,0.009477063623178,0.0451520678390475,0.0816120255526764,0.0098157534767195,0.0093447105943042,0.0097812102075243,0.0062715506847993,0.001681818023999,-0.4664424543995012,0.6233353002735242,0.0032937422027026963,0.006252848412889703
282,2016-03-15,169.75822588499912,170.74460258765515,169.4968798608829,170.44110107421875,93169100.0,-0.0016308944621473,0.0044927505524939,0.0188241864666339,0.0202867038379507,0.0632436305013287,0.0073251615307258,0.0067613910022299,0.0093845437763548,0.007320550729304,0.0040226338703741,0.2656781503015812,0.7980929189748831,0.002910014504203466,0.0065245279013838794
283,2016-03-16,169.96050122511295,171.83209105035002,169.9183457514907,171.4274139404297,129303200.0,0.0057701458862929,0.0045573406062478,0.0196666698919977,0.021574282929113,0.0528107714745168,0.0073681597146627,0.0068252710154734,0.0088989051722043,0.0111635896200611,0.0086309036790484,0.3878335199116445,1.1108107214206342,0.004936182945149458,0.006460817832475632
284,2016-03-17,171.34316418983127,173.02084188245536,170.94692578129084,172.5150146484375,134278500.0,0.0063243394399222,0.0046131157155056,0.0251890344599483,0.0239866426216686,0.0632398006463898,0.007193248666327,0.0069359103358621,0.0087877121250627,0.0120216556535144,0.0068392016929717,0.0384777793589021,1.1379425408020474,0.003895434579630504,0.006375372227567227
285,2016-03-18,173.01497108735393,173.531889532325,172.70143484267174,173.19293212890625,138372400.0,0.0039219136021123,0.0047709025759835,0.013102482145986,0.0246604335460779,0.0676299247176575,0.0038289755335628,0.0069483409627767,0.0087469972957626,0.0047949687059698,0.0010285875287779,0.0304881272876893,1.161036161281798,0.003179280841420478,0.006485386728410434
286,2016-03-21,172.9301931776387,173.667432449845,172.70138987818433,173.43862915039062,72926700.0,0.0014176266103696,0.0058816418712854,0.0158031310765496,0.0252801946997278,0.0546721016177489,0.0032937422027026,0.0069345586176679,0.0083612004429101,0.0055699389253301,0.0029401226206325,-0.4729678750964787,0.6198908804978119,0.005667623694458434,0.006500337490980121
287,2016-03-22,172.66751604840624,173.91320443773537,172.5065197008016,173.34544372558594,97471900.0,-0.0005374262218835,0.0068426025206011,0.0168965993168134,0.0357207857834475,0.0668447719103587,0.0029100145042034,0.005258604194668,0.0075848422798639,0.0081149218964222,0.0039262027548345,0.3365735731906147,0.8334832254188702,0.005878280052979971,0.006487158371554494
288,2016-03-23,172.96407640763144,173.1505068021916,172.0319244348305,172.201416015625,81052500.0,-0.0066215730672699,0.0076690904655051,0.0045048803632506,0.0241715502552485,0.0556580778192069,0.0049361829451494,0.0061247286086492,0.0078960076887036,0.0064957791477137,-0.0044093571789383,-0.1684526514821194,0.7143879554292074,0.0046053866286949055,0.006413247178716032
289,2016-03-24,171.1761376031501,172.15913238773123,170.95581653642623,172.12522888183594,84360900.0,-0.0004425282571732,0.0076965303731483,-0.0022619873338447,0.0229270471261037,0.0431768390034609,0.0038954345796305,0.0061736429684004,0.0076141703087988,0.0069909324688891,0.0055445302831063,0.0408179883408901,0.7522894153847964,0.004679146715636301,0.006407325253909263
290,2016-03-28,172.54044974078877,172.75230138022638,171.77778901097253,172.22691345214844,62408200.0,0.0005905848157578,0.0077561333279356,-0.0055933161201992,0.0075091660257869,0.0460712290712502,0.0031792808414204,0.0038590270578933,0.0075521399408294,0.0056583047894231,-0.0018171755615066,-0.2602236344088315,0.5737755672954675,0.005550592181568211,0.0064438907736011596
291,2016-03-29,171.82009741350487,173.930143763803,171.515030627081,173.81997680664062,92922900.0,0.0092072759704432,0.0077639951708459,0.0021963332398743,0.0179994643164241,0.0631515321554716,0.0056676236944584,0.0045994840157012,0.0073023897228408,0.0138943358588098,0.0116393799284307,0.488953374716784,0.8674828300099923,0.006676683387102713,0.006170979685616878
292,2016-03-30,174.81994487938724,175.3029598090337,174.21828063922183,174.58267211914062,86365300.0,0.0043782476005663,0.0082779843588458,0.0071120070623241,0.0240086063791377,0.0442953102170884,0.0058782800529799,0.0044927505524939,0.005590422120556,0.0062129829761778,-0.0013572407908623,-0.0705703330395414,0.8276808719364641,0.008374048673126635,0.006124115490774476
293,2016-03-31,174.48943875381522,174.91314191454202,173.99794153572478,174.15895080566406,94584100.0,-0.0024300025814298,0.0082020864247615,0.0113035775481642,0.015808457911415,0.037382740840528,0.0046053866286949,0.0045573406062479,0.0056561347106291,0.005254971820762,-0.0018940283750779,0.0951632194874561,0.9098597762734671,0.010105715090336406,0.006481940143750092
294,2016-04-01,173.16752418241117,175.53178263807487,172.8539749834099,175.34535217285156,114423500.0,0.0067890776393821,0.0079818051941853,0.0185351834447195,0.0162731961108749,0.0402598387325435,0.0046791467156363,0.0046131157155056,0.0057466881170563,0.0152716203850402,0.0125764227485652,0.2097540707159024,1.0906081088454982,0.009404054069202259,0.006429674573964587
295,2016-04-04,175.26902399778817,175.47240613852486,174.47246010955988,174.77752685546875,63497000.0,-0.003243580178425,0.0081164729616727,0.0147010184505367,0.0091077023303376,0.0337681358764155,0.0055505921815682,0.0047709025759835,0.0058555549610434,0.005721250591856,-0.0028042441904943,-0.4450702871350728,0.6248024337942576,0.009391376238125686,0.006627671065001132
296,2016-04-05,173.43868814815048,174.78606139030236,172.7777121074572,173.0319366455078,99662200.0,-0.0100377077084736,0.0070451445735417,-0.00454396522838,-0.0023476319885055,0.0229325627112222,0.0066766833871027,0.0058816418712854,0.0064166771581687,0.0116068127178145,-0.0023452178229993,0.5695576168952865,0.9809321375989258,0.00931873056894103,0.0065255932708282016
297,2016-04-06,173.03190307804113,174.98094025112778,172.85394205681024,174.92161560058594,91839800.0,0.010861780379967,0.0064504582431691,0.0019395675510206,0.0090515746133449,0.0447723603967924,0.0083740486731266,0.0068426025206011,0.0060949914174708,0.0121597218675037,0.010921179787825,-0.0784891363024296,0.9184647723889526,0.009124060251557991,0.006175763116008749
298,2016-04-07,173.83692200157756,174.1928310839261,172.0997365590909,172.82850646972656,113859000.0,-0.0120381519673545,0.0050634377690418,-0.007668581834904,0.0036349957132603,0.0278065459685087,0.0101057150903364,0.0076690904655051,0.0068365609448571,0.0121108176399235,-0.0058009283657349,0.2397566196790499,1.1279241238995807,0.005522673421545819,0.00552928265242982
299,2016-04-08,174.00641968290486,174.4386052040037,172.7607312933758,173.2946014404297,95040600.0,0.0026932339493463,0.0051192926426165,-0.0117644255249398,0.0067707579197798,0.0296978050458835,0.0094040540692022,0.0076965303731483,0.0068410729753245,0.0096822053121178,-0.0040907585120844,-0.165278107132506,0.9712319816987696,0.005979962520320696,0.005555697183310723
300,2016-04-11,173.93020014726278,174.62507974786493,172.79467843595503,172.8878936767578,83757500.0,-0.0023496736924985,0.005061531616974,-0.0108705190390133,0.0038304994115235,0.0113396654373104,0.0093913762381256,0.0077561333279356,0.0059653555755463,0.0105872150616406,-0.0059926710233327,-0.1187187370450102,0.8803108800938437,0.005232942355602166,0.005521334382775627
301,2016-04-12,173.05730624126355,174.77753990260072,172.6166513686354,174.49789428710938,115350600.0,0.0092693034299089,0.004415060851766,0.0084364920993691,0.0038925268709892,0.0218919911874133,0.009318730568941,0.0077639951708459,0.0062528484128897,0.012383464813678,0.0083243410933339,0.377197265916485,1.1863404026409126,0.004687414160229354,0.00581603235808403
302,2016-04-13,175.41310699169452,176.34525910921872,175.2775188781648,176.26051330566406,96336400.0,0.0100504154275132,0.0032555389952041,0.0076251271469153,0.0095646946979361,0.0335733010770738,0.0091240602515579,0.0082779843588458,0.0065245279013838,0.0060577392578125,0.0048309178743961,-0.1648383276723311,0.9891749373091836,0.003197492582309148,0.005780446692213725
303,2016-04-14,176.3198524369293,176.76897678579215,175.92157040221767,176.2689971923828,65212900.0,4.813149803213365e-05,0.004496494520223,0.019711410612302,0.012042828777398,0.027851286688813,0.0055226734215458,0.0082020864247615,0.0064608178324756,0.0048074613067073,-0.0002884260838675,-0.3230710302647804,0.6923831525326788,0.0046347567955590885,0.005781605451984439
304,2016-04-15,176.2690118023422,176.40459993824712,175.75209334830146,176.07411193847656,75761600.0,-0.0011062244087073,0.0047827656358264,0.0159119522542484,0.0041475267293086,0.0204207228401835,0.0059799625203206,0.0079818051941853,0.0063753722275672,0.0037058633024578,-0.001105695560852,0.161757873058858,0.8301704026833135,0.004539217573458468,0.006079407482504979
305,2016-04-18,176.0740908506917,177.34520037917224,175.4131149303134,177.31130981445312,82531000.0,0.007002003221404,0.0049522872018881,0.0252636291681509,0.0143931101291376,0.0235008124594752,0.0052329423556021,0.0081164729616727,0.0064853867284104,0.0108965719720905,0.0070266951701063,0.089351333657156,0.9328885634990096,0.0032041512008579346,0.006296600825156438
306,2016-04-19,177.73501501914237,178.12481470463754,177.0570873434698,177.87059020996094,88316100.0,0.0031492644062566,0.0053603353551518,0.0191435901444986,0.0275800822438678,0.0252324502553622,0.0046874141602293,0.0070451445735417,0.0065003374909801,0.006002832508215,0.0007627939312012,0.0700960851074141,0.9896725262977418,0.0027744861548602167,0.006523860595134327
307,2016-04-20,177.91299661996968,178.73498198033556,177.43845103674758,178.0401153564453,81100300.0,0.0009526274801703,0.0053868122918284,0.0100458021971557,0.0176709293440711,0.026722503957416,0.0031974925823091,0.0064504582431691,0.0064871583715544,0.0072822405276039,0.0007144994401233,-0.0817042419219146,0.917225821745342,0.002997290852610596,0.006513969142059721
308,2016-04-21,178.057001050569,178.16716800323152,176.8113128010852,177.08248901367188,85695000.0,-0.0053932284354039,0.0053219299093222,0.0046044422637196,0.0243158528760217,0.027950848589282,0.004634756795559,0.0050634377690417,0.006413247178716,0.0076566305889321,-0.0054730340910344,0.0566545376527583,0.9666530909971992,0.004524110647103979,0.006463618091698799
309,2016-04-22,176.72657993244698,177.35365229586503,176.18424043766717,177.08248901367188,99251700.0,0.0,0.0055880066562037,0.0057106666724269,0.0216226189266754,0.0283933768464552,0.0045392175734584,0.0051192926426165,0.0064073252539092,0.006603769038437,0.0020138967288391,0.1581970943462278,1.1102503322723771,0.004730458866599011,0.006672835620405701
310,2016-04-25,176.48083791459973,176.81980820538138,175.87070432158723,176.77743530273438,66166500.0,-0.0017241499562069,0.0056380150959946,-0.0030154865051839,0.022248142662967,0.0260786420744905,0.0032041512008579,0.005061531616974,0.0064438907736011,0.0053689198633795,0.001680620919752,-0.3333464313457603,0.7385997675916489,0.006701859279659945,0.006670807846370175
311,2016-04-26,177.1417847029803,177.54854898506105,176.56555469895437,177.04010009765625,75864200.0,0.0014847474581937,0.0070968912287741,-0.0046800034532468,0.0144635866912518,0.018356113562241,0.0027744861548602,0.004415060851766,0.0061709796856168,0.0055523821188784,-0.0005740294730265,0.1465651046979967,0.8549931920456225,0.007422601110870683,0.00733199894039263
312,2016-04-27,176.6588192206628,177.7943407317945,176.3029100722661,177.404541015625,77329400.0,0.0020564060173302,0.007594705411185,-0.0035762249160869,0.0064695772810688,0.0160342719790049,0.0029972908526105,0.0032555389952042,0.0061241154907744,0.0084069474827989,0.004221254269965,0.019313457467422,0.8759662692031862,0.006982900185958627,0.007483804609140718
313,2016-04-28,176.65035289468423,177.75197092687552,175.37924322948243,175.79446411132812,97216200.0,-0.009117172097062,0.0070947359830342,-0.007300168577745,-0.0026957263140252,0.0093471024633727,0.0045241106471039,0.004496494520223,0.00648194014375,0.0134971696030796,-0.0048451008975134,0.2571699767488173,1.099599227807307,0.006534564523476661,0.007170816617246765
314,2016-04-29,175.17580955389846,175.5232491969226,173.74369101639255,174.84532165527344,142424100.0,-0.00541378823962,0.0074261619143204,-0.012713956817365,-0.0070032901449379,-0.0028557634156293,0.004730458866599,0.0047827656358264,0.0064296745739645,0.01017789989279,-0.001886606943428,0.4650243477938862,1.5858271971333453,0.006745554692912904,0.007080659975847065
315,2016-05-02,175.34532812902663,176.4130555222075,174.91315552639526,176.235107421875,62188000.0,0.0079172344061599,0.0076924494691126,-0.0030725724549982,-0.006088058960182,0.0083050511689555,0.0067018592796599,0.0049522872018881,0.0066276710650011,0.0085107900335756,0.0050744396919069,-0.5633604144242442,0.6929399141379833,0.0050387080987731245,0.006909710126332386
316,2016-05-03,175.00640660086017,175.24367940351192,173.95561781026117,174.7013397216797,106422100.0,-0.0087410554157482,0.0077697671814816,-0.0132983753289401,-0.0179783787821868,0.0096017034616809,0.0074226011108706,0.0053603353551518,0.0065255932708282,0.0073729348344024,-0.0017431754934335,0.7112963915868014,1.181376317324605,0.006588754215659359,0.006567245090932984
317,2016-05-04,173.70982204814575,174.4385919831778,173.22679425067844,173.7267608642578,92243800.0,-0.0055941607314242,0.0075730130287704,-0.0209489420776945,-0.0245251669937813,-0.0068542376497102,0.0069829001859586,0.0053868122918284,0.0061757631160087,0.0069753083892825,9.751213784194994e-05,-0.1332270270930567,1.0237554985469464,0.007819853792977385,0.006393331405441866
318,2016-05-05,174.19286831503095,174.54877747344975,173.26919838505867,173.69290161132812,67619200.0,-0.0001949184614113,0.0076505069238949,-0.0120266884420438,-0.0193268570197887,0.0049889958562329,0.0065345645234766,0.0053219299093221,0.0055292826524298,0.0073669049023913,-0.0028701904305211,-0.2669512747740228,0.7702261361482496,0.007797332745010226,0.006460699752998144
319,2016-05-06,172.9217931159395,174.37086412809265,172.7692661306596,174.3284912109375,89315000.0,0.0036525933138469,0.0078484449559463,-0.0029603068885769,-0.0156742637059418,0.0059483552207335,0.0067455546929129,0.0055880066562037,0.0055556971833107,0.0091872417773359,0.0081348803389683,0.3208526572334484,1.0206835991693282,0.008860387386497144,0.006495952619064584
320,2016-05-09,174.20134033716386,174.90467627236418,174.02337930329685,174.47250366210938,74374900.0,0.0008257571593652,0.0078499215866742,-0.0100517841353716,-0.0131243565903697,0.0091237860725972,0.0050387080987731,0.0056380150959946,0.0055213343827756,0.0050512083598805,0.0015566087173651,-0.1672742540446733,0.8545308002038238,0.01012884585563779,0.006494909014116709
321,2016-05-10,175.1758212505375,176.65878218986694,175.10802719880667,176.64183044433594,77472200.0,0.0123569685150965,0.0079449419873852,0.011046239795473,-0.0022521355334669,0.0122114511577848,0.0065887542156593,0.007096891228774,0.005816032358084,0.008779092625792,0.0083687873322525,0.0416444257404042,0.9099172288938848,0.008494673379534393,0.0059845939828925086
322,2016-05-11,176.1842718141911,176.71812906590588,174.9894256591797,174.9894256591797,81727000.0,-0.0093985783117015,0.0075155942251851,0.0072418222151957,-0.0137071198624986,-0.0072375425814298,0.0078198537929773,0.007594705411185,0.0057804466922137,0.0098789021120232,-0.0067817980725971,0.0549203456207516,0.9681967730486204,0.007892080158657017,0.005505201426913654
323,2016-05-12,175.65887101006464,175.82836263828253,174.03185223626025,175.04026794433594,89586300.0,0.0002905026998732,0.0075156593778268,0.0077272433764802,-0.0042994450655634,-0.0069951713795888,0.0077973327450102,0.0070947359830342,0.0057816054519844,0.0102634120886605,-0.0035216158578934,0.0961652819753569,1.046199455496032,0.007852444743179587,0.0060165777501056525
324,2016-05-13,174.74364193878978,175.29445080844502,173.19288700788638,173.514892578125,96474600.0,-0.0087526181046898,0.0066523133471796,-0.0046779680420564,-0.0076382749306332,-0.0146415650755713,0.0088603873864971,0.0074261619143204,0.0060794074825049,0.012111720033555,-0.0070317257156354,0.0768901048486208,1.113178565774674,0.0076415344687909975,0.005935412908175086
325,2016-05-16,173.68441173226154,175.70123005894357,173.62508708098525,175.2266845703125,77486800.0,0.0098170442073473,0.006269039251743,0.0043133190059256,-0.0057384651294458,-0.011826524089628,0.0101288458556377,0.0076924494691126,0.0062966008251564,0.0118483265436961,0.0088797424171169,-0.1968165714084329,0.8966960898663371,0.005700274535191841,0.0055770194726093075
326,2016-05-17,174.95551118991153,175.2436262299386,173.06578582235952,173.5911865234375,114924900.0,-0.0093774440324463,0.0049815756137175,-0.0174210935416171,-0.0063748537461439,-0.0243532325283309,0.0084946733795343,0.0077697671814816,0.0065238605951343,0.0125458005742995,-0.0077981234040297,0.4831545501943557,1.3097733853588578,0.006646438478329448,0.005114135841010448
327,2016-05-18,173.24374681139082,174.81992305361686,172.557349774201,173.64202880859375,120062100.0,0.0002928422931601,0.0049148050739601,-0.0077296729367555,-0.0004878507215596,-0.0250130177153411,0.007892080158657,0.0075730130287704,0.0065139691420597,0.0130301016115742,0.0022989689644413,0.0447004957150278,1.338601349950163,0.00663492247582416,0.005138029215610122
328,2016-05-19,172.9217078869592,173.32845924429304,171.83702898047397,173.04034423828125,115430500.0,-0.0034711033569067,0.0048477348868741,-0.0114912789935354,-0.003764035617055,-0.0230908926368439,0.0078524447431795,0.0076505069238948,0.0064636180916987,0.0086189742073405,0.0006860697408771,-0.0385767032227488,1.2659771619498903,0.0056917147653449875,0.005149820193367759
329,2016-05-20,173.65050185323304,174.65044803642593,173.59965954280523,174.13352966308594,104990400.0,0.006297645761915,0.0047682658775222,0.0035589848730693,-0.0011189831689869,-0.0167932468749289,0.0076415344687909,0.0078484449559463,0.0066728356204057,0.0060343834737271,0.0027816090635957,-0.0904448997448681,1.1478637232166606,0.005645437945392203,0.005156701259701971
330,2016-05-23,174.15042119992066,174.4300667617476,173.70977934224555,173.89620971679688,58682600.0,-0.0013637914018213,0.0045692617762962,-0.0076218507360992,-0.0033085317301734,-0.0164328883205433,0.0057002745351918,0.0078499215866742,0.0066708078463701,0.0041420535886037,-0.0014597236192265,-0.4410669927917219,0.6442144601185739,0.005790780210364497,0.005148135051575752
331,2016-05-24,174.70981724921847,176.46395511860163,174.6843960856389,176.15040588378906,93537800.0,0.0128795836190765,0.0030387106758679,0.0146351769154235,-0.0027859166261934,-0.0050380521596605,0.0066464384783294,0.0079449419873852,0.0073319989403926,0.0101024974880657,0.0082456078155907,0.5939614127526729,1.0169872061979184,0.003378171694158902,0.004352898896296802
332,2016-05-25,176.82831162377144,177.76046393971208,176.15038384221432,177.34523010253906,76621400.0,0.0067600764890102,0.0027382042311318,0.0211024111112736,0.0133727381745182,-0.0003343816879805,0.0066349224758241,0.0075155942251851,0.0074838046091407,0.0090787899768537,0.0029232789366187,-0.18085095009718,0.8333848615066816,0.0024239492975084175,0.005004855536173791
333,2016-05-26,177.48075714495775,177.70956044017424,177.08247519529638,177.39601135253906,55280700.0,0.0002863002347207,0.0044036681803121,0.024859814702901,0.0133685357093657,0.0090690906438021,0.0056917147653449,0.0075156593778268,0.0071708166172467,0.0035349455723198,-0.000477492849264,-0.2785214052470981,0.6153018558328608,0.0031776919538502872,0.009709561164191817
334,2016-05-27,177.55704249760646,178.16717607316846,177.50620018804196,178.15870666503906,64211200.0,0.0042901778189068,0.004829964111436,0.0228523467598928,0.0264113316329623,0.0187730567023289,0.0056454379453922,0.0066523133471796,0.007080659975847,0.0037100397589281,0.0033885683100444,0.1615482437812836,0.7472276956672135,0.0033990735166485914,0.010310706738465332
335,2016-05-31,178.42989685111044,178.54006382536642,177.2604718333041,177.81976318359375,109879400.0,-0.0019042926052026,0.0048315613109801,0.0223118455565115,0.0146899948204124,0.0089515296909664,0.0057907802103644,0.006269039251743,0.0069097101263323,0.00719600548979,-0.0034194587245982,0.7112186036080932,1.244145743162327,0.0029717341677274645,0.011259408488762087
336,2016-06-01,177.20957244558164,178.3620453430254,177.01467264884693,178.18409729003906,69936200.0,0.002046799341756,0.0047227297203034,0.011479061279191,0.0261142381946147,0.0197393844484706,0.0033781716941589,0.0049815756137175,0.0065672450909329,0.0075616888076452,0.0054992787974627,-0.3635185485177385,0.8085778188601717,0.0030503357354506803,0.01196179376568221
337,2016-06-02,177.78583423166788,178.74339450363115,177.31128879947488,178.72645568847656,63044700.0,0.0030391862127695,0.0047168087305866,0.0077581710029503,0.0288605821142241,0.0283727313926643,0.0024239492975084,0.00491480507396,0.0063933314054418,0.0080128355851942,0.0052907559304358,-0.0985398120000801,0.7414154251716351,0.003297048702754147,0.012355025535740494
338,2016-06-03,178.16720579410213,178.5400667002992,176.98931134792298,178.192626953125,101757100.0,-0.0029913174126637,0.0047534831115277,0.0044805533555659,0.0293403680584671,0.0255763324414119,0.0031776919538502,0.0048477348868741,0.0064606997529981,0.0087026908963195,0.0001426814710909,0.6140468588160464,1.1731305782501895,0.005725746062156329,0.012344333610592758
339,2016-06-06,178.54851283883448,179.45524382712608,178.38750356574386,179.09933471679688,64887000.0,0.0050754554110384,0.0049675009452386,0.0052658309476975,0.0281181777075905,0.0269991945386035,0.0033990735166485,0.0047682658775222,0.0064959526190645,0.0059617209805419,0.0030849984085814,-0.3623344218732648,0.7587490830919525,0.005642002307749711,0.012393413350296291
340,2016-06-07,179.25186150671053,179.93825857110662,179.22644035102138,179.37896728515625,60974800.0,0.0015601090694479,0.0050602996844817,0.008730232622348,0.0310420781788597,0.0277335464486862,0.0029717341677274,0.0045692617762962,0.0064949090141167,0.0039682368053422,0.0007090904238166,-0.0602925085148026,0.7186324171049338,0.005166668132750679,0.012470142597987174
341,2016-06-08,179.51459018821174,180.09083333308234,179.38748438513582,179.96371459960938,66170900.0,0.003254541472919,0.0048320502649943,0.009937974753511,0.0214170360327022,0.0186311194065086,0.0030503357354506,0.0030387106758679,0.0059845939828925,0.0039082820084668,0.0025018824983905,0.0852171716840399,0.7851007767610483,0.003922697695649566,0.012443390397357323
342,2016-06-09,179.2348678020025,179.83653185005488,178.96370456133056,179.7178955078125,73786900.0,-0.001366870716555,0.0066540701486425,0.0055319178241865,0.013290088827137,0.0266628270016552,0.0032970487027541,0.0027382042311318,0.0055052014269136,0.0048566520671636,0.0026949427404024,0.1150959107402196,0.8796059285713052,0.0050749537604785,0.012893992910687015
343,2016-06-10,178.3451058045161,178.6840630957541,177.47226556531416,178.01461791992188,113829200.0,-0.0095227042290374,0.0131975297859021,-0.0009994689921871,0.0034810843633789,0.0168496200727445,0.0057257460621563,0.0044036681803121,0.0060165777501056,0.006807292258353,-0.0018530807621739,0.5426749192607361,1.3376176255128471,0.003887028005206047,0.012694357387705843
344,2016-06-13,177.41297323608163,178.26884889469594,176.55709757746737,176.64183044433594,117751200.0,-0.0077415444609167,0.0140079384420759,-0.0138164688641422,-0.0085506379164445,0.0178606937165177,0.0056420023077497,0.004829964111436,0.005935412908175,0.0096905207159748,-0.0043465975327494,0.0344551310208627,1.366621058934251,0.004146314762532886,0.012590060014495214
345,2016-06-14,176.26052776899468,176.8876131477305,175.34532732316208,176.29441833496094,125059300.0,-0.0019686967421677,0.0156129376021815,-0.0173452746757578,-0.0086150420534096,0.0060749527670026,0.0051666681327506,0.0048315613109801,0.0055770194726093,0.0087483531193713,0.0001922754140999,0.0620639110259597,1.4124464378982304,0.0039964332898882425,0.012567906451762112
346,2016-06-15,176.29443297815249,177.41301570387913,175.86226034161066,176.04869079589844,109124500.0,-0.0013948198363106,0.01670225668804,-0.0219946359849874,-0.0120566612314762,0.0140575769631383,0.0039226976956495,0.0047227297203034,0.0051141358410104,0.0088086730736687,-0.0013939304724642,-0.1274179529231333,1.2365257032237464,0.004039532469420359,0.012568677403754515
347,2016-06-16,176.04863269544754,176.74351196490105,174.21823225582534,176.5740203857422,149533100.0,0.0029795583882246,0.0172384480438187,-0.0176482068802078,-0.0121162890560211,0.0167442930582028,0.0050749537604785,0.0047168087305866,0.0051380292156101,0.0143015359992313,0.0029843326940433,0.3702981456959711,1.6665814984979843,0.006644544464767049,0.01259232708243528
348,2016-06-17,176.47010087336312,176.49565422401903,175.26052795098747,175.9164276123047,117055700.0,-0.0037311282620674,0.0171571761731076,-0.0118566309132378,-0.0128560999054248,0.0164842681530421,0.003887028005206,0.0047534831115277,0.0051498201933677,0.0070210968344219,-0.0031374904775271,-0.2171920464432289,1.3034327830286505,0.01939982346818972,0.012519666110727187
349,2016-06-20,177.87560661878948,178.54853320660186,176.9641604201192,177.04934692382812,82789600.0,0.0064194507446612,0.017276079146752,0.00230436429234,-0.011512104571802,0.0166060731357884,0.0041463147625328,0.0049675009452386,0.0051567012597019,0.0089487637995314,-0.0046451546148884,-0.2927332885113668,0.9334120218840458,0.019455089178852945,0.012502517061251309
350,2016-06-21,177.4327180900244,177.96083819196116,176.98977152195235,177.55197143554688,72461700.0,0.0028348729816132,0.0173564182619374,0.0071079340161209,-0.0102373406596367,0.0208047375192228,0.0039964332898882,0.0050602996844817,0.0051481350515757,0.0054691967774704,0.0006721045972027,-0.124748760713906,0.8106730218241125,0.022493985560873817,0.012510815348495448
351,2016-06-22,177.73080065636066,178.45484700076446,177.11749417578338,177.26231384277344,95560500.0,-0.0016327282701917,0.0173450041853817,0.0068700255822398,-0.0151246104027474,0.0062924256299546,0.0040395324694203,0.0048320502649943,0.0043528988962968,0.0075444847581492,-0.0026359348624835,0.318772537768228,1.067885050531227,0.02462892329879492,0.01255317849539005
352,2016-06-23,178.71895691353055,179.62187698505792,178.2589834234159,179.57077026367188,102731400.0,0.0129387589257049,0.017498682543299,0.0168292261197201,-0.0008189807604875,0.0124711080666494,0.006644544464767,0.0066540701486425,0.0050048555361737,0.0075897294400464,0.0047662171089855,0.0750404194201579,1.1315120602749682,0.024719658522092895,0.012302525819351366
353,2016-06-24,173.4547347208247,179.6048273711775,172.67958155075527,173.12252807617188,333444400.0,-0.0365697949550539,0.0115492990705061,-0.0160094405732663,-0.027866071486504,-0.0243849871231252,0.0193998234681897,0.0131975297859021,0.0097095611641918,0.0400019910601998,-0.0019152353793483,2.2457885320359696,3.1847773015786904,0.015084331505562792,0.008543203346724284
354,2016-06-27,171.71701148787568,171.72553793794785,169.2126787224782,170.02191162109375,230775800.0,-0.0180722779460858,0.0082681866673071,-0.0405011692640133,-0.0381968049716731,-0.0467474428881178,0.0194550891788529,0.0140079384420759,0.0103107067384653,0.0147796198237657,-0.0098714731411547,-0.3079032066515437,2.041763755724594,0.010859405326129203,0.006976460679498414
355,2016-06-28,171.62333532467787,173.11400855868138,171.31668202520586,173.0884552001953,159382400.0,0.0178754449296164,0.0076756807240318,-0.0254605973160101,-0.018352663299889,-0.0269677053532988,0.0224939855608738,0.0156129376021814,0.011259408488762,0.010383861427365,0.0085368337163808,-0.3093625934781723,1.3799005080568596,0.009554466951058159,0.0062597789474137
356,2016-06-29,174.48542967094025,176.26571631196322,174.383216236283,176.03573608398438,137328600.0,0.0168842547960268,0.0065851308393008,-0.0069436142497916,-7.358866755169044e-05,-0.012130249899028,0.0246289232987949,0.01670225668804,0.0119617937656822,0.0106938518141685,0.0088850193163281,-0.1383703595880097,1.1552602100200855,0.007718661261959138,0.0053717983749617
357,2016-06-30,176.5042289771642,178.48894240865778,175.9505425669414,178.43783569335938,165021900.0,0.0135532607834966,0.0059586059678327,-0.0063291123919999,0.0105001137277203,-0.0016161753283009,0.0247196585220928,0.0172384480438187,0.0123550255357404,0.0142256816322214,0.0109550163607997,0.2016571930391775,1.3311298663480984,0.008154964343612457,0.004685248482654596
358,2016-07-01,178.4378526432485,179.2981924246243,178.27600603100393,178.81265258789062,106055300.0,0.0020983430078005,0.0059517842330479,0.0323390255708544,0.0163295849975882,0.0034734850921632,0.0150843315055627,0.0171571761731076,0.0123443336105927,0.0057165216153702,0.002100450880181,-0.3573259064402967,0.854002227783584,0.008140277464508064,0.004720747209633319
359,2016-07-05,177.98640172520842,178.09714162296606,176.93016146096247,177.52642822265625,109803700.0,-0.0072191349226498,0.0050124063321704,0.0431921685942904,0.0026909993302772,-0.0088211052415249,0.0108594053261292,0.017276079146752,0.0123934133502962,0.0065735573778342,-0.0025843182293348,0.0353438253439479,0.8684799806884402,0.005666660747739666,0.0046452614129191576
360,2016-07-06,177.0323816898715,178.71045513913478,176.37648172805586,178.59120178222656,96021500.0,0.0059799158638972,0.0049516026286133,0.0312966395285712,0.0058360422125612,-0.0044012984470756,0.0095544669510581,0.0173564182619374,0.0124701425979871,0.0130688039936309,0.0088052822736454,-0.1255167175605194,0.7490889295560036,0.006341225578232332,0.004545633243033168
361,2016-07-07,178.77003634904318,179.43444962093204,177.7137962745728,178.4804229736328,85593800.0,-0.0006204851042065,0.0053295645588639,0.0137918996283379,0.0068482853785464,-0.0082763250242011,0.0077186612619591,0.0173450041853817,0.0124433903973573,0.0096405718772498,-0.0016200330957303,-0.1085975536728753,0.6627188422640069,0.005533225116942875,0.0045191987986637
362,2016-07-08,179.77516827919834,181.3850946161257,179.5451750888838,181.1380615234375,133971000.0,0.0147805913645268,0.0035250731675327,0.0150192302093681,0.0086901178173683,0.0078711370568806,0.0081549643436124,0.017498682543299,0.012893992910687,0.0101575533698854,0.0075810984202363,0.565195142638836,1.0136668080810969,0.0036581417946341846,0.0036645960464754246
363,2016-07-11,181.5980887568401,182.3476886582677,181.39364887527617,181.77696228027344,73633900.0,0.0035209422314844,0.0037946364637679,0.016441829433052,0.0487808550039066,0.0209147835174025,0.008140277464508,0.0115492990705061,0.0126943573877058,0.0052484086598419,0.0009849967290836,-0.4503743347440864,0.5657402312697022,0.0036456839569509614,0.003647892133238425
364,2016-07-12,182.7394538213966,183.3953535137022,181.8024542609601,183.0972137451172,101275600.0,0.0072367808603368,0.0032201885469301,0.0308977452160386,0.0740899138103292,0.035893108838656,0.0056666607477396,0.0082681866673071,0.0125900600144952,0.0086997459991909,0.0019577596202637,0.3753936705783613,0.7830717703545359,0.00293451543917976,0.0033476573611584365
365,2016-07-13,183.5146322808212,183.52314573341144,182.5861590406213,183.0716857910156,87324100.0,-0.0001394326726013,0.0032640731677425,0.0247783966795401,0.0560750362081115,0.0377223729082224,0.0063412255782323,0.0076756807240317,0.0125679064517621,0.0051181409552307,-0.0024136848615307,-0.1377577619880801,0.6851935657444411,0.0030869514387057784,0.00342025618560816
366,2016-07-14,184.33239401470564,184.56238724640937,183.7020604874548,184.0938873291016,91230900.0,0.005568082924483,0.0028050618126788,0.0309669647082296,0.0447588643365677,0.0446852756690159,0.0055332251169428,0.0065851308393008,0.0125686774037545,0.0046733043200756,-0.0012938945803797,0.0447390811929353,0.7209093941674872,0.0032219880914846604,0.0033547600492952316
367,2016-07-15,184.6560674879381,184.85198088781613,183.4039010235686,183.8468475341797,107155400.0,-0.0013428240400456,0.0027681750603187,0.0148435493036572,0.0298627795130255,0.0403628932407457,0.0036581417946341,0.0059586059678327,0.0125923270824352,0.0078765553158495,-0.0043823090395407,0.1745516047742596,0.861164183868857,0.003583484963380691,0.0033421101197707993
368,2016-07-18,183.96612717664067,184.50277373745143,183.71058057636697,184.34092712402344,58725900.0,0.0026838473215204,0.0026957347355652,0.0140064543936932,0.0304482838267454,0.0467778688243336,0.0036456839569509,0.0059517842330479,0.0125196661107271,0.0042974350484387,0.0020373312910093,-0.4519557577126304,0.4832835820158554,0.0038663087424847505,0.003348806942886522
369,2016-07-19,183.9235254473303,184.18758548966144,183.6765053102707,184.1535186767578,54345700.0,-0.0010171576020161,0.0034222220318474,0.0057525159313403,0.0366502611473791,0.0393412604776563,0.0029345154391797,0.0050124063321704,0.0125025170612513,0.0027752941299364,0.001250482932339,-0.0745871923631651,0.4525332312450832,0.003803909106199998,0.0035764578559581246
370,2016-07-20,184.1535087713769,185.15864216846143,184.1535087713769,184.92013549804688,58159500.0,0.0041542814836188,0.0032622212964758,0.0100462300875604,0.0348246267671007,0.0406606689796619,0.0030869514387057,0.0049516026286132,0.0125108153484954,0.0054355000031629,0.004162976485133,0.070176665311147,0.4871915723510207,0.0032289352418073984,0.003486060119503951
371,2016-07-21,184.80938706527985,185.0308538055168,183.7786874330219,184.2216339111328,67777300.0,-0.0037844669905796,0.0030606903366516,0.0006936801724978,0.0316606448807276,0.0385089302592739,0.0032219880914846,0.0053295645588639,0.01255317849539,0.0067970647415867,-0.003180320888892,0.165369372157601,0.5744427786899005,0.0026939497268005292,0.003373608758851406
372,2016-07-22,184.3409212505255,185.0990345753437,184.07686120445751,185.0479278564453,62787500.0,0.0044752961520055,0.0037830922365097,0.0065118003645489,0.0213553496682063,0.0300454674855746,0.0035834849633806,0.0035250731675327,0.0123025258193513,0.0055238304082991,0.0038353209972243,-0.0736205189643139,0.5413149035815024,0.0017754461856479941,0.003274005831668481
373,2016-07-25,184.84350426323465,184.8946109866342,183.9661375178333,184.5453643798828,55873100.0,-0.0027195503644898,0.0036435661289732,0.0011084026785387,0.0151148570722321,0.0638957120761387,0.0038663087424847,0.0037946364637679,0.0085432033467242,0.0050311394811829,-0.0016129313526065,-0.1101238303802508,0.547173893957472,0.0011836656890106417,0.003197997073689418
374,2016-07-26,184.4431237250592,184.9882836903036,183.7872238770244,184.63052368164065,70080500.0,0.0004613481325415,0.0036430648842908,0.0025869084130963,0.0083394243444368,0.082429338154766,0.0038039091061999,0.0032201885469301,0.0069764606794984,0.0065052072069634,0.0010160311363019,0.2542797875900926,0.744924018929949,0.003197717518874187,0.003217468122403081
375,2016-07-27,185.0053141240369,185.0734607409088,183.6679611384984,184.43460083007807,84083900.0,-0.001061725191327,0.0037434749048069,-0.0026290982618494,0.0074171318257111,0.0634921680338226,0.0032289352418073,0.0032640731677425,0.0062597789474137,0.0076205852702514,-0.0030848481118557,0.199818779831765,0.9310332666740152,0.0036729710573077667,0.0034425494593047588
376,2016-07-28,184.23868801764283,184.93718114385536,183.7787145668885,184.64756774902344,65035700.0,0.0011540353921781,0.0039641796482816,0.0023094041209082,0.0030030842934062,0.0477619486299739,0.0026939497268005,0.0028050618126788,0.0053717983749617,0.0062739335865038,0.0022192935467574,-0.2265380173850166,0.750142362304192,0.00366414089452093,0.003443331745596364
377,2016-07-29,184.38347666204223,185.3034234086294,184.1023767681707,184.94566345214844,79519400.0,0.0016131018784932,0.0039896711869162,-0.000552790152604,0.005959010211945,0.0358217897249705,0.0017754461856479,0.0027681750603188,0.0046852484826545,0.0064940513772547,0.0030490085135808,0.2227038380458732,0.9647756561194288,0.005321100143133759,0.0034573438429386636
378,2016-08-01,185.00528114651027,185.39710787663188,184.3408679974903,184.79232788085932,73311400.0,-0.0008294283177493,0.0040127944778556,0.0013373318941364,0.0024457345726753,0.0328940183994207,0.0011836656890106,0.0026957347355653,0.0047207472096333,0.0057158210584508,-0.0011510658740724,-0.0780689995145839,0.9074822718782792,0.005302293617434806,0.0036161633944977608
379,2016-08-02,184.54530878477047,184.69864190641763,182.77354891834585,183.6083221435547,92295500.0,-0.0064278378111634,0.0037669288165395,-0.0055518540495684,-0.0029649456364719,0.0336853155109071,0.0031977175188741,0.0034222220318474,0.0046452614129191,0.0104847806765896,-0.00507727152419,0.2589515409608873,1.1549919609641237,0.003438389111978892,0.00328956108980319
380,2016-08-03,183.54870710658165,184.204606918532,183.2505802812501,184.1449737548828,53993600.0,0.002918543481415,0.003725655371118,-0.0015715853768264,-0.0042006836386757,0.0306239431284249,0.0036729710573077,0.0032622212964759,0.0045456332430331,0.0051808453840928,0.003248547253209,-0.4149920635350586,0.6939276765826334,0.004039384003325044,0.0033249575822784107
381,2016-08-04,184.25574059138555,184.65609389903167,182.5010071992208,184.34092712402344,46585500.0,0.0010635597570732,0.0037461725003821,-0.0016620610119313,0.000647343108977,0.0323079879897046,0.0036641408945209,0.0030606903366516,0.0045191987986637,0.011690766306936,0.0004623276993404,-0.1372032981686718,0.6141123439804256,0.00428445287443106,0.003320066684075206
382,2016-08-05,184.3408719822423,185.8911650309218,184.3408719822423,185.8485717773437,71892200.0,0.0081453039229824,0.0028771328099626,0.0048701410325578,0.0043173508799539,0.0256727005481602,0.0053211001431337,0.0037830922365097,0.0036645960464754,0.0083417000940788,0.0081788687385977,0.5432312629466249,0.9881501210993217,0.0026792641479123644,0.0029406768859061064
383,2016-08-08,186.0360113648304,186.13823779474345,185.4738244896835,185.7378845214844,39906500.0,-0.0005957550780276,0.0028662118720482,0.0051038142722795,0.0064411461664161,0.0215560032386482,0.0053022936174348,0.0036435661289733,0.0036478921332384,0.0035771555532231,-0.0016025222275987,-0.4449119654148851,0.5615258971834847,0.0028483971090366854,0.0030095199622170413
384,2016-08-09,185.8059915214018,186.3426249240497,185.52489164495,185.8485717773437,51251700.0,0.0005957550780278,0.0029212677459231,0.0121274071614707,0.0065755531119024,0.0149149774563392,0.0034383891119788,0.0036430648842908,0.0033476573611584,0.0043999976501265,0.0002291651393653,0.2842945384837056,0.7474714608454985,0.003973742358425091,0.0030089758381874766
385,2016-08-10,185.95932408260404,186.0359841455934,185.03936433382063,185.3886108398437,57941100.0,-0.0024779908608334,0.0033026876426313,0.0067308728192223,0.005159287442396,0.0125764192681071,0.004039384003325,0.0037434749048069,0.0034202561856081,0.0053758416294178,-0.0030690219249603,0.1305205485866809,0.8635344192189246,0.003824728380023941,0.003000285535955218
386,2016-08-11,185.91674052230485,186.49598024514216,185.65268051536748,186.2489471435547,72504300.0,0.0046299832841419,0.0028945380623476,0.010297296346291,0.0086352353343598,0.011638319627766,0.004284452874431,0.0039641796482816,0.0033547600492952,0.0045278093793716,0.0017868569571333,0.2513449002521526,1.0958720042997956,0.003322650202061292,0.006097380447643432
387,2016-08-12,185.9422775017856,186.30005044482607,185.68674396766605,186.08709716796875,61313500.0,-0.0008693758675942,0.0029290727639756,0.0012826165557144,0.0061527575882724,0.0121117678002174,0.0026792641479123,0.0039896711869162,0.0033421101197707,0.0032958033442073,0.0007788420585616,-0.1543467077125081,0.9599855579818688,0.003380208381585703,0.007013966111635198
388,2016-08-15,186.4534192304517,186.97302588150868,186.44490577630447,186.623779296875,49813500.0,0.0028798864413192,0.0032458817480613,0.0047582580750612,0.0098620723473409,0.0123078069200162,0.0028483971090366,0.0040127944778556,0.0033488069428865,0.002829865021456,0.0009136870062582,-0.1875606514062971,0.785409903605237,0.0030053438878277464,0.007622990888378845
389,2016-08-16,186.2063996367809,186.27453326544065,185.66123962402344,185.66123962402344,53213600.0,-0.0051709940971253,0.0028267733137082,-0.0010084911000918,0.011118916061379,0.008153970424907,0.003973742358425,0.0037669288165395,0.0035764578559581,0.0033032939059287,-0.0029277189925849,0.06825659710721,0.8397687975114478,0.0016178939584515612,0.007571912751880984
390,2016-08-17,185.6953007652244,186.1467607777324,184.86052736442625,186.01046752929688,75134300.0,0.0018792283691596,0.0028758455858951,0.0033487281299011,0.0100796009491236,0.0058789173104478,0.0038247283800239,0.003725655371118,0.0034860601195039,0.0069148442579101,0.0016972253081995,0.4119379256430686,1.1700299794263724,0.0030153489768107835,0.007945294568849884
391,2016-08-18,185.9849251194284,186.46193851939623,185.87419822149027,186.4278717041016,52989300.0,0.0022414682141656,0.0027271252864771,0.0009602130599248,0.011257509406216,0.011904852515193,0.0033226502020612,0.0037461725003821,0.0033736087588514,0.0031526417832995,0.0023816262763704,-0.294738887565333,0.8347886664165471,0.002612844475815505,0.007943283678779299
392,2016-08-19,185.95934477450407,186.33414467656127,185.473817990576,186.1552581787109,75443000.0,-0.0014633704651386,0.0031536309128521,0.0003662184623804,0.001648835018095,0.0059661858980489,0.0033802083815857,0.0028771328099626,0.0032740058316684,0.0046215545797765,0.0010535281485552,0.423740264543974,1.17679118152998,0.0026357103222326506,0.007946990855683934
393,2016-08-22,185.91676580332864,186.37675226307763,185.5504923239354,186.14675903320312,61368800.0,-4.565726274022168e-05,0.0033023576145572,-0.0025593252416789,0.0021989328333823,0.0086400789997984,0.0030053438878277,0.0028662118720483,0.0031979970736894,0.0044387554391685,0.0012370763275743,-0.1865540871916546,0.9531704876679896,0.0038202156534279104,0.007947564182394817
394,2016-08-23,186.76005207653185,187.0581919083206,186.4619122447431,186.52154541015625,53399200.0,0.0020113677435804,0.0032426259704083,0.0046230365990267,0.0036145454989349,0.0101900986108373,0.0016178939584515,0.0029212677459232,0.003217468122403,0.0031968406773935,-0.0012770753901795,-0.1298640351448944,0.8402732974769394,0.003648014585201818,0.008379144644663604
395,2016-08-24,186.376801424045,186.47050143147675,185.15018787135403,185.5675811767578,71728900.0,-0.0051276226872016,0.0028411791608826,-0.0023838144573344,0.0009649136725667,0.0061242011149627,0.0030153489768107,0.0033026876426313,0.0034425494593047,0.0071150011858217,-0.0043418507083724,0.343257951429984,1.1397833059625422,0.0030846423535562427,0.008433746116469487
396,2016-08-25,185.18416599040268,185.85710562988723,185.0308458685778,185.4397125244141,69224800.0,-0.0006893053564048,0.0082860266129854,-0.0053145880279048,-0.0043543749679799,0.0042808603663798,0.0026128444758155,0.0028945380623477,0.0034433317455963,0.0044556786141514,0.0013799588784748,-0.0349106148288904,1.0963438391276863,0.0030868356892247324,0.008525297668757715
397,2016-08-26,185.627115791674,186.64928894848688,184.20458942381688,185.0904693603516,122506300.0,-0.0018851002404643,0.0097607754621352,-0.0057363178032305,-0.00537009934085,0.0007826582474223,0.0026357103222326,0.0029290727639757,0.0034573438429386,0.0132081329369284,-0.0028909915937317,0.769688030879107,1.8763165129570225,0.003545535989140441,0.008705193155489578
398,2016-08-29,185.2182560579585,186.26598260806705,185.1841762527955,186.00192260742188,70502200.0,0.0049122811440863,0.0104795391799922,-0.000778379396404,-0.0033377046380829,0.0065243677092579,0.0038202156534279,0.0032458817480613,0.0036161633944977,0.005816103081659,0.0042310437758259,-0.4245014338038125,1.0821454790984366,0.0030942667549870785,0.008751169056729024
399,2016-08-30,185.9167334635116,186.19783336276384,185.1415933751172,185.6952667236328,58114500.0,-0.0016500310584328,0.0104971085697852,-0.0044397781984172,0.0001832584006095,0.0113021744619885,0.0036480145852018,0.0028267733137082,0.0032895610898031,0.0056880285980505,-0.0011912146677332,-0.1757065736955726,0.9160351909338612,0.0028804227632296983,0.008825363820073446
400,2016-08-31,185.3630581585093,185.4823114783603,184.3919916975407,185.16714477539065,85269500.0,-0.0028480767468329,0.0111736743502809,-0.0021602322580485,-0.0045440467153829,0.0055355542337406,0.0030846423535562,0.0028758455858951,0.0033249575822784,0.0058883004441319,-0.0010569170851244,0.4672672052585844,1.3117348344865372,0.0027016370088097422,0.009036868077662397
401,2016-09-01,185.1586040200542,185.46525724706987,184.01717761857665,185.17564392089844,97844200.0,4.58988038579271e-05,0.0112027429794287,-0.0014250280977857,-0.0067396161256905,0.0045178932805254,0.0030868356892247,0.0027271252864771,0.0033200666840752,0.0078200329040669,9.202867419749512e-05,0.1474700801576178,1.4480833920518967,0.011711266796152526,0.009207928012361009
402,2016-09-02,186.0275074347612,186.43637418242807,185.43975417381776,186.01046752929688,79293900.0,0.0044981479115252,0.011033828615918,0.0049582200542037,-0.0007780977490267,0.0008707372690682,0.0035455359891404,0.0031536309128521,0.0029406768859061,0.0053578705642107,-9.159884846756522e-05,-0.1895901852128179,1.167148268892495,0.014024333210638259,0.009159745807603224
403,2016-09-06,186.2915014671845,186.6492613693248,185.57598166290387,186.57260131835932,56702100.0,0.003017497372243,0.0109294022041382,0.0030634362823604,0.0022850568859564,0.0044839897193388,0.003094266754987,0.0033023576145572,0.003009519962217,0.0057526115776749,0.001508924717236,-0.2849122063613972,0.8244228327006329,0.014668713043815883,0.009183010640807458
404,2016-09-07,186.4107963440116,186.73448951712933,185.95082293799388,186.5556030273437,76554900.0,-9.11123352746014e-05,0.011712013912275,0.0046223550055186,0.0001825768071014,0.0037971223060364,0.0028804227632296,0.0032426259704083,0.0030089758381874,0.0042007131730082,0.0007768148957686,0.3501245985598418,1.0929685502903606,0.014643690638468276,0.009255069851659107
405,2016-09-08,186.22343021291192,186.49601672347936,185.8230768990411,186.12973022460932,74102900.0,-0.0022854292890255,0.0119161219565534,0.005185002463326,0.0030247702052775,0.0039896838778443,0.0027016370088097,0.0028411791608826,0.0030002855359552,0.0036154343727151,-0.0005031589644517,-0.0320293018474323,1.0458949980864822,0.016233862947688547,0.009249237942690228
406,2016-09-09,184.81789031099623,184.86899701764105,181.64914452265413,181.67469787597656,221589100.0,-0.0242261914072996,0.008756804665433,-0.0190870877478315,-0.0205121158456172,-0.0248664908135971,0.0117112667961525,0.0082860266129854,0.0060973804476434,0.0177231751731602,-0.0170069706440787,1.990289178966005,2.82980521464509,0.011408753977423445,0.007413935381312725
407,2016-09-12,180.9165757453348,184.6815879202217,180.8484291406484,184.2812347412109,168110900.0,0.0142453268895558,0.0080440948687952,-0.0093399087698009,-0.0043816887155971,-0.0097517880564471,0.0140243332106382,0.0097607754621352,0.0070139661116351,0.0208005920133772,0.0185978481076954,-0.2413394882690529,2.009807007076728,0.008788138744744574,0.006791338434447137
408,2016-09-13,183.0035456328748,183.26760564649985,181.010305854894,181.6321258544922,182828800.0,-0.0144796853926089,0.0065640406981068,-0.0268370915346528,-0.0237736552522923,-0.0271113598903752,0.0146687130438158,0.0104795391799922,0.0076229908883788,0.0124278663864464,-0.0074939519539901,0.0875487550182647,2.0247705160114404,0.005172465393278672,0.0065986731519466265
409,2016-09-14,181.6832334317643,182.88429317458588,181.01030671634427,181.56398010253903,134185500.0,-0.0003752559657722,0.0066023799516634,-0.0271212351651504,-0.0224988801596317,-0.0223156217590222,0.0146436906384682,0.0104971085697852,0.0075719127518809,0.0103213559054128,-0.0006563804869207,-0.2660592860643399,1.4222904307615518,0.0066670570795810515,0.00660038205398777
410,2016-09-15,181.40214184170569,183.7616550090452,181.2232553536533,183.3783416748047,134427900.0,0.0099433604318347,0.0068380426659674,-0.0148924454442902,-0.0097074429809641,-0.014251489696347,0.0162338629476885,0.0111736743502809,0.0079452945688498,0.0138424179879069,0.0108940270111224,0.0018064544976916,1.381449169290901,0.005943894272044664,0.006245091098469526
411,2016-09-16,182.7636526591604,182.9434427794408,181.9845969733969,182.6694793701172,155236400.0,-0.0038730632996432,0.0070257522222268,0.0054606826633661,-0.0136264050844652,-0.0203660212101558,0.0114087539774234,0.0112027429794287,0.0079432836787792,0.0052490750471847,-0.0005152736207283,0.1547930154380155,1.515659427217028,0.006421611015960814,0.006188981432352837
412,2016-09-19,183.32010935228303,183.96219630356973,182.3783765984122,182.7037048339844,80250500.0,0.0001873452428746,0.0071212794313706,-0.008597298983315,-0.0179372077531158,-0.0187153055021426,0.0087881387447445,0.011033828615918,0.0079469908556839,0.0086687881156908,-0.0033624489996025,-0.483043281086137,0.7816957510059825,0.008029146605361784,0.006235417232563397
413,2016-09-20,183.55985516954945,183.7139497963564,182.67805663625663,182.71229553222656,69665300.0,4.701873062578114e-05,0.0073881538408437,0.0059294051399196,-0.0209076863947331,-0.0186226295087766,0.0051724653932786,0.0109294022041382,0.0079475641823948,0.0056695317470687,-0.0046173474943092,-0.1319019819191157,0.6758576049393807,0.008352932665922987,0.006402222222143427
414,2016-09-21,183.4143028791124,184.94674482420385,182.72940744279296,184.7669677734375,110284400.0,0.0111826372694661,0.0065751851566187,0.0174872983751579,-0.0096339367899924,-0.0094513599828909,0.006667057079581,0.0117120139122749,0.0083791446446636,0.0120007239829242,0.007374915004402,0.5830607203299203,1.0411933782818634,0.006995868939947885,0.005886429533588115
415,2016-09-22,185.7771797979753,186.23092025195749,185.52891189540333,185.9312744140625,76678700.0,0.0062817156206376,0.0062004995881293,0.0138256535639608,-0.0010667918803293,0.0019579783249482,0.0059438942720446,0.0119161219565534,0.0084337461164694,0.0037756335439877,0.0008294593353972,-0.3047185277337502,0.7222349273759182,0.00733102338446429,0.005681107181855968
416,2016-09-23,185.537451837607,185.674433526354,184.8183175666246,184.91249084472656,73630900.0,-0.0054944223295813,0.0060540797526189,0.0122042945340227,0.0176649771973889,-0.0028471386482282,0.0064216110159608,0.008756804665433,0.0085252976687577,0.0046298438565099,-0.003368381891045,-0.0397476743867593,0.6920916454242497,0.008180817975237637,0.005575349080063195
417,2016-09-26,184.08207611232544,184.2618531667787,183.2173905442125,183.414306640625,89827300.0,-0.0081351260719627,0.0056239260924865,0.0038818232191854,-0.0047154757641295,-0.0090971644797266,0.0080291466053617,0.0080440948687951,0.0087051931554895,0.0056945537220968,-0.0036275637791751,0.2199674321514473,0.8574989669943662,0.007026176628100816,0.005362372266293281
418,2016-09-27,183.25161760787776,184.64707769209988,182.88348096470668,184.55291748046875,78494800.0,0.0061886733341359,0.0067157411240913,0.0100234778226955,0.0159528829626152,-0.007820772289677,0.0083529326659229,0.0065640406981068,0.008751169056729,0.009556049026317,0.0071011644512492,-0.1261587512927584,0.7464702574898632,0.006930463334087143,0.0052196263143950514
419,2016-09-28,184.7755269776981,185.62308656236328,183.8166811905737,185.468978881836,87411000.0,0.0049514003463773,0.0064508879778259,0.0037922408996067,0.0212795392747647,-0.0012193408848669,0.0069958689399478,0.0066023799516634,0.0088253638200734,0.0097396631106729,0.0037529423700226,0.1135896900176827,0.8198410327571564,0.006822080029781778,0.005079424470343842
420,2016-09-29,185.2635057405692,185.6658813242369,183.2430713646201,183.79098510742188,128070600.0,-0.0090884768904711,0.0059173488319072,-0.0115779516115019,0.0022477019524589,-0.0074597410285051,0.0073310233844642,0.0068380426659673,0.0090368680776623,0.0131824200093423,-0.0079482498577421,0.465154271201565,1.177557768399185,0.005079097215167102,0.004709064430338791
421,2016-09-30,184.62141895723136,185.87991058216204,184.37315105327025,185.1779022216797,117202900.0,0.0075178352105622,0.0051966533052858,0.0014343059286415,0.0136386004626643,1.219537819907926e-05,0.0081808179752376,0.0070257522222268,0.009207928012361,0.0081368214609539,0.0030141858273619,-0.0848571022545376,1.0681275349174282,0.003770575253936106,0.004357018562182881
422,2016-10-03,184.7669484862553,184.9552819748721,184.09916603466328,184.73269653320312,83512100.0,-0.0024071000124899,0.0052288026863048,0.0071623319881143,0.0110441552072998,-0.006893052545816,0.0070261766281008,0.0071212794313705,0.0091597458076032,0.00463434982694,-0.0001853792214072,-0.2874570509774076,0.7596266452971142,0.00458992191363851,0.004346193874799848
423,2016-10-04,184.8440172416814,185.0666027091873,183.2002760132762,183.79098510742188,119948100.0,-0.0051107351980722,0.0055985508742465,-0.0041370765440937,0.0058864012786019,-0.0150212851161312,0.0069304633340871,0.0073881538408437,0.0091830106408074,0.0101546150091107,-0.0056968689058661,0.4362960576970283,1.0605429765434593,0.007305742250453219,0.004484828811703024
424,2016-10-05,184.41599299134825,185.0323976977853,184.3475021280445,184.60433959960932,72816000.0,0.0044156684909509,0.0054548193829159,-0.0046728083995201,-0.0008805674999132,-0.0105145042899057,0.0068220800297817,0.0065751851566186,0.0092550698516591,0.0037100729659242,0.0010213138524809,-0.3929374454451551,0.6448818591153306,0.0068289506663696785,0.004446298512195478
425,2016-10-06,184.3816858625273,184.9552819748721,183.84234170323464,184.73269653320312,62927400.0,0.0006950667071212,0.0054459604563619,0.0051107351980721,-0.0064672164134296,-0.007534008293759,0.0050790972151671,0.0062004995881293,0.0092492379426902,0.006024598203369,0.0019037176552206,-0.1358025708635465,0.5600768920420315,0.006697652573796747,0.0044730636131983395
426,2016-10-07,185.0066914120333,185.1779120165763,183.37150655256383,184.0991973876953,89788300.0,-0.0034351680476115,0.0053823236382162,-0.0058422680601015,-0.0044079621314598,0.013257015065929,0.0037705752539361,0.0060540797526189,0.0074139353813127,0.0098121311208562,-0.0049051956846083,0.4268553920867539,0.8489424042326333,0.006804419107692608,0.004454409737746307
427,2016-10-10,185.05807495117188,185.52037193639265,184.9125367694673,185.05807495117188,51855000.0,0.0051949658956451,0.0052779927496584,0.0017597978480334,0.0089221298361479,0.0042066540720183,0.0045899219136385,0.0056239260924865,0.0067913384344471,0.0032845644108517,0.0,-0.422474865878962,0.5187985304360053,0.005571160182033759,0.006740029412181311
428,2016-10-11,184.6300040503036,184.6984949069336,181.99316485487475,182.72085571289065,130367400.0,-0.012710084822212,0.0033781303187903,-0.0058395517761063,-0.0099766283201999,0.0059762546424152,0.0073057422504532,0.0067157411240913,0.0065986731519466,0.0148058087923457,-0.0103404013190227,1.5140757882557132,1.339450384918579,0.00398387315848834,0.006203179531940068
429,2016-10-12,182.85787422815892,183.48284852195496,182.36132521512693,182.9606170654297,73866100.0,0.0013113127393306,0.0034354751263507,-0.0089439075277266,-0.0136167159272466,0.007662823347518,0.0068289506663696,0.0064508879778259,0.0066003820539877,0.0061298618512363,0.0005618726440106,-0.4334005280461219,0.7832012227787553,0.0041165604223267335,0.00662294459402673
430,2016-10-13,181.63354592151325,182.8577853439333,180.8202384585352,182.3612365722656,101357000.0,-0.0032813861257654,0.0033752520365922,-0.0129203603606132,-0.0078096251625409,-0.005561923210082,0.0066976525737967,0.0059173488319072,0.0062450910984695,0.0111731359344598,0.0040063670345718,0.3721720789374287,1.09386505497385,0.003827648778842879,0.006569520928982765
431,2016-10-14,183.3372581352872,183.79956814610816,182.37841228068805,182.45545959472656,93346200.0,0.0005165499580802,0.0035014051086394,-0.0089686423549215,-0.0148109104150229,-0.0011723099523586,0.0068044191076926,0.0051966533052858,0.0061889814323528,0.0077890564008158,-0.0048097072549755,-0.0790354884221119,1.0422173840227769,0.003828667224114251,0.006608647395482746
432,2016-10-17,182.429765008528,182.68660243484825,181.6421398142282,181.82192993164065,58275700.0,-0.0034782850653326,0.0033153005891799,-0.0176418933158992,-0.0158820954678656,-0.0048379402605658,0.0055711601820337,0.0052288026863048,0.0062354172325633,0.0057444259942282,-0.0033318854346982,-0.375703563723001,0.6587336234175606,0.0031693774681344064,0.006532784864203421
433,2016-10-18,183.41435765154043,183.474278998592,182.58392380979865,182.9606170654297,76869700.0,0.0062431212330178,0.0032781298310581,0.0013113127393305,-0.0045282390367756,0.0013581622418261,0.0039838731584883,0.0055985508742465,0.0064022222221434,0.0048663761801533,-0.0024738553291055,0.3190695264063752,0.8653917165241716,0.003128520001607584,0.006606137282857918
434,2016-10-19,183.22597713186872,183.75676495027773,182.866409926176,183.4485626220703,66519200.0,0.0026633931251405,0.0032723313292622,0.0026633931251404,-0.006280514402586,-0.0071610819024993,0.0041165604223267,0.0054548193829159,0.0058864295335881,0.0048534314544397,0.0012148140437608,-0.1346499335889173,0.7677812401963013,0.002989479674141384,0.006626113361888427
435,2016-10-20,183.097540097914,183.6625798404998,182.44689658612387,183.10610961914065,73639800.0,-0.0018684967263906,0.0033589347052011,0.0040762825245152,-0.0088440778360978,-0.0153112942495276,0.0038276487788428,0.0054459604563618,0.0056811071818559,0.0066392282425995,4.680303854480384e-05,0.1070457852770327,0.8514622695913311,0.003100375746233349,0.006660711526881957
436,2016-10-21,183.10613816081155,183.27735878920384,182.14727912788103,183.19174194335932,89089100.0,0.0004675557086313,0.0032440431740745,0.0040272882750663,-0.004941354079855,-0.009349316211315,0.0038286672241142,0.0053823236382161,0.0055753490800631,0.006168835174198,0.0004675090819326,0.2097955181844599,1.0209710301557366,0.0031655726577396143,0.006703356425039691
437,2016-10-24,184.0649679745788,184.3389314065972,183.6197839291966,183.9707946777344,60146600.0,0.0042436459377202,0.0082473343995463,0.0117492192781191,-0.0058926740377799,0.0030294557983678,0.0031693774681344,0.0052779927496583,0.0053623722662932,0.0039090306625046,-0.0005116307458211,-0.3248713927966496,0.7012124140849652,0.001343342598863963,0.006824726792582712
438,2016-10-25,183.7910304787407,184.0478679666784,183.19175171575088,183.3544158935547,66542300.0,-0.0033560417034519,0.0083513371484263,0.0021500563416494,0.0034613690809801,-0.0065152592392199,0.0031285200016075,0.0033781303187903,0.005219626314395,0.0046691880681212,-0.0023756033362929,0.1063351876914073,0.7812189893989054,0.0026746103112805747,0.0067405391572369485
439,2016-10-26,182.532511363168,183.56840448294915,182.29278684752947,182.9862518310547,75705500.0,-0.0020099553169066,0.0089431435023126,-0.0025232921003976,0.0001401010247429,-0.0134766149025038,0.0029894796741413,0.0034354751263507,0.0050794244703438,0.0069711118876702,0.0024858063064936,0.1377048884694398,0.8949460500223129,0.002908271273019788,0.0066950923510376145
440,2016-10-27,183.7054026478436,183.73964154554864,182.421228439528,182.498275756836,77220200.0,-0.0026702983428514,0.0088415639543333,-0.0033250937168584,0.0007511888076569,-0.0070584363548841,0.0031003757462333,0.0033752520365922,0.0047090644303387,0.0072242496568972,-0.0065709928701534,0.0200077933571536,0.9411389897322028,0.002851480690983434,0.006632488271216231
441,2016-10-28,182.4725829605429,183.1489089240173,181.24834322181863,181.9589080810547,140623200.0,-0.002959843259886,0.0088053430146679,-0.0067524926853757,-0.0027252044103092,-0.0175361148253323,0.0031655726577396,0.0035014051086394,0.0043570185621828,0.0104450269692322,-0.0028150797843382,0.8210675445026043,1.6897613689951947,0.0031523463769629464,0.006711131210645945
442,2016-10-31,182.2927223320142,182.5153207899067,181.80474314219177,181.9674072265625,61272500.0,4.670805683386024e-05,0.0087920045649904,-0.010949430566262,0.0007997887118571,-0.0150823067560085,0.0013433425988639,0.0033153005891798,0.0043461938747998,0.003904972096625,-0.0017845753867188,-0.5642788672139447,0.7462358007698691,0.01210362607877179,0.006697937001005446
443,2016-11-01,182.2927891440418,182.34416708158656,179.44193411679908,180.6490478515625,122781800.0,-0.0072714029678834,0.0083262927090654,-0.0148647918306935,-0.012714735489044,-0.0172429745258197,0.0026746103112805,0.0032781298310581,0.004484828811703,0.01606558683427,-0.0090170395669378,1.0038647027622507,1.4927796747616575,0.011317707067755332,0.006429012560459643
444,2016-11-02,180.3407925298216,180.7260551000355,179.12510963118194,179.56173706054688,103330800.0,-0.006037099048404,0.0078961508561136,-0.0188919355621909,-0.0214152276625885,-0.0276957420651746,0.0029082712730197,0.0032723313292622,0.0044462985121954,0.0089158497520756,-0.0043199070955946,-0.1584192445460157,1.2334148879293747,0.010432989636708901,0.006290814168036212
445,2016-11-03,179.77580479671514,179.989833798208,178.4659483526424,178.73989868164062,88939300.0,-0.0045874187454494,0.0073262138836627,-0.0208090559647889,-0.0241341496816473,-0.0329782275177452,0.0028514806909834,0.0033589347052011,0.0044730636131983,0.0085257150574971,-0.005762210972972,-0.1392759951534296,1.0454003404101366,0.008975903931695164,0.0060979705240116824
446,2016-11-04,178.85117098823267,179.6901608899193,178.39743061851397,178.54296875,109122100.0,-0.0011023755658883,0.0074356729279219,-0.0189515882707912,-0.0257040809561669,-0.030645435036022,0.0031523463769629,0.0032440431740745,0.0044544097377463,0.0072404434655471,-0.0017232329904786,0.2269278035694006,1.2682205129441833,0.009280708676674196,0.0060809504935591336
447,2016-11-07,178.54299901440498,182.51537683425684,178.54299901440498,182.4811248779297,109794900.0,0.0218174488078769,0.0046068916199284,0.0028191524802517,-0.0081302780860102,-0.0140229521237902,0.0121036260787717,0.0082473343995463,0.0067400294121813,0.0217687052428527,0.0220570164344947,0.0061655704939695,1.2344762738492387,0.0048037152198563875,0.004150777053684856
448,2016-11-08,182.087386433232,183.86810998791532,181.8219924579765,183.30307006835932,106772100.0,0.0044941612306971,0.0045996155379491,0.0145847166788322,-0.0002800751518612,0.0031812939291188,0.0113177070677553,0.0083513371484263,0.00620317953194,0.0111624836898573,0.0066763747832313,-0.0275313334225906,1.216627646735518,0.005229008557768073,0.0048067473796008274
449,2016-11-09,181.81336513348813,185.86280353964403,181.7876826965184,185.24639892578125,258429000.0,0.0105459214120614,0.0037864653496863,0.0311677371392976,0.0122758015771067,0.0124159026018496,0.0104329896367089,0.0089431435023126,0.0066229445940267,0.0219983808956973,0.0188821860800638,1.4203794811565942,2.664522777618252,0.004082814428768293,0.004408246069465706
450,2016-11-10,186.03400745605103,186.8986799041712,184.2532846271845,185.70867919921875,172113300.0,0.002492380021212,0.0038241960579581,0.038247535905959,0.0174384799411701,0.018189668748827,0.0089759039316951,0.0088415639543333,0.0065695209289827,0.0142448661440795,-0.0017487569142923,-0.334001601987393,1.7121158848749234,0.004419818550580343,0.004499295311537885
451,2016-11-11,184.9895480828952,185.5203358261857,184.338904621336,185.28062438964844,100552700.0,-0.0023076406537117,0.0041889736483321,0.0370422708181356,0.0180906825473444,0.0153654781370351,0.0092807086766741,0.0088053430146679,0.0066086473954827,0.0063764422682703,0.0015734743382519,-0.4157761195677498,0.9966864904979325,0.004403901684162043,0.004445831628563375
452,2016-11-14,185.80288643230247,186.00835901047284,184.68137636929268,185.4261932373047,94580000.0,0.0007853583922205,0.0041719759104255,0.0160101804024792,0.0188293328827311,0.0196291215945882,0.0048037152198563,0.0087920045649904,0.0065327848642034,0.0071563926218445,-0.0020273807486571,-0.0593987033664934,0.920914989118296,0.004967387787142138,0.004538698768481107
453,2016-11-15,185.81138220218224,186.8729705810547,185.60592275441377,186.8729705810547,91652600.0,0.0077721615692066,0.0038274948174347,0.0192881807409887,0.0338728974198211,0.021158161930777,0.005229008557768,0.0083262927090654,0.0066061372828579,0.0067802626709535,0.0057132580700428,-0.0309515753859166,0.8860344533399844,0.004280278338911904,0.004960673695452158
454,2016-11-16,186.25656357218344,186.7531123363409,186.1367078748552,186.5219573974609,65617700.0,-0.0018801181306458,0.0040138010986525,0.0068621411982815,0.0380298783375793,0.0166146506749907,0.0040828144287682,0.0078961508561136,0.0066261133618884,0.0033047286769149,0.001424883076266,-0.2840606813118231,0.6346234426723787,0.0038309781047289005,0.004912995007425127
455,2016-11-17,186.6761750445668,187.5408478659994,186.5648757374313,187.48092651367188,69797200.0,0.0051281487872777,0.003711850989665,0.0094979099643472,0.0477454458703064,0.023611296188659,0.0044198185505803,0.0073262138836627,0.0066607115268819,0.0052057142383331,0.0043109489944978,0.0636947043252049,0.6763022938662008,0.003642999717295117,0.0049318125941356355
456,2016-11-18,187.54934800622104,187.720568602341,186.8815654737532,187.0613555908203,86265800.0,-0.0022404471719491,0.0039849445960901,0.0095651034461098,0.0466073742642456,0.0209032933080786,0.004403901684162,0.0074356729279219,0.0067033564250396,0.0044851761388014,-0.0026019414121585,0.2359492930948519,0.837020237528548,0.004481084908288325,0.004846275908309377
457,2016-11-21,187.6349631309889,188.49963568487823,187.4894249623122,188.4739532470703,72402600.0,0.00752315047609,0.0034049288842887,0.0163028955299793,0.0323130759324587,0.0241827978464484,0.0049673877871421,0.0046068916199284,0.0068247267925827,0.0053599487099511,0.0044713954269584,-0.1607033146391733,0.6983559708931054,0.00321788580111423,0.004688065859274778
458,2016-11-22,188.7821371419699,189.02184858031544,188.11436769753672,188.84207153320312,67429000.0,0.001951247117818,0.0051825300676653,0.0104819810785907,0.0297701618195796,0.0294900866677183,0.0042802783389119,0.0045996155379491,0.0067405391572369,0.0048055016311296,0.0003174791436339,-0.0686936656970882,0.6501053339557135,0.0033761242097717103,0.004792879899604359
459,2016-11-23,188.32840436105832,188.9961738326538,188.13150132797097,188.9448089599609,56620200.0,0.0005438909321378,0.0051659382916811,0.0129059901413743,0.019768131339656,0.0320439329167627,0.0038309781047289,0.0037864653496863,0.0066950923510376,0.004576323157235,0.003273030433162,-0.1602989811505435,0.5509631847544685,0.0036656806918106736,0.004842353955538898
460,2016-11-25,189.2872072262068,189.6810131758949,189.2101468766675,189.6467742919922,37872300.0,0.0037083029180156,0.0053012124706154,0.0114861442721122,0.0209840542364596,0.0384225341776297,0.0036429997172951,0.0038241960579581,0.0066324882712162,0.0024828595212616,0.0018995846103624,-0.3311168099017665,0.3757230207546336,0.0028108723019608377,0.004810554085203413
461,2016-11-28,189.33862014822847,189.6125704788652,188.6537247266964,188.75645446777344,76572500.0,-0.0047056758475737,0.0048875014460021,0.0090209155964876,0.0185860190425976,0.036676701589942,0.0044810849082883,0.0041889736483321,0.0067111312106459,0.0050798037866963,-0.0030747328780534,1.0218603042329089,0.7845871015919518,0.003812975960146153,0.004607897005912929
462,2016-11-29,188.790703296432,189.5783284459944,188.49105747219588,189.1245880126953,69886700.0,0.0019484103196476,0.0050434568893932,0.0034461754400452,0.0197490709700247,0.0385784038527557,0.0032178858011142,0.0041719759104255,0.0066979370010054,0.005748966780171,0.0017685442685125,-0.0873133305037708,0.7129358624284033,0.003966143644454723,0.005108444449892259
463,2016-11-30,189.74096699542025,189.90363110303045,188.61088776147025,188.6708221435547,113291800.0,-0.0024021789314815,0.0060031968222501,-0.0009072506092542,0.0095747304693366,0.0434476278891576,0.0033761242097717,0.0038274948174347,0.0064290125604596,0.0068518455947395,-0.0056400305575094,0.6210781164370331,1.161346246360792,0.006257661336638919,0.005053257503630534
464,2016-12-01,188.97050173292385,188.97050173292385,187.61783673708024,187.9774169921875,79040500.0,-0.0036819815556917,0.0056094218896344,-0.0051331230970837,0.0077728670442907,0.04580274538187,0.0036656806918106,0.0040138010986525,0.0062908141680362,0.0071958909611989,-0.0052552368313013,-0.3023281473151631,0.8204531532153874,0.004874815094561773,0.005052237231393929
465,2016-12-02,188.0629920050704,188.55954083115392,187.71198132508653,188.0715484619141,74840300.0,0.0005006341212982,0.0057938573308658,-0.0083407918938011,0.0031453523783112,0.0508907982486175,0.0028108723019608,0.003711850989665,0.0060979705240116,0.0045065801446251,4.549782364117292e-05,-0.0531398460283019,0.782580930898454,0.004169741003180216,0.00524835871206506
466,2016-12-05,188.9019990580523,189.5440860882473,188.70509602651484,189.2016448974609,67837800.0,0.0059908831872007,0.0056997568465,0.0023557671409732,0.011376682737461,0.0579840570017066,0.0038129759601461,0.0039849445960901,0.0060809504935591,0.004434369807869,0.0015862502297634,-0.0935658996556667,0.7250072006108896,0.005296683499412263,0.005245717219922654
467,2016-12-06,189.390001773934,189.83518579680896,188.9105788554356,189.80093383789065,59877400.0,0.0031624557378633,0.0057112023188979,0.0035698125591889,0.0070159879992343,0.0393290639316929,0.0039661436444547,0.0034049288842886,0.0041507770536848,0.0048714562287827,0.0021697664085096,-0.1173446072838446,0.6574690569581457,0.005274027003699446,0.005255941980550901
468,2016-12-07,189.6467919136992,192.34355168931395,189.5269362139672,192.2836303710937,110738100.0,0.0129957172169647,0.0046223281554918,0.0189677087076351,0.018060458098381,0.0478306199179605,0.0062576613366389,0.0051825300676652,0.0048067473796008,0.0146482332890787,0.013903944436848,0.8494139692104199,1.213290658164502,0.006125036430051943,0.004528326993902536
469,2016-12-08,192.2579960253395,193.22539832109896,191.99258906506745,192.7545318603516,99714400.0,0.0024460002681767,0.0046762116133856,0.0250956905315035,0.0199625674344199,0.0397306987740758,0.0048748150945617,0.0051659382916811,0.0044082460694657,0.0063957471927283,0.0025826537531715,-0.0995474908816387,1.196546787072849,0.00625758034343406,0.004605096481861036
470,2016-12-09,192.97716425395544,193.93601025981903,192.9429122890048,193.9188842773437,88005800.0,0.0060224255798994,0.0043061255901175,0.0306174819901047,0.0222766900963037,0.0432607443327633,0.0041697410031802,0.0053012124706154,0.0044992953115378,0.0051212029943092,0.0048799557555369,-0.1174213553909967,1.112170552246013,0.0058074087266432785,0.004424105167584626
471,2016-12-12,193.82467072858412,194.304106695277,193.27675697280105,193.69625854492188,102016100.0,-0.0011486948382896,0.0043294139639764,0.0234779039646144,0.0258336711055878,0.0444196901481853,0.0052966834994122,0.0048875014460021,0.0044458316285633,0.005303921357044,-0.0006625172284806,0.1591974619854601,1.2880342573141856,0.005851281076164541,0.004445528845883377
472,2016-12-13,194.3555264866505,195.4855932120784,194.3384005028916,194.98904418945312,110477500.0,0.0066521188357466,0.0045800995672307,0.0269675670624977,0.0305373796216868,0.0502864505917114,0.0052740270036994,0.0050434568893932,0.0045386987684811,0.0058833700834604,0.0032595816247404,0.0829418101652581,1.3810064687391774,0.005219304833633277,0.004243751329116388
473,2016-12-14,194.68938860416048,195.39139709678585,192.94290423688423,193.3795318603516,142501800.0,-0.0082886291167223,0.003773207669812,0.0056832207288107,0.024650929436446,0.0342256599057825,0.0061250364300519,0.0060031968222501,0.0049606736954521,0.0126615926532999,-0.0067279308502636,0.2898716933312213,1.726451723113353,0.0032488592135898314,0.0037881263415306516
474,2016-12-15,193.6192042449696,195.0317904674374,193.3880492594279,194.17567443847656,124972600.0,0.0041085434286572,0.0036085560291744,0.0073457638892912,0.0324414544207949,0.0402143214650855,0.006257580343434,0.0056094218896344,0.0049129950074251,0.0084652272369487,0.0028740444196997,-0.1230103760092855,1.4615307429642272,0.0029197139932216195,0.0037957353903708938
475,2016-12-16,194.631226662082,194.6915143118284,193.47727268966827,193.7958984375,156420200.0,-0.0019577523139728,0.0044586527542798,-0.0006344140045809,0.0299830679855239,0.033128420363835,0.0058074087266432,0.0057938573308658,0.0049318125941356,0.0062655692506914,-0.0042918509989779,0.2516359586021255,1.7411135922115042,0.0027694476919421867,0.0037870944429789304
476,2016-12-19,193.9767864007674,194.6398849769576,193.8303904029604,194.2179107666016,90341100.0,0.0021752447232214,0.0047991500305864,0.00268952555693,0.0261674295215446,0.0375441122590055,0.0058512810761645,0.0056997568465,0.0048462759083093,0.0041679707643956,0.0012430578437154,-0.4224460779362257,1.003311364739499,0.002815587325601803,0.0038680125192558142
477,2016-12-20,194.75176579127523,195.11346536640207,194.51926153049288,194.9670562744141,89838800.0,0.0038498220461765,0.0046577785078749,-0.00011277123264,0.0268547958298578,0.033870783829092,0.0052193048336332,0.0057112023188979,0.0046880658592747,0.0030477140459714,0.0011054610070626,-0.0055600385649499,0.988165341056613,0.004247266165957096,0.0038588883744762174
478,2016-12-21,194.8379146533777,195.010144436063,194.424560546875,194.424560546875,67909000.0,-0.0027863778011341,0.0046691005783675,0.0053894800829481,0.011072700811759,0.0291331589101399,0.0032488592135898,0.0046223281554918,0.0047928798996043,0.0030118822824692,-0.0021215280775206,-0.2441016576356763,0.7467554121183441,0.004249322614250827,0.00385204365396467
479,2016-12-22,194.27814076185035,194.39870290898173,193.69254380414893,194.08868408203125,56219100.0,-0.0017290352551123,0.0047831262145689,-0.0004480986008213,0.00689766528847,0.0268602327228898,0.0029197139932216,0.0046762116133856,0.0048423539555388,0.0036383321787803,-0.0009751826894994,-0.1721406588228364,0.6183448089716207,0.004388088254329248,0.004072497157338166
480,2016-12-23,194.131711101736,194.38145539880816,193.9422675822742,194.3728485107422,36697800.0,0.0014630250645449,0.0047720134593524,0.0029726787776963,0.0023382647731155,0.0246149548694191,0.0027694476919421,0.0043061255901175,0.0048105540852034,0.0022595121690037,0.0012421330221512,-0.3472360816875404,0.4038940582906894,0.006034891804690324,0.004458508894156478
481,2016-12-27,194.63982731069177,195.251244935664,194.62260039243824,194.8551177978516,42672500.0,0.0024780826438561,0.0047904080099701,0.003275516698331,0.0059650422552612,0.0317987133608489,0.0028155873256018,0.0043294139639764,0.0046078970059129,0.003226215201994,0.001106096784684,0.1628081247377226,0.478579226717579,0.006618401554342569,0.004460330552158068
482,2016-12-28,195.1134995195581,195.1307133002148,193.1328240999208,193.2447662353516,64095000.0,-0.008298692530396,0.0038929337155556,-0.0088729978782414,-0.0089857691108813,0.0215516105108053,0.004247266165957,0.0045800995672306,0.0051084444498922,0.0103386458490719,-0.0095776729381002,0.5020212080379636,0.7211783510799054,0.004785524777361048,0.003975551541080245
483,2016-12-29,193.31364806068328,193.66672764527488,192.76250488924572,193.2017059326172,48696100.0,-0.00022285261227,0.0038903827261116,-0.0063094726893773,-0.000919992606429,0.0237309368300168,0.0042493226142508,0.003773207669812,0.0050532575036305,0.0046802006828267,-0.0005790699683601,-0.2402511896403776,0.5685768193915869,0.004689481253781987,0.004287349748739788
484,2016-12-30,193.52892088429107,193.61504233520185,191.80659698838423,192.4955291748047,108998300.0,-0.0036618232262221,0.0038722324573097,-0.0082422606604871,-0.0086903592613083,0.0237510951594864,0.0043880882543292,0.0036085560291744,0.0050522372313939,0.0093947394756133,-0.005339727544413,1.2383373617189055,1.2507911520866992,0.004573368593587768,0.004168451967590787
485,2017-01-03,193.7959119760837,194.476237389342,192.79697393302524,193.96815490722656,91366500.0,0.0076210672343155,0.0031955747686809,-0.0020842184907165,0.0008884602869799,0.0308715282725037,0.0060348918046903,0.0044586527542797,0.005248358712065,0.0086574183124025,0.0008887851626309,-0.1617621559235327,1.038612173644374,0.003662829486315362,0.0038554469558737528
486,2017-01-04,194.2953338896128,195.2684509925048,194.2867270015498,195.1220550537109,78744400.0,0.0059312904812934,0.0028691817099224,0.0013689893467207,0.0046445060450519,0.0308119355665964,0.0066184015543425,0.0047991500305864,0.0052457172199226,0.0050313327762193,0.0042549717872679,-0.1381480082962574,0.889615192883702,0.002794361385129493,0.0036406392880687114
487,2017-01-05,194.8551141585779,195.122072255224,194.17478887329776,194.9670562744141,78379000.0,-0.0007946839988753,0.003119163089121,0.0088729978782414,1.0993810029003015e-16,0.0268547958298578,0.004785524777361,0.0046577785078749,0.0052559419805509,0.0048586843337928,0.0005744889802845,-0.0046403299790207,0.8763284923150613,0.0030782523065156966,0.003916457642903101
488,2017-01-06,195.0790604986911,196.12967937135485,194.53652414010315,195.66465759277344,71559900.0,0.0035716611590372,0.0029745997975612,0.0126675116495486,0.0063580389601714,0.0174307397719303,0.0046894812537819,0.0046691005783675,0.0045283269939025,0.0081422738825294,0.0030018449575538,-0.0870016203319766,0.818002294090411,0.002755432146928973,0.0038889846427578615
489,2017-01-09,195.4062886143,195.5440776992804,194.9843144691566,195.01876831054688,46939700.0,-0.0033064615893302,0.0034834827607262,0.0130228732864405,0.0047806126259535,0.0116782779144234,0.0045733685935877,0.0047831262145689,0.004605096481861,0.0028703044069708,-0.0019831516503443,-0.3440502292485037,0.5532565259699849,0.002820586515626106,0.0037929388239904714
490,2017-01-10,195.0359820909516,195.8713103507457,194.6312348665033,195.01876831054688,63771900.0,0.0,0.0043129166397618,0.005401806052125,0.0033175875614086,0.005655852334524,0.0036628294863153,0.0047720134593524,0.0044241051675846,0.0063587494423494,-8.825951098956412e-05,0.3585919807753353,0.7625402415722952,0.0030224558247363776,0.0037943456655337615
491,2017-01-11,194.9326358857143,195.5699005126953,194.2695374492885,195.5699005126953,74650000.0,0.0028220612214802,0.0043409891523147,0.0022925767923118,0.0036615661390327,0.0096266083942938,0.0027943613851294,0.0047904080099701,0.0044455288458833,0.0066490961032237,0.0032691530799113,0.1705782640943738,0.9074602103314072,0.003047989375535118,0.003949129571340582
492,2017-01-12,195.05322197351856,195.26851250549817,193.7270380782524,195.0790557861328,72113200.0,-0.0025129722066643,0.0042664140921503,0.0005742885845228,0.0094472864627644,0.0004615173518829,0.0030782523065156,0.0038929337155556,0.0042437513291163,0.0079017935627886,0.000132444941708,-0.0339825853985265,0.8975516571825932,0.0035230537838430126,0.0039307543382009836
493,2017-01-13,195.2512772921789,195.8282543165476,195.21683659025288,195.52685546875,62717900.0,0.0022928474244421,0.004810451202427,-0.0007045251500722,0.0119629864994765,0.0110429938930473,0.0027554321469289,0.0038903827261116,0.0037881263415306,0.0031270268466647,0.0014114026827015,-0.1302854401135992,0.8213971159771148,0.0034712049994125053,0.004042278416637923
494,2017-01-17,194.8895887650756,195.2943359950259,194.4504008335571,194.83792114257807,61240800.0,-0.0035296987982639,0.0046321799096879,-0.0009277623590059,0.0120951109274347,0.0034047516661262,0.0028205865156261,0.0038722324573097,0.0037957353903708,0.0043314728289018,-0.0002651122762631,-0.0235514900849678,0.8369824416388678,0.004262048170662446,0.0039227510702761715
495,2017-01-18,195.08767433052773,195.3115849069483,194.5365310613489,195.26852416992188,54793300.0,0.002207619009629,0.0045960482968842,0.001279856650623,0.0066816627027482,0.007570122989728,0.0030224558247363,0.0031955747686809,0.0037870944429789,0.0039691693727604,0.0009270182753203,-0.1052811197763582,0.8047516703392847,0.005445028050619216,0.0040029178559211525
496,2017-01-19,195.34594866689628,195.4837377149898,194.1144935428136,194.54507446289065,66608800.0,-0.0037117768090505,0.0043654198615903,-0.0052539813799076,-0.0029614045875956,0.0016831014574561,0.0030479893755351,0.0028691817099225,0.0038680125192558,0.0070381847289451,-0.0040997738088301,0.2156376783292848,0.9956383051870984,0.004777824116958067,0.0038447426844323306
497,2017-01-20,195.22547962308445,195.75078912167007,194.5968348592993,195.2599334716797,129168600.0,0.0036677815606865,0.0047018972463813,0.0009267723874431,0.0015010609719661,0.0015010609719661,0.003523053783843,0.003119163089121,0.0038588883744762,0.0059098364004009,0.0001764823355114,0.9392122362210398,1.8756215777376395,0.005155645217333704,0.003822883669660454
498,2017-01-23,195.25989615458587,195.3201706676685,193.99398683665453,194.75180053710932,75061600.0,-0.0026057329960785,0.004636269662888,-0.0039718080330774,-0.0046763331831495,0.0016817057770217,0.0034712049994125,0.0029745997975613,0.0038520436539646,0.0068096101158318,-0.0026021504030416,-0.4188866334387769,1.0843178563958078,0.006119205661176726,0.003780798980495609
499,2017-01-24,194.967037771658,196.41379651400047,194.8550956664453,196.0004425048828,95555300.0,0.006390986821138,0.0042699644014179,0.0059488775863244,0.0050211152273186,0.009801727853272,0.0042620481706624,0.0034834827607262,0.0040724971573381,0.007952537390401,0.0053004074177664,0.2730250887271255,1.3422284926310757,0.0053976774927248046,0.0037094089998082323
500,2017-01-25,196.9478014011602,197.697021484375,196.78417847332832,197.697021484375,84437700.0,0.0086187473219079,0.0032449073139036,0.0123600058986033,0.0136398625492265,0.016957450110635,0.0054450280506192,0.0043129166397617,0.0044585088941564,0.0046173837329098,0.0038041556081589,-0.1163472879055373,1.1475862012727218,0.00264000122608545,0.0033574799694404737
501,2017-01-26,197.55058518442823,197.8175564796249,197.21473248304852,197.4903106689453,59970700.0,-0.0010461409942245,0.003738931534793,0.0150256417134293,0.0097716603335218,0.0134332264725544,0.004777824116958,0.0043409891523147,0.004460330552158,0.0030524231519736,-0.0003051092732863,-0.2897639324614479,0.805587490690079,0.0028484330920099574,0.0033055209505188643
502,2017-01-27,197.5678334784349,197.7142294779201,196.9994632637566,197.1803131103516,59711100.0,-0.0015709181462549,0.0037967835999297,0.0097869420064879,0.0107137143939312,0.0201610008566955,0.0051556452173337,0.0042664140921503,0.0039755515410802,0.003624937007598,-0.0019614547634629,-0.0043287805545041,0.8044689982679513,0.004635978607675817,0.003220996665953654
503,2017-01-30,196.4912983459093,196.51713215026635,194.97565821572096,195.95738220214844,79737300.0,-0.0062214072440077,0.0030040920926742,0.0061712677585587,0.0021994597254814,0.0141624462249578,0.0061192056611767,0.004810451202427,0.0042873497487397,0.0078663733778358,-0.002717250831235,0.3353848781884776,1.0522722803831803,0.0033043418810806274,0.0028359461094146408
504,2017-01-31,195.4665894924151,196.0005189836621,194.8982324357148,195.9402313232422,75880800.0,-8.752734553765726e-05,0.0029243598455809,-0.0003072464081168,0.0056416311782076,0.0177367421056423,0.0053976774927248,0.0046321799096879,0.0041684519675907,0.0056256264499805,0.0024231344704843,-0.0483650687946544,1.0237502011085338,0.0032919616265990473,0.003855692726424239
505,2017-02-01,195.940244523312,196.8530744004239,195.43216195251097,196.0177459716797,79117700.0,0.0003955253059676,0.0029032764834658,-0.0085304684240571,0.0038295374745462,0.0105112001772944,0.0026400012260854,0.0045960482968841,0.0038554469558737,0.0072488969856751,0.0003955361419305,0.0426576947001084,1.0763143623104348,0.003258863571911511,0.0043235280851573275
506,2017-02-02,196.0177446598415,196.4311119956221,195.3288253807931,196.1469268798828,69657600.0,0.0006588095349649,0.0030815002558623,-0.0068255178948677,0.0082001238185616,0.0052387192309659,0.0028484330920099,0.0043654198615903,0.0036406392880687,0.005619698622676,0.0006590332944881,-0.1195699571650844,0.9535129971954172,0.003761619943070526,0.004324120778727253
507,2017-02-03,197.0511522348328,197.6797969976758,196.7411332994059,197.4989471435547,80563200.0,0.0068692480694986,0.0027844422103645,0.0016146483208857,0.0114015903273737,0.0129026512993398,0.0046359786076758,0.0047018972463812,0.0039164576429031,0.0047527529227161,0.0022724805394094,0.1565600882028666,1.1011489368478034,0.003069302728549269,0.004335498743771529
508,2017-02-06,197.09417587961693,197.49031624796152,196.809990794992,197.14584350585932,57790100.0,-0.0017894762089254,0.0025296479156156,0.006046579355968,0.0122178471145268,0.0075415139313772,0.0033043418810806,0.004636269662888,0.0038889846427578,0.0034508739361238,0.0002621468950659,-0.2826737269621862,0.7973867725505426,0.0025659136256562893,0.004395665725322909
509,2017-02-07,197.5333781701229,197.77450252089744,196.9650079974581,197.1544647216797,57931200.0,4.3729186317042775e-05,0.0026739613363338,0.0061778358878227,0.0058705894797058,0.0108917047070244,0.003291961626599,0.0042699644014179,0.0037929388239904,0.004105889889849,-0.0019182249195216,0.0024415946675988,0.7933179173843536,0.0017945730511211859,0.004454303881758416
510,2017-02-08,197.1544600124119,197.5419803425937,196.61192366598257,197.41281127929688,51566200.0,0.0013095186055677,0.0027293834825968,0.0070918291874228,-0.0014386392366343,0.0122012233125921,0.0032588635719115,0.0032449073139036,0.0037943456655337,0.0047112275570367,0.0013104003169327,-0.1098717098903526,0.7121060247545853,0.0008889204965301342,0.004454477343674819
511,2017-02-09,197.41281856891612,198.88539850604155,197.41281856891612,198.58399963378903,65955200.0,0.0059151575826625,0.0025873143216938,0.0123481772351204,0.0055226593402526,0.0152943196737744,0.0037616199430705,0.003738931534793,0.0039491295713405,0.0074154007364188,0.0059326495278422,0.279039370750608,0.9163127840979542,0.002548923497396916,0.004364107180735024
512,2017-02-10,198.9284877466009,199.59158638503845,198.6012418735524,199.36767578125,66015900.0,0.003938554397034,0.0025625819746612,0.0094174835626558,0.0110321318835415,0.0217458462774727,0.0030693027285492,0.0037967835999296,0.0039307543382009,0.0049674276815701,0.0022077684278611,0.000920321672893,0.9210572027114416,0.0026731058298145646,0.004331125411948952
513,2017-02-13,199.858524253118,200.71107955863835,199.83269043843177,200.4527282714844,55182100.0,0.0054277127582501,0.0027728856052949,0.0166346725298313,0.0226812518857994,0.0248807116112807,0.0025659136256562,0.0030040920926742,0.0040422784166379,0.0043820262651497,0.0029731232159699,-0.1641089495106481,0.7739722396064028,0.0027926522857022605,0.00436632756899952
514,2017-02-14,200.2718463350098,201.26219058701625,199.92738676753208,201.25357055664065,71109000.0,0.0039872083084753,0.0047776861224525,0.0205781516519895,0.0267559875398123,0.0323976187180199,0.0017945730511211,0.002924359845581,0.0039227510702761,0.0066324478904512,0.0049019582112837,0.288624390880376,0.9905047550050724,0.0032501827036358916,0.0046530332302478685
515,2017-02-15,201.0383202054932,202.49368647837773,200.98665257407828,202.30422973632807,86785800.0,0.0052069941544035,0.0054175821984928,0.0244756272008253,0.0315674563882482,0.0353969938627944,0.0008889204965301,0.0029032764834658,0.0040029178559211,0.0074493445157506,0.0062968568854979,0.2204615449521156,1.182524201599135,0.0028013558493861926,0.004596883314136857
516,2017-02-16,202.3300674218224,202.5109172755261,201.38279683374932,202.1320037841797,84722400.0,-0.0008516841384849,0.005368730664268,0.0177087854796779,0.0300569627147984,0.03825708653336,0.0025489234973969,0.0030815002558623,0.0038447426844323,0.0055811074973623,-0.0009789135157543,-0.0237757789868849,1.1403363371972708,0.002544899887484376,0.004617938559761761
517,2017-02-17,201.4688526018663,202.45057678222656,201.4516256821296,202.45057678222656,77204100.0,0.001574823431306,0.0055577793137537,0.0153450545139499,0.0247625380766058,0.0361641284039795,0.0026731058298145,0.0027844422103645,0.0038228836696604,0.0049342961426656,0.0048728335307507,-0.0887404039545621,1.0767994811552664,0.0025450880587700384,0.004630139547327575
518,2017-02-21,202.8209064325544,203.82846453736573,202.81228640155743,203.6562347412109,88946100.0,0.0059376571235515,0.005411016054337,0.0158549988792513,0.0324896714090827,0.0447075185236095,0.0027926522857022,0.0025296479156157,0.0037807989804956,0.0049896735894168,0.0041185513039518,0.1520903682576444,1.2286734821090322,0.0017746215169204252,0.005345421329205438
519,2017-02-22,203.2514596653464,203.69925444598172,203.0878367822995,203.4753570556641,62115200.0,-0.0008885466079851,0.0054416037505597,0.0109792439627909,0.0315573956147806,0.0374279850944864,0.0032501827036358,0.0026739613363338,0.0037094089998082,0.0030048732806253,0.0011015782651024,-0.3016534732832581,0.8783261644483163,0.006359913247252457,0.0053778424966211815
520,2017-02-23,203.9920878749946,204.0093016564428,202.8553475654405,203.61317443847656,74615900.0,0.0006770880406375,0.005451527606717,0.0064493378490249,0.0309249650498504,0.029486325813216,0.0028013558493861,0.0027293834825968,0.0033574799694404,0.0056673842160982,-0.001857490849107,0.2012502575859049,1.062467463527825,0.007625655106301772,0.005376879963830808
521,2017-02-24,202.7692193791813,203.9145533270004,202.72615864919567,203.8715057373047,82381600.0,0.0012679315125445,0.0055458783340684,0.0085689535000543,0.0262777389797324,0.031800398319985,0.0025448998874843,0.0025873143216938,0.0033055209505188,0.0058291357269708,0.0054361621625721,0.1040756728793728,1.1546217786618462,0.007636737547667229,0.0053648452998576925
522,2017-02-27,203.78536208765897,204.3623390138285,203.53563090539905,204.1901092529297,56515400.0,0.00156154643643,0.0055313455505597,0.0085556765051783,0.0239007310191284,0.0349328629026699,0.00254508805877,0.0025625819746613,0.0032209966659536,0.0040487176947704,0.0019861444469039,-0.3139803062819852,0.7938711306869932,0.007881251140136087,0.005346352192147477
523,2017-02-28,203.81122209260744,204.05234641691743,203.2514720126643,203.6389923095703,96961900.0,-0.0027026873595738,0.0056104689397551,-8.466797794691536e-05,0.0157703309013045,0.0384515827871038,0.0017746215169204,0.002772885605295,0.0028359461094146,0.00393281461065,-0.0008450456322707,0.7156721884654449,1.3457422512733015,0.007911618030379288,0.005590583398742983
524,2017-03-01,205.2924716725028,206.95452167564852,205.2752447479337,206.489486694336,149158200.0,0.01390071858273,0.0042614129301478,0.0147045972127681,0.0256838411755592,0.0524398287153715,0.0063599132472524,0.0047776861224525,0.0038556927264242,0.0081325057008866,0.005830778947134,0.5383176278517645,1.9700021422512972,0.0025021140856566395,0.004544413103126362
525,2017-03-02,206.29999552679604,206.30861555778915,205.1374345480576,205.1891021728516,70246000.0,-0.0063174956463165,0.0037790028100995,0.0077100135258141,0.0141593513748392,0.0457268077630874,0.0076256551063017,0.0054175821984928,0.0043235280851573,0.0057078129263656,-0.0053848442948713,-0.5290503639759665,0.9332392999682282,0.002015595474612284,0.004418210387000026
526,2017-03-03,205.1029468100965,205.4818601830229,204.72403343717016,205.3182373046875,81974300.0,0.0006291489758011,0.0038162322190065,0.0070712309890707,0.0156401844891252,0.0456971472039236,0.0076367375476672,0.005368730664268,0.0043241207787272,0.0036909860312512,0.0010496704115632,0.1669603963214987,1.0802154624923193,0.0028833278850422593,0.004438489113480089
527,2017-03-06,204.5260135674901,205.05992990327823,204.1040393774143,204.7068634033203,55391500.0,-0.0029821313543776,0.0037057934854622,0.0025275531982631,0.0110832297034416,0.0358457677800474,0.007881251140136,0.0055577793137537,0.0043354987437715,0.0046695577762852,0.0008842387952304,-0.3242821225676828,0.7422307900054945,0.0025720416028538885,0.004408295599638679
528,2017-03-07,204.40546264673017,204.75854230642355,203.88876006472563,204.095443725586,65103700.0,-0.0029912753571761,0.0055028535786221,0.0022389652006608,0.002154297222714,0.0346439686317967,0.0079116180303792,0.005411016054337,0.0043956657253229,0.0042616445806961,-0.0015166860862226,0.1753373712573229,0.8681177988904059,0.002837835252900522,0.004365560990173416
529,2017-03-08,204.38822766273705,204.64657894355068,203.57873311499068,203.71652221679688,78168800.0,-0.0018583153486372,0.0055864118188992,-0.0135200687307063,0.0011845284820619,0.0327419240968425,0.0025021140856566,0.0054416037505597,0.0044543038817584,0.0052418223958466,-0.0032864194460777,0.2006813744840923,1.0284561218320167,0.004550494603052621,0.004396268890548154
530,2017-03-09,203.83706442731705,204.30209931528373,203.01035617805067,203.974853515625,90683900.0,0.001267288683445,0.0055514254985625,-0.0059352844009448,0.0017747291248694,0.0326996941747197,0.0020155954746122,0.005451527606717,0.0044544773436748,0.006332854834648,0.0006759766124726,0.1601035195627922,1.1631830183609035,0.004899419587903244,0.004435895225467589
531,2017-03-10,204.9306994773639,204.97376020064905,203.7422918441906,204.6895751953125,81991700.0,0.0034978449710209,0.0053477453808875,-0.003066588405725,0.0040046425833458,0.0302823815630781,0.0028833278850422,0.0055458783340684,0.004364107180735,0.0060162729600831,-0.0011766137658552,-0.0958516340827865,1.04098367680279,0.004890739277820267,0.004358265070293611
532,2017-03-13,204.62933059248675,204.83601422355267,204.30209793532904,204.7929534912109,57256800.0,0.0005049216552724,0.0053156333601069,0.0004204646039249,0.0029480178021882,0.0268487488213165,0.0025720416028538,0.0055313455505597,0.0043311254119489,0.0026071028281084,0.000799606284448,-0.301675657414104,0.7310089201861151,0.004927301345825009,0.004359195190874503
533,2017-03-14,204.2504016582,204.3020824172589,203.3978596679268,204.00927734375,59880800.0,-0.0038340158068231,0.0058658453700734,-0.000422275845722,0.0018166893549389,0.0175870202562433,0.0028378352529005,0.005610468939755,0.0043663275689995,0.004432262890714,-0.0011805328777443,0.0458286177362339,0.7622237874671488,0.007627847889618967,0.004286021113023055
534,2017-03-15,204.57768905340063,206.1966781857777,204.34517158134187,205.7747039794922,96081800.0,0.0086164303082634,0.0050198531656507,0.0100524698111785,-0.0034675989195276,0.0222162422560314,0.0045504946030526,0.0042614129301478,0.0046530332302478,0.0089977366927489,0.005851150883707,0.6045510414022526,1.2038923536412645,0.005772313744954301,0.00384649977529855
535,2017-03-16,205.9124704103293,205.98997184571732,205.0427014191847,205.36993408203125,78344000.0,-0.0019689909134714,0.0051715181459795,0.0068161902142621,0.0008809058133174,0.0150402571881565,0.0048994195879032,0.0037790028100995,0.0045968833141368,0.004612507817986,-0.0026347910217234,-0.1846114456640071,0.9868592804092295,0.005829457887500304,0.004046932739504509
536,2017-03-17,205.63198195982773,205.82226287274787,205.00924682617188,205.00924682617188,89002100.0,-0.001757824789925,0.0051902726461211,0.0015605204533162,-0.0015060679524086,0.0141341165367164,0.0048907392778202,0.0038162322190065,0.0046179385597617,0.0039657530533993,-0.0030283963015904,0.1360423261513326,1.118100118855007,0.005897764225254288,0.004602749324501119
537,2017-03-20,205.00928004947667,205.2947014651116,204.3952023470911,204.784408569336,52537000.0,-0.0010973243554977,0.0052018491498472,-4.172555745381428e-05,0.0003787390464712,0.0114619687499127,0.004927301345825,0.0037057934854622,0.0046301395473275,0.0043924199322817,-0.0010968843951182,-0.4097105573913424,0.6703898353195542,0.005902616544331533,0.0046345236905824755
538,2017-03-21,205.389837855364,205.5109245264884,202.02534406755785,202.1550750732422,131809300.0,-0.0129226589808563,0.0028887067327813,-0.009130368731487,-0.0095526445772089,-0.007398347354495,0.0076278478896189,0.0055028535786221,0.0053454213292054,0.0172421120650455,-0.0157493808646935,1.5088851666444605,1.637158999214952,0.0035924802158387747,0.0036418988745139714
539,2017-03-22,202.1896387752357,202.91615865814032,201.5669036763305,202.6307373046875,97569200.0,0.0023501932915619,0.0030468523218819,-0.0153966057481885,-0.0053441359370098,-0.004159607454948,0.0057723137449543,0.0055864118188992,0.0053778424966211,0.0066586886064625,0.0021816079801306,-0.2597699858811176,1.185765904168499,0.0035500706828979697,0.0040473934249088475
540,2017-03-23,202.63076264780625,203.54756354767736,202.0426312016461,202.4145355224609,100410300.0,-0.0010675438883676,0.0031115625229368,-0.0144951587230847,-0.0076789685088224,-0.0059042393839531,0.0058294578875003,0.0055514254985625,0.0053768799638308,0.007434902548608,-0.0010670992031015,0.02911882028345,1.201462211398206,0.003415457229947854,0.004110502412518334
541,2017-03-24,202.7172579452155,203.28808752371825,201.4890894619878,202.2675018310547,112504900.0,-0.0007266628330614,0.0031267887887868,-0.0134639967662211,-0.0119034763129047,-0.007898833729559,0.0058977642252542,0.0053477453808875,0.0053648452998576,0.0088941527701918,-0.0022186375186781,0.1204517863207259,1.3223490289914457,0.003782049689339652,0.004760303333943689
542,2017-03-27,200.59822377562864,202.3193964563457,200.321459915953,202.05992126464844,87454500.0,-0.0010267944877679,0.0030763384536742,-0.0133934668984913,-0.013435192455945,-0.0104871746537569,0.0059026165443315,0.005315633360107,0.0053463521921474,0.0098878418237918,0.0072866920828507,-0.2226605241193939,1.0095578681520625,0.003917174324224313,0.0048732663736376644
543,2017-03-28,201.75723863446456,203.95410073492425,201.64479629003603,203.53030395507807,93483900.0,0.0072506142439766,0.0020890933332538,0.0067798063263415,-0.0023505624051453,-0.0005338730502065,0.0035924802158387,0.0058658453700734,0.0055905833987429,0.011346243778017,0.0087881125485954,0.0689432790765482,1.08133083508675,0.0022224119723179676,0.004658895211813722
544,2017-03-29,203.2448614008013,203.95407953685887,203.01997673531773,203.72055053710932,61950400.0,0.0009342968530169,0.0024421500189692,0.0053639098877965,-0.0100326958603918,-0.0135002947799196,0.0035500706828979,0.0050198531656507,0.0045444131031263,0.0045852163617188,0.0023404731269932,-0.3373147675696029,0.754643754717635,0.002537176062024187,0.004658637526707724
545,2017-03-30,203.6600596583567,204.5682164641233,203.4870805518916,204.3692779541016,56737900.0,0.0031793390481988,0.0026698888047597,0.0096107928243629,-0.0048843658987216,-0.0040034600854043,0.0034154572299478,0.0051715181459795,0.004418210387,0.0052901097613825,0.0034823631935227,-0.0841398925592086,0.696881627928571,0.002398521378582128,0.004659403602094513
546,2017-03-31,204.03193003110584,204.55952479613487,203.841649086508,203.8935546875,73733100.0,-0.0023304765649748,0.0042171444222021,0.0080069790924495,-0.0054570176737714,-0.0069630856261802,0.0037820496893396,0.0051902726461211,0.00443848911348,0.0035208357161027,-0.0006782043554886,0.2995387562810749,0.9102314702910124,0.002245340931771464,0.004637159036438673
547,2017-04-03,203.94541794497783,204.1443431959169,202.3107414799695,203.53890991210932,85546500.0,-0.0017408768116021,0.0042760771272909,0.0072928967686153,-0.0061005701298758,-0.0057218310834047,0.0039171743242243,0.0052018491498472,0.0044082955996386,0.0090086053656236,-0.001993219739696,0.1602184093710965,1.036769809385314,0.002152950296521891,0.004604482337921564
548,2017-04-04,203.2534725441906,203.7551209962921,202.8729107393236,203.6686248779297,56466200.0,0.0006370951376166,0.0042667513478414,0.0006793776622553,0.007459183988597,-0.002093460588612,0.0022224119723179,0.0028887067327813,0.0043655609901734,0.0043315962755542,0.0020425350108044,-0.3399355905852372,0.6879355433993551,0.002174568675107122,0.004624939883065666
549,2017-04-05,204.3432780515104,205.32062888253068,202.85563437139967,203.063217163086,108800600.0,-0.0029769400837071,0.0050298394597111,-0.0032318592744686,0.002132050613328,-0.0032120853236819,0.0025371760620241,0.003046852321882,0.0043962688905481,0.0121390498267901,-0.0062642671715471,0.9268270221831822,1.3012519876723798,0.0026423340466323396,0.004546892744910313
550,2017-04-06,203.20157900865607,204.15297031801487,202.7604672839268,203.634033203125,69135800.0,0.002807082734625,0.0050471279966255,-0.0036041155880424,0.0060066772363206,-0.0016722912725019,0.0023985213785821,0.0031115625229368,0.0044358952254675,0.0068382628001039,0.0021282029233173,-0.3645641660064375,0.8376559523226798,0.002880506850928101,0.004579247986886532
551,2017-04-07,203.3832655994939,204.11844323759587,202.942166935108,203.426513671875,74412300.0,-0.0010196004050059,0.0061663323824586,-0.0022932394280735,0.0057137396643761,-0.0061897366485287,0.0022453409317714,0.0031267887887868,0.0043582650702936,0.0057823155952286,0.0002126432194586,0.0763208062971716,0.9057453837443388,0.00591348887053918,0.004564409510818642
552,2017-04-10,203.5648482505755,204.34326055720865,203.0199517174591,203.54754638671875,67615300.0,0.0005947932818842,0.0063606544304258,4.243066541278746e-05,0.0073353274340282,-0.0060998650219169,0.0021529502965218,0.0030763384536743,0.0043591951908745,0.0065012271738977,-8.499435931810116e-05,-0.0913424259161456,0.8178564924955967,0.005959094373253105,0.004582932194714202
553,2017-04-11,203.16700087724368,203.4091742008586,201.8177457321159,203.30538940429688,88045300.0,-0.0011903908745128,0.0063381338494454,-0.0017850553467166,-0.0011056776844611,-0.0034562400896066,0.0021745686751071,0.0020890933332538,0.004286021113023,0.0078277731515417,0.000681156518803,0.3021505487663294,1.04713587994199,0.005964463219159359,0.0045610741962431684
554,2017-04-12,203.0286263653224,203.2189072914228,202.1896640631861,202.4145355224609,81864400.0,-0.0043914792386861,0.0060136098683099,-0.0031995945016956,-0.0064314537761641,-0.0164641496365561,0.0026423340466323,0.0024421500189692,0.0038464997752985,0.0050848286442477,-0.0030246515176461,-0.0702013622532946,0.9819272014359884,0.006929185305286105,0.0044434036286969125
555,2017-04-13,202.07726559264745,202.8124432573633,201.09991455078125,201.09991455078125,92880400.0,-0.0065158787876909,0.0054684346154018,-0.0125225560240115,-0.0161266716120538,-0.0210110375107756,0.0028805068509281,0.0026698888047597,0.0040469327395045,0.0085158102150739,-0.0048365215107194,0.1345639862992949,1.1044309392961569,0.006126878289738313,0.004125356473361337
556,2017-04-17,201.61881958860167,202.881591796875,201.41989433024537,202.881591796875,68405400.0,0.008820645350606,0.004983723403657,-0.0026823102683996,-0.004975549696473,-0.0104325673702446,0.0059134888705391,0.0042171444222021,0.0046027493245011,0.0072046825622951,0.0062631663594201,-0.2635109237255654,0.8234854436060229,0.006774056152210091,0.0038691225076847107
557,2017-04-18,202.14639206600955,202.8123752285135,201.59285121855888,202.276123046875,83225800.0,-0.0029888074620667,0.0047366309962244,-0.0062659110123505,-0.0062234803469376,-0.0123240504768136,0.0059590943732531,0.0042760771272909,0.0046345236905824,0.006029006249403,0.0006417674811781,0.2166554102453899,0.9837265591502388,0.006206116337703794,0.0037774923494181796
558,2017-04-19,202.8383692321788,203.21027359661804,201.67938167431168,201.90426635742188,68699900.0,-0.0018400536202187,0.0046830873405737,-0.0069155737580564,-0.0087006291047729,-0.001241445116176,0.0059644632191593,0.0042667513478414,0.0036418988745139,0.0075822663380291,-0.0046051586703879,-0.174536021281862,0.8434909994652358,0.0059410069744134705,0.00570076037343918
559,2017-04-20,202.51830324525685,203.98865813160543,202.1982913499118,203.54754638671875,92572200.0,0.0081059646325693,0.0041881096903839,0.0055818701131989,0.0023822756115034,0.0045143262248313,0.0069291853052861,0.0050298394597111,0.0040473934249088,0.0087958160806916,0.005082222816253,0.347486677564305,1.1400902653667295,0.005628787754313098,0.005483197911766915
560,2017-04-21,203.46972277708795,203.52161517502364,202.50102948907167,202.8988800048828,110389800.0,-0.0031918938902845,0.0039085955805269,0.0089058550106053,-0.003616701013406,0.0023899762229144,0.0061268782897383,0.0050471279966255,0.0041105024125183,0.0050300212890648,-0.0028055416030154,0.192472470136823,1.3512226941194228,0.005374559827620447,0.005584489778713175
561,2017-04-24,205.1390154286658,205.3379539088505,202.87295911968167,205.13037109375,119209900.0,0.0109380066785835,0.00243604313178,0.0110232163385828,0.0083409060701833,0.0140546457345593,0.00677405615221,0.0061663323824586,0.0047603033339436,0.0120167227116371,-4.213891198481571e-05,0.0798995921724652,1.4532213730631216,0.003074040779065758,0.0051609385250005095
562,2017-04-25,205.77038791146632,206.669886959925,205.68389178100875,206.3239288330078,76698300.0,0.0058016702576006,0.0018292430649683,0.0198136940582501,0.0135477830458997,0.0208831104799278,0.0062061163377037,0.0063606544304257,0.0048732663736376,0.0047788697340786,0.0026900902853896,-0.3566113217106968,0.9411565339982848,0.0017440737482417464,0.005027254219935758
563,2017-04-26,206.289323813536,207.17153418835883,206.1509484821072,206.19418334960932,84702500.0,-0.0006290414110073,0.001842329477057,0.0210247062674615,0.0141091325094052,0.0130034548249439,0.0059410069744134,0.0063381338494454,0.0046588952118137,0.0049496338338565,-0.0004611991651715,0.1043595490382447,1.0450054654516832,0.0018300045082215498,0.0050415819280005165
564,2017-04-27,206.5142356410269,206.66991285841107,205.83095043817428,206.36720275878903,57410300.0,0.0008387572135879,0.0020204476274326,0.0137574988484801,0.0193393689616792,0.0129079151855149,0.005628787754313,0.0060136098683099,0.0046586375267077,0.0040653864035623,-0.000711974560889,-0.322212449455447,0.7102809380880378,0.0018709221033427884,0.005132797325360546
565,2017-04-28,206.62663754839,206.65258374786688,205.7876752387527,205.9174194335937,63532800.0,-0.0021819077376429,0.0019555549447224,0.0147674850011217,0.0236733400117272,0.0075466683996732,0.0053745598276204,0.0054684346154018,0.0046594036020945,0.0042002687849004,-0.0034323653678494,0.1066446264868847,0.7827384758450875,0.001973108319021514,0.005094139380869473
566,2017-05-01,206.4363555908203,206.8601655092565,206.02120320380425,206.4363555908203,66882500.0,0.0025169476435711,0.0024781479035082,0.0063464259661093,0.0173696423046923,0.0123940926082191,0.0030740407790657,0.004983723403657,0.0046371590364386,0.0040640240090033,0.0,0.0527239473154024,0.827499625424421,0.0019432073178341765,0.005088825087190816
567,2017-05-02,206.57474266484968,206.69582932677105,206.1076978824263,206.5142059326172,57375700.0,0.0003770443727304,0.0025287043882113,0.0009218000812391,0.0207354941394894,0.0145120137925516,0.0017440737482417,0.0047366309962244,0.0046044823379215,0.0028478982435554,-0.000293050018853,-0.1421418158711173,0.722467826806774,0.002097290210264634,0.005092103353489554
568,2017-05-03,206.5142280989218,206.60936857189023,205.588769571187,206.26339721679688,73137700.0,-0.001215224589572,0.006386000155298,0.0003356169026744,0.0213603231701361,0.012659694065363,0.0018300045082215,0.0046830873405737,0.0046249398830656,0.0049480373855693,-0.0012145937083074,0.2747156025983126,0.9113749690108436,0.0018810329345458426,0.005329125382194657
569,2017-05-04,206.5660888673445,206.6439274612729,205.65793234581244,206.5055389404297,61462700.0,0.0011732556895552,0.0065607926276218,0.0006701153786417,0.014427614227122,0.0168098898386253,0.0018709221033427,0.0041881096903839,0.0045468927449103,0.004774666677318,-0.0002931261720973,-0.1596303958150174,0.7891675905958878,0.0023647691853384708,0.00535414694388524
570,2017-05-05,206.8774591703872,207.33585960395547,206.4363474040606,207.3185577392578,62001300.0,0.0039293016109763,0.0068118281089023,0.0067813247272609,0.0215488097283828,0.0179321087149766,0.0019731083190215,0.0039085955805269,0.0045792479868865,0.0043387924829487,0.0021321731745908,0.0087630383956447,0.799746150415553,0.0015216419315557106,0.005326903289221255
571,2017-05-08,207.36186571705548,207.5088986158291,206.8602170755255,207.28402709960932,48385700.0,-0.0001665722356347,0.0070441467491892,0.0040978048480551,0.0104442308141646,0.0187851368843478,0.0019432073178341,0.00243604313178,0.0045644095108186,0.0031294333161131,-0.0003753757576252,-0.2196018470580455,0.634775554626871,0.0031607704747033064,0.005401235183678024
572,2017-05-09,207.54341448674987,207.7423397129345,206.74768718710308,207.0936584472656,51363200.0,-0.0009188171678952,0.0070711284632276,0.0028019433074295,0.0037237433886688,0.0172715264345684,0.0020972902102646,0.0018292430649683,0.0045829321947142,0.0048029115584178,-0.0021670455822291,0.061536776361611,0.6810985318175592,0.003160413644726513,0.005392072808943226
573,2017-05-10,207.05048474320645,207.46563720703125,206.84290191256463,207.46563720703125,54293800.0,0.0017945749305093,0.0070861007316799,0.0058117428275108,0.0061473597301854,0.0202564922395905,0.0018810329345458,0.001842329477057,0.0045610741962431,0.0030016310308062,0.0020050784442243,0.0570564139305962,0.736439605090369,0.008670456378844763,0.005388226789198905
574,2017-05-11,207.01586288180903,207.2061438150764,205.96067341458388,207.04180908203125,62358300.0,-0.002044973022779,0.0071618524127944,0.0025935141151766,0.0032636294938185,0.0226029984554976,0.0023647691853384,0.0020204476274327,0.0044434036286969,0.006015550221545,0.0001253343577686,0.1485344551311567,0.8571657144710865,0.009309264049647614,0.005374830942315618
575,2017-05-12,206.7909717624924,207.0850374874704,206.4277117732625,206.69583129882807,53912700.0,-0.0016724505100812,0.0071161782755402,-0.0030082380058808,0.0037730867213802,0.0274464267331073,0.0015216419315557,0.0019555549447225,0.0041253564733613,0.0031801595130265,-0.000460080354831,-0.1354366620000866,0.7614677894846862,0.010103754414737548,0.005348759448242562
576,2017-05-15,207.11961833133617,207.9585805461808,207.10231646782097,207.8374938964844,61918900.0,0.0055081963971999,0.006964965802973,0.0026665306269537,0.006764335475009,0.0241339777797012,0.0031607704747033,0.0024781479035083,0.0038691225076847,0.0041198729945536,0.0034659950174291,0.1485030428822893,0.8785726346437901,0.01003887923787411,0.005322023435588792
577,2017-05-16,208.1316092876825,208.15755549042336,207.25805633467112,207.6472625732422,51241800.0,-0.0009157078981731,0.0069530978874148,0.0026696398966758,0.0054715832041055,0.0262070773435948,0.0031604136447265,0.0025287043882113,0.0037774923494181,0.0043318613720465,-0.0023271175200055,-0.172436848845829,0.7439555733004247,0.010115258490428866,0.005328862236810679
578,2017-05-17,207.6471815250714,207.6471815250714,203.90212708755263,203.96267700195312,172174100.0,-0.017903765868586,0.0030081260948975,-0.0170287009024194,-0.0112169580749084,0.0101433650952275,0.0086704563788447,0.006386000155298,0.0057007603734391,0.0183614693264832,-0.0177440622890102,2.3600322393046302,2.3250680171195044,0.001822688670429965,0.003099160960475982
579,2017-05-18,203.88489625385785,205.63201528405148,203.6254210398754,204.784408569336,107047700.0,0.0040207390018051,0.0029936716220343,-0.0109629888778353,-0.0083694747626585,0.0060581394644633,0.0093092640496476,0.0065607926276218,0.0054831979117669,0.0097985694233,0.0044118634190447,-0.3782589832036294,1.4315977462248906,0.0018529731592820732,0.0030629959429334477
580,2017-05-19,205.26874160827177,206.78233152544612,205.2168492084189,206.1163482666016,115011400.0,0.0064830465274659,0.0029514707849323,-0.0028074918402882,-0.0058157298461689,0.0157330798822137,0.0101037544147375,0.0068118281089023,0.0055844897787131,0.0075951390085874,0.0041292534444789,0.0743939384031604,1.5333613355133349,0.0021567056931667624,0.003240312155628337
581,2017-05-22,206.6266505483716,207.3272375706952,206.5574694770516,207.16290283203125,61010600.0,0.0050646472074939,0.0032509196131542,-0.0032510410299942,-0.0005845104030403,0.0098597204111241,0.0100388792378741,0.0070441467491892,0.0051609385250005,0.0037157622485514,0.0025952716275295,-0.4695256296332364,0.8462399491789431,0.00225243422053066,0.0036237714924539414
582,2017-05-23,207.5347959835881,207.78562684405628,207.15423412457204,207.6212921142578,48341700.0,0.0022102552335547,0.0032445018882729,-0.0001250778982664,0.0025445619984095,0.0062683053870782,0.0101152584904288,0.0070711284632276,0.0050272542199357,0.0030410788462715,0.0004167789322256,-0.2076508016639731,0.6839683540641275,0.00236413774211844,0.0036210395210930827
583,2017-05-24,207.8548189362901,208.2094213944331,207.51749194867847,208.1056365966797,46927700.0,0.0023301098298626,0.003243842654105,0.0201087978001821,0.0030800968977628,0.0092274566279481,0.0018226886704299,0.0070861007316799,0.0050415819280005,0.0033248952650697,0.0012066963935364,-0.0292501091190421,0.6821924790008014,0.0038892362499884908,0.003614374736780535
584,2017-05-25,208.6159188746887,209.377042546185,208.40834928970304,209.1002655029297,64071700.0,0.0047680571420431,0.0031051997035787,0.0208561159404201,0.0098931270625849,0.0131567565564033,0.001852973159282,0.0071618524127944,0.0051327973253605,0.0046326734887306,0.0023217146172431,0.3653279406406025,0.9269283852169912,0.0037068611846392896,0.0034890652079386177
585,2017-05-26,208.90999129615253,209.2213588810894,208.8321526992825,209.0570373535156,46629900.0,-0.0002067554447705,0.0031051529519632,0.0141663139681837,0.0113588221278956,0.0151319088492757,0.0021567056931667,0.0071161782755402,0.0050941393808694,0.001861722459736,0.0007038727848807,-0.272223150002263,0.6829472481070069,0.003791855523282203,0.003484865246716471
586,2017-05-30,208.73696245907712,209.1261685480688,208.5812853024617,208.87535095214844,35201900.0,-0.0008694536144912,0.0033114787107991,0.0082322131461986,0.0049811721162045,0.0117455075912134,0.0022524342205306,0.006964965802973,0.0050888250871908,0.0026086526874677,0.0006629802955882,-0.2450788013699364,0.5278166475930723,0.004320998593641292,0.00398037311935648
587,2017-05-31,209.1694902615477,209.2040939957279,208.13160259292343,208.8235321044922,91796000.0,-0.0002481158079374,0.0033780171399087,0.0057738421047065,0.0056487642064402,0.0111203474105456,0.0023641377421184,0.0069530978874148,0.0050921033534895,0.0051358742570632,-0.001653960893737,1.607700152548584,1.3417635224376607,0.00422027456548938,0.004426922992988669
588,2017-06-01,209.28195409990823,210.5014785046096,208.9965326521616,210.4841766357422,68962000.0,0.0079209286124834,0.0025095102090295,0.0113646608873273,0.0314734586875096,0.020256500612601,0.0038892362499884,0.0030081260948975,0.0053291253821946,0.0071499239349113,0.0057445112312934,-0.2487472221011808,1.0110891831476436,0.0024951986476270814,0.004564327347681633
589,2017-06-02,210.53604147612447,211.3404133048924,210.24197573118028,211.18472290039065,88666100.0,0.0033227345434037,0.0022550499462562,0.0099193382886879,0.0307754542291082,0.0224059794664495,0.0037068611846392,0.0029936716220344,0.0053541469438852,0.0052013117171841,0.0030810944279093,0.2857240219251182,1.2745640549795825,0.0019249229824740478,0.00451693763870776
590,2017-06-05,211.01178138227195,211.2972028434428,210.8301447442688,211.02908325195312,44698800.0,-0.0007372551689183,0.0034701055995831,0.0093888385645401,0.023555152532724,0.0177394226865549,0.0037918555232822,0.0029514707849323,0.0053269032892212,0.0022132404310184,8.19948041186967e-05,-0.4958749736370496,0.6506309251579678,0.0019317525363968956,0.004535657296891032
591,2017-06-06,210.466814497772,211.0203553658864,210.27653358709625,210.35438537597656,50375400.0,-0.0032023014796665,0.0040560348432573,0.0070559906993648,0.0152882038455636,0.0147036934425231,0.0043209985936412,0.0032509196131542,0.005401235183678,0.0035360412261463,-0.0005341893070587,0.1269966978979302,0.7321986125473354,0.002437477312694734,0.004506048384491929
592,2017-06-07,210.6917141693969,210.96847802447388,210.025730934513,210.7436065673828,54144300.0,0.0018486020341792,0.0040271509836054,0.0091527085414814,0.0149265506461881,0.0174711126445975,0.0042202745654893,0.0032445018882729,0.0053920728089432,0.0044734315091046,0.0002462953903549,0.0748162793744566,0.7853915999073967,0.002591608714630821,0.00494198526750274
593,2017-06-08,210.83875251651543,211.32309917359729,210.3198021282382,210.847396850586,65950700.0,0.0004923742891025,0.0040304757878924,0.0017241542181005,0.013088815105428,0.0161689120031907,0.002495198647627,0.003243842654105,0.0053882267891989,0.0047584037571498,4.0999740168077184e-05,0.2180543473643579,0.948629489463672,0.0028046009005483537,0.005173660422464198
594,2017-06-09,211.1155209949817,211.91123526293748,209.2646172592581,210.5273895263672,132256400.0,-0.0015188729657555,0.0040005652265376,-0.0031174532910586,0.0068018849976294,0.0166950120602142,0.001924922982474,0.0031051997035787,0.0053748309423156,0.0125713714003369,-0.0027858277110213,1.005382808673752,1.8113099430694144,0.0026752902094012735,0.005168723347798048
595,2017-06-12,210.2852513348736,210.53606904488532,209.6365698256655,210.4841766357422,86108100.0,-0.000205281252345,0.0039960508780129,-0.0025854793744853,0.0068033591900549,0.0181621813179504,0.0019317525363968,0.0031051529519632,0.0053487594482425,0.0042734766745744,0.0009459783774935,-0.3489305621504894,1.153850173851846,0.004390926708501272,0.005171404521484516
596,2017-06-13,211.0204234347444,211.5653201453973,210.67446522962285,211.513427734375,60067000.0,0.0048780046563599,0.0044771686360954,0.005494826761541,0.012550817460906,0.0175319895771104,0.0024374773126947,0.0033114787107991,0.0053220234355887,0.0042118125800183,0.002336287130914,-0.3024233492551804,0.8058988787222612,0.005465137385362944,0.00533129768524977
597,2017-06-14,211.78147826011883,211.79012259331708,210.423565693046,211.2452392578125,78602300.0,-0.0012687546511899,0.0054253741781011,0.0023774700761719,0.0115301786176535,0.0171789428240936,0.0025916087146308,0.0033780171399087,0.0053288622368106,0.0064690541906285,-0.0025320391882792,0.3085770889173755,1.035573545374646,0.005438452790323618,0.005331253211966158
598,2017-06-15,209.89600002888105,210.9598470447608,209.6192361562844,210.83876037597656,66464900.0,-0.0019260574096533,0.0061177410055306,-4.096162258380976e-05,0.0016831925955168,0.0331566512830263,0.0028046009005483,0.0025095102090296,0.0030991609604759,0.006358465047346,0.0044915593768618,-0.1544153288135334,0.941206141943984,0.005353085241310518,0.005390630730924392
599,2017-06-16,210.9978020676305,211.04994752534736,210.0069985855648,210.8848114013672,84553100.0,0.0002183943637752,0.0061614851537856,0.0016963057069468,-0.0014211475841116,0.0293543066449964,0.0026752902094012,0.0022550499462562,0.0030629959429334,0.0049455858525419,-0.0005355063662088,0.2721466518417992,1.2167314223219938,0.005371258733455494,0.005392469949038675
600,2017-06-19,211.7104855879904,212.7012891020136,211.61488115848744,212.6404571533203,65123800.0,0.0082906779761944,0.0054455227057719,0.0101922649354862,0.007606785561001,0.0311619380937249,0.0043909267085012,0.0034701055995831,0.0032403121556283,0.0051091309625186,0.0043926570889819,-0.2297881449645252,0.9720315438070786,0.003225166089921731,0.005079465577423688
601,2017-06-20,212.28412717005747,212.292813659966,211.18903265983133,211.20640563964844,56906400.0,-0.0067668637506132,0.0051257186613711,-0.0014526034714868,0.0040422232900543,0.0193304271356178,0.0054651373853629,0.0040560348432573,0.0036237714924539,0.0052260772905623,-0.0050767880989316,-0.1261812117843246,0.8519890209082139,0.0038054654715456975,0.0049269306464661405
602,2017-06-21,211.59749874860745,211.71047615166384,210.68491346435795,211.1542358398437,55977600.0,-0.0002470391175051,0.0058786780626268,-0.000430887937802,0.00194658213837,0.016873132784558,0.0054384527903236,0.0040271509836054,0.003621039521093,0.004856936367991,-0.0020948400211968,-0.0163215385264223,0.8333198733055345,0.006039499436522661,0.004921524865742402
603,2017-06-22,211.1629742389999,211.65836943369348,210.8848474012777,211.0586700439453,44148100.0,-0.0004526900821773,0.0063382520163867,0.0010424793896739,0.0010015177670902,0.0140903328725181,0.0053530852413105,0.0040304757878923,0.0036143747367805,0.0036649621276146,-0.0004939511551705,-0.211325601669239,0.6585806193683992,0.0073661125421438985,0.00492858481607524
604,2017-06-23,211.11946010978448,211.64092790155848,210.73704243872845,211.3106689453125,66986800.0,0.0011932633740484,0.0063352219990751,0.0020173483999471,0.0037136541068941,0.0105155391045234,0.0053712587334554,0.0040005652265376,0.0034890652079386,0.0042775192911057,0.0009056902448906,0.5173201111712622,0.9971095985798362,0.007427056183250911,0.00493339850706423
605,2017-06-26,211.97992043403343,212.3971106482016,211.2411709623493,211.4497528076172,56700500.0,0.0006579796034163,0.0063268470398764,-0.0056153499728309,0.0045769149626554,0.0113802741527102,0.0032251660899217,0.0039960508780129,0.0034848652467164,0.005466734628458,-0.0025010275753038,-0.1535571187159261,0.8377175220741053,0.007502343446974587,0.004947456556888878
606,2017-06-27,211.23247558101465,211.52798863761825,209.72889061406468,209.74627685546875,82247700.0,-0.0080888000844506,0.0061530727237488,-0.0069372863066683,-0.008389889778155,0.0041609276827508,0.0038054654715456,0.0044771686360954,0.0039803731193564,0.0085774968239044,-0.0070358439035379,0.4505639280076896,1.174349770406415,0.006362485421910335,0.004487725318619182
607,2017-06-28,210.76314106699724,211.82347628093936,210.52847323786168,211.6235809326172,70042600.0,0.0089105400567848,0.0055267656973,0.0022202928676215,0.0017894049298196,0.013319583547473,0.0060394994365226,0.005425374178101,0.0044269229929886,0.0061193702392269,0.004082496879027,-0.1483944231875177,1.0158590833560917,0.006010047683762698,0.004128483325195351
608,2017-06-29,211.77129021282053,211.82343566222565,208.5555259686431,209.7636108398437,106949700.0,-0.0088279008394826,0.0045968233936708,-0.0061549178896837,-0.0051124385000096,-0.0034292459044929,0.0073661125421438,0.0061177410055306,0.0045643273476816,0.0155790114429218,-0.0094804133787879,0.5269236150571224,1.5095545757028217,0.005828276054350706,0.003500273934971845
609,2017-06-30,210.57194686354703,210.94567811831607,209.96356102512635,210.1547698974609,86820700.0,0.0018630247624245,0.0046331471444213,-0.0054851565013076,-0.0034678081013603,-0.0048889556854721,0.0074270561832509,0.0061614851537856,0.0045169376387077,0.0046733038401598,-0.001981161176975,-0.1882099716034734,1.2270393941905764,0.005797085084965457,0.0035159516733799584
610,2017-07-03,211.09342148732745,211.52798468158704,210.5111083984375,210.5111083984375,39153800.0,0.0016941644406724,0.0046432116412037,-0.0044489716640515,-0.0100643216368823,-0.0024575360758814,0.0075023434469745,0.0054455227057719,0.004535657296891,0.0048305112774613,-0.0027585563054834,-0.5490269025704699,0.5555385686189197,0.005770916018256777,0.003523347584385617
611,2017-07-05,210.8761103287231,211.2063692920283,210.06781600456577,210.997787475586,54427600.0,0.0023092243043078,0.0048092494544053,0.0059490527247068,-0.0009882335819613,0.0030539897080928,0.0063624854219103,0.005125718661371,0.0045060483844919,0.0053960437267347,0.0005770077353627,0.3900975128850839,0.7700391070632875,0.006684775791076804,0.0035124611048647785
612,2017-07-06,210.2329548872856,210.35463203575168,208.88580650381545,209.06832885742188,65400800.0,-0.0091865166571487,0.0030090695170557,-0.0121480039892266,-0.0099277111216049,-0.007981128983235,0.0060100476837626,0.0058786780626268,0.0049419852675027,0.0070255764704463,-0.0055396930062086,0.2016109473869876,0.9179777282238064,0.003585306897365013,0.0026887685282794343
613,2017-07-07,209.64197067450192,210.57192896378987,209.0770305954212,210.42417907714844,57972300.0,0.0064642629627597,0.0028791839938688,0.0031441598130156,-0.0030107580766679,-0.0020092403095778,0.0058282760543507,0.0063382520163867,0.0051736604224641,0.0071042138547233,0.0037311631832587,-0.1135842375016819,0.8182918014140911,0.003247712002371174,0.002406368941891668
614,2017-07-10,210.42417841054788,211.023877706191,210.1199788872515,210.650146484375,36663300.0,0.0010732899880189,0.0029529224389067,0.00235442503861,-0.0031307314626974,0.0005829226441965,0.0057970850849654,0.006335221999075,0.005168723347798,0.004290995444461,0.0010738693411279,-0.3675720990887027,0.554950813850816,0.003447307719426217,0.0024125895554968357
615,2017-07-11,210.65013448651465,210.8065841147269,209.3290720753313,210.4936981201172,50354600.0,-0.0007429688143793,0.0028141896768605,-8.270821644160999e-05,-0.004531679880493,4.5235082162294136e-05,0.0057709160182567,0.0063268470398764,0.0051714045214845,0.007019269710167,-0.0007426359673531,0.3734333788829702,0.7833855905689925,0.0031759697247946642,0.0025112817832554303
616,2017-07-12,211.45848910877328,212.24069768736183,211.45848910877328,212.0755615234375,59610400.0,0.007486918446403,0.0021473003880637,0.0050949859256535,0.0110440386503605,0.0026541488722053,0.0066847757910768,0.0061530727237488,0.0053312976852497,0.0036883484969677,0.0029181728161634,0.1838124024418821,0.927711077754615,0.0024725497588342755,0.0020070183743091
617,2017-07-13,212.08417855598307,212.5448143799926,211.8581972569354,212.43182373046875,39471600.0,0.0016784739349534,0.0022638680977602,0.0159599765177556,0.0038119725285291,0.0056013774583486,0.003585306897365,0.0055267656973,0.0053312532119661,0.0032321763801659,0.0016391848597697,-0.3378403768469932,0.6335850850453576,0.0026228758063839407,0.003867098099838618
618,2017-07-14,212.43189530549745,213.77904401869972,212.3362908610297,213.42269897460932,60262700.0,0.0046535940303751,0.0019898129587415,0.014149307585371,0.0172934673983868,0.012181028898377,0.0032477120023711,0.0045968233936708,0.0053906307309243,0.00676007362198,0.0046641003117117,0.5267356783104815,0.9721561371543412,0.0024846134410782105,0.003722566638332545
619,2017-07-17,213.34439996234696,213.7268175953652,213.22272283018785,213.39654541015625,33531900.0,-0.0001225510087931,0.0020113084607282,0.012953466588559,0.0153078916271692,0.0118400835258087,0.0034473077194262,0.0046331471444213,0.0053924699490386,0.0023622442631787,0.000244419107408,-0.4435712306285646,0.5641525669464192,0.002499643843581306,0.0043617091493254
620,2017-07-18,212.98808618280643,213.5617127161728,212.64912746069257,213.5095672607422,42742500.0,0.0005294927848159,0.0020839720658785,0.0142259281877542,0.0141432199713127,0.0040788983344302,0.0031759697247946,0.0046432116412037,0.0050794655774236,0.0042742124729509,0.0024484049191755,0.2746817209880741,0.7329139358331427,0.0025449532465956575,0.004361591212114028
621,2017-07-19,213.8224585033008,214.6741985738077,213.81375875263905,214.6655120849609,51034300.0,0.0053994157451757,0.0012636928432321,0.0121384254865269,0.0172334114121806,0.0162451778302191,0.0024725497588342,0.0048092494544053,0.0049269306464661,0.0040082815949872,0.0039427737739115,0.193994268000234,0.8795229985019382,0.0012563939499214824,0.004204786039107903
622,2017-07-20,214.9175905723724,215.039267746642,214.213600259683,214.7611541748047,47135200.0,0.0004454408584273,0.0014237431484413,0.0109053924100008,0.0268653689277566,0.0169376578061515,0.0026228758063839,0.0030090695170558,0.0049215248657424,0.0038445848837585,-0.0007278901515278,-0.0764015573839554,0.8185630948656506,0.0013766994838623537,0.005473704118637404
623,2017-07-21,214.1874980587312,214.59598850082523,213.96151672202305,214.5699157714844,82340800.0,-0.0008908668827167,0.0015031750081323,0.005360931496909,0.0195102390822802,0.0164994810056121,0.0024846134410782,0.0028791839938689,0.0049285848160752,0.0029569465808892,0.0017854343330923,0.746906770311784,1.3840536847592024,0.0014314064763414735,0.005476246818382626
624,2017-07-24,214.4916752404168,214.6568113604609,214.0484255985733,214.51776123046875,46622300.0,-0.0002430950319378,0.0015770970371148,0.0052403874737643,0.0181938540623235,0.0150631225996259,0.0024996438435813,0.0029529224389067,0.0049333985070642,0.0028360624239128,0.0001216177272274,-0.4337885956901074,0.7973131427988022,0.0014536887249885116,0.005487039844019819
625,2017-07-25,215.2651984133604,215.3695025887488,214.81326227999904,215.0392303466797,54915600.0,0.002427940332031,0.0016439050506901,0.0071388350209794,0.0213647632087338,0.0168330833282406,0.0025449532465956,0.0028141896768605,0.0049474565568888,0.0025866922414714,-0.0010497194546364,0.1778826870403218,0.9405768808506018,0.00136834577856769,0.005999792449987099
626,2017-07-26,215.3260546559813,215.36081387501545,214.78720055915,215.0479278564453,47575400.0,4.044533579261301e-05,0.0016435287511659,0.0017798646115964,0.0139182900981234,0.0249623287484839,0.0012563939499214,0.0021473003880638,0.0044877253186191,0.002667374299223,-0.0012916541845358,-0.1336632942187647,0.8397920581140044,0.0013924474461080173,0.006040541505769768
627,2017-07-27,215.50859755944205,215.543356781788,213.5269770784798,214.8480529785156,70766600.0,-0.0009298756035988,0.0047835877906895,0.0004045481495703,0.0113099405595712,0.0151219130881003,0.0013766994838623,0.0022638680977602,0.0041284833251953,0.0093851430131872,-0.0030650497864441,0.4874620076762359,1.2483610835208154,0.0016180922604010074,0.00605292007562688
628,2017-07-28,214.36998121506053,214.72632615533809,213.91804511998137,214.5959625244141,50088400.0,-0.0011740318828851,0.0048701902918923,0.0001213831494019,0.005482314646311,0.0227757820446978,0.0014314064763414,0.0019898129587416,0.0035002739349718,0.0037665248956618,0.001054164897868,-0.2922028188439178,0.9302410235095332,0.0017159888196862996,0.006087757663715311
629,2017-07-31,214.9957873263703,215.09139175817583,214.2657243535732,214.4743194580078,65838700.0,-0.0005670076664514,0.0059932835039651,-0.0002025294851116,0.0050378579886527,0.0203457496158219,0.0014536887249885,0.0020113084607283,0.0035159516733799,0.0038497261895463,-0.0024254794703064,0.3144500523075202,1.2470527757700287,0.0017153585190525947,0.00608880859367641
630,2017-08-01,215.0739934319725,215.10875264770704,214.43083521545947,214.9523162841797,55050400.0,0.0022262104108141,0.0059380569601853,-0.0004042594063285,0.0067345756146509,0.0208777955859636,0.0013683457785676,0.0020839720658785,0.0035233475843856,0.0031538038015432,-0.0005657455178619,-0.1638595537275189,1.0272461773377892,0.0020512019473371466,0.006068572224812232
631,2017-08-02,215.0827133563077,215.1957040331856,214.1266690023028,215.056640625,47211200.0,0.0004852193945773,0.0059704226640066,4.05146524560902e-05,0.0018203792640525,0.0190537906762331,0.001392447446108,0.0012636928432322,0.0035124611048647,0.0049709463877791,-0.0001212218820417,-0.1424004185255692,0.8869375881208617,0.002030369592873359,0.006177990624335029
632,2017-08-03,214.9436516202599,214.96972435177045,214.3613385134965,214.63946533203125,40856000.0,-0.0019417230840954,0.0077418713841382,-0.0009713328280405,-0.0005667846784701,0.0262985842492864,0.001618092260401,0.0014237431484414,0.0026887685282794,0.0028344546858278,-0.0014151908462319,-0.1346121259362185,0.7856589171883271,0.006724965729538049,0.006319733425303837
633,2017-08-04,215.12615252230128,215.360807082466,214.6481303893106,215.03054809570312,60191800.0,0.0018203870851947,0.0076501601465558,0.0020230861400392,0.0021444692894412,0.0216547083717214,0.0017159888196862,0.0015031750081324,0.0024063689418916,0.0033143044068241,-0.0004444109908405,0.473267084393969,1.1550205576573376,0.0066697753849022596,0.006314576252362299
634,2017-08-07,215.10009986913207,215.43035888671875,214.99579568195315,215.43035888671875,31995000.0,0.0018575944969584,0.007598592471463,0.004447688303449,0.0042451588183374,0.0224390128806609,0.0017153585190525,0.0015770970371148,0.0024125895554968,0.0020171864681064,0.0015353736134367,-0.4684491907535578,0.6167143763359012,0.008686860727425269,0.006503325542604641
635,2017-08-08,215.11747386415053,216.3342588003273,214.5264742685518,214.9001922607422,61719400.0,-0.002463998397491,0.0085463358523829,-0.000242520504856,-0.0006467799111845,0.0207179832975492,0.0020512019473371,0.0016439050506902,0.0025112817832554,0.0084122052789142,-0.0010100602220048,0.9290326613533364,1.1767729604993593,0.008656407879369964,0.006536108154792359
636,2017-08-09,214.2135316120956,214.94359442375452,213.8571866938526,214.89144897460932,62632600.0,-4.068616182900964e-05,0.0085877854568287,-0.0007684260612623,-0.0007279114088061,0.0131903786893171,0.0020303695928733,0.001643528751166,0.0020070183743091,0.005055611729019,0.0031646803888249,0.0147959960725476,1.1907537616598909,0.008722102768159387,0.0065361121594593044
637,2017-08-10,214.05713457402004,214.187511490716,211.80610038765755,211.85824584960932,120479500.0,-0.0142156127663532,0.007295276424768,-0.0130423157435201,-0.0140136485715605,-0.0027037080119894,0.006724965729538,0.0047835877906895,0.0038670980998386,0.0112405872781033,-0.0102724383785971,0.9235909095263488,2.126752541482482,0.009326582960615521,0.005640525983527677
638,2017-08-11,212.0842378910968,212.7621554542752,211.84957003866828,212.171142578125,74869900.0,0.001475825939651,0.0073183270553916,-0.0133868768890638,-0.0113637907490244,-0.0058814761027135,0.0066697753849022,0.0048701902918923,0.0037225666383325,0.0043011759493677,0.0004097649494953,-0.3785673081312588,1.3048111380514509,0.009260317494053118,0.006070634982639063
639,2017-08-14,213.44871624550768,214.49166511117892,213.41395703010485,214.27438354492188,73291900.0,0.0098641345349358,0.0064859666910246,-0.0053803368510864,-0.0009326485476372,0.0041052094410153,0.0086868607274252,0.0059932835039651,0.0043617091493254,0.0050295703258815,0.0038682233087994,-0.0210765608074806,1.2345380393015584,0.007224745442353281,0.00573777833679576
640,2017-08-15,214.6568425349052,214.67422877685988,213.9441657565681,214.24835205078125,55242700.0,-0.0001214941099284,0.0065130196298961,-0.0030378325635238,-0.0032803530683797,0.003454222546271,0.0086564078793699,0.0059380569601853,0.004361591212114,0.0034075548927383,-0.0019029930716395,-0.2462645940410878,0.9208208606737284,0.009453212609886626,0.005734784077498014
641,2017-08-16,214.76982020562247,215.16962417546023,214.196193612218,214.6220703125,56715500.0,0.0017428031257204,0.0067017165834583,-0.0012543432759744,-0.0020227693372366,-0.0002023900731842,0.0087221027681593,0.0059704226640066,0.0042047860391079,0.0045355566732949,-0.0006879453220243,0.026660536143237,0.9409153035211058,0.009385400054564645,0.005734289165821641
642,2017-08-17,214.01364977380297,214.32653575018128,211.27589416503903,211.27589416503903,128490400.0,-0.015713834207742,0.0042493771462356,-0.0027525647173632,-0.0157948804608832,-0.0163616651393535,0.0093265829606155,0.0077418713841382,0.0054737041186374,0.014439137021279,-0.0127924345557283,1.265525297317312,1.9969071270122385,0.0056322974221028,0.0042517547751286635
643,2017-08-18,211.1107557782028,212.2319360405409,210.502370070096,210.9456329345703,136748000.0,-0.0015643981968072,0.004089218594943,-0.0057927888538214,-0.0191796657428852,-0.017035196453444,0.0092603174940531,0.0076501601465558,0.0054762468183826,0.0081991077339883,-0.0007821621547599,0.0642662798154569,2.039034779135754,0.0055020048610323466,0.00419202372285318
644,2017-08-21,210.88482598104892,211.3715346358088,210.18083572957025,211.1107940673828,65469700.0,0.0007826495732637,0.0050429030380182,-0.0148742738154935,-0.0202546106665798,-0.0160094518482425,0.0072247454423532,0.007598592471463,0.0054870398440198,0.0056401611840771,0.0010715236873143,-0.5212383362096704,0.9626844476637004,0.005536696884686257,0.004189873993204702
645,2017-08-22,211.6931125941719,213.47481101197403,211.6757263537684,213.31837463378903,63140100.0,0.0104026802919453,0.0040203007033501,-0.0043500994136198,-0.0073879319771435,-0.0080347118883282,0.0094532126098866,0.0085463358523829,0.005999792449987,0.0084338007042019,0.0076774441062371,-0.0355828726876708,0.9228491174776003,0.0024466429732992127,0.0036577396590028203
646,2017-08-23,212.35363249443407,212.97940449734372,212.2058826134437,212.55352783203125,50203800.0,-0.0035919139988203,0.0037602777857646,-0.0096848165381605,-0.0109391598141348,-0.0116670712229411,0.0093854000545646,0.0085877854568287,0.0060405415057697,0.0036391862877539,0.0009413323202861,-0.2048824756375108,0.7323667601846708,0.002624391273895564,0.0036005276916516457
647,2017-08-24,212.9359334749582,213.09236983592203,211.8495256511064,212.05812072753903,50741700.0,-0.0023334608504753,0.0036648751467958,0.0036955568191061,0.000942992101743,-0.0130706564698176,0.0056322974221028,0.007295276424768,0.0060529200756268,0.0058608657878869,-0.0041224265585141,0.010714328397452,0.7511854201482527,0.002474807769433723,0.0035122023952706876
648,2017-08-25,212.84902759401217,213.4661131080924,212.4057779510408,212.55352783203125,64445900.0,0.0023334608504752,0.0047570905452752,0.0075934158663885,0.0018006270125672,-0.0095631637364573,0.0055020048610323,0.0073183270553916,0.0060877576637153,0.0049885559080888,-0.0013883068450965,0.2700776678747461,0.944031139042734,0.002555614270341956,0.0035836371422801098
649,2017-08-28,213.08370846040347,213.10978119030355,212.1450503985529,212.562240600586,40565600.0,4.099009824097458e-05,0.0047300857276595,0.0068517563913658,-0.0080225174241276,-0.0089551659717649,0.0055366968846862,0.0064859666910247,0.0060888085936764,0.0045385802719468,-0.0024472441538833,-0.3705480100363251,0.6054291106577155,0.005152603097400558,0.00357682396832693
650,2017-08-29,211.24984420711985,213.0663150587926,211.1368535401398,212.8055877685547,51135700.0,0.0011441730111537,0.0047514272270346,-0.0024067508894257,-0.0067568503030455,-0.0100372033714253,0.0024466429732992,0.0065130196298961,0.0060685722248122,0.009066780336385,0.0073644719941639,0.2605680675251938,0.7654206155852382,0.005243499095831499,0.003628334704302051
651,2017-08-30,212.78818857668327,214.08319150724105,212.60566622281107,213.81375122070312,62030800.0,0.0047262992400885,0.0047151742280749,0.005911462349483,-0.0037733541886774,-0.0057961235259141,0.0026243912738955,0.0067017165834583,0.006177990624335,0.0069103379740288,0.0048196408404044,0.2130624984110904,0.9183177074774644,0.0049779781101176954,0.0035375268188700864
652,2017-08-31,214.4308666144872,215.34345198746985,213.84855351750988,215.10009765625,103803900.0,0.0059981756038213,0.0044605592064943,0.0142430988037796,0.0179386556228858,0.0021437751620025,0.0024748077694337,0.0042493771462356,0.0063197334253038,0.0069497805265944,0.0031209641239102,0.673425137189912,1.468319959228069,0.004007689526713102,0.0033979789412311506
653,2017-09-01,215.4737980552117,215.8301430332035,215.2565164727993,215.40426635742188,62007000.0,0.0014130809218735,0.0044703640322957,0.0133227188751779,0.0209161347415665,0.0017364689986813,0.0025556142703419,0.004089218594943,0.0063145762523622,0.0026630232079636,-0.0003226921250629,-0.4026525014956085,0.8759726701951666,0.006546847973337342,0.003478367549344003
654,2017-09-05,214.90018779183964,215.1261691422476,212.89250793998733,213.85723876953125,91398800.0,-0.0072078873470698,0.0033604487845712,0.0060738414298671,0.012925597821233,-0.0073290128453468,0.0051526030974005,0.0050429030380182,0.0065033255426046,0.0104446368760396,-0.0048531787385808,0.474007773315916,1.2391941092222944,0.0046136534157891745,0.0028723922879718734
655,2017-09-06,214.5351348168156,214.91755251446293,214.00496723813447,214.5872802734375,57916900.0,0.0034078727956226,0.0033640038963558,0.008337541214336,0.0059307903249103,-0.0014571416522332,0.0052434990958314,0.0040203007033501,0.0065361081547923,0.0042527463657938,0.0002430625485491,-0.3663275666638949,0.7872725255999604,0.004766666171182789,0.002842026718546649
656,2017-09-07,214.89150580151696,214.9088920431008,214.1527430450965,214.5612335205078,58034700.0,-0.0001213880608901,0.0036121337472498,0.0034898539133574,0.0094013162628405,-0.0015378435512943,0.0049779781101176,0.0037602777857646,0.0065361121594593,0.0035241641073618,-0.0015369257141052,0.002033948640207,0.7913467520491978,0.0047960562560607775,0.0029775678465535855
657,2017-09-08,214.27443161654423,214.7698400644243,214.06584975370407,214.3092041015625,63832800.0,-0.0011753174191949,0.0035235698775368,-0.0036836391096587,0.0105594596941209,0.0115024517958639,0.0040076895267131,0.0036648751467958,0.0056405259835276,0.0032849280257072,0.0001622801411999,0.0999074691520762,0.9053746942207348,0.0044187405893324405,0.002975700053425498
658,2017-09-11,215.5781116376964,216.67321941576003,215.56073865778384,216.59500122070312,71364800.0,0.0106094047426004,0.0017973260029566,0.0055126847110681,0.0188354035862461,0.0206360305988133,0.0065468479733373,0.0047570905452752,0.006070634982639,0.0051362254516788,0.0047170353951134,0.1179957639332756,1.014727416635249,0.0014311626333184898,0.002237280067349222
659,2017-09-12,216.95998078899893,217.3597714203524,216.777458449076,217.32501220703125,56896000.0,0.0033647292241275,0.0014706667794992,0.0160853012822654,0.0221591427121327,0.014136625288005,0.0046136534157891,0.0047300857276596,0.0057377783367957,0.0026794567517227,0.0016824827173418,-0.2027442100307154,0.8185386575942997,0.000917792334241243,0.002205663870182786
660,2017-09-13,217.038217112884,217.4640937671046,216.92522645196908,217.4293212890625,59228000.0,0.0004798529928106,0.0018989957840504,0.0131572814794534,0.0214948226937896,0.014737972390744,0.0047666661711827,0.0047514272270346,0.005734784077498,0.0024783562398151,0.0018020060309243,0.0409870641169853,0.849652420461463,0.0009337983203785979,0.002201614396263005
661,2017-09-14,217.1077462026888,217.5596955791121,216.93392360000743,217.3597869873047,95446300.0,-0.0003198530093188,0.0018915672924376,0.0129588165310247,0.0164486704443823,0.0126753162557048,0.0047960562560607,0.004715174228075,0.0057342891658216,0.0028789684963263,0.0011609018518417,0.6115063821165665,1.3322107620980628,0.0018527478661009896,0.0022592210801432116
662,2017-09-15,217.2156545514275,217.73971021423145,217.1108460843923,217.65237426757807,95432400.0,0.0013451914702802,0.0020988448454169,0.0154793254204998,0.0117956863108412,0.029734341933727,0.0044187405893324,0.0044605592064943,0.0042517547751286,0.0028893051681854,0.0020105351847335,-0.0001456316274177,1.363473001148915,0.0017806336205217256,0.002258816809414158
663,2017-09-18,218.0192317918697,218.4646811341499,217.7309951606429,218.1153106689453,46235200.0,0.0021246943797057,0.002352147862086,0.0069946150576051,0.0125072997686734,0.0334234345102399,0.0014311626333184,0.0044703640322958,0.0041920237228531,0.0033637527382046,0.0004406899166003,-0.5155188384657621,0.7062420698951318,0.001624154248981181,0.00224760815779786
664,2017-09-19,218.35989657938688,218.42104374769173,218.01052607591205,218.3336944580078,47108100.0,0.0010007300038372,0.0023776113685793,0.0046306158373148,0.0207159171195804,0.0336415149408134,0.0009177923342412,0.0033604487845713,0.0041898739932047,0.0018802305012918,-0.0001199951171873,0.0188795549711042,0.7298102161284338,0.0015310667656626483,0.0022492909699879226
665,2017-09-20,218.4210354056815,218.52584388719492,217.41657192320085,218.41229248046875,59574100.0,0.0003599255661644,0.0023614259563914,0.0045106884106686,0.0176679698901222,0.0235987602150325,0.0009337983203785,0.0033640038963559,0.0036577396590028,0.0050787982278666,-4.002785352841588e-05,0.264625404123707,0.9254929984989154,0.0025931052112717137,0.0022429954286599927
666,2017-09-21,218.25507757696303,218.3424135348081,217.6524021590237,217.8270874023437,48211400.0,-0.0026829555338167,0.0023414081622144,0.0021475858861707,0.0151064024171956,0.0245077186800361,0.0018527478661009,0.0036121337472498,0.0036005276916516,0.0031677023459891,-0.0019609631966907,-0.1907322141668946,0.7501325841457135,0.0021321636197231667,0.002069974223720257
667,2017-09-22,217.530162878528,218.0367595106628,217.50396075338588,217.8708038330078,51214000.0,0.0002006731347118,0.0024949744259839,0.0010030675506023,0.0164823929711023,0.0270418526652232,0.0017806336205217,0.0035235698775368,0.0035122023952706,0.0024454802933819,0.0015659481424194,0.0622798757140428,0.7965580678295309,0.002407531956269079,0.002225529165524026
668,2017-09-25,217.6174507290532,217.96683453307224,216.6828773745145,217.42529296875,57064400.0,-0.0020469332166598,0.0024268220177037,-0.0031685600457631,0.0038260550118421,0.0226614585980882,0.0016241542489811,0.0017973260029567,0.0035836371422801,0.0059052796527324,-0.0008830071286077,0.1142343890342485,0.8926767278771568,0.0016859266928432848,0.002411984960059737
669,2017-09-26,217.85330171224217,218.0978637321004,217.32050302734456,217.55633544921875,54082000.0,0.0006025196278276,0.0023817880269504,-0.0035667704217727,0.0010638454155422,0.0232229881276748,0.0015310667656626,0.0014706667794993,0.0035768239683269,0.0035731467123249,-0.0013631478645922,-0.0522637581399261,0.8371714527351917,0.0013036797728761167,0.00240514313147824
670,2017-09-27,218.25505083053952,218.7878494203321,217.3728684692929,218.40353393554688,81001400.0,0.0038865942132605,0.0023111140006427,-4.010177467661047e-05,0.0044705866359921,0.0259654093297816,0.0025931052112717,0.0018989957840504,0.003628334704302,0.0064787456756848,0.0006803192157172,0.4977515624422173,1.22554567991267,0.0014063471634909988,0.002730876872177177
671,2017-09-28,218.1240163736612,218.74416420824468,218.0366804307409,218.66555786132807,44778800.0,0.0011990047435966,0.0025543804818412,0.0038418585027366,0.0059894443889075,0.0224381148332897,0.0021321636197231,0.0018915672924376,0.00353752681887,0.0032354605106692,0.0024827228870532,-0.4471848634714955,0.6864592363664516,0.0018478193872970272,0.0027312449331428784
672,2017-09-29,218.65687388117044,219.5128543148782,218.47345902225527,219.43423461914065,85578000.0,0.0035091436234485,0.0024755358345443,0.0071503289914733,0.0081533965420758,0.0199490828529169,0.002407531956269,0.002098844845417,0.0033979789412311,0.0047367052567114,0.0035551625895496,0.911127587161782,1.3304984565126492,0.002741411112395736,0.003120398523202004
673,2017-10-02,219.66131981077567,220.3862762451172,219.4866212366173,220.3862762451172,59023000.0,0.0043292347192145,0.0022632172555833,0.0135264969273476,0.0103579368815846,0.0228652366502579,0.0016859266928432,0.0023521478620861,0.003478367549344,0.0040821734630121,0.0033003372417409,-0.3103017130570941,0.9197760579127148,0.0030254263066360285,0.003223819241774467
674,2017-10-03,220.3862739216219,220.8841275353606,220.30765423302748,220.85792541503903,66810200.0,0.0021378155124852,0.0022403970481824,0.0150617928120052,0.0114950223902326,0.032210939509813,0.0013036797728761,0.0023776113685794,0.0028723922879718,0.0026101544748724,0.0021401128347261,0.1319350083865611,1.0614629031265082,0.0030682054833975026,0.003214401293534736
675,2017-10-04,220.7094773966804,221.3645571641749,220.59592597213907,221.1199951171875,55953600.0,0.0011858951349709,0.0022397222066781,0.0123610937337156,0.0123209919590391,0.0299889618491612,0.0014063471634909,0.0023614259563915,0.0028420267185466,0.0034760818062992,0.0018599913576401,-0.162499139352973,0.890364725303158,0.0030667088419462996,0.0032153074749031916
676,2017-10-05,221.4518837893815,222.44760446083976,221.15491750595024,222.43014526367188,63522800.0,0.005907579944202,0.0014331442371545,0.017069668934321,0.0209115274370578,0.0360179298542533,0.001847819387297,0.0023414081622145,0.0029775678465535,0.0058116536018854,0.0044174899646407,0.1352763718509622,1.0064155370274328,0.0019785668232144577,0.002986938107278654
677,2017-10-06,221.9846458307206,222.465040226087,221.7226246401837,222.1768035888672,80646000.0,-0.0011396209747831,0.0019482246029619,0.0124209043360894,0.0195712333275629,0.0360536262986651,0.0027414111123957,0.0024949744259839,0.0029757000534254,0.0033415530960519,0.0008656353570197,0.2695599060494815,1.2609108793550194,0.001923839936622844,0.0030193061427897195
678,2017-10-09,222.4039128546295,222.46504669165515,221.5479325152339,221.8099670410156,35803100.0,-0.0016524664949191,0.0023786689405061,0.0064392031219558,0.0199657000493036,0.0237917550611456,0.003025426306636,0.0024268220177037,0.0022372800673492,0.0041346842464101,-0.0026705726800865,-0.556046177119758,0.5757936096946242,0.0015287400524329183,0.002967072974424958
679,2017-10-10,222.3777281817695,222.7707733374642,221.83618656529865,222.3951873779297,43057400.0,0.002634911682943,0.0023207789223429,0.0069362992924136,0.021998092104419,0.0230619375199611,0.0030682054833975,0.0023817880269505,0.0022056638701827,0.0042023695889486,7.8511442233631e-05,0.2026165332052252,0.700251152613716,0.001247025400077572,0.0029613123164119013
680,2017-10-11,222.29908992244185,222.7445526123047,222.13314760699532,222.7445526123047,47674300.0,0.0015696882337069,0.0029113619119594,0.0073200923911496,0.0196811861248654,0.0241517727608574,0.0030667088419462,0.0023111140006427,0.002201614396263,0.0027448707415687,0.0020038889498749,0.1072266323558783,0.7826901047555996,0.0011652912795597605,0.0029632534529523483
681,2017-10-12,222.43008543513864,222.77945587136392,222.1767805403917,222.41261291503903,47065100.0,-0.0014913373724729,0.0028745058174414,-7.882492552521063e-05,0.0169908440087959,0.0229802883977033,0.0019785668232144,0.0025543804818412,0.0022592210801432,0.0027097174169814,-7.85528633207186e-05,-0.0127783732535139,0.8046448931742785,0.00042540867315109775,0.003086469303714997
682,2017-10-13,222.8493815616408,222.96293297578225,222.412661756642,222.6834259033203,54800400.0,0.0012168745532679,0.0037870193997304,0.0022776706025257,0.0146985749386153,0.022851971480691,0.0019238399366228,0.0024755358345444,0.0022588168094141,0.0024710919409833,-0.0007446987609187,0.1643532043913642,0.9706029020637824,0.0019724598082091938,0.0030915913708674664
683,2017-10-16,222.91054426948924,223.17256550864792,222.56990333095123,222.9804077148437,38221700.0,0.0013327617503621,0.0040766007644914,0.0052628988478069,0.0117021019697629,0.0220600388513474,0.0015287400524329,0.0022632172555833,0.0022476081577978,0.0027027584345768,0.0003134147179239,-0.3025288136582944,0.6818060599552368,0.0032074767078833647,0.003087956245527341
684,2017-10-17,222.9279734690156,223.18127840295892,222.70961358067885,223.1376037597656,31561000.0,0.0007047285578456,0.004088614625249,0.0033327157227095,0.0102690150151233,0.0217640374053558,0.0012470254000775,0.0022403970481825,0.0022492909699879,0.002113784563125,0.0009403498694574,-0.1742648809445942,0.5709077625167697,0.0032468562490521524,0.0031557054917333966
685,2017-10-18,223.5131544794035,223.5568291183193,223.16378402333427,223.3559417724609,40888300.0,0.0009780120330229,0.0040930611984969,0.0027410395220255,0.0100611319131753,0.0223821238722143,0.0011652912795597,0.0022397222066781,0.0022429954286599,0.0017597252701942,-0.0007033711609,0.2955324609486391,0.7523444581841285,0.0041501703437351045,0.0033788764157303584
686,2017-10-19,222.57863488865067,223.4520745672181,222.1593875746752,223.4171295166016,61903800.0,0.0002739097248929,0.004091929651275,0.0045062866193913,0.0044274616938662,0.0253389891309239,0.000425408673151,0.0014331442371546,0.0020699742237202,0.0057859797739762,0.0037671838016725,0.5139734349434923,1.1248596623829226,0.004212095239229924,0.0038583144373746793
687,2017-10-20,224.21196630472969,224.59628187884428,223.3996605089635,224.570053100586,89176400.0,0.0051471389097274,0.0039090560347148,0.0084365509758508,0.0107142215783767,0.0302854549059395,0.0019724598082091,0.001948224602962,0.002225529165524,0.0053284992961407,0.0015970904754012,0.4405642303057324,1.5664058256207978,0.0052388759442481775,0.0037741706676292083
688,2017-10-23,224.89322883296725,224.9194309537116,223.61798787604812,223.69659423828125,63915300.0,-0.0038970553483182,0.0035917872543237,0.0032067338771705,0.0084696327249776,0.0284353327742811,0.0032074767078833,0.0023786689405061,0.0024119849600597,0.0058178940188833,-0.0053209009488443,-0.2832711345154098,1.1159735813286265,0.005204946891056273,0.003664639720875641
689,2017-10-24,224.1246056918486,224.32547973958583,223.7315472114965,224.08966064453125,66935900.0,0.0017555988059953,0.0036228577792302,0.0042576041253202,0.0075903198480299,0.0295884119524488,0.0032468562490521,0.0023207789223429,0.0024051431314782,0.0026504236133923,-0.0001559179422065,0.0472594198885087,1.1557445654965632,0.005193704611334616,0.003902874951185972
690,2017-10-25,223.75776848882185,223.8713199108784,221.85367640356623,222.9804077148437,103715300.0,-0.004962332683166,0.0030007108934242,-0.0016827405908686,0.001058298931157,0.0207394850560223,0.0041501703437351,0.0029113619119594,0.0027308768721771,0.0090485237155563,-0.0034741174763591,0.5494719574996376,1.7563527577274896,0.004223414668919098,0.003694437715992269
691,2017-10-26,223.5917974221529,223.86254822529017,223.1463347175475,223.26861572265625,69798000.0,0.0012916915567211,0.0034121190528014,-0.0006649587590404,0.003841327860351,0.0208321718691468,0.0042120952392299,0.0028745058174414,0.0027312449331428,0.0032078557276153,-0.0014454094614502,-0.32702311038005,1.1574648339504443,0.004265229996249292,0.0037075205960361702
692,2017-10-27,224.01104443028,225.2513403305325,223.2773584004407,225.09410095214844,85562500.0,0.0081429398499573,0.0023144064208557,0.0023308421811894,0.0107673931570404,0.0254659680956556,0.0052388759442481,0.0037870193997304,0.003120398523202,0.0087695853500463,0.0048348353744027,0.2258589071320096,1.4189068120047352,0.002632223256572905,0.003302746691410023
693,2017-10-30,224.01102273054096,224.998013599978,223.95861849457592,224.25558471679688,54285700.0,-0.0037321366205022,0.0018736945650386,0.0024957609090054,0.0057024947861761,0.0174045967559389,0.0052049468910562,0.0040766007644914,0.0032238192417744,0.0046348683209593,0.0010917408584402,-0.3655433162892623,0.9037849763688708,0.0010665396379936963,0.003784988018599681
694,2017-10-31,224.6312131108216,224.85831595994023,224.308044690315,224.60501098632807,60304800.0,0.0015569481636967,0.0020503361617678,0.0022971102667068,0.0065547143920272,0.0168237294071504,0.0051937046113346,0.0040886146252489,0.0032144012935347,0.0024499509926727,-0.0001166450740777,0.1108781870732071,1.0094615679356245,0.001494502790742697,0.003804503101145786
695,2017-11-01,225.3823700709588,225.7229976666513,224.5351325618353,224.90196228027344,54202700.0,0.0013212312813976,0.0025843175931684,0.0085806742312704,0.0068979336404019,0.0169590655535771,0.004223414668919,0.0040930611984969,0.0032153074749031,0.0052817018258635,-0.002131523377512,-0.1011876334885448,0.9086481137899342,0.001512973615218075,0.0041719295934299575
696,2017-11-02,224.83209085797367,225.12905712363732,223.7664934787048,224.9893035888672,56449500.0,0.0003882774186437,0.003825262168588,0.007677260093193,0.0070123013341527,0.0114397630280188,0.0042652299962492,0.004091929651275,0.0029869381072786,0.0060561263277762,0.0006992450690361,0.0414518095962008,0.9519571873488576,0.0026957365864993285,0.004240495531811153
697,2017-11-03,225.14650410247785,225.7841245724056,224.73598644613577,225.740463256836,59589700.0,0.003333085225944,0.0038052017307917,0.0028674054691797,0.0051982476503693,0.0159124692287459,0.0026322232565729,0.0039090560347148,0.0030193061427897,0.0046431114349106,0.0026381007190223,0.0556284820946155,1.0230773872920238,0.002160901213506993,0.004248456989499316
698,2017-11-06,225.60942075481384,226.2208390901341,225.53955732047456,226.0898284912109,49652600.0,0.0015464448062953,0.0038137408735336,0.0081459868959772,0.0106417478049828,0.0191113805299603,0.0010665396379936,0.0035917872543237,0.0029670729744249,0.003013323395422,0.0021293779966713,-0.1667586848062668,0.8424544971140869,0.002045132422267933,0.004373461622608718
699,2017-11-07,226.1946689399576,226.52658027431363,225.4260377772938,225.93264770507807,57502200.0,-0.0006954556498633,0.0043564714999106,0.0058935830824172,0.0081906933491242,0.015781013197154,0.0014945027907426,0.0036228577792302,0.0029613123164119,0.0048711087494376,-0.001158388197686,0.1580904121838533,0.963827512652476,0.00222546237820896,0.004361659185999173
700,2017-11-08,225.7579375579384,226.41301726687485,225.4784304848628,226.31692504882807,50469600.0,0.0016994043085191,0.0043546630054138,0.0062717561095387,0.0148524303408093,0.0159107292719662,0.001512973615218,0.0030007108934243,0.0029632534529523,0.0041295487812518,0.0024760480049398,-0.1223014075983179,0.8439728913156809,0.002413338447687957,0.0043880087126678645
701,2017-11-09,225.1116255581351,225.68809896409653,223.91499076764973,225.49594116210932,95085500.0,-0.0036341806606049,0.0041670128506877,0.0022492980302901,0.0099265581234833,0.0137678859838342,0.0026957365864993,0.0034121190528014,0.0030864693037149,0.0078631490540759,0.0017072223747724,0.8840153280390572,1.528680104972513,0.005064580020518439,0.004358213949803622
702,2017-11-10,225.11158468854052,225.6007087038398,224.79713258998552,225.426010131836,59984700.0,-0.0003101691130068,0.0041732626461052,-0.0013939563086606,0.0014734491605192,0.0122408423175595,0.0021609012135069,0.0023144064208557,0.0030915913708674,0.0035647000689243,0.0013967537198516,-0.369149870379816,0.9603658390150792,0.005282348789949682,0.0043527779520158225
703,2017-11-13,224.7447365986796,225.86273819686548,224.70979155194425,225.63563537597656,50228600.0,0.0009294749900373,0.0051015303585988,-0.0020109261249186,0.0061350607710587,0.0118375555572347,0.0020451324222679,0.0018736945650387,0.0030879562455273,0.0051097719693082,0.0039640473489166,-0.1626431406675369,0.7965131320893607,0.005334141908919006,0.004350336572118755
704,2017-11-14,224.8321109474769,225.2164265386195,224.0547368387184,225.1116180419922,61315200.0,-0.0023251059927075,0.0049768420884682,-0.0036405764677628,0.0022530066146545,0.0088077210066816,0.0022254623782089,0.0020503361617678,0.0031557054917333,0.0051605053084573,0.0012431813824875,0.2207228551064533,0.9499117056734944,0.005824400092843099,0.0042724506667252355
705,2017-11-15,224.14203021059663,224.6660992182332,223.27733367391352,223.9848175048828,80811500.0,-0.0050180888220744,0.0047409225337473,-0.0103580695983563,-0.0040863134888174,0.0028116201515843,0.0024133384476879,0.0025843175931684,0.0033788764157303,0.0062002664278322,-0.0007013977055802,0.3179684645895309,1.2143983403580838,0.004833387156509807,0.004200163202604953
706,2017-11-16,224.9281424421125,226.2557876122964,224.8844811268868,225.8889312744141,67777000.0,0.0084651533690513,0.004632531853002,0.0017412644312998,0.0039905624615901,0.0110028637957427,0.0050645800205184,0.003825262168588,0.0038583144373746,0.006070711290159,0.0042715367755676,-0.1612951127005438,1.014046846160504,0.0035781200835966415,0.004185860236512787
707,2017-11-17,225.5395497383536,225.86271808991955,225.14649129953867,225.22509765625,75756800.0,-0.002943087799339,0.004446106196086,-0.0008916542550323,-0.0022856105636928,0.0029126370866763,0.0052823487899496,0.0038052017307917,0.0037741706676292,0.0031800487504906,-0.0013942214678906,0.11773610516842,1.1449305928296298,0.0029601685080872632,0.004150761383350011
708,2017-11-20,225.4697091570141,225.80159381167795,225.22512048211289,225.60943603515625,48075500.0,0.0017050090145803,0.0048386433633883,-0.0001161202304893,-0.0021270463554078,0.0085147014495748,0.005334141908919,0.0038137408735336,0.0036646397208756,0.0025551827073191,0.0006197146333516,-0.3653969016642731,0.735378641109357,0.004723661419830126,0.004367157868139407
709,2017-11-21,226.37807207748503,227.26899754044936,225.5745225619716,227.08555603027344,69176800.0,0.0065215001384905,0.0045699383219898,0.0087304859007086,0.0050899094329459,0.01328060278207,0.005824400092843,0.0043564714999106,0.0039028749511859,0.0074618351254883,0.0031252318137343,0.4389200320329482,1.056340619794308,0.004662210682081427,0.004261283901517143
710,2017-11-22,227.0942910420056,227.22530164809308,226.7187184194679,226.8846740722656,45033400.0,-0.0008850006357191,0.0045391999502419,0.0128635740870639,0.0025055044887077,0.0173579348295169,0.0048333871565098,0.0043546630054138,0.0036944377159922,0.0022327785281072,-0.0009230393629808,-0.3490100727411502,0.7199225809937683,0.00509250120717966,0.004221919370360121
711,2017-11-24,227.37378827509912,227.5135418006373,227.2340347495609,227.40870666503903,27856500.0,0.0023070238194844,0.0046952098326205,0.006705444537497,0.008446708968797,0.0183732670922802,0.0035781200835966,0.0041670128506877,0.0037075205960361,0.0012290956453488,0.0001535726268397,-0.3814257861942469,0.4607728193907507,0.005787393518620274,0.004242717854223267
712,2017-11-27,227.4523939944793,227.749360239689,227.09428058415776,227.2951812744141,52274900.0,-0.0004993376832483,0.004621618648749,0.0091491946535877,0.0082575403985555,0.0097309895590746,0.0029601685080872,0.0041732626461052,0.00330274669141,0.0028820657431375,-0.0006911895597328,0.8765781774451205,0.8891550264102085,0.0059063032503383055,0.004263784813633956
713,2017-11-28,227.7580990977113,229.62724582071488,227.6620068892144,229.60104370117188,98971700.0,0.0100936793867096,0.0037267743602128,0.017537865025717,0.0174217447952278,0.0235568055662864,0.0047236614198301,0.0051015303585988,0.0037849880185996,0.0085593641031451,0.0080916753817388,0.8932929570405683,1.6217966911130934,0.004868847663038263,0.0037655793920062896
714,2017-11-29,229.7320525704751,230.264864537519,229.01585242326905,229.46128845214844,77512100.0,-0.0006088726674021,0.0036991103550008,0.0104074922198244,0.0191379781205332,0.0213909847351876,0.0046622106820814,0.0049768420884682,0.0038045031011457,0.0054432367336349,-0.0011786083626428,-0.2168256178281266,1.2524915641702752,0.004846949646284844,0.0037492474037382592
715,2017-11-30,230.3784306347225,232.37858806797493,230.29982427167096,231.47023010253903,127894400.0,0.0087169320832903,0.003102335187445,0.0200094249388338,0.0328729990258979,0.0287866855370803,0.0050925012071796,0.0047409225337473,0.0041719295934299,0.0089806961153626,0.0047391566337547,0.6499927108154726,1.950474684581928,0.0025585360881634923,0.0034658817042595574
716,2017-12-01,231.25190080537664,231.73228197266988,227.7581420461125,230.98985290527344,164390900.0,-0.0020774868477944,0.0038764503475221,0.015624914271555,0.0223303588090522,0.0263209212706422,0.0057873935186202,0.004632531853002,0.0042404955318111,0.0172048246993218,-0.0011331707942316,0.2853643318237546,2.3164094567719133,0.0035646801120703428,0.0036952320785787495
717,2017-12-04,232.6056913602669,233.0336682228385,230.65791150982508,230.71034240722656,94040600.0,-0.0012107880179896,0.0040654164239503,0.0149134639368137,0.0240626585904016,0.0217770480267086,0.0059063032503383,0.004446106196086,0.0042484569894993,0.0102975735210862,-0.0081483343849259,-0.4279452208121009,1.2937119383853672,0.0034700390136621394,0.0038314747272381743
718,2017-12-05,229.880599975586,231.59253434794377,229.749589349815,229.880599975586,77994500.0,-0.0036029511346422,0.0041037326074392,0.0012168334154619,0.0187546984411791,0.0166276520857711,0.0048688476630382,0.0048386433633883,0.0043734616226087,0.0080169661916859,0.0,-0.1706294940695827,1.052449127363691,0.001934656170748663,0.0036857358743697683
719,2017-12-06,229.97664435778412,230.35224365740348,229.4613181737277,229.9242401123047,75898600.0,0.0001898202587055,0.0041449289928443,0.0020155263415695,0.0124230185613941,0.0175129279943399,0.0048469496462848,0.0045699383219898,0.0043616591859991,0.0038748654045376,-0.0002278676846764,-0.0268724076697716,1.0116112185088548,0.0020351630144554485,0.003814794510334868
720,2017-12-07,230.64920043945312,230.96362589938755,229.662209431446,230.64920043945312,77218600.0,0.0031480795983403,0.0041238858547784,-0.0035533261433804,0.0164560987954535,0.0189616032841611,0.0025585360881634,0.0045391999502419,0.0043880087126678,0.005642406153856,0.0,0.0173916251419656,1.0111793521865873,0.0035813182804114887,0.0038080731460740707
721,2017-12-08,231.60122748092607,231.91565291517543,230.61423655354508,231.9069366455078,76563900.0,0.0054382125970123,0.0039604768615259,0.0039623733014262,0.0195872875729814,0.0280339965417783,0.0035646801120703,0.0046952098326205,0.0043582139498036,0.0056118043748716,0.001319980761358,-0.0084785271942252,1.0149139415110071,0.004528174289626708,0.0037262615967819683
722,2017-12-11,232.60565185546875,232.6667990126684,231.8807088587994,232.60565185546875,83077500.0,0.0030083823527135,0.0039774685496521,0.0081815436721293,0.0230950076089432,0.0313525480074987,0.0034700390136621,0.004621618648749,0.0043527779520158,0.0033794972202886,0.0,0.0850740361972157,1.0846554111350253,0.004974747236028907,0.0037945518295582096
723,2017-12-12,233.3917468808904,233.48783908067503,232.64060175192208,233.01617431640625,85195800.0,0.0017633304292609,0.0039650003501667,0.0135478252360324,0.0147646586514945,0.0321864034467222,0.0019346561707486,0.0037267743602128,0.0043503365721187,0.0036359593115734,-0.0016091938532677,0.025497878486955,1.087488277332372,0.00573825432461681,0.00399387568841177
724,2017-12-13,233.2607543511489,233.6974741079144,232.9026409519702,232.989990234375,102905400.0,-0.0001123765479971,0.003974164347569,0.0132456284293298,0.0152611547708995,0.0343991328914326,0.0020351630144554,0.0036991103550008,0.0042724506667252,0.0034114476555178,-0.0011607787067613,0.2078694020127753,1.279578599306751,0.005766680714393459,0.004084493287842834
725,2017-12-14,233.28699142018425,233.4005428387963,231.9855748797345,232.03797912597656,100666700.0,-0.0040944308777641,0.0039307061961384,0.0060031179532254,0.0024497918098451,0.0353227908357429,0.0035813182804114,0.003102335187445,0.0042001632026049,0.0060980015616047,-0.0053539731752896,-0.0217549321998651,1.236477768955935,0.004944436755856685,0.00403160927820826
726,2017-12-15,233.03968429670263,234.43554878182445,232.9870121871894,233.9702606201172,144610300.0,0.0082929545162646,0.003700461544751,0.0088578598724777,0.0128202331739041,0.0351505919829562,0.0045281742896267,0.0038764503475221,0.0041858602365127,0.0061911141646627,0.003993209681102,0.4365256832696413,1.696194197822094,0.003759549212912509,0.0041319493810620875
727,2017-12-18,235.36613793134373,235.8050900622148,235.2607937065766,235.4539337158203,83653600.0,0.0063212678598113,0.0036978376278352,0.0121707453795755,0.020352289051705,0.0444149476421065,0.0049747472360289,0.0040654164239504,0.00415076138335,0.0023116893697563,0.0003730179083883,-0.4215239163462076,0.9766845141804928,0.0021194816499392403,0.004119638649982668
728,2017-12-19,235.69970433667527,235.74358882543072,234.4794047677921,234.54965209960932,82382900.0,-0.0038479822678267,0.0034300239206753,0.0065594326824879,0.0201072579185205,0.0388619563596995,0.0057382543246168,0.0041037326074393,0.0043671578681394,0.0053898355692368,-0.0048793113266836,-0.0151900217085696,0.9429634232236116,0.0012432826824781101,0.003914913778892204
729,2017-12-20,235.51536577852528,235.56803789071336,234.128288838386,234.42677307128903,76751500.0,-0.0005240307381656,0.0036662338742543,0.0061477784923194,0.0193934069216494,0.0318164254830434,0.0057666807143934,0.0041449289928443,0.0042612839015171,0.0061415726261332,-0.0046221727556406,-0.0683564186257099,0.8747139000662034,0.0014338006001978329,0.004046360230713437
730,2017-12-21,235.05007482828023,235.6207340227915,234.66379481577025,234.9096069335937,67032300.0,0.0020575180327363,0.0036691080988608,0.0122997274028198,0.0183028453560454,0.0347589441514989,0.0049444367558566,0.0041238858547785,0.0042219193703601,0.0040736486664497,-0.0005976083810614,-0.1266320527937564,0.7544890020652344,0.002166874351942449,0.004045736017491274
731,2017-12-22,234.92713742476712,234.9622610896276,234.3125938514885,234.8481292724609,78720900.0,-0.0002617419863281,0.0035551735910667,0.0037450309002271,0.012602890772705,0.0321901783456863,0.0037595492129125,0.0039604768615259,0.0042427178542232,0.0027663292024155,-0.0003363091772721,0.1743726531836145,0.8613934532110421,0.004080835570508837,0.004050970428717837
732,2017-12-26,234.44426502174645,234.78666045998,234.30382395075893,234.5671844482422,45244400.0,-0.0011969991159294,0.0035960610201715,-0.0037732360755135,0.0083975093040621,0.0314925169130052,0.0021194816499392,0.0039774685496522,0.0042637848136339,0.0020584145662012,0.0005243012725619,-0.4252555547510255,0.4969927939757677,0.004460334830401634,0.003981459035535116
733,2017-12-27,234.734007553022,235.04127935287949,234.40918731573265,234.68133544921875,57751000.0,0.000486526854696,0.0037955353682143,0.0005612730470091,0.0071207057294972,0.0218853643809916,0.0012432826824781,0.0039650003501668,0.0037655793920062,0.0026934056597935,-0.000224390595774,0.2764231595512372,0.6490678114638451,0.0043620979771579575,0.004369989060999379
734,2017-12-28,235.1817598001916,235.2080958535012,234.7954798239778,235.1641845703125,45116100.0,0.0020553533895811,0.0039001694031585,0.0031406571747558,0.0092884356670754,0.0245495904379748,0.0014338006001978,0.003974164347569,0.0037492474037382,0.0017545870357653,-7.473041231600187e-05,-0.2187823587470346,0.5164655068350308,0.004543890692407762,0.004918568682396401
735,2017-12-29,235.7435927507426,235.7611411882356,234.08436789215665,234.2774810791016,96007400.0,-0.0037776985325605,0.003825888006465,-0.0026945593905409,0.009605168012279,0.012054959822124,0.0021668743519424,0.0039307061961384,0.0034658817042595,0.0071572107073866,-0.0062190944599337,1.1280075183803566,1.1194743260482354,0.002202193061667411,0.00556916377845034
736,2018-01-02,235.1378554585482,235.98942359604385,234.751575470931,235.9542999267578,86655700.0,0.0071319124860683,0.0041204070615617,0.0046990950818554,0.0084441259820827,0.0212643591559867,0.0040808355705088,0.0037004615447511,0.0036952320785787,0.0052461350587681,0.0034721949241965,-0.0974060332849342,1.05839817911304,0.002223607539698995,0.005489353239123974
737,2018-01-03,236.12111810246336,237.59601759479307,236.12111810246336,237.4467620849609,90070400.0,0.0063052968089265,0.0043799328469021,0.0122013910067113,0.0084281549311979,0.0287804439829028,0.0044603348304016,0.0036978376278353,0.0038314747272381,0.0062114954922062,0.0056142542147471,0.0394053709103958,1.1027785132390684,0.003027448071033529,0.0054617517159339995
738,2018-01-04,238.08759267620823,238.9303730753286,237.50817277946743,238.447509765625,80636400.0,0.0042057625611281,0.0043900744554739,0.0159206267131434,0.0164818997601527,0.0365891576786731,0.0043620979771579,0.0034300239206753,0.0036857358743697,0.0059644166435584,0.0015117003173963,-0.1047402920382278,0.9856790236941462,0.003657636421604873,0.007625202474322822
739,2018-01-05,239.2376944978411,240.1594832389474,238.74607026371623,240.03659057617188,83524000.0,0.0066421711890574,0.0045389412013743,0.0205074445126197,0.0236481016873757,0.0430415086090251,0.0045438906924077,0.0036662338742543,0.0038147945103348,0.0058883229920841,0.0033393403159467,0.0358101304125679,1.0162400820350692,0.0036250520057744067,0.012211351423452733
740,2018-01-08,239.93994374624884,240.6334954184191,239.65024721010417,240.47547912597656,57319200.0,0.0018267539965247,0.0045290418587933,0.0261118970417049,0.0234173376511641,0.0417201830072094,0.0022021930616674,0.0036691080988609,0.003808073146074,0.0040887670206068,0.0022319559276636,-0.313739763421292,0.7059512943462636,0.0047360865562894525,0.013093561652330206
741,2018-01-09,240.89684071779425,241.64306444039752,240.6159050212725,241.019760131836,57254000.0,0.0022607959261473,0.0046758284136264,0.0212407804817839,0.0259398755636395,0.0385427663363444,0.0022236075396989,0.0035551735910668,0.0037262615967819,0.0042617228502889,0.0005102574765009,-0.0011374897067649,0.7136342291154265,0.005747968830582173,0.01310948829495552
742,2018-01-10,240.2647973076733,240.9144645859903,239.59760838310203,240.6510772705078,69574300.0,-0.0015308501354044,0.0044983196002494,0.013404633537453,0.0256060245441645,0.0340035338482265,0.0030274480710335,0.0035960610201715,0.0037945518295582,0.0054720561313258,0.0016077260054866,0.2151867118454606,0.8745586231373647,0.005782359848515471,0.015499077823505687
743,2018-01-11,241.2041057317168,242.40682983398435,241.0373018410298,242.4068298339844,62361500.0,0.0072693574386487,0.0050775725373136,0.0164682284149736,0.0323888551281172,0.0395095608576143,0.0036576364216048,0.0037955353682143,0.0039938756884117,0.0056497087722011,0.0049863334565514,-0.1036704645249754,0.7953065797410852,0.0054733716700851075,0.015858167944295967
744,2018-01-12,242.6702502430664,244.1538834452127,242.3717392883683,243.9871063232422,90816100.0,0.006497951278432,0.0059119553075421,0.0163240085043482,0.0368314530169681,0.0461198886840435,0.0036250520057744,0.0039001694031585,0.0040844932878428,0.0073042554735796,0.0054265245898777,0.4562847269549321,1.1671905133487563,0.005762069087200591,0.016204489895914418
745,2018-01-16,245.24253818450373,245.89217870480007,242.45957014401452,243.1531219482422,106555100.0,-0.0034240045941121,0.0069720210410475,0.0110732499137114,0.0371851469554165,0.0467903149676954,0.0047360865562894,0.003825888006465,0.0040316092782082,0.01411706554817,-0.0085197953492456,0.173306274988686,1.364309464864823,0.0045190821778213625,0.016237051539942336
746,2018-01-17,244.0836722321971,245.8570288429602,243.1530960433157,245.4707489013672,113258800.0,0.0094864146925054,0.0064159778085047,0.0182988686800695,0.0395396491618536,0.0479837751439362,0.0057479688305821,0.0041204070615617,0.004131949381062,0.0110152953528933,0.0056827917102564,0.0629129905560597,1.4798440646465871,0.00391996971987868,0.016406017501310703
747,2018-01-18,245.35672707365885,245.7781040317324,244.5665916942397,245.0582427978516,100728000.0,-0.0016818830598604,0.0063946511671329,0.0181478357556135,0.0315524692930667,0.0399806242242646,0.0057823598485154,0.0043799328469021,0.0041196386499826,0.0049437730543595,-0.0012165318610467,-0.1106386435314518,1.301597146844472,0.00343675882481215,0.016723813953786325
748,2018-01-19,245.637590713448,246.1731262207031,245.05819750318747,246.17312622070312,140920100.0,0.0045391455326581,0.0094728147423165,0.0154176238496229,0.0318858522645967,0.0483677520247494,0.0054733716700851,0.0043900744554738,0.0039149137788922,0.0045290431763703,0.0021801854744613,0.399016162338178,1.75459560036586,0.005200387937483219,0.01667524915748347
749,2018-01-22,245.962419561896,248.1747283935547,245.90972066426505,248.1747283935547,91322400.0,0.0080979945295521,0.0153750188864056,0.017017667100743,0.0333416756050914,0.0569897772924671,0.0057620690872005,0.0045389412013743,0.0040463602307134,0.0091266654906852,0.0089944993857161,-0.3519561794236592,1.126833207464568,0.006552645542008158,0.01655742449870914
750,2018-01-23,248.2186746044083,248.9912347416428,247.89385427205187,248.7015380859375,97084700.0,0.0021204872332255,0.0173598296565791,0.0225621589280806,0.0336354088417922,0.0570527464929562,0.0045190821778213,0.0045290418587933,0.0040457360174912,0.0044124394164852,0.0019453148813188,0.0630984293010257,1.1761281055023547,0.008329415715393952,0.01653973651648595
751,2018-01-24,249.34235578964623,249.9393510420321,247.4285309519257,248.6049194335937,134816100.0,-0.0003885678623251,0.0172799181889712,0.0126871763732501,0.0309860450533198,0.0569259206169592,0.0039199697198786,0.0046758284136264,0.0040509704287178,0.0100996396041834,-0.0029575254220933,0.3886441426918969,1.5795531347485556,0.008357239085125303,0.016554754460263603
752,2018-01-25,249.4651858777204,249.5617424508403,247.92006637578532,248.71017456054688,84587300.0,0.000423293520731,0.0198994506475228,0.0147923529538415,0.0329401887094552,0.0585462132536196,0.0034367588248121,0.0044983196002494,0.0039814590355351,0.0066007596108831,-0.003026519770753,-0.3725727120128828,0.9687277286577912,0.008324258826358354,0.017039075650467667
753,2018-01-26,249.5442019713645,251.6336176940361,249.2896023199752,251.58970642089844,107743100.0,0.0115113505609834,0.020322637394064,0.0217645579821668,0.0371821818317899,0.0695710369599071,0.0052003879374832,0.0050775725373136,0.0043699890609993,0.0093168174779753,0.0081969624354112,0.2737503147635638,1.199577565783786,0.008982332353684553,0.01704044866339428
754,2018-01-29,251.01902586273744,251.4579777605668,249.7636298649049,249.9216461181641,90118300.0,-0.0066521583027992,0.0216772611781501,0.0070144051498155,0.0240320722505587,0.0608635252675268,0.0065526455420081,0.0059119553075421,0.0049185686823964,0.0067795163883515,-0.0043716994789606,-0.1635817050001345,0.978827035273901,0.01783196682571415,0.017184557468596585
755,2018-01-30,248.09569731750025,249.9743981091749,246.8841854055808,247.35826110839844,131796400.0,-0.0103097176367496,0.0218394806627354,-0.0054157997201595,0.0171463592079212,0.0543315061633377,0.0083294157153939,0.0069720210410475,0.0055691637784503,0.0124928623355735,-0.0029723861279145,0.4624820929822244,1.404224155882941,0.023828431255209694,0.01718124998723896
756,2018-01-31,248.2098613943564,248.71024642133224,246.41014172914785,247.481185913086,108364800.0,0.0004968270333172,0.0226177863671331,-0.0045304048245172,0.008156771548733,0.0476964207105866,0.0083572390851253,0.0064159778085046,0.0054893532391239,0.0092940587935932,-0.0029357233317685,-0.1777863431778106,1.1413723351647918,0.023369694573089295,0.017405691736576318
757,2018-02-01,246.7525129552376,248.4995335490144,246.41011749473475,247.20022583007807,90102500.0,-0.001135923471345,0.0232566558228934,-0.0060896218165932,0.0087027311372484,0.040255200430315,0.0083242588263583,0.0063946511671329,0.0054617517159339,0.0084523225950281,0.0018144207306277,-0.1685261265650838,0.9490052336555104,0.02550047252355018,0.017489576673465942
758,2018-02-02,245.8833220007957,246.0150290240728,241.78352563301817,241.8186492919922,173174800.0,-0.022010576997335,0.0222891800991293,-0.0396115493749116,-0.0178469913927446,0.0140388608718519,0.0089823323536845,0.0094728147423165,0.0076252024743228,0.0174986644059248,-0.0165309004113355,0.9219755278710358,1.739207897474241,0.029064926889983366,0.017099442346396296
759,2018-02-05,240.06295841780312,242.1699235275304,231.1609953304481,231.70529174804688,294681800.0,-0.0427217921686069,0.0170455197160274,-0.0756811832407193,-0.0686667780909036,-0.0353251024858123,0.0178319668257141,0.0153750188864055,0.0122113514234527,0.0475126317315758,-0.0348144783553431,0.7016436571602798,2.675788335975009,0.023984218247786633,0.013932484204585472
760,2018-02-06,228.20245791534228,236.77081290831964,227.1138650992397,236.27040100097656,355026800.0,0.0195106461196227,0.0161103039579571,-0.045860819484347,-0.0512766192045064,-0.0176412103627143,0.0238284312552096,0.017359829656579,0.0130935616523302,0.0408724400863061,0.0353543215937985,0.2047802069893696,2.839888494396383,0.021821912317866936,0.01328665412077613
761,2018-02-07,235.7173115220127,239.1060093603168,234.9096277538574,234.98866271972656,167376100.0,-0.0054396468543476,0.0159820472727269,-0.0517972933720118,-0.0563276981965289,-0.0253416531432092,0.0233696945730892,0.0172799181889711,0.0131094882949555,0.0178578045335934,-0.0030911976620694,-0.5285536190507308,1.2823745244519154,0.022759972175265153,0.01323627908861911
762,2018-02-08,235.2871032313149,235.42757111233564,226.1393300672192,226.1744537353516,246449500.0,-0.0382306485556731,0.0087277956586027,-0.0888920184563399,-0.094981640272933,-0.0620414515634779,0.0255004725235501,0.0198994506475228,0.0154990778235056,0.0410667115216499,-0.0387299149456759,0.4724294567742946,1.7683844367215944,0.005180325633369491,0.009945172396771333
763,2018-02-09,228.95738632420708,231.4242947855056,222.039510890829,229.57192993164065,283565300.0,0.0149097798973211,0.008423679210513,-0.0519716615616838,-0.0915832109365953,-0.0544010291048055,0.0290649268899833,0.0203226373940639,0.0158581679442959,0.0408794920941383,0.0026840960114882,0.1506020503186251,1.8851017521093647,0.00674255372656458,0.00966135916992502
764,2018-02-12,231.61742570067412,234.409181085586,229.71238881690363,232.9430694580078,143736000.0,0.0145776860442395,0.0096640819517132,0.0053278166511625,-0.0703533665895567,-0.0463212943389979,0.0239842182477866,0.0216772611781501,0.0162044898959144,0.0201628332605493,0.0057234197872781,-0.4931114632149984,0.9390189396192516,0.00842922067472009,0.009496945887907764
765,2018-02-13,231.74034719721283,234.06678771243008,231.16092727411035,233.52249145507807,81223600.0,0.0024843089978263,0.0105794543184769,-0.0116985204706338,-0.0575593399549807,-0.0404129807470595,0.0218219123178669,0.0218394806627354,0.0162370515399423,0.0124435998443375,0.0076902631735017,-0.4349112261368063,0.5350563641942607,0.009476535000525825,0.009632928693890548
766,2018-02-14,232.03880130814665,237.0340771514361,232.030013694971,236.67413330078125,120735700.0,0.0134058344095561,0.0109614466875478,0.0071469607932698,-0.0446503325787418,-0.0364935610300089,0.0227599721752651,0.022617786367133,0.0164060175013107,0.0211432630455885,0.0199765382621456,0.4864608315809691,0.7933864670613786,0.007500793602584893,0.009244786331286236
767,2018-02-15,238.41245071551432,239.70297096491808,235.95430287347807,239.69418334960932,111200300.0,0.012679644741823,0.0101694008449655,0.0580572540907659,-0.0308347643655738,-0.0221320332283255,0.0051803256333694,0.0232566558228934,0.0167238139537863,0.015639378640959,0.0053761145034512,-0.0789774689673393,0.7282211386833168,0.008783929927368513,0.008827507724676822
768,2018-02-16,239.07080319233245,241.70451496630105,239.02689192119868,239.7643280029297,160420100.0,0.0002925994727797,0.0109687922417837,0.0434400736662245,-0.0085315878954591,-0.0263785792882039,0.0067425537265645,0.0222891800991293,0.0166752491574834,0.0111677290254355,0.0029009180599912,0.4426229065928779,1.0438832850456818,0.009860305532767842,0.009369299899806125
769,2018-02-20,238.81625220681488,240.25602779649856,237.4730600001012,238.2631683349609,86369700.0,-0.0062806621548654,0.0107908025564198,0.0225817254671196,0.0279095421182823,-0.0407572359726213,0.00842922067472,0.0170455197160273,0.0165574244987091,0.0116802265992069,-0.0023159389980502,-0.4616030036136369,0.5629307356523939,0.011652954215312896,0.009269790432946894
770,2018-02-21,238.7021616780107,241.17785810812944,236.98147683910005,237.0780334472656,98883700.0,-0.0049864700932196,0.0106253522214918,0.0151109463760737,0.00341242590544,-0.0478641932990665,0.0094765350005258,0.0161103039579571,0.0165397365164859,0.0177004221268893,-0.0068039946489295,0.1448887746512954,0.644115457153578,0.012645494109943117,0.009206091581275538
771,2018-02-22,237.99981276687265,239.711709729396,236.7180802507282,237.38526916503903,110511300.0,0.0012950875611433,0.0106945322309269,0.0030001995276609,0.0101471603209309,-0.0461805378755981,0.0075007936025848,0.0159820472727268,0.0165547544602636,0.0126108477126544,-0.002582118005427,0.1175886420107661,0.7255999055306431,0.014485683927869836,0.010829859231484345
772,2018-02-23,238.60564728321245,241.1691131591797,238.13157139981496,241.1691131591797,92766400.0,0.0158139722022168,0.0109178995858598,0.0061345269880547,0.0641917810788208,-0.0307898591941123,0.0087839299273685,0.0087277956586027,0.0170390756504676,0.0125950695741035,0.0107435255835522,-0.160570909943146,0.6074585604788507,0.011726780816681406,0.010986897223297563
773,2018-02-26,242.24016221617225,244.06621842836591,241.6519812530792,243.9696350097656,86491400.0,0.0115453691100869,0.0103450304549479,0.0173872966253619,0.0608273702915866,-0.0307558406450088,0.0098603055327678,0.008423679210513,0.0170404486633942,0.0098956461331348,0.0071394965135879,-0.067643025923179,0.5703366755198535,0.011708929179009068,0.012496982880793393
774,2018-02-27,244.15383660522428,244.86496340027736,240.8616970363692,240.92315673828125,99099200.0,-0.0125657399295182,0.0096661284761585,0.0111022188507091,0.0336839443178289,-0.0366694222717278,0.0116529542153128,0.0096640819517131,0.0171845574685965,0.0166163619060369,-0.0132321486807793,0.1457694059756229,0.6515450453675595,0.01091669830138767,0.012738199488295828
775,2018-02-28,242.0206188023741,242.46835850910344,238.1666333695874,238.482666015625,121907800.0,-0.0101814024308974,0.0091457753117394,0.0059072865130313,0.0210182328891052,-0.0365411070658756,0.0126454941099431,0.0105794543184768,0.0171812499872389,0.018037894373565,-0.014618394103182,0.2301592747469203,0.8041181406811968,0.009697170136361958,0.01260726494950067
776,2018-03-01,238.2720014755822,239.81712156627023,233.5225361531255,235.01498413085932,176855100.0,-0.0146473541369583,0.0073400247475789,-0.0100351551850702,-0.0070349556574091,-0.0516852882361511,0.0144856839278698,0.0109614466875478,0.0174056917365763,0.0267837620499969,-0.013669324656496,0.4507283373172184,1.1407882745441162,0.00437922669672123,0.012648938827002817
777,2018-03-02,233.34685555508847,236.78825077369177,232.4865268440641,236.22637939453125,139083200.0,0.0051413056061606,0.007301533760851,-0.0207078217811264,-0.0145732947930715,-0.0454080591586455,0.0117267808166814,0.0101694008449655,0.0174895766734659,0.018210175936546,0.0123401013165269,-0.2135754072118927,0.8831919198307775,0.0071437642569570055,0.013412208462789175
778,2018-03-05,235.0412961846948,239.5712849767316,234.9359251780348,238.9567413330078,97307400.0,0.0114919569660547,0.0080622651989398,-0.0207612339251586,-0.0033739372997965,-0.0119055251952558,0.011708929179009,0.0109687922417837,0.0170994423463962,0.0193983219424514,0.0166585413366521,-0.3003655365996756,0.6331633140409978,0.0074727619678718665,0.013480783163115463
779,2018-03-06,239.93115891026687,240.01019384890736,238.0700066670541,239.5624542236328,79213200.0,0.0025316151149393,0.0080348741356873,-0.0056638788807011,0.0054383399700081,0.0333478820882904,0.0109166983013876,0.0107908025564197,0.0139324842045854,0.0080988783828458,-0.0015367103143612,-0.1859488589768095,0.5542830860782043,0.009022799238217456,0.013741952125910924
780,2018-03-07,237.4028145444429,239.82581139761652,237.2096745902801,239.4746551513672,87063500.0,-0.0003665648089906,0.008051109232442,0.0041509587412056,0.0100582452542371,0.013470671159677,0.0096971701363619,0.0106253522214917,0.0132866541207761,0.0109244830342603,0.0087271105479519,0.09910343225624,0.6722379252881517,0.009671106635977507,0.013901090937259218
781,2018-03-08,240.15066631212252,240.75642231086204,239.15865714072376,240.633529663086,66901200.0,0.0048275651156989,0.0109646031881514,0.0236258779938628,0.0135907228087927,0.0237378831297235,0.0043792266967212,0.0106945322309269,0.0132362790886191,0.0066398276764477,0.0020106683790576,-0.2315815468020468,0.5374057408041406,0.00957560950411353,0.014612780720500635
782,2018-03-09,242.0381197768644,244.8210601806641,241.72206043628228,244.8210601806641,113625300.0,0.0172524247232894,0.0095917163922798,0.0357369971109916,0.0150291753298653,0.0792209564086861,0.007143764256957,0.0109178995858598,0.0099451723967713,0.0126582236924181,0.0114979425817937,0.698404512923535,0.964168496071676,0.0031309735791596564,0.013982134056583646
783,2018-03-12,245.11085016588888,245.7341546127228,244.12757500993573,244.51385498046875,71924800.0,-0.0012556031913408,0.0144950830001609,0.0229894369535961,0.0022282030284376,0.0630555733200241,0.0074727619678718,0.0103450304549479,0.009661359169925,0.0065705053928964,-0.0024356130502427,-0.3670001311327671,0.6705278175659573,0.005675680003121751,0.014605798841993672
784,2018-03-13,245.67271164185843,246.1731234730088,242.3278987351344,242.93365478515625,91968900.0,-0.0064835934094286,0.0150374736597712,0.0139742284292282,0.0083103495485272,0.0419942938663561,0.0090227992382174,0.0096661284761585,0.0094969458879077,0.0158282916431441,-0.011149210827677,0.2786813449602918,0.8785920654076962,0.006304458201139409,0.01458968497209426
785,2018-03-14,243.8905597991625,244.0749121766224,241.1339545863704,241.68701171875,105895100.0,-0.0051448314212909,0.0150607257589612,0.0091959618169279,0.0133469205581337,0.0343651534472388,0.0096711066359775,0.0091457753117394,0.0096329286938905,0.0121684552650863,-0.0090349871771464,0.1514229266632525,0.9998483162752482,0.006247911545345624,0.01475186961423486
786,2018-03-15,242.1961590473828,242.83701181881128,240.92318753477184,241.4235992431641,83433000.0,-0.0010904852665716,0.0160931191965412,0.0032779114346574,0.0269037894285204,0.0198688337711111,0.0095756095041135,0.0073400247475789,0.0092447863312862,0.0079272460937499,-0.003189810306065,-0.2121165190835081,0.801885473189126,0.01166429713329867,0.014754744217609065
787,2018-03-16,241.94979427346908,242.7342709987508,241.63249597929047,241.6853790283203,100343700.0,0.0010837298520675,0.0168982553351955,-0.0128907834365644,0.0228462136744273,0.0082729188813556,0.0031309735791596,0.0073015337608509,0.0088275077246768,0.0045587160625515,-0.0010928517048041,0.2026859875588795,0.9694743737391694,0.011834110614781509,0.014908090442443098
788,2018-03-19,240.93620460870457,241.86168501139227,236.7670775944114,238.4153289794922,109208400.0,-0.0136225611162989,0.0176665931948102,-0.0252577413615225,-0.0022683044079262,-0.0056422417077229,0.0056756800031217,0.0080622651989398,0.0093692998998061,0.0213686235645489,-0.0104628344806312,0.0883433638584185,1.0818859804652377,0.020972856834360842,0.014836946142881183
789,2018-03-20,238.8119932303427,239.45543966554663,238.1421052648597,238.82081604003903,59757300.0,0.0016993145316196,0.0181867137974145,-0.0170748334204743,-0.0031006049912459,0.002337734978762,0.0063044582011394,0.0080348741356873,0.0092697904329468,0.0054992459303327,3.6944583799987855e-05,-0.4528140692474205,0.5999006444956755,0.02137933334677653,0.01483252439103479
790,2018-03-21,238.77674112899192,240.8657028245389,238.150940281105,238.3624725341797,78709600.0,-0.0019210381326817,0.0184975968726293,-0.0138510401318651,-0.004655078314937,0.0054031669392999,0.0062479115453456,0.008051109232442,0.0092060915812755,0.0113892195972443,-0.0017349620941029,0.3171545568491214,0.7982451701155205,0.021313027307316563,0.01487829224890232
791,2018-03-22,236.14129640944108,236.9874522962889,232.1308182344852,232.40408325195312,148785900.0,-0.0253149141792775,0.0181221780593633,-0.038075469044571,-0.0347975576099134,-0.0212068348011208,0.0116642971332986,0.0109646031881514,0.0108298592314843,0.0208973697615225,-0.0158261736270307,0.8903145232601868,1.480206038738514,0.020349090408745992,0.01382801553785078
792,2018-03-23,232.844799765795,233.1709209551684,227.25657169813343,227.4504852294922,183534800.0,-0.0215450273948647,0.0167516636200853,-0.0607042262915032,-0.0735950097280676,-0.0585658343982023,0.0118341106147815,0.0095917163922798,0.0109868972232975,0.0260027990314795,-0.0231669959635286,0.2335496844795104,1.7470280453825142,0.02042112075802891,0.012819164972167781
793,2018-03-26,231.0467545481956,233.9554313704272,228.6492897684901,233.67337036132807,141956100.0,0.0269917197309598,0.0151246171255973,-0.0200899454442445,-0.0453476868057669,-0.0431194837773294,0.0209728568343608,0.0144950830001609,0.0124969828807933,0.022707515168426,0.0113683302683421,-0.2265439578761084,1.3164967481980094,0.016188341734016214,0.011758719383044918
794,2018-03-27,234.6076217289093,235.13645231917573,228.1467967301256,229.69810485839844,129941400.0,-0.0171584279370618,0.0140533693912883,-0.0389476879129259,-0.0560225213334001,-0.047712171784873,0.0213793333467765,0.0150374736597712,0.0127381994882958,0.0304297486187751,-0.0209265020221032,-0.0846367292423503,1.188081442407129,0.014967292199429745,0.011086585079462597
795,2018-03-28,229.8302970105269,231.49619395397707,227.91760350865525,229.01937866210932,146452300.0,-0.0029592362008305,0.01412848852987,-0.0399858859810747,-0.0538369261129397,-0.0404900055548061,0.0213130273073165,0.0150607257589612,0.0126072649495006,0.0156257102181802,-0.0035283352933247,0.127064199708484,1.324185670248497,0.014805576261545477,0.011251254460180368
796,2018-03-29,230.15647280673,233.80556589293712,229.02825585763088,231.9457550048828,111601600.0,0.0126969067407201,0.0137115659672971,-0.0019740650610771,-0.040049534105648,-0.0131457446771277,0.0203490904087459,0.0160931191965411,0.0126489388270028,0.0205966694031786,0.007774198901872,-0.2379662183523235,1.039747069313195,0.017937074828058806,0.010923045009437436
797,2018-04-02,231.41682631878385,231.9280650176336,224.47124538181424,226.9392242431641,186286300.0,-0.0218212826708,0.0112913120209615,-0.0022503203370124,-0.0629545466285155,-0.0401083329540883,0.0204211207580289,0.0168982553351955,0.0134122084627891,0.0328582229920263,-0.0193486452426398,0.6692081475534402,1.6982129347341446,0.014424777917081098,0.00979334647390026
798,2018-04-03,228.17320764889604,230.3238747568193,226.3839259950457,229.847900390625,119956900.0,0.0127355404942124,0.0111244918036893,-0.0165064995737598,-0.0365964450180042,-0.0388647494259306,0.0161883417340162,0.0176665931948101,0.0134807831631154,0.0171415477586599,0.0073395678615602,-0.3560616105424822,1.0823703205233444,0.015004620345131515,0.009422259903058613
799,2018-04-04,226.30462916904324,233.01222376677336,226.1724215230004,232.30709838867188,123715300.0,0.0106424087823622,0.0108604827070108,0.0112943371456641,-0.0276533507672616,-0.0307539557585077,0.0149672921994297,0.0181867137974145,0.0137419521259109,0.029442932614695,0.0265238463820594,0.0313312531417533,1.094311724573247,0.014750384623902393,0.009267085022001284
800,2018-04-05,234.0611514312149,235.0219232354331,232.9770216703882,234.1405029296875,82652600.0,0.0078611787372122,0.0109613643054342,0.0221147520837068,-0.0178711338973677,-0.0225262122123049,0.0148055762615454,0.0184975968726293,0.0139010909372592,0.0087336515445128,0.0003390203713319,-0.33191286768896,0.7325245978497777,0.014794487901003912,0.009085340425166748
801,2018-04-06,232.18373580132868,233.67331128789823,227.40642617564995,228.92247009277344,179521200.0,-0.0225379873527525,0.0081114310569839,-0.0131201420097657,-0.0150942070708427,-0.0498917646807563,0.0179370748280588,0.0181221780593632,0.0146127807205006,0.0273755787700025,-0.0140460557984379,1.1719970091684957,1.515413288605079,0.008526227970328494,0.007959276756392773
802,2018-04-09,230.37681089226027,233.4353402948392,229.11638636610888,230.0506896972656,105442900.0,0.0049162869454858,0.0081101595842504,0.01361742760652,0.0113671072695077,-0.0622279024585599,0.014424777917081,0.0167516636200852,0.0139821340565836,0.0187739229750357,-0.0014155990515346,-0.412643743468738,0.8931720929854333,0.008724140713196004,0.007928821433189332
803,2018-04-10,232.9329030607836,234.4930340065151,231.79589038705828,233.70855712890625,103529000.0,0.01577518211584,0.0079218021254004,0.0166570692281476,0.0001505696543879,-0.0451971171513791,0.0150046203451315,0.0151246171255972,0.0146057988419936,0.0115406284330837,0.0033299463404715,-0.0181510561640471,0.8653766303339547,0.007293187476931668,0.007139733674824842
804,2018-04-11,232.22779429217832,234.140488069733,232.1572925076709,232.48341369628903,91140200.0,-0.0052559732028654,0.0078172869580815,0.00075868724292,0.0120530243885843,-0.0439694969448159,0.0147503846239023,0.0140533693912883,0.0145896849720942,0.0085304819407586,0.0011007270033711,-0.1196650213949714,0.762085262721503,0.0057735170992564205,0.007299932302126919
805,2018-04-12,233.80555112463333,235.33921379794384,233.6292563098291,234.3960876464844,68890500.0,0.0081934830936192,0.0080621352758284,0.001090991599327,0.023205743683034,-0.0306311824299058,0.0147944879010039,0.01412848852987,0.0147518696142348,0.0072951622413327,0.0025257592003719,-0.2441260826726297,0.5850923558480572,0.006998199778639011,0.007361071553624377
806,2018-04-13,235.7005753585113,235.81516428659432,232.7037521034269,233.70855712890625,85079200.0,-0.0029375098907537,0.0079904449851862,0.0206914690613258,0.0075713270515602,-0.0324782070540879,0.0085262279703284,0.013711565967297,0.014754744217609,0.0133132146353171,-0.0084514780100773,0.2349917622894304,0.7220794590226238,0.008340657806772626,0.007308373973713375
807,2018-04-16,235.33923954798863,236.39695475492132,234.51952505696408,235.63009643554688,63405300.0,0.0081883306582029,0.0078792729480992,0.0239635127740429,0.0375809403805631,-0.0253736062479525,0.008724140713196,0.0112913120209615,0.014908090442443,0.0079676990603397,0.0012359047650399,-0.2547496920516413,0.5466994957851613,0.0073424989546711636,0.0071344802193078665
808,2018-04-17,237.39285890695663,238.7502533652304,236.88164709474785,238.15089416503903,64682000.0,0.010641294466376,0.0068475045680796,0.0188296251245789,0.0354866943527267,-0.0011097506652776,0.0072931874769316,0.0111244918036892,0.0148369461428811,0.0078463122174448,0.0031931679056087,0.020135540719782,0.5686228692905849,0.005949047988815518,0.006969665563379828
809,2018-04-18,238.5915942091405,239.12924752533576,237.86882331629653,238.32717895507807,57303900.0,0.0007399492569639,0.0069294154513823,0.0248255475844082,0.0255842348273284,-0.0020691159399333,0.0057735170992564,0.0108604827070107,0.0148325243910347,0.0052886297507713,-0.0011082337369801,-0.1140672830153675,0.5043054457321106,0.006426698155405514,0.0070272134869764176
810,2018-04-19,237.6749881169937,237.87772447775663,235.97385332498524,237.005126953125,77655900.0,-0.005562657511629,0.0068559832324436,0.01106940697916,0.0121603985784872,-0.0057107353188806,0.006998199778639,0.0109613643054342,0.0148782922489023,0.0080330378386621,-0.0028183914898903,0.3551590729426792,0.6837311167747354,0.009303070884351897,0.006896580700320031
811,2018-04-20,236.9345267583543,237.1548817757553,234.1139717760991,234.99539184570312,99953100.0,-0.008515868830079,0.0079664073586732,0.0054910480398347,0.0261825171011607,0.0110883100303178,0.0083406578067726,0.0081114310569838,0.0138280155378507,0.0129402963001625,-0.0081842648227832,0.2871282156281751,0.8993843300075741,0.008560584281456918,0.006604211179849594
812,2018-04-23,235.56838720920783,236.123686276615,233.8848712853652,234.960205078125,65558000.0,-0.0001497450732545,0.0080476008332987,-0.0028470276916226,0.0211164850824204,0.032483592351928,0.0073424989546711,0.0081101595842504,0.0128191649721677,0.0095284858578727,-0.0025817646344146,-0.3441123887103051,0.6229606289889738,0.0092288382628833,0.006760772503512612
813,2018-04-24,235.98267553861925,236.2030306219636,230.2975036288115,231.79592895507807,112885500.0,-0.0135587917077185,0.0064729535726254,-0.0270471138657171,-0.008217488741138,-0.0080669190867502,0.0059490479888155,0.0079218021254004,0.0117587193830449,0.0254772679562311,-0.0177417540248881,0.7219179962781048,1.0877106583947,0.006335471138365225,0.0058911999375265926
814,2018-04-25,231.7341356786345,232.8094691557504,229.9184126285739,232.36875915527344,103840900.0,0.0024682208952154,0.0069694092984621,-0.0253188422274656,-0.0004932946430572,0.0115597297455269,0.0064266981554055,0.0078172869580814,0.0110865850794625,0.0124416747659467,0.0027385843470166,-0.0801218934229817,1.0133030984420697,0.0072600711129814895,0.0058932028480562886
815,2018-04-26,233.3912538357174,235.5595399175105,232.9505437516809,234.7310028076172,67731900.0,0.0101146007076644,0.0068715486103235,-0.0096415840081722,0.0014278229709879,0.0246335666540218,0.0093030708843518,0.0080621352758284,0.0112512544601803,0.0111148341489765,0.0057403563753199,-0.3477338890552759,0.6873431436730129,0.004329932874382583,0.0056122918546335845
816,2018-04-27,235.33924313749463,235.63892284097287,234.0171125580705,234.951416015625,57053600.0,0.0009385628047998,0.0068635554181615,-0.0001871523732934,0.0053038956665414,0.0128752227181015,0.0085605842814569,0.0079904449851862,0.0109230450094374,0.0069027474292579,-0.0016479492187499,-0.1576554031409129,0.595460735938855,0.008332160283045039,0.005669494224940059
817,2018-04-30,235.5684066465393,236.1237057597656,233.0739720424936,233.14450073242188,82182300.0,-0.0077203162573496,0.005959553501308,-0.0077577235573885,-0.010604751249011,0.0269761891315519,0.0092288382628833,0.0078792729480992,0.0097933464739002,0.0130808734827166,-0.0102896052514987,0.4404402176199222,0.9069992046044868,0.007312194773100328,0.006035745597841356
818,2018-05-01,232.5803406831274,233.66449719784265,231.02903254476595,233.5587310791016,74203400.0,0.001775134291851,0.0067615913430943,0.0075762024421809,-0.019470911423536,0.0160157829291905,0.0063354711383652,0.0068475045680795,0.0094222599030586,0.011283948328115,0.0042066771125216,-0.0970878157462129,0.8401526086533905,0.007357503706757287,0.0066441761591616855
819,2018-05-02,233.3648665350832,234.1757582148093,231.6020257892948,231.98985290527344,86368900.0,-0.0067399372133549,0.0059791573360151,-0.0016319556663893,-0.0269507978938548,-0.0013665630665265,0.0072600711129814,0.0069294154513822,0.0092670850220012,0.0110941594784554,-0.0058921192818157,0.1639480131638173,0.9990154881759974,0.006371431464276043,0.0066069115377449346
820,2018-05-03,231.16126305069108,232.13080372140743,228.3318849297842,231.4785614013672,136311500.0,-0.0022063713320711,0.0058520455474352,-0.0139529277061248,-0.0235945117142969,-0.0114341131358098,0.0043299328743825,0.0068559832324436,0.0090853404251667,0.0164115362071746,0.0013726276906807,0.578247494179039,1.5292365815482152,0.005212635222318127,0.006798083130139227
821,2018-05-04,230.50905674946347,235.1541595417253,230.1829355004284,234.47544860839844,91222100.0,0.0128636237388957,0.0050921446316308,-0.0020278667720289,-0.0022150191453222,0.0239674979558383,0.008332160283045,0.0079664073586731,0.0079592767563927,0.0212014693683323,0.0172070976944128,-0.3307820690110519,1.0767226294986765,0.004222504683905634,0.006345472225161736
822,2018-05-07,235.2422352294352,236.23821739751983,234.5547016940085,235.2686767578125,55304900.0,0.0033772807813639,0.0053760631140968,0.0090697302666845,0.0013120067092961,0.0224284917917164,0.0073121947731003,0.0080476008332987,0.0079288214331893,0.0071557154429204,0.0001124012801166,-0.393733536061985,0.6726853903549719,0.0046869859457171256,0.0063349829336957365
823,2018-05-08,234.89846846172185,235.63003534603325,233.708545887126,235.2686767578125,67499200.0,0.0,0.0055816218222675,0.0072945959748335,0.0148707984170146,0.0066533096758764,0.0073575037067572,0.0064729535726253,0.0071397336748248,0.0081672132703209,0.0015760353761139,0.2204922167836847,0.839400143868672,0.006858286276255278,0.006501928476631612
824,2018-05-09,235.93860929864687,237.8689221517703,235.41857448371096,237.5428009033203,59666100.0,0.0096196551470964,0.0049404225287534,0.0236541883352848,0.0220222326688956,0.0215289380258382,0.006371431464276,0.006969409298462,0.0072999323021269,0.0103153943573168,0.0067991907278002,-0.1160473013013487,0.7568007117207516,0.005938069815645493,0.006255237822723945
825,2018-05-10,238.2831971756624,240.0901252067452,238.1774310272706,239.76397705078125,72063900.0,0.009307188935575,0.0041720708015142,0.0351677486029309,0.0212148208968062,0.022642643867794,0.0052126352223181,0.0068715486103235,0.0073610715536243,0.0079774042915108,0.0062143696772174,0.2077863309316345,0.9122176626465944,0.004347329494560185,0.005990323545591259
826,2018-05-11,239.88733180849408,240.7599292241508,239.3760930143519,240.4955139160156,59871500.0,0.0030464257125945,0.0041261454259531,0.0253505505766297,0.0233226838046009,0.0286265794711422,0.0042225046839056,0.0068635554181615,0.0073083739737133,0.0057541040465401,0.002535282304974,-0.1691887338875637,0.7701683837655351,0.004072527463743862,0.0059735632740432155
827,2018-05-14,240.9274210765786,241.57966348961148,240.06361950078988,240.6101226806641,54790600.0,0.0004764390940297,0.0054376968680091,0.0224497088892955,0.0315194391559802,0.020914687906969,0.0046869859457171,0.005959553501308,0.0071344802193078,0.0063008321176647,-0.0013169874748863,-0.0848634158155382,0.7087362590880621,0.005658044554462343,0.005972328531628386
828,2018-05-15,239.38484432721967,239.4024630428964,238.00983133797027,238.9529571533203,87036100.0,-0.0069111747469376,0.0067688575461008,0.0155385341423579,0.0228331301171916,0.0033622186936554,0.0068582862762552,0.0067615913430943,0.0069696655633798,0.0058280580475618,-0.0018041542066422,0.5885224837837146,1.1097981113587712,0.004535364170265485,0.005765006596935839
829,2018-05-16,238.9883144081637,240.41621099844787,238.9618459761533,239.95785522460932,53942600.0,0.0041966041280688,0.0069385618259545,0.0101154831233303,0.0337696714586153,0.0068188735647603,0.0059380698156454,0.0059791573360151,0.0070272134869764,0.0060609185764442,0.0040568544903404,-0.3802272850001321,0.689299756827176,0.004330567729091575,0.005732120560019627
830,2018-05-17,239.6934973552125,240.83053735291216,238.97954888891297,239.7552032470703,56536400.0,-0.0008448883598863,0.0076515231750371,-3.659417213091047e-05,0.0351311544308001,0.011536642716503,0.0043473294945601,0.0058520455474352,0.00689658070032,0.0077203265619713,0.0002574366536376,0.0480844453178008,0.7323261157139873,0.004477620201437812,0.005740946299894199
831,2018-05-18,239.4113811412176,239.7727666974474,238.8031989732715,239.15576171875,64368000.0,-0.0025033540061479,0.007669754764472,-0.0055863738908733,0.0197641766857565,0.0175491575404341,0.0040725274637438,0.0050921446316307,0.0066042111798495,0.0040541265542083,-0.0010676995439778,0.1385231461500908,0.8534394599338362,0.004457613724921804,0.005726878016106467
832,2018-05-21,240.6365437940962,241.4915224867325,240.24871674390167,240.953842163086,58025900.0,0.0074903265277925,0.0073556996506194,0.0014275135428894,0.0238772224321851,0.0251892291414811,0.0056580445544623,0.0053760631140968,0.0067607725035126,0.0051578581676638,0.001318579314625,-0.0985287720606512,0.7732120074464391,0.0051852986266597125,0.005629235835919268
833,2018-05-22,241.4738428015524,241.7294621619401,239.95779915524992,240.283920288086,52966400.0,-0.0027841635050959,0.0076169453945462,0.0055545247847311,0.0210930589270892,0.0359638573441037,0.0045353641702654,0.0055816218222675,0.0058911999375265,0.0073732066821868,-0.0049277491079823,-0.0871938220691105,0.7351409749794967,0.009041480867763336,0.005575933204135135
834,2018-05-23,239.0147370148245,240.9714910129223,238.85606092939213,240.9450225830078,64694200.0,0.0027475600568443,0.0076285734362196,0.0041054807135066,0.0142209638368371,0.0362431965057326,0.0043305677290915,0.0049404225287534,0.0058932028480562,0.0087797210369903,0.0080760106773817,0.2214196169647173,0.9229901140608464,0.009238293535548009,0.005775469701813534
835,2018-05-24,240.54838622347967,240.821624329274,238.67095692322204,240.451416015625,76043800.0,-0.0020507286751342,0.0075365158135024,0.0028996403982587,0.0028630462261279,0.024077867122934,0.0044776202014378,0.0041720708015142,0.0056122918546335,0.0089442908745947,-0.0004031214234155,0.175434583007441,1.0785196539889264,0.010567826769422813,0.0057543967556120445
836,2018-05-25,239.87847900390625,240.5042797541157,239.3760630824616,239.87847900390625,56374800.0,-0.0023855991033611,0.0073888115388841,0.0030173953010455,-0.0025689785898276,0.0207537052147731,0.0044576137249218,0.0041261454259531,0.00566949422494,0.00470328424767,0.0,-0.2586535654451777,0.7999417654518435,0.010547435383674305,0.006561461307059926
837,2018-05-29,238.2566530507235,239.01468828583364,236.00904266871663,237.1196136474609,115908600.0,-0.0115677448742614,0.0056055112408574,-0.0160406761010083,-0.0146131625581187,0.0169062765978613,0.0051852986266597,0.0054376968680091,0.0060357455978413,0.0126756516295006,-0.0047723301267919,1.0560356755145914,1.60627339724275,0.007616244167957173,0.005979122419628172
838,2018-05-30,238.4241367905371,240.7246303376064,238.3536350180888,240.283920288086,69678400.0,0.0132565125959123,0.004820415440875,-1.1102230246251563e-16,0.0055545247847311,0.0283876549019226,0.0090414808677633,0.0067688575461008,0.0066441761591616,0.0098674739311516,0.0078003155325786,-0.39885047356279,0.968647585808014,0.006419253899888654,0.005523620218988568
839,2018-05-31,239.8785687017863,240.1782484251968,238.2126980482963,238.8120574951172,93519900.0,-0.0061443530809355,0.0038888215417943,-0.0088919131377799,-0.0047864324242731,0.028983239034342,0.009238293535548,0.0069385618259545,0.0066069115377449,0.0082305324007382,-0.004446046232646,0.3421648602723368,1.2936545773973045,0.00440858576596354,0.005507770011527811
840,2018-06-01,240.1076174822197,241.45618896164063,240.0370888212236,241.1565093994141,71258400.0,0.0097692670391566,0.0032096705458204,0.0029280825765108,0.0058277229747697,0.0409588774055697,0.0105678267694228,0.0076515231750371,0.0067980831301392,0.0058845607939477,0.0043684241599376,-0.2380402459797326,1.0321531769406067,0.0033794091225985592,0.005042526753098065
841,2018-06-04,241.9762622852021,242.55800278701213,241.7382885385191,242.3023834228516,45385200.0,0.0047403251286236,0.0032212636608782,0.0100540068084955,0.0130714021095412,0.0328355787952976,0.0105474353836743,0.0076697547644719,0.0063454722251617,0.0033830218131305,0.0013477402062898,-0.3630898251995554,0.679961247548476,0.0033671548178453013,0.004940777092394096
842,2018-06-05,242.43464209387943,242.8577335202975,241.66781073878212,242.47872924804688,51135000.0,0.0007275276547058,0.0035763686682874,0.0223492793374627,0.0063086032364545,0.0301858256686395,0.0076162441679571,0.0073556996506194,0.0063349829336957,0.0049073285116819,0.0001818517097501,0.1266888765500649,0.7685053333984588,0.00329551675519248,0.004984479762282884
843,2018-06-06,243.0868621885617,244.61170177943265,242.4698573456426,244.5059356689453,62732200.0,0.0083255932954957,0.0024077921163731,0.0174183600370461,0.0174183600370461,0.0385114189641352,0.0064192538998886,0.0076169453945461,0.0065019284766316,0.0087598872719804,0.0058377218234148,0.2267957367752029,0.946188455789526,0.0023102282121954384,0.004965816894412368
844,2018-06-07,244.9907309158461,245.28158771736173,243.57163054799625,244.4794921875,72969400.0,-0.0001081565215021,0.0031099147607638,0.0234545565964795,0.0145626434586997,0.0287836072955367,0.0044085857659635,0.0076285734362196,0.0062552378227239,0.0069942765099252,-0.0020867676357996,0.1631889205224748,1.0896636925537218,0.002444626848887271,0.005357208696819385
845,2018-06-08,244.02115556466143,245.25513830214365,243.8536835968453,245.20225524902344,72139700.0,0.0029519727462257,0.0029808229987108,0.0166372623035486,0.0195653448800596,0.0224283911061874,0.0033794091225985,0.0075365158135024,0.0059903235455912,0.0057155049568164,0.0048401528204755,-0.0113705196972977,1.0772126834182845,0.002319364572380912,0.005697078845693562
846,2018-06-11,245.4226609959224,246.2423753875173,245.30807205754232,245.52842712402344,58892500.0,0.0013293316874129,0.0049373832908079,0.0132262688623379,0.0232802756708336,0.0207112970810058,0.0033671548178453,0.0073888115388841,0.0059735632740432,0.0038052755883254,0.0004309550213164,-0.1836325906539672,0.880044584641894,0.002376555912078102,0.005743552401926679
847,2018-06-12,245.9427227474188,246.2071380967235,245.2023328705508,245.8457794189453,72329000.0,0.0012916931121762,0.0050196738786564,0.0137904343198083,0.0361397136572712,0.0215265510991523,0.0032955167551924,0.0056055112408574,0.0059723285316283,0.0040871363687737,-0.000394170347431,0.2281529906184998,1.0668493694210606,0.0024904295105926707,0.005983312295273979
848,2018-06-13,246.08368408186067,246.3393034469007,244.85849721046816,245.0612335205078,79070600.0,-0.0031963143556559,0.0053797724363134,0.0022685266686567,0.019686886705703,0.025241411490434,0.0023102282121954,0.004820415440875,0.0057650065969358,0.0060425968447131,-0.0041548896879028,0.0932074271730565,1.1731795416963715,0.002650405863240673,0.006272515920218764
849,2018-06-14,245.925065019097,246.2070990473521,245.0877050477492,245.6782684326172,77097600.0,0.0025147159942108,0.0058022949000877,0.0048913991843696,0.0283459557808493,0.023559523356576,0.0024446268488872,0.0038888215417942,0.0057321205600196,0.0045563411316125,-0.0010035438496707,-0.0249523843248944,1.1245881122522656,0.002975434854246314,0.006254666678832069
850,2018-06-15,244.8955731037613,245.70127036855243,243.78885054546487,245.3648223876953,120041600.0,-0.0012766540996255,0.0059232359156275,0.0006627723385184,0.0173000346420672,0.0231277576168368,0.0023193645723809,0.0032096705458203,0.0057409462998941,0.0077941890955574,0.0019161199117927,0.5570082596604824,1.6734837496912098,0.0035268809856194164,0.006249935583917541
851,2018-06-18,243.91279219287503,244.9841190955848,243.43470749636697,244.8601531982422,52917600.0,-0.0020589296460562,0.0060756613966857,-0.0027254889949506,0.0105007798673874,0.0235721819769285,0.0023765559120781,0.0032212636608782,0.0057268780161064,0.006327740871596,0.0038840152533616,-0.5591728200890358,0.7436525281959959,0.006439920528994297,0.006272471291197427
852,2018-06-19,242.59356390369783,244.14297535198787,242.177435176802,243.921630859375,97531500.0,-0.0038402556023489,0.0060646237907923,-0.0078574377094757,0.0059329966103327,0.0122415998467871,0.0024904295105926,0.0035763686682874,0.0056292358359192,0.0080580806559097,0.0054744525547445,0.8430824527189442,1.3335941320025946,0.007033305202862449,0.00618613034524835
853,2018-06-20,244.60341697386283,245.00184795767245,244.0013663037661,244.3378143310547,53785500.0,0.0017047640412189,0.0067627788577515,-0.0029563593126009,-0.000687832643944,0.0167305273931019,0.0026504058632406,0.0024077921163731,0.0055759332041351,0.0040946656441429,-0.0010858500919328,-0.4485320127343474,0.7350228612055096,0.00683569584801925,0.006274093901983245
854,2018-06-21,244.3288967194389,244.3466215713545,242.3102360312357,242.80604553222656,71061400.0,-0.0062887946389134,0.0070869218585269,-0.0117598699457251,-0.0068684707613553,0.0076941726973442,0.0029754348542463,0.0031099147607637,0.0057754697018135,0.0083868815360634,-0.0062327919769596,0.321199951659834,0.9669055014083872,0.008178609627784926,0.006073653588127504
855,2018-06-22,244.0633084470236,244.1784119128581,243.0274042741051,243.24874877929688,54898500.0,0.0018216191864366,0.0075852449178025,-0.008661596659663,-0.0079988243211444,0.011566520558915,0.0035268809856194,0.0029808229987107,0.005754396755612,0.0047318131934045,-0.0033374933451067,-0.2274497828638332,0.7578858520933613,0.008130149690555807,0.006073921818597486
856,2018-06-25,242.09780964362213,242.2571712299645,238.2552716174245,239.9374847412109,137854200.0,-0.0137061681222669,0.0055113910328559,-0.0203088351358737,-0.0230343241308242,0.0002459515400092,0.0064399205289942,0.0049373832908078,0.0065614613070599,0.0166789262497117,-0.0089233558353597,1.5110740730621055,1.8017721526266908,0.005272942189830711,0.005046672815038248
857,2018-06-26,240.50409639205645,241.31862903294743,239.7515196771776,240.4686737060547,68547400.0,0.0022114170352698,0.0063958028486469,-0.014257162498255,-0.0221146002077306,0.0140251134495404,0.0070333052028624,0.0050196738786564,0.0059791224196281,0.006516896074727,-0.0001472851670019,-0.5027543593158569,0.9245386033448122,0.005466097667263498,0.005256441539259185
858,2018-06-27,241.0530619154473,242.47850775660208,238.3260821033997,238.4766082763672,105110700.0,-0.0083185991888485,0.0056153347230646,-0.0242805257283224,-0.0272368850409232,-0.0075499983352203,0.0068356958480192,0.0053797724363134,0.0055236202189885,0.017412297513013,-0.0106883257097304,0.5334017045139567,1.384604228250968,0.004450256476412164,0.0047736476160969415
859,2018-06-28,238.42347751836468,240.6015000917025,237.7151588224368,239.840087890625,76650500.0,0.0057011737968746,0.0056311034746681,-0.0122905572925344,-0.0240504272382594,0.0042955285425897,0.0081786096277849,0.0058022949000876,0.0055077700115278,0.0120344405084691,0.0059415724785375,-0.2707640611279346,1.0210479026860444,0.005027073628703506,0.00514104457747937
860,2018-06-29,240.92907811223688,242.29256791699456,240.0702602963277,240.18536376953125,97592500.0,0.0014385734642095,0.0057573753114462,-0.0126736030147615,-0.0213351996744244,-0.0040351650323573,0.0081301496905558,0.0059232359156274,0.005042526753098,0.0092524689506028,-0.0030868600358781,0.2732141342848384,1.2776039628665194,0.005434229842065326,0.005384039977588091
861,2018-07-02,238.61823583374448,240.8582411155608,238.3791664787934,240.6988525390625,63554800.0,0.0021356033210361,0.0057597124617504,0.0031681684285414,-0.0171406667073321,-0.0066398868399448,0.0052729421898307,0.0060756613966857,0.004940777092394,0.0102994867263234,0.0087194371295565,-0.348773727489305,0.8222303957495128,0.00529138921783679,0.005435035968251054
862,2018-07-03,241.5931494129132,241.6905550668388,239.42398899604595,239.8489532470703,42187100.0,-0.0035372138543216,0.0052928765670148,-0.0025804624610499,-0.0168376249593048,-0.0109046283489722,0.0054660976672634,0.0060646237907922,0.0049844797622828,0.0094499727437128,-0.0072195597022571,-0.3362090668210741,0.5489665569981034,0.006880894382816603,0.005355634925453076
863,2018-07-05,240.9733268418652,241.8675401917416,239.90200007581,241.80555725097656,56925900.0,0.0081245570172994,0.0055164735365803,0.0138626937450979,-0.0104178319832243,-0.0111056646271685,0.0044502564764121,0.0067627788577515,0.0049658168944123,0.0081285977802878,0.0034536204484469,0.3493674606692567,0.7435666338810234,0.007014722241666104,0.005220587902422161
864,2018-07-06,241.8321692408488,244.2226737215322,241.45143615123604,243.850830078125,66493700.0,0.0084227654447665,0.0051936395968851,0.0165842853929898,0.0042937281004555,-0.0025747426608999,0.0050270736287035,0.0070869218585268,0.0053572086968193,0.0113644787241786,0.0083473627334738,0.1680746373794706,0.8722302344560569,0.00678335504411895,0.005016666327207582
865,2018-07-09,244.85131916394857,246.0997056110018,244.80706106381928,246.0465850830078,50550400.0,0.008964202057757,0.0045046212909448,0.0241099139865373,0.0114363109717759,0.0034374866506313,0.0054342298420653,0.0075852449178025,0.0056970788456935,0.0052536577443106,0.0048815988541148,-0.2397715873834663,0.6726183942044837,0.006006716068839053,0.0047313594852921095
866,2018-07-10,246.4981648755513,247.02939723604592,246.2059749184592,246.93199157714844,51966800.0,0.0035920727110342,0.0046230887634157,0.0255663833765354,0.028734551805077,0.0057002276742526,0.0052913892178367,0.0055113910328559,0.0057435524019266,0.0033346117379427,0.0017599591535139,0.0280195606760778,0.6946656299733325,0.006057238758974115,0.004723953142236492
867,2018-07-11,245.3825912479421,246.17059090694184,244.8247985939717,245.12582397460932,77054700.0,-0.007341315013735,0.0041475879554507,0.021762282217122,0.0191818197560722,-0.0029327804516585,0.0068808943828166,0.0063958028486468,0.0059833122952739,0.0054902102567109,-0.0010463956388548,0.4827678440850698,1.0267847208295329,0.0038159764885898275,0.004301176143950666
868,2018-07-12,246.38294858187035,247.40112771191875,245.7808981247481,247.34800720214844,60124700.0,0.0090246350924815,0.0037127190035872,0.0226623602923041,0.0365250540374022,0.0092881689964788,0.0070147222416661,0.0056153347230646,0.0062725159202187,0.006550404854673,0.003916905069254,-0.2197140472936758,0.8114284241320084,0.00297501549926572,0.003962442775412087
869,2018-07-13,247.1710639717473,247.84393308483635,246.71951240695805,247.5429077148437,48216000.0,0.0007876504372857,0.004537778347563,0.0150272452848233,0.0316115306778133,0.0075611034395537,0.0067833550441189,0.005631103474668,0.006254666678832,0.0045423263718529,0.0015043983592631,-0.1980666847402149,0.6636452382910475,0.0030448375686617382,0.004323973313192399
870,2018-07-16,247.58702538760892,247.7286620380225,246.87870703762985,247.32139587402344,48201000.0,-0.0008952428130631,0.004895954987459,0.0051678004140032,0.0292777144005407,0.0079425147261161,0.006006716068839,0.0057573753114462,0.0062499355839175,0.0034366416111672,-0.001072873318663,-0.0003111000497759,0.6979457147058383,0.0030766809417879263,0.0044231402968747885
871,2018-07-17,246.55121965832527,248.7115442005054,246.4980991384023,248.3219757080078,52315500.0,0.0040375045873469,0.0049794353639586,0.0056132322903159,0.0311796156668515,0.0140389489595192,0.0060572387589741,0.0057597124617504,0.0062724712911974,0.0089136092598819,0.007182102169831,0.0853612995581003,0.7578536295358878,0.0033672529718828752,0.00454983041188321
872,2018-07-18,248.4016865443658,248.9506166630528,247.95899747838,248.8443756103516,44593500.0,0.0021015102619742,0.004971227716267,0.0150560575660251,0.0368183397831473,0.0199807148238423,0.0038159764885898,0.0052928765670148,0.0061861303452483,0.0039848969149515,0.001782150001251,-0.1476044384551423,0.6717482944747126,0.004859170411460231,0.004878225699628059
873,2018-07-19,248.18031830461032,248.561024380289,247.42774156040312,247.9058532714844,61412100.0,-0.0037786533392523,0.0050605179071165,0.0022527691342913,0.0249151294265956,0.0144972974433711,0.0029750154992657,0.0055164735365802,0.0062740939019832,0.0045714242117745,-0.0011059097474,0.3771536210434256,0.9198169056296532,0.0044561677416799245,0.005092697623538894
874,2018-07-20,247.7022393862133,248.3308773371973,247.46319700882336,247.62255859375,82337700.0,-0.0011434045024072,0.0051132135007473,0.0003217141945984,0.0153489594794219,0.0196426875798773,0.0030448375686617,0.005193639596885,0.0060736535881275,0.0035040439502019,-0.000321679742019,0.3407406683699141,1.2229088383920337,0.0060162452483848525,0.005109478380786977
875,2018-07-23,247.41897409460745,248.28662752677565,247.0736635918948,248.0830078125,47047600.0,0.0018577534019445,0.0051629920098009,0.003074710409606,0.0082425108236094,0.0196788217953852,0.0030766809417879,0.0045046212909447,0.0060739218185974,0.0048893471002963,0.0026838431463168,-0.4286019648350634,0.7028655670031629,0.006638808389958306,0.005112472243615201
876,2018-07-24,249.4906721429212,250.17240347028664,248.4636304289784,249.331283569336,68026900.0,0.0050190692101577,0.0050629934731687,0.0040562750324168,0.0096695073227329,0.0384040591278098,0.0033672529718828,0.0046230887634157,0.0050466728150382,0.0068534241545868,-0.0006388558426502,0.4459164760795449,1.072210429506596,0.006619067421049631,0.005035259127416386
877,2018-07-25,249.0834342271848,251.77499148944145,249.0391761255377,251.45626831054688,78882900.0,0.0084866226692667,0.0044204360047471,0.0104413874397093,0.0254974450057346,0.0446792647618067,0.0048591704114602,0.0041475879554507,0.0052564415392591,0.0108798853267202,0.0095262621166442,0.1595839292985568,1.23327275072406,0.0045094359373720125,0.00470752762808141
878,2018-07-26,250.73906771837133,251.54473794462012,250.64166208534337,250.86300659179688,57919500.0,-0.0023620913002236,0.0043594196220176,0.011857949478738,0.0141107186130295,0.0506357726504316,0.0044561677416799,0.0037127190035872,0.0047736476160969,0.0035998765682748,0.0004942942260786,-0.2657534142380667,0.9402105654801762,0.005654568031756609,0.004681461433063246
879,2018-07-27,251.1906128472391,251.2880184882975,248.24231566683144,249.16311645507807,76768700.0,-0.0067992315086195,0.0043449689790336,0.0062021224725257,0.0065238366671243,0.0381353673449375,0.0060162452483848,0.004537778347563,0.0051410445774793,0.0122237306419915,-0.0080715452268673,0.325437892246998,1.2460711653892476,0.004751167709391958,0.004512965293630138
880,2018-07-30,249.24271369887512,249.40207521854185,247.33912980881763,247.8615264892578,63742500.0,-0.0052375388613442,0.0041431346729004,-0.0008931697907629,0.0021815406188432,0.0314592550193838,0.0066388083899583,0.0048959549874589,0.005384039977588,0.008322975489355,-0.0055415349524961,-0.16968113306595,1.0638626345840267,0.00287061069744386,0.00449999861003401
881,2018-07-31,248.6230176642827,249.6943175806853,248.24231157277697,249.0834045410156,68570500.0,0.0049175690817933,0.0043249380935516,-0.0009946699191273,0.0030616051132896,0.034241220780141,0.0066190674210496,0.0049794353639586,0.005435035968251,0.0058293968262716,0.0018517467974527,0.0757422441855903,1.1396717646260064,0.0027337686067609203,0.004443332720523401
882,2018-08-01,249.287134071185,249.79180623159908,248.0210494747249,248.6673583984375,53853300.0,-0.0016717050799131,0.0050435218165281,-0.0111529976683071,-0.0007116102285976,0.0361067295545495,0.004509435937372,0.0049712277162669,0.005355634925453,0.0071209859157989,-0.0024861919772021,-0.2146287397641842,0.8864712286108711,0.002205279208043698,0.004457278821034078
883,2018-08-02,247.36582285557148,250.19015439375065,247.1621761469714,250.0219573974609,63426400.0,0.005432650300362,0.0053950319435195,-0.0033582560677215,0.0084996934110166,0.0334148228376121,0.0056545680317566,0.0050605179071165,0.0052205879024221,0.0121108492961906,0.0107376779509279,0.1777625512271299,1.0384964638686525,0.002586037273483912,0.004560340958296292
884,2018-08-03,250.14588536337493,251.14636698691,249.96879892714696,251.0932464599609,53935400.0,0.0042756263879881,0.0053423485537569,0.007716601828886,0.0139187243014119,0.0292676837808337,0.0047511677093919,0.0051132135007472,0.0050166663272075,0.0046897639676295,0.0037872343780901,-0.1496380056254178,0.8922713758702725,0.004213753078006915,0.004517069328152593
885,2018-08-06,251.12862956597405,252.3238682535204,250.7390610833572,252.01400756835932,39400900.0,0.0036603015720435,0.0052638216650929,0.0166144422622737,0.0157212724715109,0.0239637832951202,0.0028706106974438,0.0051629920098008,0.0047313594852921,0.0062885677881747,0.0035255956436169,-0.2694797850762208,0.6578896617338871,0.003745191555823365,0.004521242367103493
886,2018-08-07,252.67804022075435,253.2269702572532,252.5452119051692,252.8462371826172,43196600.0,0.0032968742408565,0.0052130888129863,0.0149937474213369,0.0139990775022097,0.0236685848249425,0.0027337686067609,0.0050629934731687,0.0047239531422364,0.0026963357639038,0.0006656572202154,0.0963353628978018,0.7265877359829858,0.004868195285043975,0.004552474837940468
887,2018-08-08,252.6781868612413,253.13857396106408,252.27975572244284,252.7401428222656,42114600.0,-0.0004196883701962,0.0052159249522754,0.0162457641310538,0.0050927664627468,0.0305902114684813,0.0022052792080436,0.0044204360047471,0.0043011761439506,0.003398028619558,0.00024519710939,-0.0250482676877347,0.729834501977885,0.0055698172885888875,0.004619564052392476
888,2018-08-09,252.80202652249167,253.1915950768919,252.2619588109262,252.394760131836,35717000.0,-0.0013674871494033,0.0052146079482999,0.0094456266812885,0.0060873706135671,0.0201980892265965,0.0025860372734839,0.0043594196220176,0.003962442775412,0.0036832629388982,-0.0016110092005906,-0.1519093141095961,0.6323391449568045,0.007387824409738937,0.0046334553069444446
889,2018-08-10,250.9605026370388,251.50057045794807,249.9954164639732,250.7037353515625,77076000.0,-0.0067224655362117,0.0048641322106016,-0.0015524652429112,0.0061641365859749,0.0126879732530991,0.0042137530780069,0.0043449689790336,0.0043239733131923,0.0060037158675128,-0.0010231382340178,1.1579639947364,1.3305728440985911,0.0066905529158272975,0.004320590358305797
890,2018-08-13,250.97816157511463,251.5890746998924,249.47300781443937,249.76519775390625,65732900.0,-0.0037506371956188,0.0048512349971627,-0.0089634040105735,0.0076510382517003,0.0098325788705434,0.0037451915558233,0.0041431346729003,0.0044231402968747,0.0084722247313973,-0.0048329456778069,-0.1471677305516633,1.117839449250704,0.006059519479714397,0.004210210044684954
891,2018-08-14,250.49120289007564,251.5979255987983,250.10163433503743,251.35885620117188,43842000.0,0.0063603565112881,0.0047105965668626,-0.0058999217401419,0.0090938256811951,0.0121554307944846,0.0048681952850439,0.0043249380935515,0.0045498304118832,0.0059528090092967,0.0034638075153361,-0.3330280574871944,0.7509782913111288,0.005676412022698411,0.004035462673434612
892,2018-08-15,250.0130743094144,250.15473804896044,248.0475338300558,249.4818420410156,102925400.0,-0.0074954889035921,0.0033632708275416,-0.0129757222735378,0.0032700418575161,0.0025584316289183,0.0055698172885888,0.005043521816528,0.004878225699628,0.0084463229935515,-0.0021248179514858,1.3476438118698963,1.6791414249227667,0.0031585473536204635,0.0036609115860108048
893,2018-08-16,250.91613552227457,252.3681685026852,250.8807128345686,251.50048828125,69967900.0,0.0080587958616007,0.0036612888763778,-0.0035494392625338,0.0058961874187548,0.0143958808297713,0.0073878244097389,0.0053950319435195,0.0050926976235388,0.0059143251700297,0.0023288767689615,-0.3202076455374475,1.1335563737646972,0.0020707842140344082,0.003336806759315897
894,2018-08-17,251.2968547244236,252.82856856746483,250.88958836311608,252.3858795166016,65618500.0,0.0035142532251236,0.003684921020997,0.0066872794988014,0.0051348142558903,0.0190535385573021,0.0066905529158272,0.0053423485537568,0.0051094783807869,0.0076826017686191,0.0043336188722784,-0.0621627917945228,1.0776869602563055,0.0028954300514332566,0.0035866967905513695
895,2018-08-20,252.83746690516844,253.1916127922392,252.38591536288368,252.926010131836,39807500.0,0.0021378116446879,0.0038472909313434,0.0125757283391081,0.0036123243285347,0.0193335968000455,0.0060595194797143,0.0052638216650928,0.0051124722436152,0.0031855064211686,0.0003501982034202,-0.3933494365156168,0.6576896279912838,0.0040201768310569866,0.0037256000711440875
896,2018-08-21,253.43949950542424,254.37799819792025,252.96138773126304,253.5191802978516,67272000.0,0.0023424862096186,0.0040407552848096,0.0085578580374386,0.0026579362972968,0.0166570137995064,0.0056764120226984,0.0052130888129862,0.0050352591274163,0.0055877841865569,0.0003143976869542,0.6899328016077373,1.11214482416293,0.004163090161246617,0.0037106484919120584
897,2018-08-22,253.11188513982492,253.8910221589118,252.846255508994,253.36865234375,44993300.0,-0.0005939300525011,0.0042114371671863,0.0154594168885296,0.0024836946149919,0.0075764610777386,0.0031585473536204,0.0052159249522754,0.0047075276280814,0.0041235039940944,0.0010144415138119,-0.3311734451183256,0.7652696799480287,0.003906483624916371,0.004026234653111777
898,2018-08-23,253.19155760642928,254.0503753806769,252.7134459023137,253.03219604492188,49204900.0,-0.0013288143154055,0.0042486799937933,0.0060718067115234,0.0025223674489897,0.0086097380625567,0.0020707842140344,0.0052146079482998,0.0046814614330632,0.0052836338586961,-0.0006294110396647,0.0936050478626817,0.8431514857822745,0.0048555031740843725,0.004013147582895661
899,2018-08-24,253.6077231096326,254.6967479769129,253.55460258143327,254.5550842285156,57487400.0,0.0060005158215184,0.0038447396184456,0.0085580693079182,0.0152453488067198,0.0214094853926946,0.0028954300514332,0.0048641322106015,0.0045129652936301,0.0044868300271477,0.0037355373380071,0.1683267316872914,1.0016229848808895,0.0047049218976352395,0.003979874511548232
900,2018-08-27,255.75025973945864,256.671060366002,255.5908981943619,256.5648193359375,57072400.0,0.0078640861014229,0.0030150387173463,0.0142843437646532,0.0268600721037615,0.0345111103554617,0.0040201768310569,0.0048512349971627,0.004499998610034,0.0042100946436688,0.0031849805247849,-0.0072189732010841,1.0002042560082245,0.0034806077411229605,0.003632753955519921
901,2018-08-28,257.0252637708789,257.1315318443619,256.2284288471343,256.6888427734375,46943500.0,0.0004832832147916,0.0030094663454665,0.0124251407698262,0.020982998807265,0.03007682448846,0.0041630901612466,0.0047105965668626,0.0044433327205234,0.0035182791253016,-0.0013089024499213,-0.1774745761523959,0.8385853401952629,0.003660593525526364,0.0037107172611072
902,2018-08-29,256.9013321766645,258.3002177918885,256.6622897986318,258.0700378417969,61485500.0,0.0053663897215756,0.0031226921344305,0.0183854605439029,0.0338448774324327,0.0371149192899487,0.0039064836249163,0.0033632708275415,0.004457278821034,0.0063468351729416,0.0045492394112176,0.3097766463940694,1.090922704447871,0.0015438585604668922,0.003564480382719872
903,2018-08-30,257.59195413028306,257.9637978699567,256.432110766729,257.0252990722656,61229500.0,-0.0040564925646557,0.0028173102937915,0.0156577822946527,0.0217295890061763,0.027625776424931,0.0048555031740843,0.0036612888763778,0.0045603409582962,0.0059592853651228,-0.002199816605028,-0.0041635832838636,1.0885019971143706,0.0011880356609105247,0.0034285600662688287
904,2018-08-31,256.61808126162185,257.47689942068666,256.13113393229463,257.0342102050781,66140800.0,3.466965459280822e-05,0.0033148384635431,0.0096919361277271,0.0182500054356455,0.0233848196915357,0.0047049218976352,0.003684921020997,0.0045170693281525,0.005235744640055,0.0016215885545182,0.0802113360390008,1.1631926949427758,0.001900371227737048,0.0034998709342795834
905,2018-09-04,256.61799092686505,256.94557650796173,255.59094906584016,256.5914306640625,57594400.0,-0.0017241337482747,0.0037251260104584,0.0001037162780295,0.0143880600426829,0.0180003843712175,0.0034806077411229,0.0038472909313433,0.0045212423671034,0.0052793167667983,-0.0001035011719428,-0.1292152498911413,0.996941290979288,0.0028552715107011046,0.003471394171467458
906,2018-09-05,256.23728113360505,256.4409278252253,254.8915161383116,255.9008331298828,72452400.0,-0.0026950570807469,0.0035667857035257,-0.0030746240175089,0.0093505167523174,0.0120084530496141,0.0036605935255263,0.0040407552848096,0.0045524748379404,0.0060547348281874,-0.0013130329912719,0.257976469934577,1.223157788289965,0.0025867867897125902,0.003387708099083522
907,2018-09-06,256.0070545527005,256.3080798435855,254.1034971729196,255.1305389404297,65909900.0,-0.003014667258943,0.0039654796539664,-0.0114556809980275,0.0069297795458755,0.0094134741608673,0.0015438585604668,0.0042114371671863,0.0046195640523924,0.0086409987601706,-0.0034237947614461,-0.0903006663685399,1.090796221215332,0.002977598579731079,0.00381151936206187
908,2018-09-07,254.08574413053745,255.6085951073904,253.8466748194324,254.6346740722656,73524800.0,-0.0019454643506589,0.0038676119299888,-0.0093446527840307,0.0063131295106221,0.0088354969596117,0.0011880356609105,0.0042486799937933,0.0046334553069444,0.0069194044148832,0.0021604122010329,0.1155349955014344,1.1799072600801903,0.0023979931087561635,0.0040154255586715495
909,2018-09-10,255.64400512276245,255.90963470339696,254.8825931013729,255.077377319336,50210900.0,0.0017370723614641,0.0042168104511314,-0.0076422500771594,0.0020496860505678,0.0172950348572875,0.001900371227737,0.0038447396184456,0.0043205903583057,0.0040263923552039,-0.0022164720942874,-0.3170889278175527,0.8235237870852758,0.004189218686256024,0.004000647088407364
910,2018-09-11,254.4309983860209,256.36111538639545,254.08571511548047,255.91842651367188,50530500.0,0.0032918076723695,0.0042242906466328,-0.0026263086565152,-0.0025225923784855,0.0243374797252758,0.0028552715107011,0.0030150387173463,0.0042102100446849,0.0088911154304609,0.0058460963368711,0.0063651517897507,0.8392282597728725,0.004585445770945996,0.003946685705216185
911,2018-09-12,255.92734823453216,256.582519271696,255.19249642416656,255.98046875,59810800.0,0.0002424003536868,0.0044121220438516,0.0003111487779184,-0.0027634752395903,0.0182195235676745,0.0025867867897125,0.0030094663454665,0.0040354626734346,0.00543019103886,0.0002075609184961,0.1836573950386399,0.980358426769508,0.004553419892354045,0.00819074568507883
912,2018-09-13,257.04307376010763,257.68054731415685,256.7597461761734,257.4945983886719,51034200.0,0.0058975951286775,0.0041052839133956,0.0092234111655389,-0.0022322698324884,0.0316126075999441,0.002977598579731,0.0031226921344305,0.0036609115860108,0.0035760017637091,0.0017566107577193,-0.1467393848602594,0.8736555469779749,0.00514920810014369,0.009181175683558206
913,2018-09-14,257.698179952664,257.88410181150124,256.75968121049704,257.538818359375,55079900.0,0.000171716899812,0.0041057711612822,0.0113405924160098,0.0019959396319792,0.0237255286381554,0.0023979931087561,0.0028173102937915,0.0033368067593158,0.0043660237635911,-0.0006184040310967,0.079274290573772,0.9550850002050454,0.0052610579089584185,0.009911981957150621
914,2018-09-17,257.48563159353705,257.5210272587637,255.9007974379103,256.1752624511719,68244000.0,-0.0053086304674029,0.0036650778130755,0.0042948895871428,-0.0033473604900164,0.0149026449456289,0.004189218686256,0.003314838463543,0.0035866967905513,0.0063246927332111,-0.0050890961730777,0.2390000708062287,1.1806628313520964,0.004642776739126322,0.0099172386696446
915,2018-09-18,256.38770941207565,258.1584651362326,256.3611491569968,257.5652770996094,61930400.0,0.005411362091907,0.003393352091382,0.0064144440066803,0.0037881353501652,0.018176195392848,0.0045854457709459,0.0037251260104584,0.003725600071144,0.0069780989094299,0.0045929178517722,-0.09251509290194,1.0513147078283225,0.004355952376978427,0.01117509970714722
916,2018-09-19,257.6184687058169,258.2559420232231,257.4945028015122,257.8398132324219,49080600.0,0.0010653218756537,0.0033906806926999,0.0072373655286472,0.0075485143065658,0.0168990310588831,0.004553419892354,0.0035667857035257,0.003710648491912,0.0029531483604686,0.00085919510242,-0.2074877604536705,0.8462463493356366,0.0046607285608161065,0.011165665159187217
917,2018-09-20,259.097029795445,260.2480103827484,257.8574789850048,259.92926025390625,100360600.0,0.0080710048972717,0.0032386551843639,0.0094107752972414,0.0186341864627805,0.0255639660086559,0.0051492081001436,0.0039654796539664,0.0040262346531117,0.0091968537724783,0.0032120416784333,1.0448120031132464,1.6515812940611725,0.002437115193740329,0.011273255736077738
918,2018-09-21,260.67010234995365,260.7857268561877,259.5316895177993,259.6917724609375,105479700.0,-0.0009140808187224,0.0035551968864329,0.008324977578707,0.019665569994717,0.025978699505339,0.0052610579089584,0.0038676119299888,0.0040131475828956,0.0048289452010923,-0.0037531342497526,0.0510070685109496,1.6590046792935715,0.0024956822462350223,0.011276810860473463
919,2018-09-24,259.1137421450689,259.2560471775644,258.25103654562844,258.8291320800781,53409600.0,-0.0033273149420358,0.0035142361492646,0.0103062931040741,0.0146011826912171,0.0166508687417848,0.0046427767391263,0.0042168104511314,0.0039798745115482,0.0038829115712718,-0.0010983981885122,-0.4936504370035182,0.842738806448223,0.002668329825265796,0.011282893917071503
920,2018-09-25,259.28270927831363,259.38943125963567,258.3488647998379,258.5889892578125,44370000.0,-0.0009282351336569,0.0035152793721614,0.0039666958785102,0.0103811398851907,0.007858547506705,0.0043559523769784,0.0042242906466327,0.0036327539555199,0.0040240168878975,-0.0026755352195756,-0.1692504718252898,0.7071919363861966,0.0026265945696622036,0.011284497766159762
921,2018-09-26,258.73122129979305,259.9140924483366,257.39714262575586,257.8151550292969,79739700.0,-0.0029970123837952,0.0104600523676551,-9.563838093861128e-05,0.0071417271477087,0.0043782519081182,0.0046607285608161,0.0044121220438516,0.0037107172611072,0.0097626139250608,-0.0035406096948567,0.7971534820824882,1.2385612443191625,0.001764594022255172,0.012875519562162084
922,2018-09-27,258.2866175118633,259.62069664612955,258.0109099954677,258.53564453125,59249500.0,0.0027906995405611,0.0115750916478601,-0.0053759437376492,0.0040348315595923,0.0018025617271037,0.0024371151937403,0.0041052839133956,0.0035644803827198,0.0062265559303457,0.0009641499113876,-0.2569635952982015,0.9218970046418878,0.004199052855996549,0.01372602066476579
923,2018-09-28,257.9130552985251,259.060370917637,257.877499398238,258.56231689453125,70091400.0,0.0001031617422407,0.0131554071060234,-0.0043587011766861,0.003966276402021,0.0059622160340001,0.002495682246235,0.0041057711612822,0.0034285600662688,0.0045748024445553,0.0025173661537011,0.1829871982042041,1.083124891200972,0.0046268265983931195,0.014043781181664104
924,2018-10-01,259.7984234766992,260.52772620770645,258.79344051350586,259.4604797363281,62078900.0,0.0034676610668402,0.0127980162437538,0.0024362748321898,0.0127425679362641,0.0093952074462475,0.0026683298252657,0.0036650778130755,0.0034998709342795,0.0066841998286715,-0.0013007921135495,-0.1143150229557407,0.962327646436294,0.0037846659601510585,0.01391636110660414
925,2018-10-02,259.3094787597656,260.02097697401297,258.93595169695675,259.3094787597656,47258200.0,-0.0005821500584373,0.0155075553029572,0.0027823599074094,0.0067490557859198,0.0105371911360849,0.0026265945696622,0.003393352091382,0.0034713941714674,0.0041842869849791,0.0,-0.2387397328238741,0.7384982255677636,0.003680845086385702,0.014577415465700943
926,2018-10-03,260.3588240182784,260.7768364839188,259.0959112187038,259.45166015625,64694600.0,0.0005481574828124,0.0154962052267818,0.006327529774017,0.0062318913930785,0.0137804056996442,0.0017645940222551,0.0033906806926999,0.0033877080990835,0.0064787608766994,-0.003484283144422,0.3689603074175487,1.0171401637087742,0.01310407746891138,0.014922239873947156
927,2018-10-04,258.9713507316017,259.02471170825,255.8407224866659,257.423828125,111545900.0,-0.0078465413097774,0.0158252388968538,-0.0043097110763214,-0.0096856548139705,0.0089485316488098,0.0041990528559965,0.0032386551843639,0.0038115193620618,0.0123686654991316,-0.0059756517554158,0.7241918181733871,1.6930082941483506,0.014212683941738212,0.015222232506232692
928,2018-10-05,257.64625615039654,258.1620881352852,254.5600853615641,255.9831085205078,105951700.0,-0.0056124032748016,0.0158706907644629,-0.0100252760933637,-0.0143839772700497,0.0052815927246671,0.0046268265983931,0.0035551968864329,0.0040154255586715,0.0140712517889927,-0.0064551593131549,-0.0501515519620174,1.569479149407796,0.018499815116735034,0.015225567573515238
929,2018-10-08,255.298263866853,256.3388575247664,253.91972629713487,255.9831085205078,87742200.0,0.0,0.0158050914548836,-0.0134929371602039,-0.0110566623280139,0.003544520363203,0.003784665960151,0.0035142361492646,0.0040006470884073,0.0094503549144834,0.0026825276571875,-0.1718660483975245,1.264586190615374,0.018024031626130706,0.015329057283827191
930,2018-10-09,255.6006827010232,256.90805420357475,255.049240523284,255.60955810546875,74339000.0,-0.001460343377824,0.0157678333661189,-0.0143711304795906,-0.011588770572181,-0.0012076306869904,0.0036808450863857,0.0035152793721614,0.0039466857052161,0.0072720820538478,3.472371181390233e-05,-0.1527565983073139,1.0533401242615166,0.022910597674502133,0.01545660803167206
931,2018-10-10,255.102621965364,255.17378805809057,247.1426320674937,247.5161590576172,214731000.0,-0.032175247583853,0.015501396165105,-0.047094535546256,-0.0407670057722388,-0.0336252786245302,0.0131040774689113,0.0104600523676551,0.0081907456850788,0.0324469966776082,-0.0297388668501291,1.888537645112256,2.7416940546450417,0.01713275964379973,0.014587888123977086
932,2018-10-11,246.4309928591743,248.0496814460572,240.4543195045983,242.0641326904297,274840500.0,-0.0222731668342676,0.0156521707487276,-0.0615211610707462,-0.0658308721470675,-0.0617960405874753,0.0142126839417382,0.0115750916478601,0.0091811756835582,0.031377477766078,-0.0177204178665956,0.2799293069002613,3.070470659038394,0.014610885758523828,0.013591371375795816
933,2018-10-12,246.155331736026,246.4399417449787,242.24203910959136,245.42605590820312,183186500.0,0.0137930017705212,0.0155685948447913,-0.0421157560254234,-0.052141032118787,-0.0481747557167661,0.018499815116735,0.0131554071060234,0.0099119819571506,0.0171045515923439,-0.0029626651703199,-0.3334806915283591,1.909859856833361,0.01333504135741339,0.013493080932888115
934,2018-10-15,245.0702737074272,246.39547715394392,243.95854133324733,244.0474853515625,102263700.0,-0.0056328854801502,0.0155676736452309,-0.0477486415055736,-0.0612415786657774,-0.0484990107295134,0.0180240316261307,0.0127980162437538,0.0099172386696446,0.0099854985892849,-0.0041734492739241,-0.4417508932153843,1.0475993545603677,0.013219789290748933,0.014110720375621926
935,2018-10-16,246.0041487121136,249.7573583468041,245.5327752643828,249.38380432128903,118255800.0,0.0216302741146385,0.0144170784960021,-0.0246580240131111,-0.0390291544927016,-0.0322800987067819,0.0229105976745021,0.0155075553029572,0.0111750997071472,0.0169400859607492,0.0137382057451823,0.1563810032298851,1.1774542656129872,0.005874459151243578,0.013129774553312674
936,2018-10-17,249.41944218007552,250.05089871672,246.85800584754992,249.4283447265625,110626000.0,0.0001785858884023,0.0151617021926384,0.0076958094591441,-0.0393987260871117,-0.0331668346940333,0.0171327596437997,0.0154962052267818,0.0111656651591872,0.0128008421523637,3.56930735197128e-05,-0.0645194569737805,1.06873949535181,0.012141476961822023,0.01317639276947162
937,2018-10-18,248.4944211939006,249.09032170411564,244.55444807325216,245.8262634277344,134557500.0,-0.0145466382640435,0.0152218452157982,0.0154223380293682,-0.0460988230413778,-0.0557844778553485,0.0146108857585238,0.0158252388968537,0.0112732557360777,0.0184515420265373,-0.010737294436418,0.2163279879955888,1.2788136388160605,0.017337584253938942,0.013092102303001653
938,2018-10-19,246.47551977272352,248.4054719837981,244.99913591592664,245.6928558349609,139901600.0,-0.0005428378706794,0.0152973427889369,0.0010864983881676,-0.0410292576372556,-0.0554132349073055,0.0133350413574133,0.0158706907644629,0.0112768108604734,0.0138642047864818,-0.0031754226078285,0.0397161064972224,1.308204804927995,0.018017976917536958,0.013111831001093288
939,2018-10-22,246.3599268625698,246.6800928007739,244.05642033413275,244.59005737304688,82415800.0,-0.004498628412464,0.0154125705406441,0.0022207554558538,-0.0455278860497196,-0.0565845483777337,0.0132197892907489,0.0158050914548836,0.0112828939170715,0.0107268156965168,-0.0071840802685017,-0.4109016623112245,0.7603496476561111,0.017971789440244895,0.013606992881444324
940,2018-10-23,240.97918171628453,244.46556013102136,238.89799429639208,243.3449249267578,146352700.0,-0.0051036928861035,0.0154637127587518,-0.0245132115448881,-0.0491712355579991,-0.0607600061301803,0.0058744591512435,0.0157678333661188,0.0112844977661597,0.0228793176447177,0.0098172099084417,0.7757844976327355,1.289552106768539,0.020807266557476466,0.014145903659309404
941,2018-10-24,243.0958722305184,243.4783288522013,235.42049357209595,235.971908569336,177806700.0,-0.0307671145701064,0.0121433857050632,-0.0554589120033968,-0.0477631025442525,-0.0885301083164915,0.012141476961822,0.015501396165105,0.012875519562162,0.0341474344508159,-0.0293051609466534,0.2149191644568224,1.5018160478116966,0.015104650536156929,0.01241650487058923
942,2018-10-25,237.8040269298721,241.7440002948675,236.78123848445856,240.20535278320312,138061500.0,0.0177814276354162,0.01155212310542,-0.0231308461039371,-0.0077085080745687,-0.0735393802216364,0.0173375842539389,0.0156521707487276,0.0137260206647657,0.0206604963332689,0.0100979192166463,-0.2235303844005878,1.1285521910072225,0.013740085571592632,0.01175452348491653
943,2018-10-26,236.5055661327389,241.0236356256426,233.2770902132027,235.98080444335932,201574600.0,-0.0177437294771931,0.0100900489358372,-0.0403317377104508,-0.039245239322283,-0.0913862714410702,0.0180179769175369,0.0155685948447913,0.0140437811816641,0.032827015022314,-0.0022188132734475,0.4600348395461442,1.563694202788598,0.00985098936486882,0.011689733163964315
944,2018-10-29,239.06695479413133,240.3565753986392,231.10696608457545,234.6733856201172,160749100.0,-0.0055557656292029,0.0122261712226239,-0.0413888749271897,-0.0391681194713357,-0.1004096981371133,0.0179717894402448,0.0155676736452309,0.0139163611066041,0.0394148202601753,-0.0183779861076893,-0.2025329580214967,1.201029745881603,0.007985820356431916,0.011620142576450672
945,2018-10-30,234.5043729526247,238.46212359771985,234.0151944626232,238.1508331298828,157116000.0,0.0147095265976836,0.0116077610266057,-0.0215756554434026,-0.0460888669882906,-0.0851180214809924,0.0208072665574764,0.014417078496002,0.0145774154657009,0.018672742298035,0.0155496468204232,-0.0226010596637865,1.1276082885338292,0.006775588715123198,0.012248285659743237
946,2018-10-31,240.71234277026565,243.0069741099624,240.24096922248447,240.694564819336,128296300.0,0.0106245382267877,0.0114107865701743,0.0198159973534914,-0.0356429146499052,-0.0750416407370171,0.0151046505361569,0.0151617021926383,0.0149222398739471,0.0114917629716902,-7.385558515647535e-05,-0.1834294406680414,0.9002256979327296,0.009782556982531922,0.012066184186173497
947,2018-11-01,241.55728117758088,243.4516779994685,240.4722290005421,243.25601196289065,99495000.0,0.0105856721131795,0.0113896600434246,0.0126202418312547,-0.0105106042726822,-0.0566094273140602,0.0137400855715926,0.0152218452157981,0.0152222325062326,0.0122482029319009,0.0070324139145321,-0.2244904958287963,0.7010977699319781,0.010368101810816377,0.011911215007874823
948,2018-11-02,244.3588011959873,244.7857162430484,239.7695662222295,241.815170288086,122634100.0,-0.0059407607176658,0.0112286619998252,0.024423210590782,-0.0159085271196686,-0.0569377847569244,0.0098509893648688,0.0152973427889368,0.0152255675735152,0.0207437358658801,-0.0104094098328024,0.2325654555505301,0.8590993817885707,0.011480149317769016,0.012140172970340158
949,2018-11-05,242.30428826612493,243.70063059419127,241.33486092616565,243.1492156982422,65622500.0,0.005501636052505,0.0123604238483252,0.0354806122724899,-0.0059082626546996,-0.0514361487044194,0.0079858203564319,0.0154125705406441,0.0153290572838271,0.0097297030600404,0.0034870510883788,-0.4648919020076797,0.4633006214748319,0.015346953599410504,0.014298424572339192
950,2018-11-06,243.08710357708765,244.8480713232823,243.0248400134352,244.68798828125,60085900.0,0.0063085704566977,0.0130922594449105,0.027079656131504,0.0055040006881015,-0.0436672348698977,0.0067755887151231,0.0154637127587518,0.015456608031672,0.0074512497432094,0.006585642268162,-0.0843704522077031,0.4263569136834074,0.014854365255116775,0.01420684971845224
951,2018-11-07,246.85796861882704,250.006402564566,246.43105358048592,249.9263610839844,102752100.0,0.0211824370949997,0.0101588484037974,0.037637554999716,0.0574535523532076,0.0096904498089549,0.0097825569825319,0.0121433857050632,0.014587888123977,0.0143056097346955,0.0124297890091417,0.7100867258375092,0.759272382901624,0.007039802228576245,0.01405327650629964
952,2018-11-08,249.12588950722693,250.1131220416892,248.3343501125517,249.47276306152344,65584900.0,-0.0018165756616994,0.0100598587682848,0.0252353072248371,0.037855549056092,0.0301470409815231,0.0103681018108163,0.0115521231054199,0.0135913713757958,0.0071301247771837,0.0013923625319818,-0.3617171814493329,0.5252384108312438,0.010774679831103707,0.014096994581826663
953,2018-11-09,248.16533791916257,248.3521013519031,245.6305827643591,247.03582763671875,98812600.0,-0.0098163658765646,0.0121660579042226,0.0213597020659383,0.0457829126567205,0.0065376733344373,0.011480149317769,0.0100900489358372,0.0134930809328881,0.0110166958921688,-0.004551442566132,0.5066364361308777,0.8190141553683925,0.01093334001711245,0.014020754151883237
954,2018-11-12,246.52892695269583,246.7690514205457,241.9041085312186,242.4199676513672,99673600.0,-0.0188617516679679,0.0110831232386689,-0.0030036856545345,0.0324769266179555,-0.0066911928533803,0.0153469535994105,0.0122261712226238,0.0141107203756219,0.0200682432906003,-0.0166672501767594,0.0087134636675889,0.8270383566568893,0.010286931237312197,0.013564976735996782
955,2018-11-13,242.88248213590185,244.87469860439532,241.24601473079449,241.96641540527344,98176600.0,-0.0018726883930174,0.0134804417983145,-0.0111849445042496,0.0158947116272545,-0.0301941553610362,0.0148543652551167,0.0116077610266057,0.0131297745533126,0.0149966426849904,-0.0037716459522833,-0.0150190220880955,0.8214600782974454,0.012510740295811968,0.01356603212687144
956,2018-11-14,243.834110608874,244.23431809199508,238.75572328236524,240.3121490478516,125335900.0,-0.0068602379090545,0.0132598939945205,-0.0392276195083038,-0.0015900645085876,-0.037232979158493,0.0070398022285762,0.0114107865701743,0.0131763927694716,0.0227978270401091,-0.0144440888611842,0.2766372027550352,1.0422922197666948,0.013144404770488727,0.014068883440919238
957,2018-11-15,239.04912683050927,243.2826121469212,237.4749236526706,242.8201141357422,135101400.0,0.0103821988584711,0.0130028571142842,-0.0270288449881333,-0.001793537763296,-0.0123041420359784,0.0107746798311037,0.0113896600434246,0.0130921023030016,0.0239176582010992,0.0157749469961738,0.0779146278121432,1.1232480038131838,0.010459134403890917,0.014307127721413852
958,2018-11-16,241.72621869757145,244.3587935506492,241.21035963910745,243.45162963867188,126668000.0,0.0025973783838005,0.013566991711617,-0.0146151007277682,0.0067446013381702,-0.0091639257814985,0.0109333400171124,0.0112286619998252,0.0131118310010932,0.0129324823835216,0.0071378725501809,-0.0624227432136158,1.0589574041515346,0.014550743917224544,0.014250121535979732
959,2018-11-19,242.84687550829725,243.1403881349804,238.41774988663545,239.3338165283203,103061700.0,-0.0170589772434763,0.0166308689618075,-0.0128123263032766,-0.015816011957811,-0.0217242746125108,0.0102869312373121,0.0123604238483251,0.0136069928814443,0.0197324319515294,-0.01446614856635,-0.1863635645940569,0.8542342081588382,0.012959722812054182,0.014158178284242786
960,2018-11-20,236.00749321474493,237.4660995132809,234.04195744397688,234.9046630859375,136021300.0,-0.0186795564645306,0.0152700352327607,-0.0296191943747898,-0.0408041388790393,-0.0353001381909379,0.0125107402958119,0.0130922594449105,0.0141459036593094,0.0145767309355256,-0.0046728606527927,0.3198045442681423,1.1322701483183135,0.011627265480776314,0.014038200663499268
961,2018-11-21,236.4521744473776,237.599490110918,235.69621797932788,235.70509338378903,75563700.0,0.0034016764790328,0.0172646176650821,-0.0193572799867025,-0.0585848994950062,-0.0011313471417987,0.0131444047704887,0.0101588484037973,0.0124165048705892,0.0080748027302536,-0.0031595440614347,-0.4444715643799904,0.6569651677709157,0.01239526245134993,0.014459456691695278
962,2018-11-23,234.0686416064989,235.5272479278672,233.97082215763007,234.1309051513672,42807900.0,-0.0067010366507618,0.0171377846668584,-0.0364405154959354,-0.0634693604840686,-0.0256138114279767,0.0104591344038909,0.0100598587682848,0.0117545234849165,0.0066476733143403,0.0002660054949733,-0.4334859198265833,0.3882568182275792,0.010049813215912431,0.015291723391397541
963,2018-11-26,236.381051842642,238.1331436585043,235.989719762009,237.91079711914065,79981400.0,0.0160154187328494,0.0162336561268289,-0.0230224751468865,-0.0376375758746546,0.0081453367820657,0.0145507439172245,0.0121660579042226,0.0116897331639643,0.0090093594845211,0.0064715224193054,0.8683794346370646,0.7677452796682569,0.009638144943803504,0.019095712584540188
964,2018-11-27,236.87904876964447,238.711181640625,236.27427284254324,238.711181640625,75502400.0,0.0033585747595191,0.016294761818971,-0.0026049231438911,-0.0154172494471676,0.0170596771707877,0.0129597228120541,0.0110831232386688,0.0116201425764506,0.0102086076627548,0.0077344656713908,-0.0560005201209281,0.7556688500131588,0.021263104951023792,0.019204842941495073
965,2018-11-28,239.7785008821429,244.20762634277344,238.64896315068884,244.20762634277344,127629600.0,0.0227644149391042,0.014013086920037,0.0388390482597436,0.0092198538849539,0.0251145655122083,0.0116272654807763,0.0134804417983144,0.0122482856597432,0.0227620376780632,0.0184717372255469,0.6904045434317321,1.2965171952617598,0.017616442680003033,0.018190134812507523
966,2018-11-29,243.43385961483304,245.0703267669041,242.2954465028745,243.67401123046875,82346400.0,-0.0021874786177266,0.0147969882134806,0.0332498931629842,0.0138926131762818,0.012302548667694,0.0123952624513499,0.0132598939945204,0.0120661841861734,0.0113876742538828,0.0009865168962759,-0.3548017074409071,0.8565005093982548,0.01968397825426092,0.01843604062647316
967,2018-11-30,243.52278892831976,245.71957352817088,243.20262298270973,245.1592559814453,98204200.0,0.006076711308306,0.0148971706034718,0.046027641122052,0.0095871256261167,0.0077935878628205,0.0100498132159124,0.0130028571142842,0.0119112150078748,0.010266593995748,0.006719974998345,0.1925742959012173,1.022126638155896,0.01902767955346453,0.018320810447524608
968,2018-12-03,249.27704913295136,249.3837710854744,246.813460255878,248.4054412841797,103176300.0,0.0131542313658141,0.0132801645433889,0.0431664537550167,0.0201439786081303,0.0268885799463004,0.0096381449438035,0.013566991711617,0.0121401729703401,0.0103472404481506,-0.0034965427094204,0.0506302174448751,1.0848624610458584,0.015967842350302516,0.01832187888189564
969,2018-12-04,247.57840882114908,248.00532392800807,240.04530733134203,240.35659790039065,177986000.0,-0.0329386099684492,0.0106559931120895,0.0068692690270484,0.0042643458831574,-0.0115516660746537,0.0212631049510237,0.0166308689618075,0.0142984245723391,0.0331175289806891,-0.0291697929360854,0.7250667062106317,1.7670735441879333,0.01140093106522818,0.019205057006738805
970,2018-12-06,236.505519915246,240.10752209732985,233.41044708855944,239.9918975830078,204185400.0,-0.0015184824804858,0.0108001616447187,-0.0174136283925415,0.0214254198672022,-0.0193787190118372,0.017616442680003,0.0152700352327607,0.0142068497184522,0.0279054212922086,0.0147412105603758,0.1471992179160157,1.891856808628151,0.01146617726368848,0.0193600988749729
971,2018-12-07,239.65399795009367,241.2193263481448,233.5795021440557,234.41552734375,161018900.0,-0.0235098642583281,0.0104037978551348,-0.038736014033143,-0.0054861208701586,-0.064071020365165,0.0196839782542609,0.0172646176650821,0.0140532765062996,0.0325909477527311,-0.0218584736793522,-0.2114083573066438,1.4526896911105194,0.009331885851838268,0.01888600617680266
972,2018-12-10,234.23758739782187,235.82959594381217,230.01300388121976,234.86016845703125,151445900.0,0.0018950107594376,0.0111469447637991,-0.0429177145820114,0.0031099265400407,-0.060359433944028,0.0190276795534645,0.0171377846668584,0.0140969945818266,0.0247661921593851,0.0026579041652781,-0.0594526481052845,1.3153771886488692,0.01162246109709778,0.01891856618845656
973,2018-12-11,238.05307539835013,238.2398388706836,233.44606213473483,234.91354370117188,121504400.0,0.0002272381063005,0.0221658672683477,-0.055844707841525,-0.0126782540865081,-0.0503158299611629,0.0159678423503025,0.0162336561268289,0.0140207541518832,0.0204065574952409,-0.0131883685683315,-0.1977042627103143,1.0450233960654358,0.011438521952506896,0.01894301535004457
974,2018-12-12,237.8840642387632,239.24482367435743,236.01634829099115,236.0963897705078,97976700.0,0.0050226055625276,0.0223318336942749,-0.0178834923105482,-0.0110142232834996,-0.0264314727306674,0.0114009310652281,0.0162947618189709,0.0135649767359967,0.0136743953878517,-0.0075148979565991,-0.1936366090446107,0.8432839761481513,0.009545199162767382,0.018897448148436427
975,2018-12-13,237.03914588892,237.9018513907384,234.90462492684645,236.016357421875,96662700.0,-0.0003390391378982,0.0223061271114204,-0.0167040489679606,-0.034117677360502,-0.0248978234755482,0.0114661772636884,0.014013086920037,0.0135660321268714,0.0126992319372781,-0.0043148504573345,-0.0134113518826415,0.8325167874568907,0.0075591795964714175,0.01893187447164279
976,2018-12-14,233.87294881626212,234.82459840670103,231.1069712205048,231.65838623046875,116961100.0,-0.0186373003655187,0.0223009504125547,-0.0118314850751512,-0.0505674991082941,-0.0366748859320124,0.0093318858518382,0.0147969882134806,0.0140688834409192,0.0160478851928878,-0.0094690839492224,0.2099920651916407,1.0109847612941,0.00790985251697165,0.018668026197487912
977,2018-12-17,230.70674603004963,231.8184786411639,225.48605403096252,227.11363220214844,165492300.0,-0.0198133387476724,0.0215746211031755,-0.0335398345822612,-0.0764575491642725,-0.0668704235381559,0.0116224610970977,0.0148971706034718,0.0143071277214138,0.027882186325852,-0.0155743769513926,0.414934538064365,1.4119320980073211,0.009504948790129837,0.01806137695127372
978,2018-12-18,228.75008575990108,229.41712524737136,225.26368076295103,226.8645782470703,134515100.0,-0.001097206757202,0.0227315456667164,-0.0348642794457637,-0.0907089872872886,-0.0705650086791584,0.0114385219525068,0.0132801645433889,0.0142501215359797,0.0183080343194738,-0.0082426527035702,-0.1871821226727769,1.1438147782477144,0.03120855652910516,0.018102552969546524
979,2018-12-19,226.9446507542669,230.70675017805107,221.7684306807493,223.46714782714844,214992800.0,-0.01508885420106,0.0250334043984783,-0.0549757392093513,-0.0728592315198994,-0.0685948856367421,0.0095451991627673,0.0106559931120895,0.0141581782842427,0.0399983603147588,-0.0153231323829873,0.5982800443965026,1.7450894885478725,0.031198366753911938,0.01781601945924034
980,2018-12-20,222.22199466662704,223.7873091985889,217.58828746517864,219.8295440673828,252053400.0,-0.0164119673156595,0.0243206626073664,-0.0710486673871126,-0.0877527163550731,-0.066327296487871,0.0075591795964714,0.0108001616447186,0.0140382006634992,0.0281992202627237,-0.0107660387210245,0.1723806564684957,1.9538973272393956,0.03009153191529957,0.01766344508354969
981,2018-12-21,220.72860171340412,223.3855045339363,214.6812341608542,215.3253326416016,255345600.0,-0.0207023868371648,0.0228136469400785,-0.0731137538587587,-0.0849452389339098,-0.0904313598040686,0.0079098525169716,0.0104037978551347,0.0144594566916952,0.0404238101773652,-0.0244792429701439,0.0130615179164415,1.850472237274704,0.027387069187969484,0.016739810682209148
982,2018-12-24,213.84032507460728,215.4505712615808,209.57318974188104,209.63580322265625,147311600.0,-0.0267783047477409,0.0196739266455085,-0.0800787198588272,-0.1136185544410883,-0.1105086279010477,0.0095049487901298,0.0111469447637991,0.0152917233913975,0.0280361533161266,-0.019661969043884,-0.4230893346116009,1.0286073466945866,0.020683121807440648,0.015085533512598566
983,2018-12-26,211.0940231255896,220.2276763916016,209.1169955121157,220.2276763916016,218485400.0,0.0492901491478645,0.013889953218109,-0.0296913639537607,-0.0645556433995243,-0.0772338974860326,0.0312085565291051,0.0221658672683477,0.0190957125845401,0.0504508836560998,0.043268175625124,0.483151360788967,1.455212977823803,0.01330141741366461,0.011149483073994836
984,2018-12-27,216.998192653221,222.115175702482,213.7687595647507,221.9183807373047,186267300.0,0.007647756025197,0.0139276713327545,-0.0069547537275037,-0.0619304929368549,-0.0729447162203547,0.0311983667539119,0.0223318336942748,0.019204842941495,0.0376102966775489,0.0226738666526431,-0.1474611118179979,1.1964904109317145,0.02054282746443389,0.011394798124455407
985,2018-12-28,223.2692083817748,224.89733637571825,220.46916948727355,221.6321258544922,153100200.0,-0.0012907433011596,0.0142237633758904,0.0081664702869961,-0.0628821971001163,-0.0969998744606185,0.0300915319152995,0.0223061271114204,0.0181901348125075,0.0199798060473955,-0.0073323255774854,-0.1780618498254926,0.9754613182147858,0.02042162257611097,0.011395549760901945
986,2018-12-31,223.2513150093296,223.81490460672552,221.3816466515664,223.5733642578125,144299400.0,0.0087206952703951,0.0143507298269897,0.037589552394556,-0.0355242014642025,-0.0860917005724968,0.0273870691879694,0.0223009504125546,0.0184360406264731,0.0108834876785825,0.0014425413282312,-0.0574839222940271,0.9015938126789548,0.020450102052451617,0.01168153061561785
987,2019-01-02,220.0487817922543,224.7274449611746,220.02194548461063,223.80601501464844,126925200.0,0.0010400603540838,0.0143248113921001,0.0654079174963808,-0.0146708023624463,-0.091128351526719,0.0206831218074406,0.0215746211031754,0.0183208104475246,0.0210249017492045,0.0170745467972702,-0.1204038270429398,0.7859861658602516,0.020320428194633408,0.011726068043634732
988,2019-01-03,222.06153288497995,222.3657003814828,217.9822513104657,218.46533203125,144140700.0,-0.0241523337829837,0.0102848367273561,-0.0080345654344674,-0.037725929388228,-0.1284349166755168,0.0133014174136646,0.0227315456667163,0.0183218788818956,0.0200647353530219,-0.0161946141999868,0.1356350039235707,0.88141387295527,0.012125980262360031,0.009765387339550598
989,2019-01-04,221.48903377701097,226.4271186384196,221.1133118576938,225.78302001953125,142628800.0,0.0329471112083247,0.0057177083345533,0.0172647897486602,0.0103100360211566,-0.0625491954987429,0.0205428274644338,0.0250334043984782,0.0192050570067388,0.0235350150789291,0.0193869022285019,-0.0104890568729026,0.8817001904205309,0.003554804292017278,0.007265119123185154
990,2019-01-07,226.05139025273732,228.96771572413164,225.15681037989435,227.563232421875,103139100.0,0.0078536948000187,0.0081944276869721,0.0264092278498385,0.0345756981368348,-0.0531770182182384,0.0204216225761109,0.0243206626073663,0.0193600988749729,0.0167465776596648,0.0066880463218887,-0.2768704497268434,0.6581386535529555,0.005729983801977362,0.007201655530550676
991,2019-01-08,229.74599353972656,230.1843289108456,227.2232719214142,229.7012481689453,102512600.0,0.0093513991064297,0.0079134708984104,0.0270399316858731,0.0646294840804293,-0.0203157548534806,0.0204501020524516,0.0228136469400784,0.0188860061768026,0.0128909050910056,-0.0001947601788037,-0.0060743209898088,0.6665838036858724,0.006388596265655581,0.007144308209785152
992,2019-01-09,230.40795353099523,231.61564162896792,229.1823836665336,230.7747344970703,95006600.0,0.0046625158021223,0.0078989351323395,0.0306623871339116,0.0960703046302925,-0.0175482498107959,0.0203204281946334,0.0196739266455085,0.0189185661884565,0.0105438663714081,0.001591876323947,-0.0732202675573538,0.6293242752261187,0.006300549375825114,0.007662567840661461
993,2019-01-10,229.24505692792303,231.8393332119918,228.5651674588411,231.5888519287109,96823900.0,0.0035215501258556,0.0081427348250884,0.0583362710427509,0.0503017056082836,-0.0142539377912408,0.01212598026236,0.013889953218109,0.0189430153500445,0.0141378383539747,0.0102239718151252,0.0191281447815203,0.6466479031456364,0.006736492625014806,0.007660610543007846
994,2019-01-11,230.5152984027252,231.70510473251588,229.93382703798264,231.6782684326172,73858100.0,0.0003860256905211,0.0087593505808462,0.0257751855249473,0.0430399752736077,-0.0188905176632473,0.0035548042920172,0.0139276713327545,0.0188974481484364,0.0076454201186694,0.0050450882780899,-0.2371914372381199,0.4972735599087823,0.007793511093387559,0.0076586151133955895
995,2019-01-14,229.78173558745547,231.0699325784489,229.37919109052424,230.2648162841797,70908200.0,-0.0061196134602204,0.0083999131759766,0.0118018772647082,0.0382111051145469,-0.0246710919855695,0.0057299838019773,0.0142237633758903,0.0189318744716427,0.0073425958650932,0.0021023459305378,-0.0399401013565201,0.4815877817718302,0.010776879943849363,0.00774362107142708
996,2019-01-15,230.640553477254,233.2169474781809,230.6315989437874,232.90383911132807,85208300.0,0.0113956389539683,0.0090068434979027,0.0138461171122468,0.0408860487981201,0.0053618473339174,0.0063885962656555,0.0143507298269896,0.0186680261974879,0.0111004977172476,0.0098130428493673,0.2016706107333143,0.5850180084919588,0.009998543295313063,0.00749698308992299
997,2019-01-16,233.3332441885954,234.3530782952415,233.1275083007143,233.4674530029297,77636700.0,0.0024170191241042,0.0092018144020565,0.0116006204342287,0.0422630075681405,0.027592205205694,0.0063005493758251,0.0143248113921001,0.0180613769512737,0.0052494254713602,0.0005751808526084,-0.0888598880625478,0.5496094202131632,0.010030283981677813,0.007578625301265533
998,2019-01-17,232.59969924486884,236.09750948945432,232.55495387525625,235.2386932373047,96118400.0,0.0075580347313673,0.0091158075823779,0.0156371050397404,0.0739733760824915,0.0362474466942633,0.0067364926250148,0.0102848367273561,0.0181025529695465,0.0150594086603958,0.011345646623806,0.2380536524607563,0.6898213026636681,0.010158071964000353,0.007727799290399774
999,2019-01-18,237.04572950918973,238.83488883956213,235.2744519439753,238.36968994140625,127900300.0,0.0132220730435416,0.0085078207298278,0.0284731523927609,0.0542483379177084,0.0645583739388649,0.0077935110933875,0.0057177083345533,0.0178160194592403,0.0149366175559569,0.0055852532545421,0.3306536521623331,0.9475255084899642,0.008633382987967906,0.007318096521263895
1000,2019-01-22,236.9025808874693,237.1172712595665,233.53895278912816,235.1491851806641,115531200.0,-0.013602644320259,0.0064944745616979,0.0209901215327223,0.0327919987974307,0.0673676969342654,0.0107768799438493,0.0081944276869721,0.0176634450835496,0.0152172267477309,-0.0074013364490869,-0.0967089209329454,0.901479103271306,0.0058039325290601415,0.006320394004215174
1001,2019-01-23,236.17801920347108,236.87579034797807,233.18117144550067,235.64126586914065,86030300.0,0.0020904454054965,0.0066822496018775,0.0116849279842505,0.0255310450964975,0.0901605291769267,0.009998543295313,0.0079134708984103,0.0167398106822091,0.0156789978565517,-0.0022726642222704,-0.2553500699378176,0.7187663062278841,0.009063775329593633,0.006481582114241182
1002,2019-01-24,235.462340895824,236.3479934597773,234.451461356412,235.76649475097656,59204100.0,0.0005312975103209,0.007842206205972,0.0097992063704672,0.0213998268046961,0.1174701314349885,0.0100302839816778,0.0078989351323395,0.0150855335125985,0.0080441120582823,0.0012917303633157,-0.3118226950272171,0.513540037388677,0.009215420650232236,0.006510124266431939
1003,2019-01-25,237.60933824799548,238.58445429816075,235.86492393987604,237.7614288330078,96883400.0,0.0084258848751136,0.0075600870374307,0.0106670565142135,0.0263041615539541,0.0766058671622376,0.0101580719640003,0.0081427348250884,0.0111494830739948,0.0114380636574773,0.0006400867328437,0.6364305850439411,0.8871607402294414,0.00911479496586527,0.006383434186083486
1004,2019-01-28,235.62340130094336,236.01699132108016,234.19206807171744,235.9543914794922,85613700.0,-0.0076292411650826,0.0068408011720842,-0.0101842576944106,0.0182888946983504,0.061328869971958,0.0086333829879679,0.0087593505808461,0.0113947981244554,0.0077342203208001,0.0014047423843359,-0.1163223008275927,0.8218379230180125,0.006834566654893851,0.005979294718750393
1005,2019-01-29,236.0975102983828,236.6610726340007,234.8093132161532,235.64126586914065,66136300.0,-0.0013279412203519,0.0073811888366836,0.0020904454054964,0.0230805669382189,0.0612916720527657,0.0058039325290601,0.0083999131759766,0.0113955497609019,0.0078583834245561,-0.0019324406626123,-0.227503308465818,0.6625206554673309,0.00567928782751616,0.005949428804620773
1006,2019-01-30,237.15310270701,240.2125502350187,236.3927044417232,239.37164306640625,92473700.0,0.0157067474071082,0.006126273101716,0.0157067474071081,0.0273916753913588,0.0682777241894788,0.0090637753295936,0.0090068434979027,0.0116815306156178,0.0159578041256783,0.0093548865018947,0.3982291116981142,0.951043040714779,0.004245949319242756,0.005212083465514015
1007,2019-01-31,239.3090246230662,241.9569728947139,239.0943069304852,241.4738922119141,104012100.0,0.0087440243725991,0.0059079415166881,0.0239194742693863,0.0337186806398537,0.0759816882079941,0.0092154206502322,0.0092018144020564,0.0117260680436347,0.0118549708956381,0.0090463265740093,0.1247749360088328,1.0824634522456291,0.00632952186257069,0.005069833658755988
1008,2019-02-01,241.67077991950413,242.6101052934549,240.8030362333058,241.5902709960937,85782500.0,0.0004818357282328,0.0065555490580188,0.0159754251225055,0.0266424816367192,0.1006158577192106,0.0091147949658652,0.0091158075823779,0.0097653873395505,0.0074798916889262,-0.0003331347026612,-0.1752642240662384,0.9207053548060292,0.006347646648743823,0.005212780272909203
1009,2019-02-04,241.63495404193893,243.3525593935762,240.96401914371376,243.28993225097656,60744800.0,0.0070106727598199,0.0063773866337996,0.030615339047408,0.0204310813529975,0.0746794192707058,0.0068345666548938,0.0085078207298278,0.0072651191231851,0.0098176699206707,0.0068490844613084,-0.2918742167691546,0.6819418629316479,0.005193950288419351,0.005098765750200673
1010,2019-02-05,243.71932746285623,244.61390727961893,243.2183649495019,244.30975341796875,79552800.0,0.0041830324506526,0.0063370366989191,0.0361263127184126,0.0382167581239091,0.0710087569213397,0.0056792878275161,0.0064944745616979,0.0072016555305506,0.0057121842685073,0.0024225651746987,0.3096232105464171,0.9050694620629396,0.007998122083923122,0.005303378610112099
1011,2019-02-06,244.0324315275162,244.52443949783927,243.25415146881173,243.98768615722656,58347800.0,-0.0013191439534309,0.0065021793540254,0.0191004213578734,0.0348071687649817,0.0603382138614791,0.0042459493192427,0.0066822496018774,0.0071443082097851,0.0052063612268078,-0.0001833582938527,-0.26655252863507,0.6809279080802524,0.007965875242326238,0.005673570584780405
1012,2019-02-07,242.37739591476807,242.92307635961063,240.00676546510303,241.6617431640625,95482000.0,-0.0095787645861719,0.0052545197154633,0.0007776323991024,0.0246971066684889,0.0460969334731849,0.0063295218625706,0.007842206205972,0.0076625678406614,0.0120677392140126,-0.0029526381699274,0.636428451458324,1.113980784350648,0.005744348702446278,0.005204771204193245
1013,2019-02-08,240.41826173017645,242.05533034671092,239.59523650575105,241.9569396972656,75788900.0,0.0012207823242798,0.0052486162775451,0.0015165789951494,0.0174920041176551,0.0437961656716091,0.0063476466487438,0.0075600870374306,0.0076606105430078,0.0101674861817889,0.0064000045421508,-0.206249345426363,0.895207787133295,0.006510711760552559,0.006030234353925585
1014,2019-02-11,242.61001223279428,242.8694206752519,241.5633420291128,242.0911407470703,68021400.0,0.0005544947234167,0.0053368542084219,-0.0049395990412537,0.0256757400061544,0.0439646347045047,0.0051939502884193,0.0068408011720841,0.0076586151133955,0.0053949873676033,-0.0021387059872289,-0.1024886230041602,0.8062383691515511,0.006327065706428979,0.006047766966577791
1015,2019-02-12,243.70138226031133,245.5799775461956,243.6298006053734,245.2042694091797,72270200.0,0.0127773459440509,0.0042084544745581,0.0036547144521446,0.0397810271705572,0.062861594108776,0.0079981220839231,0.0073811888366835,0.007743621071427,0.0079532748166301,0.0061669209051224,0.062462695563455,0.8559073282435787,0.004776731734614189,0.00558767677177965
1016,2019-02-13,246.03623333401944,246.84134953696977,245.61577981797595,246.0004425048828,65277200.0,0.0032417188745278,0.0043280512786742,0.0082155772801033,0.0273159986379768,0.0547076740293355,0.0079658752423262,0.0061262731017159,0.0074969830899229,0.0049819817660266,-0.0001454697491163,-0.0967618741888081,0.7823213673857469,0.005626952931627659,0.0055842304307603076
1017,2019-02-14,244.9180196899225,246.5819520637004,244.1039489183974,245.45477294921875,83234400.0,-0.0022206287073107,0.0043812287300086,0.0155737131589645,0.016351345558067,0.0500700261979206,0.0057443487024462,0.0059079415166881,0.0075786253012655,0.0100955590128845,0.002191562956355,0.275091456128633,0.9941964476346978,0.00539062511508393,0.005588662500294588
1018,2019-02-15,247.2260281617068,248.1653532093736,247.02029230681623,248.1295623779297,97088700.0,0.0108383326659863,0.0035065495071581,0.025191263500671,0.0267078424958205,0.0533503241325396,0.0065107117605525,0.0065555490580188,0.0077277992903997,0.0046147701691961,0.0036546888810262,0.1664492085003315,1.159008026736449,0.003458900380458483,0.005168906433906746
1019,2019-02-19,247.3334357653313,249.21203152652333,247.32448123109788,248.5590057373047,59120800.0,0.0017292262957271,0.0035445907613509,0.0263659950729814,0.0214263960317277,0.0418574773847251,0.0063270657064289,0.0063773866337996,0.0073180965212638,0.0075939726658721,0.0049551326054282,-0.3910640476183119,0.7359758017617742,0.0035963487761227755,0.005170121582696907
1020,2019-02-20,248.52319847147984,249.5161961914224,248.0222359948916,249.05995178222656,76610800.0,0.0020133727084731,0.0040302647296368,0.0156020218374036,0.0192567362895482,0.0574734944134572,0.0047767317346141,0.006337036698919,0.0063203940042151,0.0059983959116683,0.0021597714581494,0.2958349684036752,0.9773805925063976,0.0035995913962224737,0.005241624711035622
1021,2019-02-21,248.42485873105,248.7826852447677,247.2171703593912,248.17437744140625,64214700.0,-0.0035620037680847,0.0046900374940247,0.0087982991947911,0.0170138764748944,0.051821045239876,0.0056269529316276,0.0065021793540253,0.0064815821142411,0.0063081245594989,-0.0010082778789658,-0.1618061683209155,0.8307956417536565,0.003166898077943474,0.005626223747559733
1022,2019-02-22,248.7915085043155,249.90973295511063,248.1563646603763,249.71295166015625,78114600.0,0.0061804308979958,0.0039833550273286,0.0171993588000976,0.0327730719590621,0.0574701786275509,0.0053906251150839,0.0052545197154633,0.0065101242664319,0.0070215352590943,0.0037036760674843,0.2164597825731491,0.9984158702347972,0.003185294886668733,0.007203708763499676
1023,2019-02-25,251.13543991453852,251.6542842748501,249.9724695959429,250.052978515625,69030700.0,0.0013607446502646,0.0064577702903771,0.0077217707843759,0.0329130342850469,0.0504050384027019,0.0034589003804584,0.0052486162775451,0.0063834341860834,0.0067258334169457,-0.0043102693880318,-0.1162894004449872,0.8983003063077987,0.0037470824615546856,0.0072018939600163555
1024,2019-02-26,249.7040511002087,250.7506941241526,249.49828792864352,249.8740234375,56844100.0,-0.0007159248653081,0.0065865227922986,0.0052766196233407,0.0316426146963221,0.0573183547024764,0.0035963487761227,0.0053368542084218,0.0059792947187503,0.0050121504359669,0.0006806951530918,-0.1765388443112991,0.7538262976092871,0.0037851107824501047,0.007379299952816059
1025,2019-02-27,249.15838854121603,250.11559560406909,248.2280450842568,249.7667236328125,56921600.0,-0.00042950782924,0.0068959599687415,0.0028337390856276,0.0184357609230312,0.0582167880935883,0.0035995913962224,0.004208454474558,0.0059494288046207,0.0075572537940931,0.0024415597450207,0.0013633780814543,0.7594945153681903,0.0046160246834193236,0.007490275706221786
1026,2019-02-28,249.5519185749204,249.9902811449562,248.9794018248287,249.3014373779297,69268300.0,-0.0018646206111397,0.0068548591660594,0.0045311222425725,0.0133294214373637,0.0406454200753404,0.0031668980779434,0.0043280512786741,0.005212083465514,0.0040548475402292,-0.0010037237879039,0.2169071143467507,0.9387675943622146,0.005617183286934608,0.007510803292947202
1027,2019-03-01,250.8759597706737,251.2695770643132,249.4267448715506,250.8580780029297,78880500.0,0.0062245967664668,0.0067542250374471,0.0045752881110436,0.0217746469111412,0.0381259924692081,0.0031852948866687,0.0043812287300085,0.0050698336587559,0.0073461146136226,-7.127732669313967e-05,0.1387676613977821,1.0875592721561222,0.0029289857531765466,0.007513228369435597
1028,2019-03-04,251.9136582318563,252.1551849315805,247.6554499673396,249.9455718994141,106494600.0,-0.0036441711777946,0.006617587815063,-0.0004296277170156,0.0072921430673603,0.0339999855631807,0.0037470824615546,0.0035065495071581,0.0052127802729092,0.0180028593027114,-0.0078125431795,0.3500751136212372,1.4476171523192716,0.008919858538591237,0.007841336068971142
1029,2019-03-05,250.0708202602486,250.2676288888448,249.05994081793224,249.60562133789065,59114600.0,-0.0013610241296675,0.0065600825862696,-0.001074726981375,0.0042018926419657,0.0256282886736933,0.0037851107824501,0.0035445907613509,0.0050987657502006,0.0048383849067153,-0.0018602687105749,-0.4449051876808777,0.8044561032285492,0.009115530870552967,0.007818454369072914
1030,2019-03-06,249.72193751101,249.7308920448468,247.77176016313652,248.0937957763672,75039800.0,-0.0060752741897042,0.0062226356979334,-0.0067204933418392,-0.0038867542562115,0.0153699820333365,0.0046160246834193,0.0040302647296368,0.005303378610112,0.0078967387135961,-0.0065198186065291,0.2693953777916116,1.024318273352973,0.008636202611785767,0.007615422096851687
1031,2019-03-07,247.64648588473747,247.78962191252373,245.17746448154068,246.01837158203125,94885100.0,-0.0084006690661173,0.005666318234636,-0.0132565417968167,-0.0087254195542441,0.0082884569206501,0.0056171832869346,0.0046900374940247,0.0056735705847804,0.0106177331968562,-0.006574348498787,0.2644636579521799,1.2636999459946474,0.006549170722719366,0.007224765866600646
1032,2019-03-08,244.1666005291717,245.6963242662043,243.701428884689,245.5263519287109,85795800.0,-0.0020019330657439,0.0092415399994349,-0.0214830716290275,-0.0169077835179838,0.0158652884410781,0.0029289857531765,0.0039833550273286,0.0052047712041932,0.0081249746344723,0.0055689492198863,-0.095792700856088,1.1500647981979828,0.005498457024342011,0.007167695233114703
1033,2019-03-11,246.2420952292,249.24787087242785,246.215258921686,249.0868530273437,65098900.0,0.0143973616784158,0.0081970589116133,-0.003441538772817,-0.0038711664898326,0.0290418677952141,0.0089198585385912,0.006457770290377,0.0060302343539255,0.0121749177601474,0.0115526867796338,-0.2412344194004835,0.8789269187595877,0.0026805742731518833,0.006627259013133683
1034,2019-03-12,249.6414754841614,250.54500995828857,249.4536213411692,250.0261383056641,79667500.0,0.0037638226352953,0.0084299553916723,0.0016833079921457,0.0006085810107707,0.0322511957070927,0.0091155308705529,0.0065865227922985,0.0060477669665777,0.0043650980834056,0.0015408610318324,0.2237917998614416,1.067233035509218,0.003076505637443748,0.006802343076785411
1035,2019-03-13,250.91178095520416,252.61147731037204,250.7507358243936,251.6811065673828,80639200.0,0.0065973704042557,0.0083911283424521,0.0143559525861056,0.0076354592442664,0.0260712201672975,0.0086362026117857,0.0068959599687415,0.0055876767717796,0.0073932505755265,0.0030661199296815,0.0121969435466156,1.0742283286705048,0.0032273538119438204,0.006715801289559544
1036,2019-03-14,251.70787361502687,252.1283271456543,251.0816842356358,251.52001953125,67518400.0,-0.0006402491301418,0.0084793162727849,0.0221163725220811,0.0088598307252643,0.0221892521626279,0.0065491707227193,0.0068548591660594,0.0055842304307603,0.0041612707885801,-0.0007463178687218,-0.1627099475193206,0.898100011898245,0.005357070314483245,0.006710372031021098
1037,2019-03-15,252.0708751186068,253.5713885597361,251.88216612584608,252.76272583007807,81309000.0,0.0049286192154548,0.0085723381665237,0.0290469248032798,0.0075638531742523,0.0293385000853934,0.005498457024342,0.006754225037447,0.0055886625002945,0.0066830361491892,0.0027446673922392,0.2042495082821867,1.0829232254461187,0.011349550523127153,0.006771743413063652
1038,2019-03-18,252.97840020058632,253.97577207395665,252.75377010720248,253.6792449951172,62199800.0,0.0036194479067746,0.0092724082119243,0.0182690110316386,0.0148274722588215,0.0221196153261817,0.0026805742731518,0.0066175878150629,0.0051689064339067,0.0048171144895108,0.0027703740476466,-0.2350194935370008,0.8481200309142108,0.011023146814056865,0.006770409081916252
1039,2019-03-19,254.73942165972792,255.5031417462448,252.8525241186721,253.74205017089844,90268100.0,0.0002475464735133,0.0092698674831931,0.0147527348698566,0.0164360428620023,0.0206379355039679,0.0030765056374437,0.0065600825862695,0.0051701215826969,0.0104461110241186,-0.0039152616518135,0.451260293441458,1.2052490790372037,0.011879462085759494,0.006767575037723371
1040,2019-03-20,253.52644405949383,254.73045774743304,251.87317030498068,252.97833251953125,84609200.0,-0.0030143576447274,0.0091477504363766,0.0051410068208735,0.0194969594069791,0.0156102051507674,0.0032273538119438,0.0062226356979334,0.0052416247110356,0.0112945935487647,-0.0021619501744518,-0.0626899203594625,1.1236919493105353,0.012019211913317384,0.006749548725225338
1041,2019-03-21,252.16062832801063,256.23988877632723,252.11568588232552,255.8355712890625,79550400.0,0.0112310956199472,0.0085380583081985,0.0170123515709625,0.0391287240930436,0.0304033045387993,0.0053570703144832,0.005666318234636,0.0056262237475597,0.0161205217602124,0.0145738174330351,-0.0597901883010357,1.045855573264674,0.01042541501313528,0.006343869918726554
1042,2019-03-22,254.4788691323708,254.99999873616272,250.8488401747913,250.9117431640625,122659300.0,-0.0194336820263066,0.0047292157159548,-0.0073499496707988,0.0216969751324809,0.0047891916144969,0.0113495505231271,0.0092415399994348,0.0072037087634996,0.0165442976443598,-0.0140173759042161,0.5419067660250609,1.566735209062183,0.005257902429123447,0.004166073348362082
1043,2019-03-25,250.5702619995156,251.7563149520097,249.46509997525595,250.7230224609375,85575200.0,-0.0007524227783271,0.0046083168841811,-0.0117218203559005,0.006547190675738,0.0026760241859052,0.0110231468140568,0.0081970589116132,0.0072018939600163,0.0091384307442716,0.0006096512020337,-0.3023341890912471,1.0816288844226467,0.006321635959967545,0.004395338101129954
1044,2019-03-26,252.4751832254885,253.5444244613853,251.1903059153472,252.5919952392578,68125900.0,0.0074266862817752,0.0050869673034883,-0.0045426805476386,0.0102100543222179,0.0108186353329885,0.0118794620857594,0.0084299553916722,0.007379299952816,0.0093198461962669,0.0004626673096221,-0.2039060381979826,0.8549823508874004,0.006364440190004684,0.004346157057223722
1045,2019-03-27,252.5829650542192,253.1670250393392,249.725677797436,251.2711334228516,72224700.0,-0.0052429509800613,0.0043697404287022,-0.0067712738829725,-0.001630267062099,0.0060051921821672,0.0120192119133173,0.008391128342452,0.0074902757062217,0.0136957524528373,-0.005193666291335,0.0601650767182524,0.8978010960490808,0.004502458104574104,0.0040573535176571685
1046,2019-03-28,251.9001481789004,252.6728624031701,250.75004339861144,252.22360229492188,56238500.0,0.0037834358163824,0.0044805381870046,-0.0142189336865373,0.0027934178844251,0.0116532486096893,0.0104254150131352,0.0084793162727849,0.0075108032929472,0.0076234697588305,0.0012840568707873,-0.2213397909579409,0.704789696311379,0.004593029711005363,0.004079940374178878
1047,2019-03-29,253.7331165800728,254.13743419240424,252.6099664002764,253.81398010253903,82186800.0,0.0062856321314637,0.0045240437349685,0.0115003804712329,0.004150430800434,0.0117142839746862,0.0052579024291234,0.0085723381665237,0.0075132283694355,0.0060180601222626,0.0003186951847522,0.4613974412546564,1.027848410280935,0.004501264469127013,0.003966871765989476
1048,2019-04-01,255.8087003800633,257.1205321351597,255.5391278798156,256.8240051269531,77617900.0,0.0117894084461161,0.003281603197182,0.0240422116956761,0.0123203913397755,0.0271478635985969,0.0063216359599675,0.0092724082119243,0.0078413360689711,0.0061575406651041,0.0039690000589555,-0.0555916521874558,0.9885589860080476,0.00176063199820169,0.003232079959836777
1049,2019-04-02,257.01270157304134,257.1834225886773,256.1590964948618,256.9497985839844,40070400.0,0.0004896842098072,0.0032766980453764,0.0171052096237081,0.0125625290760694,0.0289985719380716,0.0063644401900046,0.0092698674831931,0.0078184543690729,0.003986483349901,-0.0002447466163032,-0.4837479498930015,0.5166108321264267,0.003722197480429412,0.0038019360621747433
1050,2019-04-03,258.1627579277011,258.5581088983009,256.7520750289998,257.3540954589844,68243200.0,0.0015722103719718,0.0034999158903911,0.0239203709757412,0.0171490970927686,0.0366460564997476,0.0045024581045741,0.0091477504363765,0.0076154220968516,0.0070177001305538,-0.0031323746120777,0.7030825746685834,0.8837026596532316,0.003887253251148004,0.0038640548257033885
1051,2019-04-04,257.67764571070825,258.2886329223049,256.98579496410593,258.0370483398437,48997500.0,0.0026502328913353,0.0034718251784272,0.0227871680506941,0.0085682343641567,0.0476969584572002,0.0045930297110053,0.0085380583081984,0.0072247658666006,0.0050490344955545,0.0013947761286943,-0.2820163767232486,0.6539121925947071,0.0038536506907904354,0.0043367202532502815
1052,2019-04-05,258.7018866821242,259.3398281950125,258.4143537053717,259.2859191894531,58621700.0,0.0048282150768501,0.0031997601795931,0.0213297509960805,0.0328301314673134,0.0545271065997942,0.004501264469127,0.0047292157159548,0.0071676952331147,0.0035693202798436,0.0022575502437155,0.1964222664421653,0.796803580972306,0.004418231325324012,0.004401715736076335
1053,2019-04-08,258.8636614791043,259.59146060914446,258.2077318961907,259.483642578125,53566300.0,0.0007622783324927,0.0041548369818821,0.0103026208824571,0.0343448325781332,0.0408920232538711,0.0017606319982016,0.0046083168841811,0.0066272590131336,0.005332624049846,0.0023950101589317,-0.0862376901386346,0.7338407235070612,0.004490142054081282,0.005900020385823234
1054,2019-04-09,258.522174565323,258.8456286022435,257.6056940400608,258.1537780761719,66142300.0,-0.0051382198223504,0.0037244717506758,0.0046747168502995,0.0217799264740076,0.0319899807962254,0.0037221974804294,0.0050869673034882,0.0068023430767854,0.0048030850891394,-0.0014250092463848,0.2347744757431444,0.9146011535963496,0.0031028909476860777,0.005791737739310487
1055,2019-04-10,258.5670843373598,259.1241897573699,258.1537728250394,259.0343322753906,52601500.0,0.0034051635466472,0.0037367350852086,0.0065076700249749,0.0304280410007161,0.0287977739386169,0.003887253251148,0.0043697404287021,0.0067158012895595,0.0037462869257762,0.001807066584783,-0.2047222428007492,0.7417405630482299,0.0035064498369598482,0.005773588772650623
1056,2019-04-11,259.5196026050741,259.5285965825624,258.3964522455626,258.9625244140625,55093100.0,-0.0002772521140264,0.0038296346731651,0.0035801850196132,0.0263673530703073,0.0291607709547323,0.0038536506907904,0.0044805381870045,0.006710372031021,0.0043718462335868,-0.0021465746148638,0.047367470509396,0.783740929658764,0.003477114703701512,0.005893715437087351
1057,2019-04-12,260.57083310063365,260.9931386511058,259.0074168766403,260.714599609375,69727800.0,0.0067429630932758,0.0034126279452043,0.0054949330360389,0.0268246840321194,0.0309751148325533,0.004418231325324,0.0045240437349684,0.0067717434130636,0.0076164579100697,0.0005517367658943,0.2656358055727486,1.0001695450598271,0.0016915897703976331,0.007977658888207863
1058,2019-04-15,260.786383204038,260.8852346427562,259.7440969246708,260.5437927246094,49596700.0,-0.0006553636100296,0.0033590215939576,0.0040772910935166,0.0143799119759737,0.0267003033157491,0.0044901420540812,0.0032816031971819,0.0067704090819162,0.0043798307614702,-0.0009302267873349,-0.2887098115816073,0.7178998007188885,0.004219822212035766,0.008324457338016922
1059,2019-04-16,261.4244381773299,261.47834719052565,260.1215730435636,260.714599609375,52153200.0,0.0006553636100295,0.0043978567328274,0.0098708745258965,0.014545591376196,0.0271081204522653,0.003102890947686,0.0032766980453763,0.0067675750377233,0.0052040589556352,-0.0027152724240469,0.0515457681660271,0.7763194089676583,0.004625215542691249,0.00846309138720456
1060,2019-04-17,261.8287272177432,261.855681721401,259.6632906883781,260.0766296386719,58268300.0,-0.0024500039708548,0.0043767217235309,0.0040157070083945,0.0105233770333694,0.0276724741261379,0.0035064498369598,0.0034999158903911,0.0067495487252253,0.0084297886975421,-0.0066917698362955,0.1172526326284868,0.8846889609627009,0.0043029252911474134,0.008747113365036538
1061,2019-04-18,260.66070312049783,260.858378651933,259.36683190031505,260.5888061523437,68708500.0,0.0019673926620373,0.0052503582695479,0.0062603517844582,0.0098405368040714,0.018408771168228,0.0034771147037015,0.0034718251784272,0.0063438699187265,0.0057237560340406,-0.0002758258812832,0.1791746112380146,1.051860245734369,0.004493321034652987,0.008835438953317919
1062,2019-04-22,259.8250957710666,260.9662065425261,259.7352382678088,260.8134460449219,40160100.0,0.0008616760112975,0.0055334155539914,0.0003790647024799,0.0058739977385188,0.0387041292058321,0.0016915897703976,0.0031997601795931,0.004166073348362,0.0047197270439241,0.0038039061273978,-0.4155002656148803,0.6562538911869701,0.004446788678953174,0.008923085413623213
1063,2019-04-23,261.1817838739017,263.39216279015545,260.9481873227596,263.1585388183594,52246600.0,0.0089512741123691,0.0071308710445882,0.0099857024248786,0.0140629935183952,0.0484078260965283,0.0042198222120357,0.0041548369818821,0.0043953381011299,0.0092870840458752,0.0075685023478209,0.3009579159414444,0.8776582386394656,0.002578650321763174,0.008924507475521114
1064,2019-04-24,263.07769295982763,263.4101409908237,262.4307574273886,262.57452392578125,50392900.0,-0.0022217173474154,0.0071290194559165,0.0071086214674337,0.0169794959933302,0.0387594224673377,0.0046252155426912,0.0037244717506758,0.0043461570572237,0.0037299260750519,-0.0019126252339578,-0.0354798206964663,0.8593180078065716,0.004505404894149315,0.008932203655732026
1065,2019-04-25,262.47568374884355,263.06871029746924,261.22675508512435,262.41278076171875,57770900.0,-0.0006161793541895,0.0071320804935306,0.008942446084099,0.0129581530924935,0.0433861940932095,0.0043029252911474,0.0037367350852085,0.0040573535176571,0.0070193044980436,-0.0002396526269648,0.146409514038684,0.9974221433244111,0.004585810200265004,0.009271246818592625
1066,2019-04-26,262.45776734051964,263.70669621419734,261.68502567610466,263.63482666015625,50916400.0,0.0046461501944861,0.007169870188673,0.0116212036165478,0.017881555401006,0.0442489084713132,0.0044933210346529,0.0038296346731651,0.0040799403741788,0.0076684501956896,0.0044847570394419,-0.1186497008009223,0.8831357281497996,0.00629070866851414,0.009200150391759181
1067,2019-04-29,263.7246416311188,264.5692527133445,263.6347841375647,264.048095703125,57197700.0,0.0015663539976353,0.0101995924301532,0.0123258816028856,0.0127049463053655,0.0395296303374848,0.0044467886789531,0.0034126279452043,0.0039668717659894,0.003539008957029,0.0012264840706793,0.123364966886897,1.0140600110097306,0.006541685412914846,0.009310044752724594
1068,2019-04-30,263.7066772500253,264.47042488251304,262.2960214157048,264.1828918457031,81111700.0,0.0005103681861965,0.0109887298878958,0.003884975676713,0.0138706781015916,0.0282505900775652,0.0025786503217631,0.0033590215939576,0.0032320799598367,0.0082306747860047,0.0018058495925999,0.4180937345382769,1.4335921910718648,0.009610748244716869,0.009332117035817036
1069,2019-05-01,264.8118094680611,265.0184789347916,262.18811906270474,262.1971130371094,71671900.0,-0.0075450747016379,0.0112769227645347,-0.0014383816775094,0.0056702397899242,0.0202158311661201,0.0045054048941493,0.0043978567328274,0.0038019360621747,0.0107947789329253,-0.0098737908864561,-0.1163802509379041,1.2323352977329638,0.009466053303882728,0.009337154915312486
1070,2019-05-02,262.0803941826196,262.9969024366537,260.1395870466609,261.6311340332031,65030200.0,-0.0021609343417988,0.0118563538476688,-0.0029831366651187,0.0059593094189802,0.0164826864523495,0.004585810200265,0.0043767217235309,0.0038640548257033,0.0109211596721903,-0.0017142073935658,-0.0926681167933318,1.1212342193838092,0.009455798550165977,0.00967435104955193
1071,2019-05-03,263.1047231539981,264.4704641506386,261.7389547366939,264.1919250488281,56543700.0,0.0097402014494222,0.0112891935484724,0.0021109145898173,0.0137321182063651,0.0235726550104364,0.0062907086685141,0.0052503582695479,0.0043367202532502,0.0103391101504703,0.0041322021201179,-0.1305009057330286,0.9686108564167768,0.007965738917220433,0.009214679009571307
1072,2019-05-06,259.89692165063803,263.54491082051743,259.58243415240935,263.1046447753906,107198100.0,-0.0041239859184786,0.0113490191155225,-0.0035794253262965,0.008746456276589,0.0146204540151077,0.0065416854129148,0.0055334155539914,0.0044017157360763,0.0150604588204469,0.0123422897985091,0.8958451604688056,1.7629847070700475,0.012447700087282312,0.010760452561577242
1073,2019-05-07,260.70562286447625,261.29864946948265,256.806048601852,258.7109069824219,144729900.0,-0.0168405928814707,0.0107926092669962,-0.0209303863939637,-0.0170454107172507,-0.0029824171988556,0.0096107482447168,0.0071308710445881,0.0059000203858232,0.0173653322932221,-0.0076512192569444,0.3501162800460082,2.2142455813163626,0.013367227444596858,0.010431478822424217
1074,2019-05-08,258.3515930175781,260.05877644874835,257.7585662091501,258.3515930175781,91568300.0,-0.0013898282032906,0.0108212896241084,-0.0147751398956164,-0.0162135215731259,0.0007659744202041,0.0094660533038827,0.0071290194559165,0.0057917377393104,0.0089034103205306,0.0,-0.3673159450811477,1.3741901233409932,0.013984970095836678,0.010558576085760392
1075,2019-05-09,256.2849164466201,258.1717868559465,254.5507516890629,257.5697937011719,103471100.0,-0.003030693958192,0.0114260485362477,-0.0156448995120096,-0.0186280361771284,-0.005669883084635,0.0094557985501659,0.0071320804935306,0.0057735887726506,0.0140584620380006,0.0050134720075084,0.1299882164460846,1.495725763685503,0.014751180709304748,0.010790123183481081
1076,2019-05-10,256.6352774765789,259.61837045130414,253.6521845018536,258.8636169433594,112429300.0,0.0050106206238664,0.0112819532441836,-0.0203744803375654,-0.0182635657477481,-0.0003820103467422,0.0079657389172204,0.007169870188673,0.0058937154370873,0.023047603289712,0.0086829039588442,0.0865768315983883,1.5605499727148429,0.014811978641543322,0.01078035824792871
1077,2019-05-13,253.76011533329583,254.7215112151304,251.5227811389909,252.3583984375,127290500.0,-0.0254510543597753,0.0082945751952478,-0.0417015487788622,-0.0452809741051587,-0.0325760277997933,0.0124477000872823,0.0101995924301532,0.0079776588882078,0.0126753462375125,-0.0055237872742719,0.1321826249918838,1.6989554581515909,0.008097680842760243,0.008947313424959325
1078,2019-05-14,253.37364746715613,256.1680589417973,253.24786892518063,254.6405639648437,77003200.0,0.0090027045830086,0.0078227425377592,-0.0158582513143829,-0.0367886377083466,-0.0229179596067551,0.0133672274445968,0.0109887298878957,0.0083244573380169,0.011467890155238,0.0050001904710781,-0.3950593327860288,1.0093071951109618,0.008091908792637362,0.00878905678275286
1079,2019-05-15,253.01424507953,256.7700521218785,252.80757560681195,256.1321105957031,73956400.0,0.0058403706574662,0.0075405666217716,-0.008628052453626,-0.0234031923492425,-0.0177329525593184,0.0139849700958366,0.0112769227645347,0.0084630913872045,0.0154704402577668,0.0123228852794163,-0.0395671868182101,0.9557154364795964,0.008066820883589433,0.008746149020728239
1080,2019-05-16,256.8330712710565,259.86108067213627,256.7612017031912,258.5043334960937,76749600.0,0.0092190894336688,0.0071604748883564,0.0036217309382347,-0.0120231685737749,-0.0060638591547948,0.0147511807093047,0.0118563538476687,0.0087471133650365,0.0119915938236753,0.0065071924607146,0.0377681985602327,0.9801072313135356,0.00792260381472865,0.008524118150004706
1081,2019-05-17,256.2039688033776,259.3128398746993,256.1859808567677,256.8329162597656,100353000.0,-0.0064867156327935,0.0071423020685706,-0.0078756053184251,-0.0282500856559906,-0.0145179674496256,0.0148119786415433,0.0112891935484723,0.0088354389533179,0.0121746817482267,0.0024548700760786,0.307537759154445,1.256146374542611,0.008172056454702767,0.008374609318751822
1082,2019-05-20,255.23362019273912,256.9408029172049,254.38900909588577,255.13479614257807,62877600.0,-0.0066337243672905,0.0106634390173929,0.0109417246740596,-0.0307598241048025,-0.0220133678282136,0.0080976808427602,0.0113490191155224,0.0089230854136232,0.0100017475463954,-0.0003871905671612,-0.3734357717258079,0.7760228422057514,0.008621225185138913,0.008465348624954733
1083,2019-05-21,256.82398306292055,257.8123606375981,256.5723985366988,257.4349975585937,46847100.0,0.0089752337546524,0.0106267213383698,0.0109142538457034,-0.0049439974686794,-0.0219894081859303,0.0080919087926373,0.0107926092669962,0.0089245074755211,0.0048166026867308,0.0023791177458822,-0.2549477079277835,0.5801105126308773,0.005658535121835945,0.008283019212755807
1084,2019-05-22,256.48259057914987,257.59674680267347,256.1681030390929,256.6443176269531,49482500.0,-0.0030761033628961,0.0108709215316934,0.0019977798253411,-0.0066302726282849,-0.022843794201411,0.0080668208835894,0.0108212896241083,0.008932203655732,0.0055666292431113,0.0006305576040777,0.0562553498508979,0.6130904174088562,0.006838367306861598,0.00842348528215049
1085,2019-05-23,254.4249798663409,254.46989490750192,252.09781586860328,253.5084991455078,98733800.0,-0.012293798537313,0.0104085703904497,-0.0195151081456406,-0.0158933772074059,-0.0345214133845345,0.0079226038147286,0.0114260485362476,0.0092712468185926,0.0093570000488903,-0.0036021648554891,0.995327641085232,1.1930409228824732,0.007206650103412439,0.007797120154932103
1086,2019-05-24,254.94617482944585,255.3595139649316,253.4636216227119,254.08360290527344,55268100.0,0.0022660084880307,0.0104424037596091,-0.0107623840248164,-0.0186379893432416,-0.0369015550909899,0.0081720564547027,0.0112819532441836,0.0092001503917591,0.0074616871003931,-0.003383349151049,-0.4402312075499981,0.6660758510158729,0.00626519119419014,0.007836937070297431
1087,2019-05-28,254.3620646286992,255.31449378901283,251.70245267654,251.7204132080078,70029400.0,-0.0093443579628252,0.009697847940234,-0.0134730176203511,-0.0025312929462915,-0.0478122670514504,0.0086212251851389,0.0082945751952477,0.0093100447527245,0.0143494167455067,-0.0103853985638443,0.2670853530336667,0.8374992390925942,0.013267342693043723,0.007877146079459595
1088,2019-05-29,250.6063161906961,251.0106338991557,248.62956043600977,250.03125,104972900.0,-0.0067330901452362,0.0092568629666256,-0.0291813415202397,-0.0182670876745363,-0.0550557253828831,0.0056585351218359,0.0078227425377591,0.009332117035817,0.0095231034646506,-0.0022946995089242,0.4989832841635084,1.2377371954572045,0.013015742889389559,0.007639411213630184
1089,2019-05-30,250.785904569244,251.6215490107112,249.6178395350318,250.7140350341797,62523800.0,0.0027270769300847,0.0092532018336036,-0.0233781612272589,-0.0213803814019178,-0.0447835737511605,0.0068383673068615,0.0075405666217715,0.0093371549153124,0.0079920115976203,-0.0002865772507739,-0.4043815117997121,0.7412167390757345,0.013079500214076738,0.007643469019270704
1090,2019-05-31,248.1712922154684,248.9979154505843,247.30869307361624,247.3356475830078,86862800.0,-0.0135666757203722,0.0073010243469445,-0.0246510384103181,-0.0441661465559588,-0.0561893151297339,0.0072066501034124,0.0071604748883563,0.0096743510495519,0.0068296761646585,-0.0033672090957848,0.3892757637891491,1.016598424557305,0.008604045118098464,0.006664938225710756
1091,2019-06-03,247.37160702364017,248.4857633553792,245.3768909783469,246.7067108154297,96428000.0,-0.0025460857622678,0.0070201216581722,-0.0294631326606166,-0.0402255166854331,-0.0684756023414239,0.0062651911941901,0.0071423020685705,0.0092146790095713,0.0126014909231964,-0.0026878436705427,0.1101184857038917,1.1028059978428333,0.0066157913008107125,0.006627578333411735
1092,2019-06-04,248.9979171712153,252.1966469375377,248.54865706447725,252.06187438964844,77231900.0,0.0214743651674713,0.0046520234512001,0.0013555904696798,-0.0121174271506713,-0.042877251255474,0.0132673426930437,0.0106634390173928,0.0107604525615772,0.0144725967855861,0.0123051519998309,-0.199071846351682,0.8986675193500244,0.00399053688520414,0.005187056440314413
1093,2019-06-05,253.6791063094924,254.2721327222997,251.8730999920776,254.24517822265625,71169700.0,0.0086244793742069,0.0043996170711524,0.0167131599891229,-0.0124681815311168,-0.0174121789997964,0.0130157428893895,0.0106267213383698,0.0104314788224242,0.0094359025685086,0.0022314487046214,-0.0784934722569301,0.8651541499189485,0.00482287444158757,0.005151299828243549
1094,2019-06-06,254.5417063759417,256.5723426738006,253.89477096070465,255.89845275878903,69430400.0,0.0064816268351383,0.0047195099945697,0.0204677098941765,-0.0029104513330824,-0.0095407239613675,0.0130795002140767,0.0108709215316933,0.0105585760857603,0.0104634150157205,0.0053301535617251,-0.0244387709938358,0.8555224593066981,0.0046054547364961585,0.005159380411154018
1095,2019-06-07,256.91380361699646,259.53749394521816,256.74308263224987,258.4592590332031,74272200.0,0.0099573793653912,0.0044392513681153,0.0439917649799399,0.0193407265696217,0.0034473493622156,0.0086040451180984,0.0104085703904497,0.010790123183481,0.0108118057887386,0.0060154627522879,0.069736023413375,0.9319484473486056,0.0030038444033025956,0.005155368563430362
1096,2019-06-10,260.0047883414486,261.3076536120134,259.55552823720706,259.6453857421875,60799100.0,0.0045787228243463,0.0045400719295531,0.051116573566554,0.0216534409059373,0.0030154515626955,0.0066157913008107,0.010442403759609,0.0107803582479287,0.0067481475543959,-0.0013822922322073,-0.1814016549933892,0.7884303908105003,0.002297849076325705,0.0051149270674330696
1097,2019-06-11,261.46033152755564,261.8287280257867,258.9354924680753,259.5824279785156,58641300.0,-0.0002425053601395,0.0059021649771585,0.0293997030389432,0.030755293508623,0.0282240005623313,0.0039905368852041,0.0096978479402339,0.0089473134249593,0.011145729625238,-0.0071823650573245,-0.0354906569340665,0.7958739789179502,0.005023564496569672,0.005140215664153996
1098,2019-06-12,259.3488670961745,259.9059451972257,258.61207399835774,259.1242370605469,47096300.0,-0.0017666672438318,0.0058651634005864,0.0190085564209045,0.0357217164100274,0.0174546287354909,0.0048228744415875,0.0092568629666256,0.0087890567827528,0.0049932465351191,-0.000866130776443,-0.196874898748834,0.652427167788567,0.004480570595812739,0.00506774087311067
1099,2019-06-13,260.0317238829631,260.55288092143763,259.3308792682955,260.1934509277344,48945200.0,0.0041177699228029,0.005836026849329,0.0166446995085691,0.0371124094027456,0.0157320280008276,0.0046054547364961,0.0092532018336035,0.0087461490207282,0.0046965119559504,0.0006219512079382,0.0392578610209295,0.689993555434366,0.005322345817312174,0.005075664245055173
1100,2019-06-14,259.9059143066406,260.50790737500523,259.14216679214854,259.9059143066406,52324700.0,-0.0011056989091254,0.0059016130158514,0.0055816212340525,0.0495733862139924,0.0054072396580334,0.0030038444033025,0.0073010243469444,0.0085241181500047,0.0052547499217173,0.0,0.0690466072260405,0.7505570219333169,0.0054122344319799814,0.005037632775674645
1101,2019-06-17,260.13947220822826,260.768447108016,259.8339787319646,260.00469970703125,39205700.0,0.000380009174334,0.0062969034279679,0.0013829075840402,0.0524994811505942,0.0122739644651609,0.0022978490763257,0.0070201216581721,0.0083746093187518,0.003594044173449,-0.0005180778605144,-0.2507228899544574,0.5881696817857056,0.0057350694637992,0.005168915317831481
1102,2019-06-18,261.819686538235,263.7784530378946,261.46025669701737,262.7271728515625,85434800.0,0.0104164215098363,0.0056785248472714,0.012041834454016,0.0414415374929592,0.0293241103422877,0.0050235644965696,0.0046520234512001,0.0084653486249547,0.008823588042745,0.0034660736376483,1.1791423185914294,1.2603794188344215,0.007002762287427605,0.0051309388051604095
1103,2019-06-19,262.8621193786363,263.85049725511794,261.891729458514,263.32037353515625,78674400.0,0.0022553130001578,0.0060010592868939,0.0160638146980056,0.0350723711189101,0.0226041895877931,0.0044805705958127,0.0043996170711524,0.0082830192127558,0.0074387248138336,0.0017433251987893,-0.0791293477599291,1.134023337924235,0.006872811773505897,0.005156314579443738
1104,2019-06-20,265.9979055853094,266.240496147716,263.3832087300726,265.8361511230469,116570000.0,0.0095087046121943,0.0055306567190016,0.021454749387397,0.0380994488959661,0.0351889975628835,0.0053223458173121,0.0047195099945696,0.0084234852821504,0.0107483026878493,-0.0006081042702445,0.4816763775764416,1.6027614189188957,0.004855901192012995,0.00497957327200681
1105,2019-06-21,265.56720928498066,266.8222128563769,265.2331441808112,265.4498291015625,83309500.0,-0.0014542905476596,0.0058965530223389,0.0211061577488628,0.0266877789829153,0.0460285055525369,0.0054122344319799,0.0044392513681152,0.0077971201549321,0.0059863239729481,-0.0004419980303072,-0.2853264133138886,1.1577274497839132,0.005835217627215139,0.004977033714068241
1106,2019-06-24,265.6574579000981,265.9734475035229,264.9712523643733,265.124755859375,47582700.0,-0.0012253631895566,0.0058466127928809,0.0195007853849722,0.0208836929690124,0.0425371338749496,0.0057350694637992,0.0045400719295531,0.0078369370702974,0.0037800888713733,-0.002005221479321,-0.4288442494553443,0.6647927411769768,0.007233682748279137,0.005157548229000287
1107,2019-06-25,265.1788214889388,265.2059070885623,262.4159801112717,262.5243225097656,82028700.0,-0.0098567571140822,0.004430714798747,-0.0007723932389462,0.0112694412150697,0.0420247347236926,0.0070027622874276,0.0059021649771585,0.0078771460794595,0.0106273085503793,-0.0100102224011275,0.7239185670422232,1.1365218844892786,0.0036644964943715478,0.004520973124591299
1108,2019-06-26,263.4182718416797,263.9238882568308,262.154230803802,262.2625732421875,51584900.0,-0.0009975450660159,0.0042460893839654,-0.0040252513051199,0.0120385633928856,0.0477602798029129,0.0068728117735058,0.0058651634005864,0.0076394112136301,0.0067476553407969,-0.0043873137250965,-0.3711359560739107,0.7421667873640194,0.0027771282614395968,0.0047197041455537036
1109,2019-06-27,263.0209840306274,263.6981517889475,262.6417855162231,263.1925354003906,40355200.0,0.0035396482549073,0.0042693175788573,-0.0099943076624069,0.01146044172499,0.0485728511277355,0.0048559011920129,0.005836026849329,0.0076434690192707,0.0040136634996785,0.0006522345370863,-0.2176935498566441,0.5900109470575442,0.004127492543175994,0.00483779438977915
1110,2019-06-28,264.167557504222,265.04336195090093,263.65293111911507,264.5467834472656,59350900.0,0.005132272586512,0.0042840867413143,-0.0034077445282353,0.0176984132206274,0.0672717994346197,0.0058352176272151,0.0059016130158514,0.0066649382257107,0.0052558977042449,0.0014355507793101,0.4707125723574656,0.8855464596732584,0.006122810038579371,0.004833437091945531
1111,2019-07-01,267.8695161656501,268.0862285975048,265.7477182235052,266.9485778808594,78705600.0,0.0090379369507396,0.0039852784427004,0.0068555556120608,0.026356340997033,0.0788558221476271,0.0072336827482791,0.0062969034279679,0.0066275783334117,0.0087601529574107,-0.0034380107821646,0.3261062595512451,1.1900629705668622,0.0049511178754440615,0.004555804890205869
1112,2019-07-02,266.9033307761512,267.6978784773819,266.0636495912675,267.6437072753906,61504500.0,0.0026005978971346,0.0047141511215023,0.0193129106232776,0.0185405173843313,0.0599820548772904,0.0036644964943715,0.0056785248472714,0.0051870564403144,0.0061059865847428,0.0027739500181072,-0.2185498871744831,0.9411655428850106,0.005210617788923603,0.005243747633797213
1113,2019-07-03,268.3208613302796,269.80161425412496,268.17639561424454,269.7835388183594,40898900.0,0.0079632838358314,0.0041081727891229,0.0282737395251249,0.0242484882200049,0.0593208593389149,0.0027771282614395,0.0060010592868939,0.0051512998282435,0.0060241579119274,0.0054512253755749,-0.3350258924143762,0.6406895822481916,0.0038995516088374126,0.0052675133273984405
1114,2019-07-05,268.5556853748782,269.63916472557844,267.2645588956779,269.47662353515625,51677300.0,-0.0011382829208169,0.0044690741662123,0.0235958083494007,0.0136015006869937,0.0517009495829597,0.0041274925431759,0.0055306567190016,0.005159380411154,0.0088119177045824,0.0034292260802169,0.2635376501568502,0.8209509755616909,0.004164733592400792,0.005488695995818754
1115,2019-07-08,268.1674925462859,269.2961055716428,267.4542013991323,267.9959411621094,45841800.0,-0.00550981097895,0.0041629800347894,0.0129537247839387,0.0095459802557033,0.0362337592386185,0.0061228100385793,0.0058965530223389,0.0051553685634303,0.0068728808523124,-0.0006397172996161,-0.1129219212304047,0.7450731655386311,0.0019507306148908382,0.008564338781316844
1116,2019-07-09,266.840222998623,268.6279282653834,266.7860517816925,268.3299865722656,41101300.0,0.0012456807925092,0.0046838447491344,0.0051614686257083,0.0120170242377691,0.0329007172067814,0.004951117875444,0.0058466127928809,0.005114927067433,0.0068642215773929,0.0055829797955546,-0.1034099882639861,0.678892567988486,0.0033034815688528776,0.009275685068340304
1117,2019-07-10,269.3954061841779,270.5601425237143,268.8627041508156,269.6120910644531,58448500.0,0.0047667099232431,0.0046768662575764,0.0073275806518168,0.0266404912750944,0.037909932490164,0.0052106177889236,0.0044307147987469,0.0051402156641539,0.0062958540405108,0.000804337695822,0.422059642882342,0.9655794711710136,0.004497482490654386,0.009171106297591219
1118,2019-07-11,270.2530562724696,270.48778894864506,269.2418238255109,270.2440185546875,50826100.0,0.0023410970723259,0.004974087292282,0.0017053938883113,0.0299791334134362,0.0420176968063217,0.0038995516088374,0.0042460893839654,0.0050677408731106,0.004610518781499,-3.344168575473645e-05,-0.1304122432568842,0.8370771791513085,0.004742680002693142,0.010304639867991823
1119,2019-07-12,270.7317391031545,271.5262872021826,270.42475962017244,271.4540405273437,40326000.0,0.0044675219521745,0.0052260663333907,0.0073111987613027,0.0309070071107034,0.0423674488356933,0.0041647335924007,0.0042693175788573,0.0050756642450551,0.004057878747615,0.0026679599022336,-0.2065887408241041,0.6688940465759321,0.004314170926815412,0.010301272268180674
1120,2019-07-15,271.88735320178154,271.88735320178154,271.03863413807807,271.54425048828125,33900000.0,0.0003322660982918,0.0052757233973189,0.0131532758385445,0.0261070006224832,0.0438054138431105,0.0019507306148908,0.0042840867413143,0.0050376327756746,0.0031255276522236,-0.0012619296538064,-0.1593512870108614,0.5710306547447594,0.004725956193402135,0.010562659284312279
1121,2019-07-16,271.45387537678204,271.66154999805445,270.3613861822975,270.6683654785156,36650100.0,-0.003230783444885,0.0052247034418704,0.0086768116011503,0.0138382802268586,0.0401946212238915,0.0033034815688528,0.0039852784427004,0.0051689153178314,0.0048035307467807,-0.0028937140690149,0.0811238938053098,0.6186865447100672,0.006075393289054815,0.011263602689021539
1122,2019-07-17,270.6412948846412,270.8038084821164,268.82647705078125,268.82647705078125,36036300.0,-0.0068282231412663,0.005971657522702,-0.002918121463359,0.0044094591884577,0.0229499765727889,0.0044974824906543,0.0047141511215023,0.0051309388051604,0.0073554192021108,-0.0067056205692242,-0.0167475668552063,0.6347924342376736,0.004812359788703384,0.01293960112039619
1123,2019-07-18,268.32997368121545,270.1899255172124,267.88756624619475,269.8106994628906,51392600.0,0.0036544952721776,0.0063781156547847,-0.0016047232635073,0.0001006706248039,0.0243491588448087,0.0047426800026931,0.0041081727891229,0.0051563145794437,0.0085332393252043,0.0055183018183213,0.4261342035669588,0.927588160862976,0.005693492663592956,0.012916639592447644
1124,2019-07-19,270.903180082799,270.93026568631416,268.1403383081677,268.3118896484375,58678600.0,-0.0055705287997573,0.0065530148599329,-0.0116427740154391,-0.0043315752541364,0.0092699254328571,0.0043141709268154,0.0044690741662123,0.0049795732720068,0.0103980758430124,-0.0095653747348757,0.1417713834287426,1.1174752987408585,0.004849736412872545,0.01343858336735067
1125,2019-07-22,268.7092233807768,269.5128091364652,268.1945967466048,268.9710693359375,43638100.0,0.0024537536775195,0.0110663591981182,-0.0095212864362114,0.003631989402333,0.0131779696580362,0.0047259561934021,0.0041629800347894,0.0049770337140682,0.0049009448975866,0.0009744583824339,-0.256320021268401,0.8636692042507279,0.005370319572211714,0.013748147102215226
1126,2019-07-23,270.09045489623645,270.8940124511719,269.25978419676665,270.8940124511719,44564500.0,0.0071238215337874,0.012048926576197,0.0008333185424609,0.0095101301436112,0.0215271543813802,0.0060753932890548,0.0046838447491344,0.0051575482290002,0.006032721947665,0.002975142365709,0.0212291552565304,0.8846463940453587,0.004945240744354736,0.013689605614838616
1127,2019-07-24,270.1357029970052,272.1672058105469,270.04540847226593,272.1672058105469,47213200.0,0.0046889582584699,0.0117811449166469,0.0123504999421971,0.009432378478838,0.0360728697539323,0.0048123597887033,0.0046768662575764,0.0045209731245912,0.0077959331358896,0.007520304761656,0.0594352006642058,0.9707714982218464,0.006364809687152739,0.013794131550783061
1128,2019-07-25,271.7157538258222,271.76992502848304,270.0634494826073,270.8670349121094,55394100.0,-0.0047885502805103,0.014010053014719,0.0039074543895092,0.0023027311260018,0.0322818645394379,0.0056934926635929,0.004974087292282,0.0047197041455537,0.0063000488281249,-0.0031235543090994,0.1732756940855524,1.1345395961673874,0.006915092451926231,0.013774519464397362
1129,2019-07-26,271.5533631619197,272.88061333605407,271.4269452624631,272.6819763183594,45084100.0,0.0066781398324992,0.0137125272588929,0.0161561230217657,0.0045133490063265,0.0354203561170298,0.0048497364128725,0.0052260663333907,0.0048377943897791,0.0053310016790174,0.0041561376493308,-0.1861209045728696,0.9189279808811875,0.004014674300329397,0.014689381662548275
1130,2019-07-29,272.56458990519246,272.68197007942166,271.63461378772524,272.18536376953125,38126500.0,-0.0018228755875261,0.013964725618725,0.0118794937567201,0.0023582073205086,0.0284652079429917,0.0053703195722117,0.0052757233973189,0.0048334370919455,0.0038479522821926,-0.001391325761696,-0.1543249172102803,0.7942953814660522,0.010792036972702862,0.015016095689357712
1131,2019-07-30,270.7858728681932,271.92352363022513,270.4066467628394,271.5172119140625,45849000.0,-0.0024577856412444,0.0153397785730067,0.0022978865816883,0.0031312051241492,0.0169694853510077,0.0049452407443547,0.0052247034418704,0.0045558048902058,0.0055866692821884,0.002700802069631,0.2025494078921486,0.989029301036562,0.015773530921911246,0.015020607587113575
1132,2019-07-31,271.7609178303265,271.9505446149553,266.5332033083149,268.546630859375,104245200.0,-0.0110009623972318,0.0175014361714543,-0.0133920340740133,-0.0010415341318162,0.0033679250566413,0.0063648096871527,0.005971657522702,0.0052437476337972,0.0201728142680634,-0.0118276277421109,1.2736635477327751,2.149624463419749,0.016211718743259475,0.015015247212389771
1133,2019-08-01,268.70014633011544,271.65258755475,265.4136125645929,266.2081604003906,142646600.0,-0.0087460099601206,0.0175759241748447,-0.0173494937536237,-0.0134420393641144,-0.0133413687393106,0.0069150924519262,0.0063781156547846,0.0052675133273984,0.0234364528148701,-0.0092742261727809,0.3683757141815642,2.6622114387491544,0.01973466236780826,0.015231146204033411
1134,2019-08-02,265.31430025667504,265.55807069993347,262.6507630499362,264.2037353515625,116749700.0,-0.007558030302767,0.0183924312613046,-0.0315856638888899,-0.0154295408671241,-0.0197611161212607,0.0040146743003293,0.0065530148599329,0.0054886959958187,0.0110040368889132,-0.0041858463868631,-0.1815458622918457,2.0541644530458587,0.019675615805816903,0.015137589650207976
1135,2019-08-05,260.11372490987765,260.22206736292844,254.36231674350023,256.2583923339844,178745400.0,-0.0305342498483825,0.0155818618593988,-0.0602970381497462,-0.0484175443930261,-0.0447855549906932,0.0107920369727028,0.0110663591981182,0.0085643387813168,0.0228665705971929,-0.0148217191431518,0.5310137841895954,2.8157397839771856,0.013456825520500594,0.013429815995677042
1136,2019-08-06,258.14544932334616,260.068610669545,256.6737332676527,259.8518981933594,120711700.0,0.0139255658978826,0.0153890168851612,-0.0439136866106192,-0.0416158000289309,-0.0321056698853198,0.0157735309219112,0.0120489265761969,0.0092756850683403,0.013064662700159,0.0066104162381563,-0.3246724111501611,1.7893469761151262,0.013776398551788402,0.013310678283923608
1137,2019-08-07,256.78201534695285,260.7728029003708,254.6512073027584,260.0053405761719,140572300.0,0.0005903250962965,0.0155604514105861,-0.0323223991170909,-0.0457144331911043,-0.0362820547122664,0.0162117187432594,0.0117811449166469,0.0091711062975912,0.0235441148402834,0.0125527686386595,0.1645292047084086,1.9641917096313477,0.020449369486072556,0.013563818676950038
1138,2019-08-08,261.4951276540409,265.106689453125,260.9443777056149,265.106689453125,87713900.0,0.0194301751916501,0.0142349056610932,-0.0041462139653202,-0.0214957077189439,-0.0191929765929422,0.0197346623678082,0.0140100530147189,0.0103046398679918,0.0157005157285782,0.0138112011167649,-0.3760228722159344,1.1948186325935326,0.01695682968219198,0.012904459807995934
1139,2019-08-09,264.1675479475779,264.7634586627928,261.5220868217728,263.30078125,93730000.0,-0.0068353130282031,0.0163328018729923,-0.0034234966907563,-0.0350091605796462,-0.0304958115733198,0.0196756158058169,0.0137125272588928,0.0103012722681806,0.0123105287634614,-0.0032811248176096,0.0685877608908052,1.2319587151221325,0.019314946340289123,0.012781208675020755
1140,2019-08-12,261.80209060429195,263.29185424173795,259.1475906449031,260.0956420898437,65527600.0,-0.0122476160801329,0.0164213554561069,0.0148631370774932,-0.045433901072253,-0.0430756937517445,0.0134568255205005,0.0139647256187249,0.0105626592843122,0.0159336141256964,-0.0065180858965236,-0.3008897898218287,0.8437376772028292,0.01911021842536301,0.012396641023916964
1141,2019-08-13,259.79763351897674,265.58516336808646,259.4545308129541,264.1405334472656,94299800.0,0.0154318676107518,0.0155128072502593,0.0163694387903624,-0.0275442478202568,-0.0244130426961077,0.0137763985517884,0.0153397785730067,0.0112636026890215,0.023209737919138,0.0167164722382725,0.4390852098962881,1.1707576643198492,0.0181015678008247,0.012046154431220124
1142,2019-08-14,260.0955074489988,260.7004282688296,256.20405407445605,256.3304443359375,135622100.0,-0.0300138748731837,0.0121211965290968,-0.0142347611791177,-0.0465571602962087,-0.0475986944280251,0.0204493694860725,0.0175014361714542,0.0129396011203961,0.0175413193934965,-0.0144756945246336,0.4382013535553628,1.5857550840248933,0.008855253795898644,0.00952899833458565
1143,2019-08-15,257.215365095548,257.9015704661981,254.96717731036955,257.0076904296875,99556600.0,0.0026385979953974,0.0126108243078721,-0.0310263383753704,-0.0351725523406907,-0.0486145917048053,0.0169568296821919,0.0175759241748446,0.0129166395924476,0.0114175305451855,-0.0008073960347717,-0.2659264234958757,1.1321812120416064,0.009219934630674949,0.009563641046460765
1144,2019-08-16,258.6600201444486,261.23323542718947,257.06188669690755,260.79986572265625,83018300.0,0.0146473068868152,0.0119122376634917,-0.0095437184603521,-0.0129672151511085,-0.0283967560182328,0.0193149463402891,0.0183924312613046,0.0134385833673506,0.0159944435505111,0.0082728114573433,-0.1661195741919672,0.9312158712405608,0.015055217224998215,0.009224399893056292
1145,2019-08-19,263.815534727368,264.6190928142968,263.1383669618993,263.9419250488281,53571800.0,0.0119757828860735,0.0114525607387549,0.0146796805058542,0.0295428175833474,-0.0188747268096788,0.019110218425363,0.0155818618593988,0.0137481471022152,0.0056100441493845,0.0004790859703949,-0.3546989037356823,0.597585287737074,0.014819870406288984,0.008919224856726731
1146,2019-08-20,263.4362519312439,263.9689538188934,261.79301278192634,261.9194030761719,51596400.0,-0.0076922634822047,0.0117063356402295,-0.0084444505871023,0.0079249882032601,-0.0336908118256709,0.0181015678008247,0.0153890168851612,0.0136896056148386,0.0083076740837495,-0.0057579351511115,-0.0368738776744481,0.5733015188050185,0.014615224650294937,0.008660985088033743
1147,2019-08-21,264.07731753557846,264.42039264271136,263.3911122132719,264.0502319335937,49524700.0,0.0081025229334198,0.0120924087310244,0.0296719472195012,0.0154371860403834,-0.030277247150721,0.0088552537958986,0.0155604514105861,0.013794131550783,0.0038980478142442,-0.0001025669384918,-0.0401520261103487,0.5495765432985157,0.014430215819144582,0.008543039989950539
1148,2019-08-22,264.75450123640525,265.38650783914835,262.1993065597355,263.9689636230469,51666400.0,-0.0003078233210931,0.0120761089094468,0.0267255259030107,-0.0043008124723597,-0.0257965201913038,0.0092199346306749,0.0142349056610931,0.0137745194643973,0.0120741515808057,-0.0029670415788585,0.0432450878046712,0.5745313426349696,0.015998493652030123,0.008647825097027233
1149,2019-08-23,262.66887506036954,264.33019001252563,255.9423308719856,257.1883239746094,149161500.0,-0.0260229395456987,0.0071719233567148,-0.0139447205295031,-0.0234884389898553,-0.0584975995695017,0.0150552172249982,0.0163328018729923,0.0146893816625482,0.0326136856094917,-0.0208648667814203,1.8870116748989672,1.5679461462797262,0.007215658949734547,0.005835211712538179
1150,2019-08-26,259.3732289407894,260.0323486328125,257.8473424684489,260.0323486328125,72423800.0,0.010997446439036,0.0069307119038998,-0.0149230569765407,-0.0002433764706864,-0.0456772775429396,0.0148198704062889,0.0164213554561068,0.0150160956893577,0.0084028244018554,0.0025412017065708,-0.5144605008665104,0.7478194390636578,0.007785224752914793,0.0059181263578596275
1151,2019-08-27,261.42284451272855,261.7930328129497,258.253690992949,259.0121154785156,66668900.0,-0.0039312025799702,0.0064872393720387,-0.0111619960743062,-0.0196064466614084,-0.0471506944816654,0.0146152246502949,0.0155128072502593,0.0150206075871135,0.0136647732229125,-0.0092215699003135,-0.0794614477561244,0.6810758069698998,0.007912231698251693,0.005844155204803294
1152,2019-08-28,258.3530501478796,260.9985121802663,257.5494645347921,260.83599853515625,59696700.0,0.0070170132053408,0.0064348009897717,-0.0122475058023852,0.017424441417116,-0.0291327188790928,0.0144302158191445,0.0121211965290967,0.0150152472123897,0.0132230507477644,0.0096106795946686,-0.1045794965868643,0.6240494349740608,0.008672735456772407,0.005792818875966844
1153,2019-08-29,263.39119104890403,264.69135544136327,262.3889683674536,264.16766357421875,57899400.0,0.0126921391385837,0.0058350876418525,0.0007524566572915,0.0274779825603023,-0.0076945697803885,0.0159984936520301,0.0126108243078721,0.0152311462040334,0.0087156279567231,0.0029479821334288,-0.0301071918548261,0.6333143191226264,0.008017249779738847,0.005369161248704458
1154,2019-08-30,265.6483375587326,265.6663854420489,263.1202561934248,264.0502319335937,62901200.0,-0.0004446333361984,0.0060579777687856,0.0263307628667919,0.0123860423372887,-0.0005811728138199,0.0072156589497345,0.0119122376634917,0.0151375896502079,0.0096425942517803,-0.0060158690990699,0.0863877691305954,0.7089022733746626,0.007905051754532355,0.005431181918011463
1155,2019-09-03,262.35281071811187,263.26471107882736,261.1790369315544,262.5062866210937,69101400.0,-0.0058643267448954,0.0052869918235143,0.0094689896828605,-0.0054540672936801,0.0240887502896671,0.0077852247529147,0.0114525607387549,0.013429815995677,0.0079452350422505,0.0005849981273756,0.0985704565254717,0.8300645449197265,0.006431174299352516,0.0059787088908199604
1156,2019-09-04,264.6732137573608,265.5038572084943,263.92379955368773,265.4858093261719,46887300.0,0.0112863596102662,0.0045545094203169,0.0246865518730969,0.0135245557987907,0.0214495440020507,0.0079122316982516,0.0117063356402294,0.0133106782839236,0.0059515710418455,0.0030701843880431,-0.3214710555791923,0.5893547651774975,0.005632733069482076,0.0067488110078470906
1157,2019-09-05,267.9687365404941,269.81061234095563,265.4496656715476,268.8987121582031,83258100.0,0.0127733835790599,0.0027483168426118,0.030442922246816,0.0181954164444308,0.0336326024848141,0.0086727354567724,0.0120924087310244,0.01356381867695,0.0162178042222913,0.0034704631208667,0.7757068545213737,1.0856264716875623,0.0030094926108892466,0.006326132130200381
1158,2019-09-06,269.2148152948554,269.74751727016104,268.5376475637681,269.1064453125,49584300.0,0.0007722348447249,0.0033126980537273,0.0185230179529572,0.0192754746102488,0.0149746621378889,0.0080172497797388,0.0120761089094468,0.0129044598079959,0.0044958778485888,-0.0004025409308796,-0.4044507381263805,0.66302631088945,0.0032524797277004103,0.007102516248714279
1159,2019-09-09,270.09057074583126,270.1808377169626,268.3028383422982,269.2418518066406,51260300.0,0.0005030442103027,0.0033217700213007,0.0194706954994583,0.0458014583662502,0.0223130193763947,0.0079050517545323,0.0071719233567147,0.0127812086750207,0.0069751391251504,-0.0031423493861595,0.0338010216943669,0.7054687823633287,0.003988780780440866,0.007152264072020919
1160,2019-09-10,268.48343727792104,269.24188935174453,267.2284341315708,269.1786804199219,57947100.0,-0.000234654450295,0.0042500537323267,0.0251003677940587,0.0345693574769192,0.0343259810062326,0.0064311742993525,0.0069307119038998,0.0123966410239169,0.0074799951356947,0.0025895196703741,0.1304479294892928,0.8016775336647054,0.003911913770514366,0.00789815612621846
1161,2019-09-11,269.4855997010253,271.1739997195606,268.8355177498976,271.0927429199219,68821100.0,0.0070855885592099,0.0040316219642753,0.0208995967430024,0.0455861486160993,0.0259797019546907,0.005632733069482,0.0064872393720387,0.0120461544312201,0.0086261326824,0.0059637443361707,0.1876539119300189,0.9691970115635664,0.002603790381238581,0.008048319993295219
1162,2019-09-12,271.99558445227234,273.0880735244922,271.2371602369617,272.0317077636719,72908700.0,0.0034576450315794,0.0038146194382908,0.0115838581955219,0.0420267804423379,0.0594512218594538,0.0030094926108892,0.0064348009897717,0.0095289983345856,0.0068040350985057,0.0001328084478734,0.0593945752102189,1.0741977260371254,0.0020413865620372527,0.00818258018821771
1163,2019-09-13,272.4741621192971,272.82630246980784,271.48097753915954,271.8511657714844,62104800.0,-0.0006639002903156,0.0040583676251091,0.0101477230604814,0.0286707410134386,0.0561487235737408,0.0032524797277004,0.0058350876418525,0.0095636410464607,0.0049487554222194,-0.0022864419252345,-0.1481839615848315,0.9409802498814016,0.0029241139729371144,0.00857386970638792
1164,2019-09-16,270.72260415700487,271.89637799232213,270.3704912942259,271.01153564453125,58191200.0,-0.0030933449444317,0.0044279724950178,0.006551333905747,0.0260220294052053,0.0384080717424939,0.0039887807804408,0.0060579777687856,0.0092243998930562,0.0056303385553949,0.0010672602992501,-0.0630160631706405,0.8985842918073395,0.0026695611822305314,0.008554673329117328
1165,2019-09-17,270.8129115165538,271.7880208906066,270.6413601598369,271.69775390625,41475500.0,0.0025288626549666,0.0055043038870492,0.0093148510110086,0.0344152188050673,0.028961151511387,0.0039119137705143,0.0052869918235143,0.0089192248567267,0.0042203541040879,0.0032673567325171,-0.2872547739177058,0.6464996538014657,0.003693268338261783,0.008841942163596385
1166,2019-09-18,271.3093912614671,271.9685108419909,269.27788888143056,271.86016845703125,73375800.0,0.0005975979704558,0.0072859145456043,0.0028268604222545,0.0237264571652569,0.0372510129640475,0.0026037903812385,0.0045545094203169,0.0086609850880337,0.0098970804580576,0.0020300705147111,0.769135995949416,1.124655537283668,0.005231550099685574,0.008846403239402188
1167,2019-09-19,272.2484746882701,273.2416593963996,271.5080981282079,271.8421630859375,76560500.0,-6.623245866622447e-05,0.0081841330192923,-0.0006970170679911,0.0108868411275307,0.0290822575719615,0.0020413865620372,0.0027483168426118,0.0085430399899505,0.0063770875294413,-0.0014924293067127,0.0434025932255592,1.1496485456049803,0.005180206749889416,0.008874728728610611
1168,2019-09-20,272.44459544843204,272.7258095845009,269.7687843978268,270.55792236328125,89565000.0,-0.0047354089976593,0.0096742831621116,-0.0047685257753348,0.0053791972851465,0.0246546718953953,0.0029241139729371,0.0033126980537273,0.0086478250970272,0.0109293609325683,-0.0069249789376273,0.1698591310140347,1.3077162192291008,0.0052819620710399685,0.008865420562440609
1169,2019-09-23,269.89569132762455,271.21093939721106,269.64171563544,270.4943542480469,43476800.0,-0.0002349795695344,0.0097093828675165,-0.0019101604004375,0.0046411735053094,0.0504426318715596,0.0026695611822305,0.0033217700213007,0.0058352117125381,0.0058013179836355,0.0022181270011295,-0.5145782392675711,0.6878653317489749,0.006064188039699521,0.008994733341682421
1170,2019-09-24,271.5827953011382,271.9728243964235,267.41031441968806,268.3717956542969,94869400.0,-0.0078779102066392,0.010531471165481,-0.0123169332620433,-0.0030020822510347,0.0315672752258844,0.0036932683382617,0.0042500537323267,0.0059181263578596,0.017000705925941,-0.011823280790968,1.1820695175357891,1.4747835981947115,0.0073649071168043825,0.008831893843365341
1171,2019-09-25,268.4534446997761,270.4036179808236,266.97493260928337,269.95916748046875,71854000.0,0.0058973996872438,0.0109003049654513,-0.0070171315452553,-0.0041902711230008,0.0413958774930984,0.0052315500996855,0.0040316219642753,0.0058441552048032,0.0127007554643917,0.0056088785985836,-0.2426008807898015,1.1125161081351909,0.008697505050424421,0.008761209887347432
1172,2019-09-26,269.9681805505696,270.1767865637136,267.9907970655747,269.396728515625,56179700.0,-0.0020855956999431,0.0112582005129934,-0.0090364947865322,-0.0097335118545233,0.0322932685878145,0.0051802067498894,0.0038146194382908,0.0057928188759668,0.0081143876920246,-0.0021167384755463,-0.2181409524869875,0.8722055273719987,0.010927185540213095,0.008745612465974807
1173,2019-09-27,270.14955226807103,270.25842267385457,266.3943398657859,267.9454040527344,84746600.0,-0.0054018767712192,0.0117059422797346,-0.0097029625600921,-0.0144714883354269,0.0141992526780116,0.0052819620710399,0.0040583676251091,0.0053691612487044,0.0144211572567527,-0.008158992664735,0.5084915013786118,1.2888542409340105,0.013481064058882284,0.00866190239854888
1174,2019-09-30,268.4625344992536,269.8956770404428,268.41719257426433,269.18817138671875,51662400.0,0.00462741339741,0.0116103899232711,-0.0048405695931476,-0.0067507299935852,0.01927129941162,0.0060641880396995,0.0044279724950177,0.0054311819180114,0.0054923827394127,0.0027029353977404,-0.3903897029497348,0.7924714111502267,0.013185848532398004,0.008686370668689353
1175,2019-10-01,270.06797514180766,270.7210593029976,265.7685205613803,265.9862060546875,88242400.0,-0.0119662064343418,0.0112128475528118,-0.0089288658208502,-0.0212457990828936,0.0131694197221736,0.0073649071168043,0.0055043038870492,0.0059787088908199,0.0186195322497252,-0.0151138582239412,0.7080584719254235,1.3340035420277545,0.013928061732384703,0.008137949924260274
1176,2019-10-02,264.4079467960568,264.4170262525811,259.99964920337914,261.28765869140625,122539500.0,-0.0178225095080584,0.0089964012612197,-0.0326487750161525,-0.0396659065614078,-0.0159394493961509,0.0086975050504244,0.0072859145456043,0.006748811007847,0.0169061832898089,-0.0118010375348412,0.3886691658431773,1.7522875353418992,0.011995101243558392,0.006721525020888528
1177,2019-10-03,261.0608737824399,263.4555248952082,258.3487738908161,263.4283142089844,85278800.0,0.0081593376388884,0.0088479396486926,-0.022403841677321,-0.0314403364638532,-0.0205534953363224,0.010927185540213,0.0081841330192923,0.0063261321302003,0.0193857331537291,0.0090685378940293,-0.3040709322300156,1.2177085124920046,0.011835126087380927,0.006695971455504825
1178,2019-10-04,264.081418140647,267.2470481606347,264.02696908285304,266.9930725097656,65091200.0,0.0134414337767001,0.0082899814829401,-0.0035605311294017,-0.0132634936894937,-0.0078842964043472,0.0134810640588822,0.0096742831621116,0.0071025162487142,0.0120605341835745,0.0110255935068022,-0.2367247193909858,0.9192693320513606,0.011136793807311468,0.006381340273555883
1179,2019-10-07,266.19483104942367,267.81847578384463,265.55987813972894,265.841064453125,59610500.0,-0.0043240842570584,0.008206387736182,-0.0125120287838701,-0.0173525983770177,-0.0127114248717083,0.013185848532398,0.0097093828675165,0.0071522640720209,0.0084960449912505,-0.0013289762047745,-0.084200322009734,0.8369316694056375,0.010819047784875203,0.006219183325482595
1180,2019-10-08,263.99065687623875,264.7253730021432,261.67763808472165,261.71392822265625,95708100.0,-0.0156465979339251,0.0057639657189848,-0.0161924202834534,-0.0251212861043036,-0.0281233683553384,0.0139280617323847,0.010531471165481,0.0078981561262184,0.0116452912465119,-0.0086242773911875,0.6055577456991637,1.3090417449130185,0.004770343250989395,0.0046538293647003905
1181,2019-10-09,263.72755776070306,265.13348895657083,263.1016844718949,264.19921875,62359400.0,0.0094514048273686,0.0053804865828529,0.0110814940519736,-0.0215672809641788,-0.0257575520871797,0.0119951012435583,0.0109003049654512,0.0080483199932952,0.0076904257866051,0.0017884402877794,-0.3484417724309645,0.8567026672545678,0.0058249082039342395,0.004444364620580948
1182,2019-10-10,264.1176650870851,266.8660551651619,263.9544009671046,265.9862060546875,55296300.0,0.0067410154560847,0.0052166908854178,0.0096631718691699,-0.012740669808151,-0.0224741816626744,0.0118351260873809,0.0112582005129933,0.0081825801882177,0.0109466360727693,0.0070746535146989,-0.1132643995933251,0.7689718429698928,0.005761751527717518,0.0043453113781371615
1183,2019-10-11,268.7346034051052,270.9750422719158,268.6167088805522,268.7436828613281,98720400.0,0.0103136230335268,0.0044882112748321,0.0065353611259966,0.0029748299965949,-0.011496658338832,0.0111367938073114,0.0117059422797345,0.0085738697063879,0.0087754002857083,3.378595874104072e-05,0.7852984738581061,1.3387600449822636,0.0055301348408712345,0.003936193074744678
1184,2019-10-14,268.42614651152667,269.0973894531063,268.0996183355658,268.4443054199219,40394800.0,-0.0011146097043552,0.0045109183655201,0.0097448356786998,-0.0027671931051702,-0.0095179230987555,0.0108190477848752,0.011610389923271,0.0085546733291173,0.0037168645316565,6.764955139877868e-05,-0.5908160825928582,0.5544900913660613,0.005840403835698901,0.0039742141057371935
1185,2019-10-15,269.4874853651235,271.8458464973218,269.3695631563232,271.10205078125,46754500.0,0.0098518573141167,0.0037365683771265,0.0352432909267416,0.0190508706432882,-0.0021949284396054,0.0047703432509893,0.0112128475528118,0.0088419421635963,0.0091341372514984,0.0059912445059886,0.1574385812035212,0.639471304555244,0.004658905766229625,0.003526309612263891
1186,2019-10-16,270.6394458056109,271.35603084525394,270.2312854776649,270.6666564941406,48928200.0,-0.0016073072327616,0.0036030741701162,0.0241845788666114,0.035266072918585,-0.0043998336428228,0.0058249082039342,0.0089964012612196,0.0088464032394021,0.0041554633369233,0.0001005422119778,0.0464917815397447,0.6805799121389502,0.004685656214734189,0.0034577721676644015
1187,2019-10-17,271.82763155922663,272.3355827530061,270.77543903460804,271.4648132324219,45736600.0,0.0029445157107868,0.0038516468115169,0.0203880791213135,0.0300512509904834,-0.0013890854733698,0.0057617515277175,0.0088479396486925,0.0088747287286106,0.0057471305390224,-0.0013347367400569,-0.0652302762006368,0.6501226071143824,0.0045844515971396535,0.003446975654632036
1188,2019-10-18,270.929634312639,271.5736388782995,269.4239120539197,270.27655029296875,64304000.0,-0.0043868344751409,0.0040028120016661,0.0056876216126458,0.0122229827386424,-0.0010405109508514,0.0055301348408712,0.0082899814829401,0.0088654205624406,0.0079538044349374,-0.0024105300305267,0.4059637139621221,0.9307592902236694,0.0037028129265816957,0.003345385950723013
1189,2019-10-21,271.5919140803774,272.30847154115486,271.15651532040795,272.1089172363281,39048600.0,0.0067567220148171,0.0037820259370219,0.0135589533318181,0.0233037890105179,0.0059511906335,0.0058404038356989,0.008206387736182,0.0089947333416824,0.0042334379646457,0.0019036029025433,-0.3927500622045284,0.5670206909710661,0.003392101551842012,0.0031872254135054227
1190,2019-10-22,272.6440029315517,272.9342686902184,271.1292286758053,271.2199401855469,48594700.0,-0.0032723380395355,0.003468172886114,0.0004347579781659,0.0356780489049075,0.0105567628006037,0.0046589057662296,0.0057639657189847,0.0088318938433653,0.0066552629322838,-0.0052231581501624,0.2444671511910798,0.7301705336994301,0.002267908273972813,0.0029930416263102247
1191,2019-10-23,270.965950615548,272.0634850874928,270.75731692201106,272.0090637207031,34352200.0,0.0029053091221293,0.003548429776455,0.0049473743330568,0.0291319531996682,0.0075646722354892,0.0046856562147341,0.0053804865828528,0.0087612098873474,0.0048019288313969,0.0038496095276379,-0.2930875177745721,0.5311310612223473,0.0022710044256464466,0.0032565587151073628
1192,2019-10-24,272.94334172458434,273.0884746005034,271.62809406743776,272.4535217285156,35453100.0,0.0016326488483044,0.003554226435857,0.0036355074705744,0.0240235865918879,0.0112829167837367,0.0045844515971396,0.0052166908854177,0.0087456124659748,0.0053601088501282,-0.0017945848870091,0.0320474380097925,0.5570785489851962,0.003377868608833057,0.003344032162425916
1193,2019-10-25,271.8820987429654,274.1134858073228,271.82767736883653,273.5692443847656,45205400.0,0.0040867314637202,0.0035139408353613,0.0121090734094355,0.0177966950220813,0.0207715250186761,0.0037028129265816,0.004488211274832,0.0086619023985488,0.0083555022554777,0.0062054311394558,0.2750760864353188,0.733091587959955,0.004705245721375976,0.0032973408390381876
1194,2019-10-28,274.7846473563298,275.61007494387354,274.7574366745982,275.1111755371094,42147000.0,0.0056205220945533,0.0035550105848985,0.0109728734891717,0.0245318268209898,0.0217646337158194,0.003392101551842,0.0045109183655201,0.0086863706686893,0.0030992498491227,0.0011883057657007,-0.0676556340614173,0.6888083233579761,0.004531900354401619,0.00346373168192676
1195,2019-10-29,274.8390967416614,275.9547901689378,274.7120950931229,275.0295715332031,44284900.0,-0.0002966659166379,0.0034893108378902,0.0139485456120693,0.0143833035902352,0.0334341742335233,0.0022679082739728,0.0037365683771265,0.0081379499242602,0.0045184053077901,0.0006930411058683,0.0507248439983865,0.750713548185205,0.0046764386466085954,0.003435853955450413
1196,2019-10-30,275.22916703094626,276.24506964645207,273.92299861636155,275.8731994628906,49643900.0,0.0030627131811762,0.00349467139939,0.0141059496711162,0.019053324004173,0.0543193969227579,0.0022710044256464,0.0036030741701162,0.0067215250208885,0.008417167867743,0.0023399861246244,0.1210119024769165,0.8969795808630239,0.004762823875257498,0.00347716048503984
1197,2019-10-31,275.864092158819,275.864092158819,273.68715424802167,275.138427734375,69053800.0,-0.0026669933183805,0.00316023594976,0.0098063075044313,0.0134418149750057,0.043493065965489,0.003377868608833,0.0038516468115169,0.0066959714555048,0.0079121550876164,-0.0026305142462188,0.3909825779199458,1.2662434229563075,0.0040120024265481065,0.003555529361178329
1198,2019-11-01,276.5806723698209,277.73262829214644,276.41738057633785,277.6872863769531,71141500.0,0.0092212668067061,0.0026791158206961,0.0149408428474172,0.0270499162568527,0.039272898995495,0.0047052457213759,0.0040028120016661,0.0063813402735558,0.00473643476073,0.0040010532827563,0.0302329488022381,1.2973291066169956,0.0021889752982573573,0.0038065947374247753
1199,2019-11-04,279.2383466387265,279.37440006354313,278.4310501827038,278.8029479980469,60606900.0,0.0040096413087096,0.0025811949789155,0.0133299620615735,0.0243028355507452,0.047606624561263,0.0045319003544016,0.0037820259370219,0.0062191833254825,0.0033835721164825,-0.0015592365658966,-0.1480795316376517,1.1042180243434134,0.0023073297218805075,0.004090230721822303
1200,2019-11-05,279.0025497152499,279.3018949820409,278.2043325788355,278.4945983886719,42933200.0,-0.0011065889051179,0.0025010680246839,0.0125200390730935,0.0264685846851628,0.0621466335900702,0.0046764386466085,0.003468172886114,0.0046538293647003,0.0039410545466797,-0.0018205974357455,-0.2916120111736452,0.821719963474179,0.0021418896061007734,0.004271803229040494
1201,2019-11-06,278.494543609944,278.83015127599856,277.61469457781413,278.5580444335937,46487100.0,0.0002277919188203,0.0030015222400946,0.0096851178107376,0.0237910674818538,0.0529230206815219,0.0047628238752574,0.003548429776455,0.0044443646205809,0.0043633875325908,0.000228014606055,0.0827774309858104,0.9034628847256952,0.0021305371126800147,0.004276759966655294
1202,2019-11-07,279.89145582645773,280.87106825413883,279.06602806695554,279.5376892089844,54272300.0,0.0035106728917596,0.002998067331101,0.0158627840208777,0.025669091525309,0.0496926781171968,0.0040120024265481,0.003554226435857,0.0043453113781371,0.0064572337000104,-0.0012639421822604,0.1674701153653379,1.0558165155426744,0.0017636183387757345,0.004630804977512613
1203,2019-11-08,279.19298934454866,280.2814721535745,278.4945632788722,280.22705078125,49032100.0,0.0024630416013085,0.002983001248842,0.0091045588154801,0.0240454016628973,0.0418420966849785,0.0021889752982573,0.0035139408353613,0.0039361930747446,0.0063766466146667,0.0037037514413559,-0.0965538589667288,1.0023173123428772,0.0033701590952040067,0.004711518028694429
1204,2019-11-11,278.8483355617648,279.864238107545,278.7122544469131,279.69189453125,35797300.0,-0.0019115495820823,0.0035621742140551,0.0031833679246882,0.0165133299862617,0.0410451568072514,0.0023073297218805,0.0035550105848985,0.0039742141057371,0.0041187595463307,0.0030251533249633,-0.2699211332983903,0.7352256003503059,0.0027923396454719233,0.004690785156852172
1205,2019-11-12,280.0547596706156,281.17950515104246,279.5105181641509,280.2815246582031,46484600.0,0.0021059226193973,0.0035649320558947,0.0063958794492034,0.0189159185222969,0.033299222112532,0.0021418896061007,0.0034893108378901,0.0035263096122638,0.0059546807051477,0.0008097165991901,0.2985504493355644,0.9549922270750072,0.003042296800012372,0.004703994764906128
1206,2019-11-13,279.2928193961337,280.7713314741296,279.0660544192944,280.3722229003906,53917700.0,0.000323544588344,0.0036347571440984,0.0064916321187271,0.0161767499294647,0.0352300739336376,0.00213053711268,0.00349467139939,0.0034577721676644,0.006082189730475,0.0038647735612777,0.1599045705459443,1.1020515241284872,0.003962439445655446,0.005006360487416213
1207,2019-11-14,280.09104877139123,280.8620552625586,279.4560957360127,280.7803955078125,51219900.0,0.0014547653027648,0.0040694109046588,0.0044357245297323,0.02029850855061,0.0337403235256156,0.0017636183387757,0.0031602359497599,0.003446975654632,0.0050073279653415,0.0024611523268775,-0.0500355170936446,1.0410758265257776,0.004123345625146992,0.005008468650437604
1208,2019-11-15,282.11374103249324,282.8575367436404,281.4243943784293,282.81219482421875,62023600.0,0.0072102016723305,0.0046320251314896,0.0091828846007543,0.0182874434162344,0.045337359673087,0.003370159095204,0.0026791158206961,0.003345385950723,0.0050674701849468,0.002475787918622,0.2109277839277312,1.2635960606287178,0.00227012079464787,0.004986261979715904
1209,2019-11-18,282.57633203669667,283.2566268714091,282.1228021468884,283.0207824707031,49228000.0,0.0007372764200847,0.0050721757527169,0.0118317106029213,0.0150150785276095,0.0393179140783546,0.0027923396454719,0.0025811949789155,0.0031872254135054,0.0040061535927598,0.0015728508852918,-0.2063021172585919,0.9926208756066264,0.004397909672549728,0.004990253102313132
1210,2019-11-19,283.619442778009,283.62852223373176,282.2951432620522,282.93914794921875,67804700.0,-0.0002884816315174,0.0055315656774531,0.0094373063520066,0.01583318580121,0.0423017704863727,0.0030422968000123,0.0025010680246839,0.0029930416263102,0.0047125997987343,-0.0023986184519892,0.3773604452750467,1.3412209328316431,0.004378835857702094,0.004985372976318534
1211,2019-11-20,282.3496028123388,282.86663359563494,280.3359287395858,281.8869934082031,79406200.0,-0.0037255915793192,0.0054093246026105,0.0053881701843434,0.0118798023030705,0.0356708697849242,0.0039624394456554,0.0030015222400945,0.0032565587151073,0.0089777283635941,-0.0016384276780553,0.1711017082886585,1.503701392008205,0.0034197896268140316,0.004883159978446881
1212,2019-11-21,281.99581092576324,282.1046536636578,280.635221339549,281.43341064453125,54664700.0,-0.0016103903158267,0.0059942599332753,0.0023230145657519,0.0067587390954842,0.0324278306207931,0.0041233456251469,0.0029980673311009,0.0033440321624259,0.005221243351113,-0.0019943568643295,-0.3115814634121768,1.016682122030794,0.004176330728348549,0.004859146948830109
1213,2019-11-22,282.1772178522817,282.31327128023827,281.0524726061508,282.0592956542969,44850200.0,0.002221449399987,0.0061579639961857,-0.0026657377065915,0.0065171468941627,0.0305625485570599,0.0022701207946478,0.0029830012488419,0.0032973408390381,0.0044699773895513,-0.0004179012001122,-0.1795399956461848,0.8344226360642367,0.006521784148646839,0.004859234597953008
1214,2019-11-25,282.984501675249,284.24530029296875,282.984501675249,284.24530029296875,48647200.0,0.0077202816716034,0.0056924540421309,0.0043172675449271,0.0161489781478484,0.03266230813411,0.0043979096725497,0.0035621742140551,0.0034637316819267,0.0044356005760525,0.0044553627857917,0.0846596001801551,0.8996247618353698,0.005627609344311203,0.004672451733155513
1215,2019-11-26,284.2816591210013,285.0707968398084,283.9641826057425,284.8893737792969,37569000.0,0.0022633439522165,0.0057198999595682,0.006869093128661,0.0163063994806676,0.0352223180029644,0.004378835857702,0.0035649320558947,0.0034358539554504,0.0038843647251061,0.0021377202460918,-0.2277253367100264,0.6990986746265924,0.006622740243590205,0.004748211380712704
1216,2019-11-27,285.3700145636202,286.1591796875,285.1523291122122,286.1591796875,44444600.0,0.0044472855885272,0.0061979745257366,0.0150419702965074,0.0204301404808508,0.0366068904103154,0.003419789626814,0.0036347571440984,0.0034771604850398,0.0035184982581628,0.0027654101118036,0.1830125901674253,0.8310628256988741,0.006095151577454091,0.004717877589475869
1217,2019-11-29,285.59689438156045,285.84181829420453,284.87125746405906,285.0980224609375,36592700.0,-0.0037151687300267,0.0060178260995917,0.0129371918823074,0.0152602064480593,0.0355587149986692,0.0041763307283485,0.0040694109046587,0.0035555293611783,0.003404305725335,-0.0017467694167445,-0.1766671316650392,0.7056575229468814,0.007764739367966227,0.0048372984929479475
1218,2019-12-02,285.351926627072,285.4154274537873,282.2497977488334,282.6761169433594,75767800.0,-0.0085312804472304,0.005239385753482,0.00218446203509,-0.0004812756715015,0.0178061677447327,0.0065217841486468,0.0046320251314896,0.0038065947374247,0.0111987872876724,-0.0093772266244749,1.0705714527761003,1.4546256692345898,0.006493694939571478,0.0042486259263455175
1219,2019-12-03,279.9640470918064,280.8620552625586,278.58532593769104,280.7803955078125,73941700.0,-0.0067289260008296,0.0042477296882559,-0.012264745637343,-0.0079474780924158,0.0070676004351935,0.0056276093443112,0.0050721757527169,0.0040902307218223,0.0081085765291766,0.0029159044687563,-0.0241012672929661,1.401625992835077,0.005056065796605269,0.004051390027370159
1220,2019-12-04,281.82347080730165,283.1114801298138,281.4787836789131,282.5128173828125,49080000.0,0.006151067677097,0.0042116453950377,-0.0083770219124625,-0.0015079287838014,0.0143252570174084,0.0066227402435902,0.005531565677453,0.0042718032290404,0.0057791942540021,0.0024460225883109,-0.3362338166420301,0.9249632078357274,0.004669092752984245,0.004562577508921241
1221,2019-12-05,283.2112849549353,283.2294161852713,281.71461417355385,283.0207824707031,40709000.0,0.0017964104153185,0.0042268606123053,-0.0110278970856712,0.0040140732108362,0.0158938755139066,0.006095151577454,0.0054093246026105,0.0042767599666552,0.0053522642347801,-0.0006726514597131,-0.1705582722086389,0.7714031497177564,0.005539641444117351,0.004580615574372692
1222,2019-12-06,284.9256011908763,286.00500449632267,284.9165217354681,285.6058959960937,48927000.0,0.0090925432572033,0.0036744325796197,0.0017798149015588,0.0147170067838662,0.0214757458793503,0.0077647393679662,0.0059942599332753,0.0046308049775126,0.0038111354706397,0.0023876226017389,0.2018718219558328,0.9318470100218263,0.004505497787350909,0.004390205667445968
1223,2019-12-09,285.21589807283027,285.88711349587976,284.63536648869166,284.7079467773437,34838500.0,-0.0031489677907461,0.0031607304634128,0.0071621275580431,0.0093465895931331,0.0158637364872957,0.0064936949395714,0.0061579639961857,0.0047115180286944,0.0043966001699525,-0.0017809361221402,-0.2879493939951356,0.6726134900721527,0.004098340868368661,0.004328238869126352
1224,2019-12-10,284.6535580640139,285.3156941066412,283.73741866322825,284.3905029296875,52649800.0,-0.0011156026896332,0.0030204822550059,0.0127754508692395,0.0005107052318965,0.0166596833797448,0.0050560657966052,0.0056924540421309,0.0046907851568521,0.0055496770361673,-0.0009241238230623,0.5112533547655611,1.0002176170242434,0.0037469137133511183,0.004396899255316327
1225,2019-12-11,284.84389585880245,285.45163790821,284.30873407145583,285.1976623535156,53429100.0,0.0028341879741382,0.0031129461770531,0.0094585711662807,0.0010815492538182,0.0173879487344857,0.0046690927529842,0.0057198999595681,0.0047039947649061,0.0040074095535098,0.0012419662132711,0.0148015756944945,1.008370769626523,0.004115404309719086,0.004543315388290202
1226,2019-12-12,285.2068717296136,288.43600314424464,284.97105495075266,287.65594482421875,96389600.0,0.0085826379723647,0.0026182507662219,0.0162447987233269,0.0052169016376557,0.0256470421185064,0.0055396414441173,0.0061979745257365,0.0050063604874162,0.0120454600568374,0.0085870059152254,0.8040655747523353,1.7490666026240826,0.003003598358395331,0.00442660360960805
1227,2019-12-13,287.4199981041912,289.0527221467865,286.64899183529326,287.82818603515625,81503900.0,0.0005985958842108,0.0035917048371534,0.0077508513503344,0.0095306662518932,0.0247908726999524,0.0045054977873509,0.0060178260995916,0.0050084686504376,0.0083512679720659,0.0014201792973955,-0.1544326358860291,1.4394040340061034,0.002922524565796651,0.0044851475752368435
1228,2019-12-16,289.55159690245364,290.3951557751756,287.76468819631657,289.8055725097656,82749700.0,0.0068465326671762,0.0031253593702663,0.0177463518082567,0.0249084793662998,0.0244272036947981,0.0040983408683686,0.005239385753482,0.0049862619797159,0.0090766632127835,0.0008771341965609,0.0152851581335371,1.4351400207458698,0.0020701398545291926,0.004328934497419816
1229,2019-12-17,290.1865865771561,290.4859041346796,289.78747804627915,289.8691101074219,61097700.0,0.0002192181229092,0.0039993960150145,0.0190811726207991,0.0318566234900386,0.0239091453976226,0.0037469137133511,0.0042477296882559,0.0049902531023131,0.0024094533154691,-0.0010940425382129,-0.2616565377276292,1.0488307457338577,0.0021130623951776915,0.004564067003299084
1230,2019-12-18,290.2591659445252,290.48593091791935,289.83284668729334,289.88726806640625,48133000.0,6.263996283236533e-05,0.0050397149538304,0.0163096246094932,0.0257681957757739,0.0242602669919724,0.004115404309719,0.0042116453950376,0.0049853729763185,0.0022528903562484,-0.0012812614440917,-0.2121962037850852,0.8404637925516116,0.0022006870506108664,0.004547136503821029
1231,2019-12-19,290.07766829054526,291.14801972745664,289.8236926929126,291.075439453125,85310500.0,0.0040903590814044,0.0050235284871857,0.0118173457185329,0.0280621444418598,0.032076217652696,0.0030035983583953,0.0042268606123053,0.0048831599784468,0.0045497725161292,0.0034396689978228,0.7723910830407412,1.481991116617564,0.002526999187077038,0.004611527246455596
1232,2019-12-20,292.10543451333706,293.48183740439526,291.13013011229833,292.3515625,147142100.0,0.0043745835475476,0.0050555053428967,0.0155933333818697,0.0233441847322041,0.0380611915160703,0.0029225245657966,0.0036744325796197,0.0048591469488301,0.0080441071427382,0.0008425998204141,0.7247829985757908,2.366060176088388,0.00390210668799852,0.004586503082426603
1233,2019-12-23,293.1354754488179,293.19016437902224,292.6523713537724,292.7982177734375,52990000.0,0.0015266360007085,0.0052683706225532,0.010273436715402,0.0280197885236587,0.0373663781167918,0.0020701398545291,0.0031607304634127,0.004859234597953,0.0018367359929285,-0.0011505181174813,-0.6398719333215986,0.8465445159962806,0.003997127110765745,0.004587732850853139
1234,2019-12-24,293.02612879098643,293.0716936318886,292.5065560813585,292.807373046875,20270000.0,3.1267711858433674e-05,0.0055525815984143,0.0100854863043512,0.0291666589251504,0.0296773641570468,0.0021130623951776,0.0030204822550058,0.0046724517331555,0.0019300659838221,-0.0007465400611679,-0.6174749952821287,0.3313348355916382,0.005611519749163619,0.005152949361577015
1235,2019-12-26,293.1901602146185,294.37515192605576,293.1810639379538,294.36602783203125,30911200.0,0.0053090226628304,0.0055607492883748,0.0153318690043493,0.0316414936138426,0.0327230428676607,0.0022006870506108,0.0031129461770531,0.0047482113807127,0.0040564734894724,0.0040105971378847,0.524972866304884,0.508041110780301,0.006715713752351827,0.0063420493077680894
1236,2019-12-27,295.0952628094436,295.149951744562,293.7644523592922,294.2931213378906,42528800.0,-0.0002477035976293,0.0058503083622112,0.0109938063253156,0.0228111520438486,0.0280280536815042,0.002526999187077,0.0026182507662219,0.0047178775894758,0.0047078891241872,-0.0027182458434481,0.3758378840032093,0.7000843894636714,0.0069680792515305475,0.006748410676307029
1237,2019-12-30,294.3751576532409,294.5118799794698,292.18748916413625,292.67059326171875,49729100.0,-0.0055285605175381,0.005433158073647,0.0010906622602299,0.0166839956420997,0.0262146618939928,0.0039021066879985,0.0035917048371534,0.0048372984929479,0.0079420032926061,-0.0057904491843364,0.1693040951073154,0.8098552355531743,0.006470881157856361,0.006603264015004237
1238,2019-12-31,292.1692833540794,293.6277198137139,291.82290156546304,293.381591796875,57077300.0,0.0024264012731706,0.0054318222408125,0.001990427532692,0.0122638642480941,0.0371723436143938,0.0039971271107657,0.0031253593702663,0.0042486259263455,0.0061517774076992,0.0041493357168774,0.1477645885407135,0.943888249457586,0.006750257742602439,0.006615950158675025
1239,2020-01-02,294.9129966046256,296.1435533670269,293.9923531023892,296.12530517578125,59151200.0,0.009308570280504,0.0052852621286642,0.0112677301013376,0.0213532164056889,0.0532098398957274,0.0056115197491636,0.0039993960150145,0.0040513900273701,0.0072644931960839,0.0041107329453537,0.0363349352544706,0.990295220018123,0.006085955907450482,0.007581634347699245
1240,2020-01-03,292.74350507040344,295.0040826655969,292.6888161446402,293.8829040527344,77709700.0,-0.0076012905754606,0.0041136116507543,-0.0016425831369533,0.0136892858673959,0.0394574816431698,0.0067157137523518,0.0050397149538304,0.0045625775089212,0.0078781939644275,0.003892140944534,0.3137468047985501,1.2705477682679347,0.004580064409468355,0.0075827255214441025
1241,2020-01-06,292.13278160099514,295.0861227459739,292.0142796533682,295.00408935546875,55653900.0,0.0038078159986536,0.0043709768203314,0.0024129364593295,0.0134067427846451,0.0414688872265049,0.0069680792515305,0.0050235284871857,0.0045806155743726,0.0104128830868654,0.0098287762802167,-0.2838229976437948,0.8989542091247392,0.005052684351437165,0.008253775521809288
1242,2020-01-07,294.4389421396399,294.9129499592201,293.72795822762987,294.17462158203125,40496400.0,-0.0028156764867544,0.0040747870003503,0.0051258204901132,0.0062164827503431,0.0295606674825472,0.0064708811578563,0.0050555053428967,0.0043902056674459,0.0040281915728063,-0.0008977092353608,-0.2723528809301774,0.6586057540425522,0.004726508095875681,0.008535701701302216
1243,2020-01-08,294.3660894233574,296.95480128822834,294.1199891894408,295.74249267578125,68296000.0,0.0053155765363757,0.0039820563487391,0.0080149957533183,0.0100054232860103,0.038025211809669,0.0067502577426024,0.0052683706225532,0.0043282388691263,0.0095854067947392,0.0046758213730397,0.6864708961784258,1.08130102539623,0.004530199688323425,0.008501361718908727
1244,2020-01-09,297.3011061918994,297.82067881308217,296.71772055042567,297.74774169921875,48473300.0,0.0067575051379357,0.004963853731768,0.00546393061075,0.0167316607120876,0.0458983196372379,0.0060859559074504,0.0055525815984142,0.0043968992553163,0.0037043379619338,0.0015023001866365,-0.290246866580766,0.7700026011830419,0.004939378676610258,0.00853411944635128
1245,2020-01-10,298.3312381801406,298.4861809242892,296.4261656787009,296.8910217285156,53029300.0,-0.0028814823929041,0.0072581907769837,0.0101837387933065,0.0085411556563531,0.0401826492701956,0.0045800644094683,0.0055607492883747,0.0045433153882902,0.0069386242588098,-0.0048275750820144,0.0939898872162612,0.8426426340056634,0.0038941190722861824,0.008608725928366456
1246,2020-01-13,297.5108322451486,298.9418965712198,297.0824170116794,298.93280029296875,47086800.0,0.0068536586866564,0.0077418204148194,0.0132295814813092,0.0156425179406388,0.0384536699844873,0.0050526843514371,0.0058503083622112,0.004426603609608,0.006220393204486,0.0047795505027139,-0.1120606909764978,0.7787190350702892,0.004150005025903783,0.008512289704672157
1247,2020-01-14,298.4952711557389,299.54351294484616,297.9210094596337,298.47705078125,62832800.0,-0.0015257518747358,0.0077329082346713,0.0145195060933278,0.0196453265834411,0.0363293222255407,0.0047265080958756,0.005433158073647,0.0044851475752368,0.0054359404884416,-6.104074754140046e-05,0.3344036970021322,1.055420281441825,0.0038516605823326463,0.008568482568538913
1248,2020-01-15,298.3858164658878,299.9080379561586,298.3037830757557,299.1514892578125,72056600.0,0.002257050049293,0.0077745171884908,0.0114609796062452,0.0194759753595635,0.0317398396076575,0.0045301996883234,0.0054318222408125,0.0043289344974198,0.0053626839177134,0.0025660495562202,0.1467991240243948,1.2213234560677817,0.00389107887995919,0.008585247549021853
1249,2020-01-16,300.52795985830204,301.6400146484375,300.30008000636747,301.6400146484375,54050300.0,0.0082842037755594,0.0090190254842783,0.0129876782438689,0.0184516088546189,0.0398048252603077,0.0049393786766102,0.0052852621286641,0.004564067003299,0.004442164755998,0.0037003372021018,-0.2498910578628467,0.9216300774736188,0.004640046805719793,0.008429109969341068
1250,2020-01-17,302.3509470912397,302.7884585291991,301.5761501633732,302.5788269042969,95846000.0,0.003107526435071,0.0094254194646928,0.018976687071844,0.0291604258651505,0.0428497117325464,0.0038941190722861,0.0041136116507543,0.004547136503821,0.0040065869057299,0.0007536930684342,0.7732741538899877,1.5704204011448737,0.0072991710620460845,0.008450165557599825
1251,2020-01-21,301.62178693577914,302.78853074420584,301.5488776178504,301.98638916015625,77742400.0,-0.0019598809790389,0.0109386675548807,0.0101631474061487,0.023392728887458,0.0367994716721031,0.0041500050259037,0.0043709768203314,0.0046115272464555,0.0041049966847943,0.0012088059953531,-0.1888821651399119,1.2817429319187004,0.010185852480773831,0.008472012096403065
1252,2020-01-22,302.8432196250379,303.4904184768439,301.8679149339362,302.0228576660156,48914900.0,0.000120754793392,0.0116008256250767,0.0118096540742765,0.0263291601676044,0.0325456429179475,0.0038516605823326,0.0040747870003503,0.0045865030824266,0.0053721216845841,-0.0027088668520892,-0.3708079503591348,0.8775185092828964,0.010129398868462518,0.008549154254607717
1253,2020-01-23,301.3755880663374,302.77933537903976,300.2635335646252,302.369140625,51963000.0,0.0011458887538366,0.0116364750551004,0.01069849277882,0.0221594723850653,0.0321648956710756,0.0038910788799591,0.0039820563487391,0.0045877328508531,0.0083202995160629,0.0032967254084425,0.062314345935492,0.9330600393780318,0.010377225941107248,0.008906535476870786
1254,2020-01-24,303.0254945486543,303.1075279519649,298.39496067890184,299.6802062988281,87578400.0,-0.0089326638077629,0.0113591365413656,-0.0065183748045022,0.0064693034393667,0.0232009641514542,0.0046400468057197,0.0049638537317679,0.005152949361577,0.0157253204382938,-0.0110396264011015,0.6853992263726112,1.4829628031658566,0.012480802023818668,0.011578962467379453
1255,2020-01-27,294.4480497017618,296.3531215152195,294.1107920443717,294.87646484375,84062500.0,-0.0161594217001099,0.0097227881903743,-0.0257853229396831,-0.006808635867839,0.0017325197885139,0.007299171062046,0.0072581907769837,0.006342049307768,0.0076043012521735,0.0014549770067151,-0.0401457436993596,1.3621315834098084,0.011288326165067173,0.012965352254622139
1256,2020-01-28,296.2984568633764,298.8416034600196,294.96764649476006,297.966552734375,63834000.0,0.0104247356672454,0.0094082131133412,-0.0134007062933988,-0.00323755888725,0.0124049590533886,0.0101858524807738,0.0077418204148193,0.006748410676307,0.0130013148445993,0.005629782512731,-0.2406364312267658,1.0168018242349235,0.01246810810919101,0.012650611803902083
1257,2020-01-29,299.3247420138045,299.5526218615138,297.5199236056963,297.720458984375,53888900.0,-0.0008262519046385,0.009400271643777,-0.0143477129914293,-0.0025380589171527,0.0171072676662882,0.0101293988684625,0.0077329082346713,0.0066032640150042,0.0068275397087311,-0.0053596739736119,-0.1557962841119152,0.8555533955041807,0.013134782554591376,0.01594753680088283
1258,2020-01-30,295.6604550917531,298.8963660446492,294.91303023429634,298.68670654296875,75491800.0,0.0032402307008936,0.0094991105894884,-0.0122533710443723,-0.0015548782655521,0.0179210970940112,0.0103772259411072,0.0077745171884908,0.006615950158675,0.0133361670375504,0.010235563799956,0.4008784740456754,1.181259096096242,0.013133656614591354,0.015839750610092535
1259,2020-01-31,298.0668193889295,298.22178991387807,292.3516032332454,293.2631225585937,113845600.0,-0.0183249846156842,0.0060247277223527,-0.0216456918522936,-0.0281640666567957,-0.0097124578021769,0.0124808020238186,0.0090190254842783,0.0075816343476992,0.0200167911649369,-0.0161161743537369,0.508052530208579,1.7082999275388742,0.007907874765845506,0.018717124809584988
1260,2020-02-03,294.73979049796515,297.30115767312014,294.6212885304359,295.441650390625,69083000.0,0.00740112150092,0.0063658607794653,0.0019148513487363,-0.0238704715909467,0.0052899542742036,0.0112883261650671,0.0094254194646928,0.0075827255214441,0.0090707222192301,0.0023812865289551,-0.3931869128011974,1.043371829534523,0.007909028172516406,0.019511000537510797
1261,2020-02-04,299.0421847479902,300.8105346597248,298.7231473854342,299.944580078125,62573200.0,0.0151263677768101,0.0050220957700061,0.006616483458301,-0.0067842228350977,0.0166085060523601,0.012468108109191,0.0109386675548807,0.0082537755218092,0.0069592431833471,0.0030176188382762,-0.0942315765094161,0.9401408651738368,0.006330400651596125,0.021600220611392006
1262,2020-02-05,302.87050163975044,303.61795412672234,301.4120930432873,303.4082946777344,65951100.0,0.0114816811055397,0.0044038512188488,0.0189244164684792,0.0045767034770499,0.0309058636446542,0.0131347825545913,0.0116008256250767,0.0085357017013022,0.0072702728373922,0.0017756534065625,0.0539831749055506,0.9722999389871692,0.005058854869024228,0.022413248393278778
1263,2020-02-06,304.3654167083422,304.6206410029242,303.3536158073253,304.4292297363281,50359700.0,0.0033592398548901,0.0056282865236617,0.0190434256224757,0.0067900545781034,0.0289495269631686,0.0131336566145913,0.0116364750551003,0.0085013617189087,0.0041619695871394,0.0002096592598333,-0.2364084905331374,0.7523876797725731,0.005300878497641179,0.022477384738767946
1264,2020-02-07,303.3719002853901,304.4383624299263,302.2598454793981,302.8067626953125,64139400.0,-0.0053437902962907,0.0120418551258026,0.0320246199418692,0.0103789280895756,0.0168482315289422,0.0079078747658455,0.0113591365413655,0.0085341194463512,0.0071944131337656,-0.0018628541059536,0.2736255378804877,0.9471755658906394,0.0035797124383982384,0.028110975637450457
1265,2020-02-10,301.9224755643438,305.1310127189405,301.8860070122021,305.06719970703125,42070000.0,0.0074372240651345,0.0142292418947691,0.0320607225060837,0.03397557385482,0.0271669379869808,0.0079090281725164,0.0097227881903743,0.0086087259283664,0.0106370193513254,0.0104156675875468,-0.3440849150444188,0.6263350748237418,0.003433170008301748,0.03098100539424552
1266,2020-02-11,306.41633961218275,307.2002328793031,305.0672809970112,305.5959777832031,54864500.0,0.0017318162542691,0.0139687029697432,0.0186661709835427,0.0252826544418437,0.0220450955545935,0.0063304006515961,0.0094082131133412,0.0085122897046721,0.0069796464526933,-0.0026772783397188,0.3041240789160921,0.8121167472314841,0.003795776572832679,0.03230480283423305
1267,2020-02-12,307.02705945948134,307.77451202465284,306.6624572722204,307.5648803710937,43992700.0,0.0064221625658203,0.017582045571227,0.0136066524438233,0.0325310689123025,0.0299930099951496,0.0050588548690242,0.009400271643777,0.0085684825685389,0.0036156753368286,0.0017517052489092,-0.1981572783858415,0.6603983463283265,0.003524001640387296,0.03782516219318259
1268,2020-02-13,306.1428904532812,308.2029331861981,305.8694457619048,307.2367248535156,54501900.0,-0.0010675168898489,0.0173801649459861,0.0091798956990843,0.02822332132156,0.0266684430560077,0.0053008784976411,0.0094991105894884,0.0085852475490218,0.0075950797399167,0.0035729537883922,0.2388850877531954,0.8290817752653673,0.005772081761789083,0.043601730184453756
1269,2020-02-14,307.6469704852974,307.84750589786006,306.4528821069279,307.72900390625,64582200.0,0.0016009970470309,0.0244940991325398,0.0161246830424059,0.0481493029842751,0.0199852363274792,0.0035797124383982,0.0060247277223527,0.008429109969341,0.0045319868235657,0.0002666479075779,0.184953185118317,0.9746158789066686,0.014728912220727496,0.049322811088341016
1270,2020-02-18,306.7353777212436,307.79274347896046,305.550385905375,306.9359130859375,57226200.0,-0.0025805645922119,0.0251656021735788,0.0061068943850595,0.0381676168911432,0.0142971453001963,0.0034331700083017,0.0063658607794653,0.0084501655575998,0.0073056213951661,0.0006537731845074,-0.1139013536237538,0.8895273005709177,0.016809385548199517,0.051664028002671385
1271,2020-02-19,307.90211788539574,309.07795777585227,307.61954912250815,308.4034423828125,48814700.0,0.0047698300658937,0.02995348159577,0.0091449081966841,0.0278110791802268,0.0210268563451289,0.0037957765728326,0.0050220957700061,0.008472012096403,0.0047288987505328,0.0016281943783295,-0.1469868696506145,0.7762302107983247,0.01462724781766286,0.052115300688468015
1272,2020-02-20,307.8564325542408,308.6768219464852,304.15566746657606,307.1363525390625,74163400.0,-0.0041170096359091,0.0309978489144112,-0.0013942640050452,0.012212388438778,0.0167890919158278,0.0035240016403872,0.0044038512188488,0.0085491542546077,0.0147203495858866,-0.0023390124065426,0.5192841500613545,1.1561059659098438,0.01744500880488972,0.05221613839576458
1273,2020-02-21,305.7874255135602,306.0973387829116,303.1531209980254,303.9735107421875,113788200.0,-0.0103512321691502,0.0310520585357363,-0.0106779792843465,-0.0014980835852622,0.005291970992841,0.005772081761789,0.0056282865236617,0.0089065354768707,0.009685770900555,-0.0059319469017612,0.5342904990871509,1.692255137040034,0.01888210047972043,0.05253782723028876
1274,2020-02-24,294.54832373659,304.04633809698913,292.81641502565685,293.8920288085937,161088400.0,-0.0337281109572866,0.0377682746383151,-0.0460070872886641,-0.0298824042462581,-0.0195034761566826,0.0147289122207274,0.0120418551258025,0.0115789624673794,0.0382110502175141,-0.002228140088087,0.4156863365445626,2.27153591562533,0.03365431738157635,0.05244783642139649
1275,2020-02-25,295.27757219253857,295.8882745622072,284.1114604678439,284.98651123046875,218913200.0,-0.0307706008032111,0.0426959287536603,-0.0741971234996633,-0.0680902291146038,-0.0341146552597838,0.0168093855481995,0.0142292418947691,0.0129653522546221,0.0413241105465491,-0.0348521592265037,0.3589631531506925,2.818917491500137,0.033376685871080974,0.05731522172809176
1276,2020-02-26,286.3811587759355,289.9634233462724,283.2090890630601,283.93829345703125,194773800.0,-0.0036849121392126,0.0446336085707033,-0.0826518657047696,-0.0735069575080855,-0.0482243030662418,0.0146272478176628,0.0139687029697432,0.012650611803902,0.0237880357769863,-0.0085301188435218,-0.1102692756763867,2.3130743271869285,0.04019336969975756,0.05761077292756592
1277,2020-02-27,278.43268874388383,283.9929622601153,271.1861267089844,271.1861267089844,284353500.0,-0.0459515384385769,0.0519046810458478,-0.1244863945074374,-0.1258806585124827,-0.0933495896001802,0.0174450088048897,0.017582045571227,0.0159475368008828,0.0472252607703424,-0.0260262617424393,0.4599165801560578,2.970406249110443,0.036887471352803215,0.058926279848244695
1278,2020-02-28,263.15566832306206,271.5325340386913,260.27526361074985,270.0467529296875,384975800.0,-0.0042102965479801,0.0608693854099902,-0.1183454588862673,-0.1290234381706139,-0.1008001168490539,0.0188821004797204,0.017380164945986,0.0158397506100925,0.041686375806461,0.0261863430513897,0.3538634129701234,3.4619184145395328,0.03792778691412862,0.05916660599597838
1279,2020-03-02,271.8241515658398,281.80529862026447,268.40595433040124,281.7414855957031,238703600.0,0.0423948297427678,0.0662107140384128,-0.0422225181862129,-0.0882296054748769,-0.0400803024906019,0.0336543173815763,0.0244940991325398,0.0187171248095849,0.0475590034656492,0.036484374080576,-0.3799516748844992,2.0324553619037866,0.043897013494304936,0.05874782319629298
1280,2020-03-03,282.11517570579525,286.07116546161603,271.2407589694564,273.67449951171875,300139100.0,-0.0290504905294739,0.0705930638614343,-0.0405024079124756,-0.114699531412139,-0.0765319145209958,0.0333766858710809,0.0251656021735787,0.0195110005375107,0.05418994651902,-0.0299192561086429,0.25737148497132,2.326682596022457,0.05465907269955258,0.058567179016492464
1281,2020-03-04,279.03434596352906,285.39676211227726,276.4911987598748,285.177978515625,176613400.0,0.0411740291579122,0.0681371743333007,0.0043565333846491,-0.0782953323201205,-0.0504842531398937,0.0401933696997575,0.02995348159577,0.021600220611392,0.0312280892050523,0.0220174779233053,-0.4115615059817264,1.3111538956653097,0.04905795308977914,0.058009605252913155
1282,2020-03-05,277.9951357880224,281.1763288962732,273.46488424875696,275.6980895996094,186366800.0,-0.0338070826447545,0.0686550832313816,0.0165009891784714,-0.1079854053289659,-0.0957730168901879,0.0368874713528032,0.0309978489144112,0.0224132483932787,0.0279706132846819,-0.0082629006507674,0.055224575258729,1.3243659774153242,0.05958138009380193,0.0582548945929951
1283,2020-03-06,267.2118572656224,272.343714991951,264.5502366862195,271.1405029296875,228667200.0,-0.0166692412129876,0.0689236325180183,0.0040420445134639,-0.1143034143728033,-0.1158014979580656,0.0379277869141286,0.0310520585357363,0.0224773847387679,0.0287433202399589,0.0147023627778605,0.2269739030771576,1.5281471348310476,0.0814279828471982,0.058241931139658906
1284,2020-03-09,250.9412162354038,259.044635004558,249.2549280257215,249.9659118652344,309417300.0,-0.081312591494061,0.0661224886666272,-0.1196653767233648,-0.1618878949095777,-0.1917702991558359,0.0438970134943049,0.0377682746383151,0.0281109756374504,0.0391641680490997,-0.0038865850130194,0.3531337244694472,1.9111536790168324,0.08905970196238405,0.0578372738909952
1285,2020-03-10,259.4548490211814,262.9915202948296,249.3005113667445,262.900390625,276444100.0,0.0504506615395147,0.0712231357375007,-0.0401642246543762,-0.0806666325668519,-0.1487568616814557,0.0546590726995525,0.0426959287536603,0.0309810053942455,0.0520767918812791,0.013279927574363,-0.1065654699979606,1.592241078911067,0.08952640956480029,0.05654461665628454
1286,2020-03-11,255.8634994500448,256.9937745724308,246.9123725197527,250.08444213867188,255316300.0,-0.0499765881798686,0.0707855617111782,-0.131314841992157,-0.1269583086075079,-0.2004652661155934,0.0490579530897791,0.0446336085707033,0.032304802834233,0.0403119920874085,-0.0225864858559133,-0.0764270244870481,1.3902929333901612,0.08966147587386503,0.05602949401285894
1287,2020-03-12,233.34894558391483,243.06574485920348,225.7650981762707,226.1570587158203,392220700.0,-0.1005689214096716,0.0657219874234927,-0.198076680757074,-0.1815756915786026,-0.3074563500910853,0.0595813800938019,0.0519046810458477,0.0378251621931825,0.0764983714466859,-0.0308203101158142,0.5362148832644058,1.950827613089432,0.07974043733107268,0.05080296001659003
1288,2020-03-13,239.81153712478945,247.45919510246955,226.53071215332528,245.4903106689453,329566100.0,0.0820277707357941,0.0606317823111616,-0.0993796688082923,-0.0953376242948284,-0.2243610624654423,0.0814279828471982,0.0608693854099902,0.0436017301844537,0.0852517677464153,0.0236801515566818,-0.1597432261989232,1.5342449746679223,0.0630435375254485,0.04761412499881538
1289,2020-03-16,219.8402075410676,234.1692913616769,216.35821121478764,218.62789916992188,297240000.0,-0.1158862845353726,0.047279105051436,-0.133953361849604,-0.2536187385729688,-0.3418483440478458,0.089059701962384,0.0662107140384127,0.049322811088341,0.0814675538415439,-0.0055144979378681,-0.0980868481315281,1.3126679835447503,0.04236026613602931,0.03907978642792038
1290,2020-03-17,223.3587287913768,233.50395903282416,216.09393128193696,230.43212890625,262070500.0,0.0525851733008089,0.0451867968188361,-0.1318188500883097,-0.1719830747426859,-0.286682606154825,0.0895264095648002,0.0705930638614342,0.0516640280026713,0.0755538206999353,0.0316683397740858,-0.1183202126227963,1.1072693145972925,0.05616786881871428,0.03820201125648001
1291,2020-03-18,215.3464508056641,226.39406110097968,207.8446502974257,218.7646484375,327597100.0,-0.0519598801961057,0.0444271459305427,-0.1338021421045468,-0.2651169840967039,-0.3434123164168244,0.089661475873865,0.0681371743333007,0.052115300688468,0.0847916285196941,0.0158730158730157,0.250034246510004,1.3071418517827271,0.05032611038971417,0.03577915107595196
1292,2020-03-19,218.08101328487268,225.4916703500961,211.6730331085697,219.22952270507807,289322000.0,0.0021227425969031,0.0448554364755067,-0.0311104780979721,-0.2291871588550462,-0.3371725641840122,0.0797404373310726,0.0686550832313815,0.0522161383957645,0.0630327387982144,0.005266434720317,-0.1168358938464351,1.106906677665261,0.054800270934092024,0.03599277254947717
1293,2020-03-20,222.3707310405341,224.14947908525951,209.50691583930976,209.781982421875,347158800.0,-0.0440504173853556,0.0421463200955881,-0.1571886662191219,-0.2565683350274143,-0.3708717494002176,0.0630435375254485,0.0689236325180183,0.0525378272302887,0.0697989554532063,-0.0566115358786332,0.1999046045582431,1.271423273290092,0.05113637818202516,0.034396043850234974
1294,2020-03-23,209.2227117415833,210.58885308857097,200.1180920586079,204.4182586669922,326025200.0,-0.025900630036547,0.0437625498427957,-0.0672030117202962,-0.2011563735699003,-0.363044268479478,0.0423602661360293,0.0661224886666271,0.0524478364213964,0.0512222396288996,-0.0229633438673963,-0.060875887346079,1.1590184618969692,0.0440891192667081,0.034686372793894235
1295,2020-03-24,214.9348561536564,223.81025556170377,214.3663954320049,222.939208984375,235494500.0,0.0867309463888345,0.0364133891343844,-0.0330572386322707,-0.1648760887205805,-0.2455427212874324,0.0561678688187142,0.0712231357375006,0.0573152217280917,0.042360696320407,0.0372408318220675,-0.2776800689026493,0.8347219401843783,0.03508017967116661,0.029843842145702598
1296,2020-03-25,224.5162503654232,235.04203577073903,219.82183239457268,226.2766571044922,299430300.0,0.0148592682506864,0.0372013955082055,0.0337619098145214,-0.1000402322900254,-0.2269985408975334,0.0503261103897141,0.0707855617111782,0.0576107729275659,0.067263692026075,0.0078408878475556,0.2714959372724204,1.042018194044696,0.043303804260362504,0.02982086418013961
1297,2020-03-26,228.77977750775747,240.9559221979881,228.34884302210628,239.4889373779297,257632800.0,0.0567488281993931,0.0336019000253769,0.0883879954170114,0.0572775173190392,-0.1242981742595634,0.054800270934092,0.0657219874234927,0.0589262798482446,0.0526415930268504,0.0468099059577461,-0.1395900815648917,0.9007507444931838,0.033672309966993635,0.027437113390493647
1298,2020-03-27,232.21804924789328,239.1313137589341,230.1825758633505,232.35557556152344,224341200.0,-0.0302383736609455,0.0316605439935288,0.1022000391414215,-0.0549886270777003,-0.1503262513725288,0.0511363781820251,0.0606317823111616,0.0591666059959783,0.0385131188436412,0.0005922292176494,-0.1292211240183703,0.8070165530318087,0.03167360762705517,0.026295644582515387
1299,2020-03-30,234.44604471765408,240.6166387658332,232.4564182263532,239.90147399902344,171369500.0,0.0319594624150641,0.0314338411686544,0.1600601315930326,0.0928571198727363,-0.1607616187002325,0.0440891192667081,0.0472791050514359,0.0587478231962929,0.0340148828744303,0.0232694447370156,-0.2361211404770947,0.6240203680958942,0.0426456176141539,0.025676531898377503
1300,2020-03-31,238.9020663927464,241.4418119617208,234.92281361805345,236.3256378173828,194881100.0,-0.0150176388423334,0.0320230529248496,0.0583115463618647,0.025254307729594,-0.146728767013092,0.0350801796711666,0.045186796818836,0.0585671790164924,0.0275848122272065,-0.0107844549620932,0.1371982762393542,0.7235001781731646,0.04159462189546392,0.02567557557317521
1301,2020-04-01,227.3677561407306,236.2431562593995,223.6268864038176,225.6898651123047,189554600.0,-0.0460488966350884,0.0260612341663082,-0.00259661852391,0.0311652912906113,-0.2339516928060926,0.0433038042603625,0.0444271459305426,0.0580096052529131,0.0559009145107336,-0.0073796349003302,-0.0273320501577628,0.702038980235999,0.030606245655915573,0.02288662956873009
1302,2020-04-02,224.80959765546936,231.6770134320797,224.2594645775336,230.89767456054688,177660400.0,0.0228128665404079,0.026256839522169,-0.0365325801828952,0.0518554152341161,-0.1773317436209302,0.0336723099669936,0.0448554364755067,0.0582548945929951,0.0321248313507853,0.0270810364351426,-0.062748147499454,0.6590498956144994,0.03071502545647255,0.023897167974552033
1303,2020-04-03,229.91662928983567,232.2638518564536,224.83712454211465,227.5602569580078,135561200.0,-0.0145595760426998,0.0266479225653398,-0.0208537825646495,0.0813462565767719,-0.1752220784506424,0.0316736076270551,0.042146320095588,0.0582419311396589,0.0326363109868936,-0.0102488120981339,-0.23696445578193,0.5117154760305642,0.029263348216602102,0.023429936843308352
1304,2020-04-06,236.40816732964865,244.80678550079665,227.5419457283824,242.8446502685547,188061200.0,0.0650068705255012,0.0226505240537664,0.0121936255457875,0.1722537571388201,-0.0289026164310801,0.0426456176141539,0.0437625498427956,0.0578372738909952,0.0710941737992646,0.027226144560103,0.3872789559254417,0.7265331408801589,0.017993806339489913,0.01902488693608721
1305,2020-04-07,251.4175077872792,252.1693556566016,242.87221252313967,243.09225463867188,201427200.0,0.0010190804157714,0.0233977822200273,0.0282303448038923,0.086541891165757,-0.0783341975548234,0.0415946218954639,0.0364133891343843,0.0565446166562845,0.0382453284958874,-0.0331132593822829,0.0710726082785817,0.7896116660306656,0.02385015585009239,0.01916649197619065
1306,2020-04-08,245.6869771638037,253.0586948036147,243.2022420168797,251.25244140625,153774500.0,0.0330171563548536,0.0212585031106264,0.1072963977938343,0.1046997792699242,0.0046595469798987,0.0306062456559155,0.0372013955082054,0.0560294940128589,0.0392292816402851,0.0226526627772204,-0.2365752986687002,0.6150501613984465,0.01983854691478184,0.018002595553116146
1307,2020-04-09,254.50740840247016,257.82653581519105,252.5728060191188,255.07589721679688,189999200.0,0.0151029606520009,0.0211745977139823,0.0995864919054273,0.063053911722532,0.1203314290415712,0.0307150254564725,0.0336019000253769,0.05080296001659,0.0205967316135987,0.002233682775268,0.2355702668517862,0.7919656992375881,0.022053006049835466,0.018053333024403654
1308,2020-04-13,254.1040470484585,254.44328805190864,248.85031642747572,252.7470550537109,114839100.0,-0.0091719308025424,0.0211372662610494,0.1049741371455847,0.0841203545809351,0.0291317275032346,0.0292633482166021,0.0316605439935288,0.0476141249988153,0.0221287311270326,-0.00534030059934,-0.3955811392890075,0.5011043669292613,0.023797171790883608,0.01785503828256561
1309,2020-04-14,257.6247736197147,261.21892505517496,252.60944238232008,260.2012023925781,134143400.0,0.0290659808845918,0.0193124902084038,0.0690332475046753,0.0812268730504628,0.1740839929231991,0.0179938063394899,0.0314338411686544,0.0390797864279203,0.0330877897322908,0.0100007027145089,0.1680986702264297,0.60693650118346,0.023256553088146895,0.01745438667716167
1310,2020-04-15,254.4981844998676,260.338700945521,252.56355469912344,254.67239379882807,121775000.0,-0.02147719811553,0.0190755618064917,0.0465369689733739,0.0747673137772662,0.1000216215068602,0.0238501558500923,0.0320230529248496,0.03820201125648,0.0305299923969746,0.000684520792566,-0.0922028217564189,0.5690356344810408,0.02488823976455819,0.017231035769437783
1311,2020-04-16,255.94694057675247,256.7537991200917,252.8387332120089,255.901107788086,131798300.0,0.0048130831601979,0.0196427575219482,0.0183328957787182,0.1256292935725525,0.1567945848631638,0.0198385469147818,0.0260612341663082,0.0357791510759519,0.0152991362246266,-0.0001790714456801,0.0823099979470334,0.6453978876657755,0.024795006838905346,0.01739234046389016
1312,2020-04-17,261.659114795478,263.4195080259015,258.92680340917883,262.8143920898437,146684800.0,0.0266569773873633,0.02006441394467,0.0298869125140806,0.1294734044195079,0.181328819653624,0.0220530060498354,0.0262568395221689,0.0359927725494771,0.0170945912854986,0.0044151998881013,0.1129491048063593,0.7442883207970505,0.021834455464441665,0.016350438998818946
1313,2020-04-20,259.11928900096365,262.95186638326464,257.96403991624453,258.18408203125,100109300.0,-0.0177752227826215,0.0192302794686868,0.0212836205340015,0.1262577576795862,0.2076040142563581,0.0237971717908836,0.0266479225653398,0.0343960438502349,0.0193188767788418,-0.0036091754238727,-0.3175209701346015,0.5419277214613865,0.02094876003546453,0.017099696095609077
1314,2020-04-21,253.7280597407636,254.92916957927525,249.4095373940222,250.3447723388672,126385700.0,-0.030833769601959,0.0157964544251413,-0.0386161299525492,0.030417117552126,0.2026708746909461,0.0232565530881468,0.0226505240537664,0.0346863727938942,0.0220481224100883,-0.0133343052611253,0.2624771125160199,0.7232530682433003,0.011033204727980972,0.015551296265951654
1315,2020-04-22,255.2134480724144,257.64317347159806,253.89313917984944,255.901107788086,92951600.0,0.0219520149972172,0.0148995075404618,0.0048130831601979,0.0513500521335718,0.1378919432993288,0.0248882397645581,0.0233977822200273,0.0298438421457025,0.0146542323484353,0.0026944493750833,-0.2645402130146053,0.5545408868277598,0.012238487495487609,0.01526919314099426
1316,2020-04-23,257.1754630685727,260.3387078110824,255.5801020580558,255.88265991210932,104709700.0,-7.20924622813463e-05,0.015213851253415,-7.209246228133676e-05,0.0182608033164368,0.122960582586361,0.0247950068389053,0.0212585031106263,0.0298208641801396,0.0185968277594936,-0.0050269304117813,0.126497015651156,0.6632107740042167,0.014598835248966439,0.015420280086761596
1317,2020-04-24,257.3955098331214,260.1186421969253,255.35085912854345,259.4493103027344,85063200.0,0.0138423678227731,0.0154365779815641,-0.0128867020268715,0.017000210487209,0.080054122209741,0.0218344554644416,0.0211745977139823,0.0274371133904936,0.0183765494031132,0.0079791619944905,-0.1876282713062877,0.5699204667249251,0.020623076243647728,0.015197907426971477
1318,2020-04-27,261.4205849434391,264.3087487379452,260.96214535761493,263.1901550292969,77896600.0,0.0143154463426072,0.0149543385733332,0.0192039670983571,0.0404875876323586,0.1246079422132937,0.0209487600354645,0.0211372662610493,0.0262956445825153,0.0127155340592347,0.0067690541134724,-0.0842502986015104,0.5488293431205361,0.019197840490232886,0.015117582111957215
1319,2020-04-28,266.83019054311086,267.1786091367333,261.6773336103177,261.9799194335937,105270000.0,-0.0046089364070813,0.0164353404985142,0.0454288002932348,0.0068126703406855,0.0880395433911483,0.0110332047279809,0.0193124902084037,0.0256765318983775,0.020998844256115,-0.0181773700331466,0.3514068649979589,0.7593742084216382,0.019791457441742724,0.0152881872103412
1320,2020-04-29,267.2978148114988,270.3693659891628,266.27091449702925,268.8381652832031,118745600.0,0.0258417250701038,0.014604213668692,0.0493185103661214,0.0541315935263193,0.1288989073035855,0.0122384874954876,0.0190755618064916,0.0256755755731752,0.0152450508201323,0.0057626751374326,0.1280098793578417,0.8807679364559685,0.01372193354333419,0.014337030218304212
1321,2020-04-30,267.4628265283742,268.9390166066362,264.6021678699744,266.3350830078125,122901700.0,-0.0093543559429698,0.0152756367696556,0.040036246885433,0.0399641544231516,0.1655934479957041,0.0145988352489664,0.0196427575219481,0.02288662956873,0.0162834302101108,-0.0042164495724494,0.0350000336854585,0.9346998014303752,0.01567979049517909,0.014110480679848025
1322,2020-05-01,261.5948274910563,266.5001372793607,258.1198471539412,259.2843017578125,125180000.0,-0.0268300767049604,0.0125738749196355,-0.0006361976423004,-0.013522899669172,0.1159505047503358,0.0206230762436477,0.02006441394467,0.023897167974552,0.0323208542461132,-0.0088324595535927,0.0185375792198154,0.9714127385516492,0.009033860735762466,0.012329129997187747
1323,2020-05-04,257.40472721224256,260.3020696248995,255.9285647321888,259.99951171875,80873200.0,0.0027546031461702,0.0155439071514695,-0.0121970408387374,0.0070069262596196,0.1332646839392058,0.0191978404902328,0.0192302794686867,0.0234299368433083,0.0168212042545744,0.0100805627565958,-0.3539447196037706,0.6411919689027461,0.009378368305460153,0.012364074392432253
1324,2020-05-05,262.81437091102384,265.2074131354292,260.1278925305998,262.4017639160156,79569900.0,0.0091970262792964,0.016030164964753,0.0016089218476402,0.047037722140875,0.077454839693001,0.0197914574417427,0.0157964544251413,0.0190248869360872,0.0193577990064698,-0.0015699559867215,-0.0161153509444413,0.6592101894786375,0.01469928706825429,0.012482763720686928
1325,2020-05-06,264.0978740455981,264.4829476132183,260.19195997415204,260.6228942871094,73632600.0,-0.006802266241747,0.0163289281958954,-0.0310350694642105,0.0182834409019108,0.0696334930354826,0.0137219335433341,0.0148995075404618,0.0191664919761906,0.0164643541804089,-0.0131579240122498,-0.074617411860515,0.6441192363183295,0.01672892169430755,0.012320448695286612
1326,2020-05-07,263.8321631551154,265.69342803485176,263.26370215454824,263.7679748535156,75250400.0,0.011995320524966,0.01644241951087,-0.0096853929962747,0.0303508538891582,0.048611657205595,0.015679790495179,0.0152138512534149,0.0180025955531161,0.0092116030448839,-0.0002432921779973,0.0219712464316077,0.6816840795635687,0.016708362835420414,0.013079665376581243
1327,2020-05-08,266.8944094168429,268.5998195757135,265.7666377314456,268.1322021484375,76452400.0,0.0164103169097286,0.0156991391351521,0.0335550006184142,0.0329188029761137,0.0499190134633227,0.0090338607357624,0.0154365779815641,0.0180533330244036,0.0105663617482971,0.0046377619310166,0.0159733370188066,0.7301233268034948,0.01410398925379632,0.012917676048984196
1328,2020-05-11,266.20676247386785,269.56254444611375,265.7850057832069,268.1872253417969,79514200.0,0.000205188142484,0.0160865828806771,0.031005585614728,0.0188085447759905,0.0592961324083491,0.0093783683054601,0.0149543385733331,0.0178550382825656,0.0140854533920938,0.0074395663337945,0.0400484484463534,0.7723921170624656,0.021048155200636142,0.01317969782573818
1329,2020-05-12,269.36997290557235,269.78255179515514,262.7042425975372,262.841796875,95870800.0,-0.0201330202340344,0.0143940256685506,0.0016755391013972,0.0032844609490374,0.0100971312897229,0.0146992870682542,0.0164353404985142,0.0174543866771616,0.0269299224163506,-0.0242349804625803,0.2057066536543157,0.9489175432475436,0.018846208289968868,0.012099530602778116
1330,2020-05-13,262.2825424788248,263.3186207708161,255.77269255804435,258.1932678222656,144721100.0,-0.0178439138171608,0.0122077416551339,-0.0093661084740165,-0.0404011779382271,0.0137304155880921,0.0167289216943075,0.0146042136686919,0.0172310357694377,0.0292258906532225,-0.0155911049889616,0.5095430516904,1.4163479981293623,0.014926637493601815,0.018276284663891456
1331,2020-05-14,255.76344816859944,261.4113990670636,250.298828329272,261.2830505371094,121977900.0,0.0118958999378677,0.0121241410048616,-0.0094655290611148,-0.0191509220573896,0.0208132323657619,0.0167083628354204,0.0152756367696555,0.0173923404638901,0.0425307753983579,0.0215808881528349,-0.1571519287788719,1.1995305052359404,0.016777720568016602,0.018276500056856885
1332,2020-05-15,258.8992207520091,262.5300551877956,257.95483612918537,262.4842224121094,111146300.0,0.0045866706182113,0.0121354453339925,-0.0212891753526321,0.012265825265782,-0.00125707440339,0.0141039892537963,0.0125738749196354,0.0163504389988189,0.0174304535966621,0.0138470932808801,-0.088799692403296,1.1124518584569825,0.016910472466576527,0.018324614861822477
1333,2020-05-18,268.6914444443786,272.0839087534759,268.37055910186746,270.4793701171875,119703800.0,0.0300048545090613,0.0090016712721544,0.0085104910139451,0.0395160766286731,0.0465230028882927,0.0210481552006361,0.0155439071514694,0.017099696095609,0.0137287721795551,0.0066541965134249,0.0769931162800741,1.1864685231319574,0.011770443958539852,0.01764241923085274
1334,2020-05-19,269.88340997902395,271.58879193513707,267.6829053984864,267.70123291015625,95189300.0,-0.010324273555413,0.0077296781446785,0.0183192376925665,0.0199947767939637,0.0670324989348387,0.0188462082899688,0.0160301649647529,0.0155512962659516,0.0145904689873487,-0.008085628787028,-0.2047929973818709,0.9583039094083556,0.010023791016103656,0.017451081993577026
1335,2020-05-20,271.2312398155431,273.1108311782877,271.00201999174817,272.2489624023437,85861700.0,0.0168453945292607,0.0073306380237962,0.053008546038988,0.0436424375649714,0.0619258784668822,0.0149266374936018,0.0163289281958954,0.0152691931409942,0.0077458924652319,0.0037522321820034,-0.0979900051791535,0.8674956444215254,0.00924652517215999,0.017162570602735894
1336,2020-05-21,272.1205662355428,272.92742435106703,269.2782353216481,270.36932373046875,78293900.0,-0.0069280606206996,0.0086037294324616,0.0341845854804207,0.0247190564193058,0.055069910308464,0.0167777205680166,0.01644241951087,0.0154202800867615,0.013497052768667,-0.0064355389572363,-0.0881394148962808,0.8017338050721653,0.007004835183534902,0.017130245624573496
1337,2020-05-22,270.08513201578137,271.05702179895974,268.8473394108852,270.8828125,63958200.0,0.00189741116649,0.0084029793167727,0.0314953260286994,0.0102061506760672,0.0431249536521809,0.0169104724665765,0.015699139135152,0.0151979074269714,0.008157336996324,0.0029534409327353,-0.1831011100481646,0.6620898778142718,0.006728702909374992,0.017151425957142676
1338,2020-05-26,276.8334185471668,277.0718161691973,270.9012071094812,274.2203063964844,88951400.0,0.0122455201088284,0.009758185191968,0.0137359916284665,0.0222464826424116,0.0410550274184021,0.0117704439585398,0.016086582880677,0.0151175821119572,0.0225023782549284,-0.009439294447889,0.3907739742519334,0.9155785057870444,0.006119174233823185,0.01701265076275073
1339,2020-05-27,277.0076420479935,278.33712857289146,272.1940244647287,278.3004455566406,104817400.0,0.0147694482585046,0.0100781172582955,0.0388297134423841,0.0571489511349506,0.060433412083988,0.0100237910161036,0.0143940256685506,0.0152881872103412,0.0220736409382156,0.004667031924062,0.1783670633626901,1.0791389200868644,0.005574758227533704,0.017853957887946584
1340,2020-05-28,279.3273381718324,281.3353065447308,277.11765518674065,277.7869873046875,90405200.0,-0.0018466822572448,0.0227971526667279,0.0201376366558786,0.0731461826948666,0.0327450047566394,0.0092465251721599,0.0122077416551339,0.0143370302183042,0.015183041505699,-0.0055145009336585,-0.1374981634728584,0.9445390031946358,0.0058416238930147964,0.017992967635795727
1341,2020-05-29,277.3192485039644,279.6114462849819,274.57778891176497,279.024658203125,119090800.0,0.0044455713050313,0.0231071162577024,0.0315112685816095,0.0656958540620302,0.0465449320046405,0.0070048351835349,0.0121241410048616,0.014110480679848,0.0180401882960198,0.0061496261379643,0.3173003322817713,1.2467234993866665,0.010513951575376698,0.01880940636039371
1342,2020-06-01,278.3828651183529,280.75757894742645,277.8694149921172,280.1524353027344,55758300.0,0.0040337082540035,0.0232693002506754,0.033647565669123,0.0651428916978224,0.0774087169636044,0.0067287029093749,0.0121354453339925,0.0123291299971877,0.0103092587868754,0.006356605977272,-0.5318001054657455,0.6057265061442486,0.010046351970855794,0.019088993860559768
1343,2020-06-02,281.0693740975131,282.5180592457431,279.73991573138625,282.4721984863281,74267200.0,0.0082462664795062,0.0239125636533848,0.0296483120398008,0.0433843036682673,0.0829003802969404,0.0061191742338231,0.0090016712721543,0.0123640743924322,0.0098351042305895,0.0049910254125671,0.3319487861000065,0.8097020506829141,0.013187150528799086,0.019216277962481855
1344,2020-06-03,284.4526664557033,287.1849772402928,284.17761381806736,286.2314147949219,92567600.0,0.0132204929741145,0.0236014642004933,0.0280993567554107,0.0669290701977948,0.0869238469917585,0.0055747582275337,0.0077296781446784,0.0124827637206869,0.0105067552573856,0.0062532313772335,0.2464129521511515,1.0021226779573034,0.014014232833042616,0.019044746813803366
1345,2020-06-04,285.2504248545544,286.9833408869309,283.3891602166023,285.4796447753906,75794400.0,-0.0026298964843836,0.0235857539525207,0.0273161425282719,0.0474537791841505,0.0910962167491219,0.0058416238930147,0.0073306380237961,0.0123204486952866,0.0125899717759435,0.0008035743363155,-0.1811994693607698,0.8195795365281311,0.03221359677965985,0.019073342890534552
1346,2020-06-05,290.86163222663976,294.56580447547407,290.7974439598148,292.7962341308594,150524700.0,0.0253061906338835,0.0218862418340264,0.0481767618571241,0.0796880304387336,0.1044070868580394,0.0105139515753766,0.0086037294324616,0.0130796653765812,0.0128702492600197,0.0066512791302504,0.9859607042208922,1.5640013702767763,0.029274155742048568,0.018508194481152786
1347,2020-06-08,293.60307791418927,296.5279249936356,293.0621225082108,296.3353881835937,73641200.0,0.0120149606450884,0.0215279446606546,0.056158014248209,0.089805579917332,0.1000117305933992,0.0100463519708557,0.0084029793167726,0.0129176760489841,0.0116955403357954,0.0093061363280496,-0.5107699932303469,0.7662755194257148,0.028790431281835414,0.018410958078172033
1348,2020-06-09,293.67647298750563,296.4087837876376,292.8146040767573,294.1257629394531,77479200.0,-0.0074844401011456,0.0216200970435982,0.0404273076675572,0.070075619707358,0.0923221023497696,0.013187150528799,0.009758185191968,0.0131796978257381,0.0122198738218664,0.0015298806451091,0.0521175646241505,0.8070664249192352,0.03172690897209952,0.018451903081117493
1349,2020-06-10,294.7034495380097,295.5928238577627,291.76942366351983,292.4845886230469,95000800.0,-0.0055954641578454,0.0228721108504269,0.0216113505355973,0.049710707291008,0.1068596584259586,0.0140142328330426,0.0100781172582955,0.0120995306027781,0.0130721424066909,-0.0075291311263617,0.2261458559200404,0.9900297548331805,0.03172600583948066,0.01845357303858093
1350,2020-06-11,285.5712867925123,286.2039358982989,275.0730331017828,275.6231384277344,209243600.0,-0.059377484640992,0.0125374320610288,-0.035136237621011,-0.0078200950927391,0.0653260876021274,0.0322135967796598,0.0227971526667278,0.0182762846638914,0.0403845005902306,-0.0348359545405065,1.2025456627733662,2.1096583010233187,0.009257178440937038,0.012304936413766038
1351,2020-06-12,282.61894313978905,283.38911860299044,273.7802388403364,278.9239196777344,194678900.0,0.0119045631331365,0.0145776338897506,-0.048537865121758,-0.0003611032646339,0.0653347507973962,0.0292741557420485,0.0231071162577024,0.0182765000568568,0.0344498233559748,-0.0130742243283637,-0.0696064300174533,1.8934192852768648,0.010357085482819514,0.012379426544120787
1352,2020-06-15,273.24847071892265,282.65566513999767,272.074865853952,281.52789306640625,135782700.0,0.0092924746328213,0.0150784279204629,-0.0512603511340251,0.0048976631141838,0.0700405548120062,0.0287904312818354,0.0232693002506754,0.0183246148618224,0.0375834847865318,0.0302999768880691,-0.3025299608740341,1.304969033550675,0.010047228801885591,0.012516661386129408
1353,2020-06-16,289.2571176724693,289.4038217313861,282.0962919334156,286.9465637207031,137627500.0,0.0190644793572288,0.0142813017717706,-0.0247114316756507,0.0157158759919064,0.0591001796601737,0.0317269089720995,0.0239125636533848,0.0176424192308527,0.0254665178882684,-0.0079878897029681,0.0135864141750017,1.3114037887804,0.005288568619842386,0.011995402994544744
1354,2020-06-17,287.9643213952654,288.25772952024136,285.02111835943526,285.754638671875,83398900.0,-0.0041624734322456,0.0144445175926338,-0.0232784409500509,-0.0016670904144536,0.0652619797833411,0.0317260058394806,0.0236014642004932,0.017451081993577,0.0113265393550535,-0.007673460075484,-0.3940244500554032,0.7991678195980382,0.013048894578273762,0.011975022591507721
1355,2020-06-18,284.2417880969982,286.3414217497539,283.7833484028866,285.8646545410156,80828700.0,0.000384927072285,0.0145467049490275,0.036483970763226,0.0013477331422149,0.0488015123263654,0.009257178440937,0.0235857539525207,0.0171625706027358,0.0089485471751468,0.0057094576236749,-0.0308181522777878,0.7764112050531802,0.014633642247467066,0.011974072917585473
1356,2020-06-19,289.323611161699,289.5169952642536,282.2878135586834,284.23095703125,135549600.0,-0.0057313262848875,0.0150459124504239,0.018848081345202,-0.029689783776556,0.0499982466621775,0.0103570854828195,0.0218862418340264,0.0171302456245734,0.025434181347021,-0.0176019306201828,0.6769983928975722,1.2671939349516723,0.017761539994798223,0.01191491058362521
1357,2020-06-22,283.6323733290194,286.45036871018254,282.4904486423991,286.05438232421875,74649400.0,0.0063948040778385,0.0155135452422292,0.0159504107902192,-0.0353099403438059,0.054495639573526,0.0100472288018855,0.0215279446606546,0.0171514259571426,0.0138432420982637,0.0085392544115187,-0.4492835095050077,0.6943944522413935,0.019448521534696915,0.011879230896279748
1358,2020-06-23,288.6974262655169,289.6275587383942,286.966102816788,287.3713073730469,68471200.0,0.0045931927634167,0.0156203144562427,0.0014791241964071,-0.0232323074792436,0.0468433122281143,0.0052885686198423,0.0216200970435982,0.0170126507627507,0.0092613836291988,-0.004593455887793,-0.0827628889180622,0.6430496793894263,0.020650884661788965,0.011892863927857496
1359,2020-06-24,285.3360276763805,285.95305250280444,278.20816137818287,280.040771484375,132813500.0,-0.0258399284812279,0.0127688056417234,-0.0201983308525751,-0.0434767718026261,0.0062339354883818,0.0130488945782737,0.0228721108504268,0.0178539578879465,0.0276562983438777,-0.0185579656208407,0.9396987346504808,1.231137721664533,0.0160280359759418,0.010488147094738436
1360,2020-06-25,279.469847494696,283.31007226818923,277.4530430466422,283.0429992675781,89468000.0,0.0106636219632432,0.0127375428151858,-0.0099196359616169,0.026564334801609,0.0187442397088698,0.014633642247467,0.0125374320610288,0.0179929676357957,0.0206930722070606,0.0127854643530011,-0.3263636603206752,0.8296995107473388,0.01566825839639585,0.010529389993923978
1361,2020-06-26,281.94711324330086,282.15893364058905,275.7401601235611,276.3203125,127961000.0,-0.0240380816433497,0.0096258388435478,-0.0282263913200791,-0.0093783099748771,-0.0097394132395111,0.0177615399947982,0.0145776338897505,0.0188094063603937,0.0232294667697581,-0.019956936882859,0.4302432154513345,1.1818113305968525,0.004500771820411269,0.008576599869536444
1362,2020-06-29,277.5727536803356,280.5196622715444,275.28887633629,280.38153076171875,79773300.0,0.0145905401892954,0.0094458813185592,-0.0200306552086222,-0.004080244418403,0.0008174186957807,0.0194485215346969,0.0150784279204628,0.0190889938605597,0.0186559575484298,0.0101190662417026,-0.3765811458178664,0.7286825330869111,0.010015203054324448,0.008457662166143024
1363,2020-06-30,279.94872310498295,285.66762102118946,279.7921834155964,283.9731140136719,113394800.0,0.0127282791917006,0.0091688614346572,-0.0118955687803383,-0.0104164445839312,0.0052994314079751,0.0206508846617889,0.0142813017717706,0.0192162779624818,0.020690119295273,0.0143754572767947,0.4214630709773821,1.0176102203622015,0.009402947275706099,0.008426789207547875
1364,2020-07-01,285.08742860608777,287.22395639224413,284.62697148514405,285.9622802734375,72396500.0,0.0069803502522914,0.0094058202688233,0.0209247099531809,0.0007263791006057,-0.0009407113138479,0.0160280359759418,0.0144445175926337,0.0190447468138033,0.009081564549761,0.0030687135929747,-0.3615536162152056,0.655623495258884,0.01039764524099214,0.008471467645987643
1365,2020-07-02,289.38809746937955,290.7326525675876,286.87401944452057,287.5370788574219,69344200.0,0.0054919068941923,0.0093729549058114,0.01575299488413,0.005833358922513,0.0071810920647279,0.0156682583963958,0.0145467049490274,0.0190733428905345,0.0134196018767387,-0.0063963190889477,-0.0421608779429945,0.6298213233194114,0.010932370784995591,0.008537777963414346
1366,2020-07-06,291.3495847273951,292.5559799310515,290.6036465664798,291.9757995605469,61713800.0,0.015319098756031,0.0085572209885195,0.0551101752835107,0.0268837839634315,-0.0028059998131245,0.0045007718204112,0.0150459124504238,0.0185081944811527,0.0066866273420953,0.0021493589350323,-0.1100366000328795,0.5840744783024628,0.009580975312243974,0.008053560822595479
1367,2020-07-07,290.43791531370204,292.408657022588,288.5868688394488,288.9644470214844,82910000.0,-0.0103672607585257,0.00733196984403,0.0301523743356896,0.0101217191270673,-0.0251882212167386,0.0100152030543244,0.0155135452422291,0.018410958078172,0.0132258076124327,-0.0050732642486645,0.3434596475990783,0.7812538280589513,0.00977845514624465,0.007532009549259915
1368,2020-07-08,289.728779659392,291.2851267804882,287.9698584105039,291.17462158203125,54638600.0,0.0076195015061792,0.0072362582200041,0.0250435966501682,0.0131480278698298,-0.0100842796094138,0.009402947275706,0.0156203144562426,0.0184519030811174,0.0113858424610344,0.0049903289702148,-0.3409890242431552,0.520455600827759,0.009970775122591579,0.007487862112327731
1369,2020-07-09,291.7824085004592,292.0218551502653,286.1095744969354,289.5169677734375,83354200.0,-0.0057092554521615,0.0083041082924546,0.0123539909457153,0.0332787008988962,-0.0101980709037299,0.0103976452409921,0.0127688056417233,0.0184535730385809,0.0204211887779806,-0.0077641443110445,0.5255551935810947,0.7984124892049725,0.00945581075532116,0.0072859582715564045
1370,2020-07-10,289.45251680342045,292.74018697945144,288.025111149212,292.4731140136719,57550400.0,0.0101588386333462,0.008306942848116,0.0170209226848692,0.0327739175689992,0.0593382523706082,0.0109323707849955,0.0127375428151858,0.012304936413766,0.0161213992135325,0.010435553449697,-0.3095680841517284,0.5944352161012634,0.008816493795664862,0.007106569277767808
1371,2020-07-13,294.8122566026346,297.18820278628755,289.2867716039281,289.94061279296875,102997500.0,-0.0086966260082256,0.0077447346454446,-0.0069948020793873,0.0481153732041233,0.0387370632292461,0.0095809753122439,0.0096258388435477,0.0123794265441207,0.0272518951596526,-0.0165245633468764,0.7896921654758264,1.1167317693721617,0.006273963216875807,0.006590166566171135
1372,2020-07-14,288.5224361241147,294.4715626788139,287.3252587874631,293.697998046875,93657000.0,0.0128759033245442,0.0072921905631778,0.0162483620036825,0.0464007363393721,0.042320491920969,0.0097784551462446,0.0094458813185591,0.0125166613861294,0.0243321505045131,0.0179381610396979,-0.0906866671521153,1.0391911092721815,0.005015872338517371,0.006651696861999137
1373,2020-07-15,296.9118582248771,297.49203848703377,294.0201750465289,296.3961486816406,87196500.0,0.0091448778242847,0.007739515650207,0.017773738321788,0.0428173349719562,0.0324008903880249,0.0099707751225915,0.0091688614346571,0.0119954029945447,0.0117135916102405,-0.001736911237967,-0.0689804285851565,0.9953557144015774,0.004273873245182053,0.00698720730697525
1374,2020-07-16,294.4991602617193,295.87131342816184,293.85450907927094,295.4200744628906,54622500.0,-0.0032985750156902,0.0077570601322071,0.0201844187582593,0.0325384097039746,0.0332647888045803,0.0094558107553211,0.0094058202688232,0.0119750225915077,0.0068269035290093,0.0031270520444028,-0.373570040081884,0.6339325106321295,0.00782469595138801,0.00693138453999858
1375,2020-07-17,296.4238694209868,297.0593024720893,294.45309952821765,296.2765197753906,62774900.0,0.0028948820018515,0.0080474975438959,0.0129204621267646,0.0299413848116338,0.0357747437341468,0.0088164937956648,0.0093729549058113,0.0119740729175854,0.0087965220661004,-0.0004970910267247,0.1492498512517734,0.7362601642035778,0.008455650141552763,0.006951057936910366
1376,2020-07-20,296.0094731698983,299.4168672808463,295.26353484413016,298.6709289550781,56308800.0,0.0080491885879492,0.0079531137966747,0.0296662767229394,0.022671474643552,0.0495552586069835,0.0062739632168758,0.0085572209885194,0.0119149105836252,0.0139060485439506,0.0089911169283837,-0.1030045448101072,0.6926068272857481,0.008262193351481885,0.006822979110210297
1377,2020-07-21,300.6324541557965,301.0744749886083,298.32095050262376,299.30633544921875,57292200.0,0.0021251869297085,0.0079901202461709,0.0189155603281037,0.0351639223317862,0.0452856414588535,0.0050158723385173,0.0073319698440299,0.0118792308962797,0.0091996866082098,-0.0044110963013012,0.017464410536186,0.7123065344248483,0.0084124608819373,0.006823001646256689
1378,2020-07-22,298.94720120561465,301.3231758826921,298.83669598418305,301.0100402832031,57792900.0,0.0056760384255164,0.0080213747589002,0.0154467209293354,0.0332204592511234,0.0463684871209532,0.004273873245182,0.007236258220004,0.0118928639278574,0.0082604550206022,0.0069003458445816,0.0087394095531327,0.7233332286165254,0.010281509992313195,0.006902768065021431
1379,2020-07-23,300.65081332964456,301.3507170063048,296.0554611782608,297.4183959960937,75738000.0,-0.0120037324291729,0.0065408962583388,0.0067415635158527,0.026925982274112,0.0602046831730082,0.007824695951388,0.0083041082924545,0.0104881470947384,0.0178040628936534,-0.0107514005957693,0.3105069999948091,0.9830453938453944,0.008592323466756323,0.006122737247476901
1380,2020-07-24,295.5674004213925,296.5251308789289,294.00183516323403,295.5029296875,73766600.0,-0.0064611370488837,0.0056665509032505,-0.0026144555348824,0.0103060065918821,0.0430799241608813,0.0084556501415527,0.0083069428481159,0.0105293899939239,0.0085389871374991,-0.0002181253203181,-0.0260292059468166,0.9673142979432576,0.008011157939652989,0.0057660789757526315
1381,2020-07-27,296.19361733148213,297.83284336537673,295.4016165623497,297.6578674316406,48293000.0,0.0072659799343801,0.0055681935117167,-0.0033976641884515,0.0262686125344878,0.0743839857386111,0.0082621933514818,0.0077447346454445,0.0085765998695364,0.0081678566872933,0.0049435572358056,-0.3453270179186786,0.6681767621064233,0.007972663086860891,0.005912932884327978
1382,2020-07-28,296.9303216498821,298.0446479275418,295.4752897615271,295.7699890136719,57495000.0,-0.0063626429612646,0.0059753410279728,-0.0118854940794246,0.007030066248679,0.0534308025880511,0.0084124608819373,0.0072921905631777,0.008457662166143,0.0086870144418064,-0.0039077606819097,0.190545213592032,0.8079467276506365,0.005871926917362948,0.005490872446112606
1383,2020-07-29,296.64488066256155,299.9693955729184,296.60803622504216,299.4076232910156,48454200.0,0.0122238454449962,0.00625230838964,-0.0053376870599448,0.0101090338693905,0.0529263688413467,0.0102815099923131,0.0077395156502069,0.0084267892075478,0.011226699276822,0.0093132995327053,-0.1572449778241585,0.7134552625022749,0.004621598554647798,0.0053222508049220445
1384,2020-07-30,296.4422138237154,298.7537169791964,294.3609672745089,298.3392944335937,61861700.0,-0.0035745228064428,0.0060449813141197,0.0030915225627852,0.0098330860786379,0.0423714957826125,0.0085923234667563,0.007757060132207,0.0084714676459876,0.0147240064806993,0.0063994954882047,0.2767045993948924,0.9179914554646889,0.0014986683408265246,0.005078769060167364
1385,2020-07-31,300.1258761780566,300.7981535361253,295.9172923240878,300.69683837890625,84986800.0,0.0078711649865955,0.0059802473784373,0.0174238245982644,0.0148093690633819,0.0447507538750156,0.0080111579396529,0.0080474975438958,0.0085377779634143,0.0162318341567901,0.0019024091095394,0.3738193421777933,1.2466849532413196,0.0026205574956750283,0.005025569307362357
1386,2020-08-03,302.3546141881708,303.5517916334194,301.81127807969176,302.7874450683594,53077900.0,0.0069284821821851,0.0058299461446134,0.0170863268460694,0.0136886626576178,0.0363601373011698,0.0079726630868608,0.0079531137966746,0.0080535608225954,0.0057483015959749,0.0014315339005186,-0.3754571298131004,0.7835713948809121,0.0024333176838191362,0.00520386424181964
1387,2020-08-04,301.9309475225113,303.9569702148437,301.9309475225113,303.9569702148437,41917900.0,0.003855088124268,0.0058184378446874,0.027304057931602,0.0154185638521773,0.0505824861839635,0.0058719269173629,0.0079901202461708,0.0075320095492599,0.0066654917993831,0.0067102187071477,-0.2102569996175433,0.6381282784302902,0.006065961904754307,0.0053929945084495055
1388,2020-08-05,305.2554780680495,306.10273162848586,304.9884050397274,305.8448486328125,42697700.0,0.0061917967153455,0.0060204619522277,0.0212720092019513,0.0159343221420064,0.0491547813931298,0.0046215985546477,0.0080213747589001,0.0074878621123277,0.0036434374936825,0.0019307452514631,0.0186030311632978,0.6559614243179842,0.008116683746181231,0.005908029511371259
1389,2020-08-06,305.26466855525786,308.00897505925286,304.9423429439364,307.8892517089844,43679400.0,0.0066622031813297,0.0057841061568721,0.0315087351897238,0.034600257752509,0.061526240026621,0.0014986683408265,0.0065408962583387,0.0072859582715564,0.0099601791822697,0.0085977298524196,0.0229918707565044,0.6921367949205208,0.008093322549128836,0.010432158767265292
1390,2020-08-07,306.922272863609,308.3957411535914,306.0197668612782,308.1102600097656,57308300.0,0.000717560017694,0.0058280810755628,0.0243551302208223,0.0417789548190867,0.0520849614109688,0.002620557495675,0.0056665509032504,0.0071065692777678,0.007711441651563,0.0038706449521326,0.3120212273978122,0.9082723864641687,0.008115544251418824,0.010661076687896703
1391,2020-08-10,308.5615137232704,309.21535494485994,306.6275882566364,309.0311889648437,44282100.0,0.002984501009247,0.0064353091508578,0.0204111490478842,0.0374974758939536,0.0637660884284414,0.0024333176838191,0.0055681935117166,0.0065901665661711,0.0083738042651673,0.0015221445990004,-0.2273004084923126,0.7360700609722346,0.008125374554355327,0.012446691407664835
1392,2020-08-11,310.2099438612299,310.84537688701096,305.7527226498275,306.480224609375,69601100.0,-0.0082889737053479,0.0052839001238483,0.0082670872182683,0.0355711451498703,0.0426012113985493,0.0060659619047543,0.0059753410279728,0.0066516968619991,0.0166165834799759,-0.012023209847597,0.571766018323431,1.1805325457586944,0.006106772669072785,0.013054649922254961
1393,2020-08-12,308.91134611605884,311.5267380947055,308.88371982454026,310.753173828125,53774400.0,0.0138457105238636,0.0045151559645845,0.0159210010267864,0.0371930102287377,0.0473020440981282,0.0081166837461812,0.00625230838964,0.0069872073069752,0.0085052012103568,0.0059623181059014,-0.2273915211110169,0.938696130852995,0.0029716832446334313,0.013316338086692563
1394,2020-08-13,309.98883457222433,311.4991469565095,309.270522807618,310.1914367675781,41816100.0,-0.0018092989429381,0.0042131728509187,0.0074494989025186,0.0389582340922424,0.0487913201708803,0.0080933225491288,0.0060449813141196,0.0069313845399985,0.0071846733491915,0.000653579009171,-0.2223790502543962,0.7382010540912457,0.00308629625536693,0.013314694259909199
1395,2020-08-14,309.80469729931406,310.73482947821054,309.0771673345119,310.20068359375,47260400.0,2.980961836590525e-05,0.0041375227842031,0.0067617485031905,0.0311168787240128,0.0459262477873947,0.0081155442514188,0.0059802473784372,0.0069510579369103,0.00534383781652,0.0012781804081342,0.1301962641183658,0.8458960027456485,0.0032458123541300762,0.01365328019950651
1396,2020-08-17,311.2136919707807,311.5820519648369,310.2098990427494,311.1860656738281,35481000.0,0.0031715607299941,0.004795084925927,0.0069488082239376,0.0273599572718218,0.0410486199294396,0.0081253745543553,0.0058299461446134,0.0068229791102102,0.004409429191877,-8.876954216773276e-05,-0.2492446107100235,0.6471229965035733,0.005064492324951168,0.01368075299952442
1397,2020-08-18,311.58210731482745,312.2820111007127,309.98891563003593,311.8583984375,38733900.0,0.0021582184366337,0.0051322705616774,0.0173960003659192,0.0256630875841875,0.0410816514363648,0.0061067726690727,0.0058184378446873,0.0068230016462566,0.0073530021386815,0.0008867361641962,0.0916800541134692,0.7186129661608744,0.005047902982550348,0.013706433321262925
1398,2020-08-19,312.23591780968894,312.7516274630557,309.9981032669653,310.55987548828125,68054200.0,-0.0041725151318442,0.005183260093541,-0.0006222252897885,0.0152987757369978,0.0312330978790042,0.0029716832446334,0.0060204619522276,0.0069027680650214,0.0088663230939319,-0.0053678716182462,0.7569674109759152,1.250674803545449,0.003645152577798665,0.013820757048927778
1399,2020-08-20,308.83774337602864,312.0056901723592,308.70883001435334,311.5268249511719,42207800.0,0.003108731438692,0.0139943089312036,0.0042958050918415,0.0117453039943601,0.0463455617468691,0.0030862962553669,0.005784106156872,0.0061227372474769,0.0105829093803482,0.0087071014887876,-0.3797914015593453,0.8003379001364779,0.0038487917738543867,0.014024075279144203
1400,2020-08-21,311.19539488053783,312.8530294974732,310.85463295774207,312.63201904296875,55106600.0,0.0035413909695986,0.0143461048797738,0.0078073864430742,0.0145691349462647,0.0563480897653514,0.00324581235413,0.0058280810755627,0.0057660789757526,0.0063921684856484,0.0046164698644798,0.3056022820426556,1.0637420801967397,0.003624915090803305,0.014162512477067665
1401,2020-08-24,315.0631480494956,315.87355700727335,312.604322979584,315.7998962402344,48588700.0,0.0100819323573896,0.0164782728511626,0.0147177580704697,0.0216665662944073,0.0591640421883609,0.0050644923249511,0.0064353091508578,0.0059129328843279,0.0103522327480511,0.0023384143632787,-0.1182780284031314,0.9376571568177546,0.0050728896937672985,0.014164748808472676
1402,2020-08-25,316.3616627587458,316.9878776871024,315.2013018413242,316.9049987792969,38463400.0,0.003493267308506,0.0178899826190096,0.016052806942342,0.0334488073082612,0.0690199524581315,0.0050479029825503,0.0052839001238482,0.0054908724461126,0.0056375754647607,0.0017174521584349,-0.2083879585171038,0.7561461423048977,0.0056626558641751845,0.014910068909621555
1403,2020-08-26,317.4944169530028,320.3492287448196,316.9510808989449,320.0821838378906,50790200.0,0.009975746745061,0.0180817739431072,0.0302010688192472,0.0295788435294586,0.0667718537581963,0.0036451525777986,0.0045151559645843,0.005322250804922,0.0106164854448622,0.0081505902047746,0.3204812887056267,0.9961894286261233,0.0068634950793898,0.01466211100612803
1404,2020-08-27,320.94785991195465,322.227916207643,319.1244394337551,320.7820739746094,58034100.0,0.00218420798613,0.0180256221387683,0.0292765453666852,0.0335723504585267,0.0725305845507691,0.0038487917738543,0.0042131728509186,0.0050787690601673,0.0096747200846813,-0.0005165509980055,0.1426239707660139,1.142558733371265,0.019753394843298487,0.015254519374450748
1405,2020-08-28,321.80420702373715,322.9829758804368,320.6162200332608,322.8540344238281,48588900.0,0.0064383199743262,0.0185750089654385,0.0321734743714128,0.039980860814487,0.0710977395384998,0.0036249150908033,0.004137522784203,0.0050255693073623,0.0073307302831131,0.0032623172015073,-0.1627525885643096,0.9921527496515696,0.019326645039085148,0.01572841010780399
1406,2020-08-31,322.6422984405211,323.5171500758055,321.4543112428884,321.6845397949219,66099200.0,-0.0036289400173339,0.0187705122114975,0.0184626019966893,0.033180360067159,0.0605403173389808,0.0050728896937672,0.0047950849259269,0.0052038642418196,0.0064126141537052,-0.0029684844492755,0.3603765469068039,1.331993397585496,0.021851074735727845,0.015742533205839356
1407,2020-09-01,322.5132963995055,324.81558148751446,321.6200086611954,324.7142944335937,54908700.0,0.009374326392938,0.0182887391627381,0.0243436610811213,0.0403964680234633,0.0660595556076508,0.0056626558641751,0.0051322705616773,0.0053929945084495,0.0098411830988012,0.006824518736622,-0.1692985694229279,1.092192933059977,0.024371174812388274,0.015676675596842327
1408,2020-09-02,326.6206419236981,330.37795938167653,325.4786892390397,329.4110107421875,69540000.0,0.0143605421965697,0.0171379612544729,0.02872845653263,0.0589295253518772,0.074228301088875,0.0068634950793898,0.0051832600935409,0.0059080295113712,0.0148728184027559,0.0085431490246757,0.2664659698736265,1.3472586222178524,0.02122100265079584,0.015326478427592556
1409,2020-09-03,327.7257168302216,328.1953920439884,315.4959779391516,318.0745544433594,148011100.0,-0.0350204406093989,0.0141096064539438,-0.0084761920628988,0.0208003533037863,0.0325456572981464,0.0197533948432984,0.0139943089312036,0.0104321587672652,0.0399259039348846,-0.0294489016004258,1.1284311187805578,2.604338608307112,0.01803906529708409,0.013449013275655456
1410,2020-09-04,318.75592922726366,320.3214659777526,308.3864298330547,315.4774780273437,139156300.0,-0.0081985088197536,0.01424062325296,-0.0231130208569786,0.0090604535144341,0.0236295884606988,0.0193266450390851,0.0143461048797737,0.0106610766878967,0.0378316582829518,-0.0102851457786767,-0.059825242836517,2.284062463120585,0.019993789239499498,0.013997281950102627
1411,2020-09-08,310.0809875272591,315.54202965407626,306.55389879011744,306.8577880859375,114465300.0,-0.0277028851447482,0.0122005719139032,-0.0471869659843929,-0.0287243639877036,-0.0070577976932963,0.0218510747357278,0.0164782728511626,0.0124466914076648,0.029290867668777,-0.0103947019358554,-0.1774335764891708,1.7764716709653758,0.01414759410938103,0.012889870677981393
1412,2020-09-09,310.8545223596372,315.3762136597868,309.9888609153848,312.9173889160156,91462300.0,0.0195548132558488,0.0119336765603496,-0.0370064791214821,-0.0126628180403608,0.0207859892679003,0.0243711748123882,0.0178899826190096,0.0130546499222549,0.0172165336131189,0.0066361156360846,-0.2009604657481349,1.3957928570959846,0.011378465108394364,0.012719782931528027
1413,2020-09-10,314.78688177765224,315.4407229555937,306.5262807206502,307.4840393066406,90569500.0,-0.0175160413223681,0.0112257573295546,-0.0688830626404199,-0.0401546061077899,-0.0105757625783313,0.0212210026507958,0.0180817739431071,0.0133163380866925,0.0289915608466866,-0.0231993227601203,-0.0097613989589152,1.3444216694893938,0.008425563631807135,0.012123036458571972
1414,2020-09-11,309.2613511061483,310.3203966020505,304.8225388111135,307.6405334472656,84680200.0,0.0005088209801169,0.012705080546466,-0.0333538010509041,-0.041829993113803,-0.0082576426552763,0.018039065297084,0.0180256221387683,0.0133146942599091,0.0178710449150857,-0.005240931830264,-0.0650252016407288,1.2182432795008609,0.010206828109242137,0.012225613889721617
1415,2020-09-14,310.79933901286097,313.4607946662511,307.7879595543984,311.692626953125,65605700.0,0.0130855300027604,0.0131653283927172,-0.0120697622283901,-0.0351827830853688,0.004798077729118,0.0199937892394994,0.0185750089654385,0.0136532801995065,0.0182000940070546,0.0028741629345198,-0.2252533650133089,0.9315371846635444,0.006928696190418413,0.012377739532306283
1416,2020-09-15,314.14224664496544,314.97106380213984,311.70182964170226,313.26739501953125,52920900.0,0.0050395908345047,0.0130599342078057,0.0206727137508627,-0.0265142522335302,0.0066661078336286,0.014147594109381,0.0187705122114975,0.0136807529995244,0.0104359221943086,-0.0027848900769558,-0.1933490535121186,0.7422353780223803,0.009032516009068745,0.012509387896754737
1417,2020-09-16,314.5014007189514,315.92880641145365,311.74784829653964,312.0241394042969,82096000.0,-0.0039765683208538,0.0133636437125823,-0.0028586678258398,-0.039865146947322,0.0005313210761411,0.0113784651083943,0.0182887391627381,0.0137064333212629,0.013399470063105,-0.007876789448287,0.5512963687314463,1.1174471743985144,0.012111741337797487,0.0125750469539513
1418,2020-09-17,307.1801324619214,310.9927306673699,306.65520463292705,309.2798156738281,91523300.0,-0.0088341352270879,0.0132092590059603,0.0058232382694403,-0.0630598243709796,-0.0041302990191025,0.0084255636318071,0.0171379612544729,0.0138207570489277,0.0140246010719862,0.0068353483510754,0.1148326349639445,1.2261814600063157,0.013191207482797007,0.012358485031225809
1419,2020-09-18,310.0832931282361,310.19424068358853,303.2412544546544,305.7191772460937,105877900.0,-0.0115794603047964,0.0130118865772512,-0.0062650430154729,-0.0396188440663771,-0.0188184907625909,0.0102068281092421,0.0141096064539437,0.0140240752791442,0.0227430490019186,-0.0140740116570473,0.1568409355868942,1.3604715178392282,0.016093747136909014,0.0119655828933793
1420,2020-09-21,301.142417821237,302.4645898682485,297.4717524188794,302.316650390625,99450800.0,-0.0111919798721277,0.0132055589937839,-0.030542552890361,-0.0426123151187512,-0.0335518616043172,0.0069286961904184,0.0142406232529599,0.0141625124770676,0.0165152579023278,0.0038992599511006,-0.0607029417848294,1.2424885176931375,0.016534053064643547,0.012245738730712429
1421,2020-09-22,303.7960582157652,305.9503654275353,301.2903700074111,305.3955993652344,63612100.0,0.0101330039694575,0.0141408117642141,-0.0254491397554082,-0.0047764260045455,-0.0335007899922493,0.0090325160090687,0.0122005719139032,0.0141647488084726,0.0152588820199439,0.0052651807230926,-0.3603661307903003,0.7873486738514245,0.016645156412025023,0.012113971097281089
1422,2020-09-23,305.9502597775032,306.22765682115056,297.8137877286705,298.3130798339844,93112200.0,-0.0234644447900377,0.0118681913609881,-0.0449370162245921,-0.047795684050432,-0.0604585020907929,0.0121117413377974,0.0119336765603496,0.0149100689096215,0.0282048279517697,-0.0249621619836925,0.4637498211818192,1.1147792640152403,0.009284203999902409,0.010598397203288411
1423,2020-09-24,297.0001882528296,302.1594468796686,295.6872430633771,299.1082763671875,76681300.0,0.0026620976788431,0.0118665039025551,-0.0334407833186611,-0.0276175450492208,-0.0677721511570109,0.013191207482797,0.0112257573295545,0.014662111006128,0.0216383307573415,0.0070979352799713,-0.1764634494727865,0.9040496327566953,0.00894636026965296,0.010611997065200033
1424,2020-09-25,298.2576833289289,304.7298882709884,297.38858462452924,303.9440002441406,71069400.0,0.0160378385579001,0.011406437483205,-0.0058234844559646,-0.0120885274714376,-0.0539185205852408,0.016093747136909,0.0127050805464659,0.0152545193744507,0.0241534744576708,0.019065114607427,-0.073184726915167,0.8314976836445762,0.010519015027117024,0.010171963423039844
1425,2020-09-28,308.09538490645014,309.70418077413325,307.10605558287943,308.99224853515625,64584600.0,0.0164727162220466,0.0113519259734201,0.0218412116382096,-0.0087013412521514,-0.0438841243375204,0.0165340530646435,0.0131653283927171,0.0157284101078039,0.0084083830697073,0.0029109933892013,-0.0912460214944829,0.7486217323157378,0.010876124459801594,0.010658369238800437
1426,2020-09-29,308.78884527571864,309.52851442541044,306.616028350716,307.3094787597656,51304000.0,-0.0054608769786272,0.0114710833947138,0.0062473306901249,-0.0192018090652833,-0.0457160612988137,0.016645156412025,0.0130599342078056,0.0157425332058393,0.0094773714317195,-0.0047908677356271,-0.20563106375204,0.5998252341415884,0.013145483158017376,0.010605906565730133
1427,2020-09-30,307.9751979075436,312.78313211808506,307.781039690102,309.6394958496094,104081100.0,0.0075533901950876,0.011981535718298,0.0372651656752502,-0.0076718505493419,-0.047536997496664,0.0092842039999024,0.0133636437125822,0.0156766755968423,0.0161545684417874,0.0054039999109454,1.0287131607671918,1.1828715015990416,0.014860534729027751,0.013126569204853982
1428,2020-10-01,312.22833451482296,313.1991537202758,309.75041203082435,311.6273498535156,88698700.0,0.0063993783075354,0.0120420399165966,0.0410024463039425,0.0075616629852813,-0.0554981613856984,0.0089463602696529,0.0132092590059602,0.0153264784275925,0.0110668774453607,-0.0019248242227638,-0.1477924426240691,0.9971957253516333,0.01501851481464812,0.013265855722400022
1429,2020-10-02,306.6900096585481,311.59963625667905,306.2184543549931,308.66864013671875,89431100.0,-0.0095397429712301,0.0113129908673595,0.0154248647748123,0.0096013803188476,-0.0300174637475296,0.010519015027117,0.0130118865772511,0.0134490132756554,0.0174335232089091,0.0064515648239522,0.008257167241459,1.0396651861239945,0.0130033857947072,0.013299097203989125
1430,2020-10-05,310.72123983393703,314.32717611812427,310.67502109585257,314.14227294921875,45713100.0,0.0175776423653685,0.0116869074891547,0.0165297909181342,0.0383710025563438,-0.0042413125624075,0.0108761244598015,0.0132055589937838,0.0139972819501026,0.0116257993169294,0.0110099751053711,-0.4888456029278405,0.5619520578362011,0.012711258399589302,0.012895188645075245
1431,2020-10-06,314.28097349200937,316.37057974539914,309.16793362544905,309.67645263671875,90128900.0,-0.0143179305825061,0.0104483334405102,0.0076727373142553,0.0139200680043802,0.0091436419998346,0.0131454831580173,0.014140811764214,0.0128898706779813,0.0232586173686234,-0.0146509691761779,0.9716208264151852,1.124781301121906,0.00946430428749884,0.013180798327752697
1432,2020-10-07,312.62584467571554,315.8712007139416,312.5981077957547,315.0668029785156,56999600.0,0.0172566380170331,0.0091108250078903,0.0173759851362008,0.054641150811451,0.0068454667610188,0.0148605347290277,0.011868191360988,0.012719782931528,0.0103885680346022,0.0078079222955225,-0.3675768815551948,0.7269706207428875,0.010093124008671114,0.013550909801956366
1433,2020-10-08,316.99932011187576,317.9239207082548,316.08394633419226,317.85919189453125,45242500.0,0.0088238026449975,0.0088309597264972,0.0198004094736629,0.0608028557776054,0.0331853107283844,0.0150185148146481,0.011866503902555,0.0121230364585719,0.0057886461080321,0.0027125351005548,-0.2062663597639281,0.5941962422973163,0.009933599757112038,0.014086389760668637
1434,2020-10-09,319.50498071538817,321.1600236881462,318.8855141153723,320.6977233886719,59528600.0,0.0088905158583045,0.008392759763005,0.0382306683031975,0.0536555330780098,0.0415670056065721,0.0130033857947072,0.0114064374832049,0.0122256138897216,0.007092378295487,0.0037330957114129,0.3157672542410343,0.794953840713571,0.00920429426852816,0.01396222426692316
1435,2020-10-12,323.23107167134015,327.3270449402805,322.74103455583,325.85693359375,80388500.0,0.0159594232428883,0.0080690467221166,0.0366124491807173,0.0531422400988515,0.0444408988466999,0.0127112583995893,0.01135192597342,0.0123777395323062,0.0140736928132021,0.0081237917779136,0.3504181183498351,1.0630273664238676,0.005896317110744643,0.013779951898602162
1436,2020-10-13,325.71829333157706,325.8939697002557,322.76881520469266,323.7304077148437,73255500.0,-0.0065473365635732,0.0080098293333496,0.0443830431996502,0.0520557805139055,0.0328539714486221,0.0094643042874988,0.0114710833947137,0.0125093878967547,0.0096535710612511,-0.0061030825023687,-0.0887315971811888,0.9558519583251128,0.007357544409061543,0.013693619969825476
1437,2020-10-14,324.30360807019053,325.39462982999737,320.96581398724754,321.6962280273437,57727900.0,-0.0063033854202143,0.0127755460017389,0.0208230197624028,0.0381990048986036,0.0305271543492615,0.0100931240086711,0.0119815357182979,0.0125750469539513,0.0137670742050894,-0.0080399353505882,-0.2119649719133717,0.7654133544893696,0.007260057300773233,0.013675222966023517
1438,2020-10-15,317.7944920914556,321.77951876830656,317.2582361118935,321.2987365722656,60357700.0,-0.0012363751742914,0.0137434675112116,0.0107628419431139,0.0305632514167768,0.0381249144020581,0.009933599757112,0.0120420399165965,0.0123584850312258,0.0140718967794513,0.0110267627917275,0.0455550955430563,0.8171654609880348,0.008225448191252595,0.013887172002025315
1439,2020-10-16,322.6486204375523,324.30366342738694,320.9288768497177,321.10455322265625,89501900.0,-0.0006045528054055,0.0137334805571491,0.0012677732794039,0.0394984415826014,0.049099821901449,0.0092042942685281,0.0113129908673594,0.0119655828933793,0.0105099306247741,-0.0047855999284984,0.4828580280560723,1.2253236856543313,0.008542618414541696,0.014177830840205604
1440,2020-10-19,322.3618961538169,322.9906175998888,315.32570125756564,316.2225646972656,68425600.0,-0.0153204967385615,0.0143102943389554,-0.0300121467020458,0.0066003024786714,0.0449713050350151,0.0058963171107446,0.0116869074891546,0.0122457387307124,0.0242389923997395,-0.0190448422403553,-0.2354843863649821,0.95710560933103,0.0099635729133862,0.0137934991832562
1441,2020-10-20,317.5632439464316,320.72538971441617,316.80509306669023,317.4892883300781,60051900.0,0.0039977958874044,0.0156704513544898,-0.0194670142510682,0.0249160289485819,0.0388360969529621,0.0073575444090615,0.0104483334405101,0.012113971097281,0.0123478076011502,-0.0002328846860059,-0.122376712809241,0.8420748713387466,0.009473794414980377,0.013914140389669497
1442,2020-10-21,317.4431044735385,319.6066946596672,316.58323270677243,316.88836669921875,63575000.0,-0.0018945238875676,0.0174523868677019,-0.0150581527184215,0.0057648670439812,0.0604060178554322,0.0072600573007732,0.0091108250078902,0.0105983972032884,0.0095410948164106,-0.0017475187411606,0.0586675858715544,0.9103295665091506,0.01695161705925567,0.014264948123378517
1443,2020-10-22,317.10106236922707,319.2091509309516,314.96523691392366,318.62664794921875,55399300.0,0.0054704784149358,0.0184352184301562,-0.0083512991291943,0.0024115428139195,0.0632143985915248,0.0082254481912525,0.0088309597264971,0.0106119970652,0.0133193944836161,0.0048110390062815,-0.1285992921745969,0.8055356410767007,0.01807347324127737,0.014251227267715804
1444,2020-10-23,319.8470889921267,319.9025627725712,317.25821851614603,319.7084045410156,49143900.0,0.0033893098087784,0.0184321461421831,-0.0043574365150104,-0.0030896632356065,0.0505658698424031,0.0085426184145416,0.008392759763005,0.0101719634230398,0.008271112735436,-0.0004335961022753,-0.1129147841218209,0.7261539634531511,0.016776509072715242,0.014377981450005068
1445,2020-10-26,316.333567187947,317.1194832403807,310.31440902526583,313.8001708984375,91473000.0,-0.0186529596484996,0.0172894597971953,-0.0076898994249485,-0.0377020461269944,0.0154401939718569,0.0099635729133862,0.0080690467221165,0.0106583692388004,0.02168601181966,-0.0080086230242024,0.8613296868990861,1.3252848138816098,0.018754459167425797,0.013607574117286195
1446,2020-10-27,314.1422458102279,314.475088415444,312.5056850182194,312.7183532714844,65994100.0,-0.0034534292614837,0.0172007563294872,-0.0151411245738366,-0.0346081388249049,0.0174476416890004,0.0094737944149803,0.0080098293333495,0.0106059065657301,0.0062976904828955,-0.0045326362745993,-0.2785401156625452,0.9460720129818418,0.021468477868542325,0.013845068383388974
1447,2020-10-28,307.0598897426626,312.7461782493359,301.54002258547484,302.0300598144531,127094300.0,-0.0347764074157679,0.010245111759302,-0.0480230081020369,-0.0630811608204585,-0.024882155921855,0.0169516170592556,0.0127755460017389,0.0131265692048539,0.0371027826526451,-0.016380615300894,0.925843370846788,1.7924196148014806,0.012484595054123544,0.01061973252490095
1448,2020-10-29,302.2611099880333,308.26175735299205,300.5783305446324,305.0996398925781,90597700.0,0.0101118631978798,0.0117714424621814,-0.0433816233190929,-0.0517329224482873,-0.0211696710315106,0.0180734732412773,0.0137434675112115,0.0132658557224,0.0251833362080167,0.0093909861730382,-0.2871615800236518,1.2759968961221315,0.013151686190400668,0.010568654594621932
1449,2020-10-30,303.5278632885841,304.8315534323046,298.27613900813606,301.9190673828125,120287300.0,-0.0104794187680163,0.0102087419922434,-0.0572503518958876,-0.0616077884108981,-0.0221093468282968,0.0167765090727152,0.0137334805571491,0.0132990972039891,0.0217124889825415,-0.0053003236287471,0.3277080985499632,1.658121659843366,0.008898757506867973,0.010186515823492224
1450,2020-11-02,305.3031616210937,307.3002742972392,302.56632324038145,305.3031616210937,86068300.0,0.011146262811172,0.0102427503097199,-0.027451129436216,-0.0351410288611646,-0.0285407263824933,0.0187544591674257,0.0143102943389554,0.0128951886450752,0.0155057387277664,0.0,-0.2844772473902066,1.1543173925886585,0.00881225547693382,0.010178390584445031
1451,2020-11-03,308.5300107397287,312.7461876866935,305.38637399387943,310.6935729980469,93294200.0,0.0175018751580127,0.0107640942363606,-0.0064958250167196,-0.0216369495905563,0.0032790793580254,0.0214684778685423,0.0156704513544897,0.0131807983277526,0.0236883358152384,0.007012485602716,0.0839554168027021,1.2485783656766016,0.010892447761358741,0.0097690198578303
1452,2020-11-04,315.15928696801785,321.70547377095147,313.9850545875487,317.6372375488281,126959700.0,0.0221028385603839,0.0108884931385021,0.0503834209594321,0.0023604128573951,0.0081252799013762,0.0124845950541235,0.0174523868677018,0.0135509098019563,0.0243057748612234,0.0078625339099137,0.3608530862583097,1.6231448006219005,0.008726709429681989,0.008872585906041126
1453,2020-11-05,322.9074612913422,325.6350439828652,322.5561085957217,323.8320617675781,82039700.0,0.0193150843457632,0.0094212453074333,0.0595866421073155,0.0162050187882225,0.0186165616021419,0.0131516861904006,0.0184352184301561,0.0140863897606686,0.0095078151630129,0.0028633605198788,-0.3538130603648244,1.0247506798335035,0.008568558064086884,0.008145171178211287
1454,2020-11-06,323.5454798982403,325.0063646417054,321.4373916672937,323.7581481933594,74973000.0,-0.0002282726743017,0.009831302035532,0.0698377882010301,0.0125874363051424,0.0094977730695357,0.0088987575068679,0.018432146142183,0.0139622242669231,0.011023577304007,0.000657305721551,-0.0861375651056745,0.927534403041924,0.009954778333080798,0.00819019410998922
1455,2020-11-09,336.52684917649657,336.9059387720614,327.36405472488747,327.82635498046875,172304200.0,0.0124872817903459,0.0092166697782467,0.071178807180204,0.0437276777439879,0.0060256316169933,0.0088122554769338,0.0172894597971952,0.0137799518986021,0.029106519052571,-0.0258537891324823,1.2982166913422164,2.016994550033297,0.009938279256858858,0.007856939856421049
1456,2020-11-10,326.83706430106344,328.39964160698554,324.08177251066513,327.3456115722656,85552000.0,-0.0014675337744141,0.0103226173346694,0.0522093982477772,0.0457135732310575,0.0111054344061524,0.0108924477613587,0.0172007563294871,0.0136936199698254,0.0131905513429105,0.0015559657295591,-0.503482793803053,0.9943162585154862,0.010653647110992029,0.008212840222572201
1457,2020-11-11,329.5276530081711,330.6001931058199,328.2886915720693,329.7773132324219,58649000.0,0.0074010894104831,0.0102437174430634,0.0375076490978764,0.0878910700573085,0.0248099092368498,0.0087267094296819,0.0102451117593019,0.0136752229660235,0.0070092800232183,0.0007576305720375,-0.314463717972695,0.6812752063056144,0.012383468464836109,0.008115536438399063
1458,2020-11-12,328.7694850499286,329.82354332955566,324.7752317067129,326.57818603515625,67546200.0,-0.0097482310567551,0.0094261890016308,0.0084443336953581,0.0680309758026736,0.0162980533543861,0.0085685580640868,0.0117714424621813,0.0138871720020253,0.0154582021663239,-0.006665153289514,0.1517025013214206,0.7813640607721434,0.011216196397636909,0.0077125919186372335
1459,2020-11-13,328.48288202805907,331.8391870990069,327.9651078910253,331.0995178222656,62892200.0,0.0137496010302807,0.0088405078375499,0.0224222073999405,0.0922599956009706,0.0306522071900723,0.0099547783330807,0.0102087419922433,0.0141778308402056,0.0117006488969313,0.007965820861201,-0.06890098924884,0.7388995938837842,0.00977713291507262,0.007294612990695342
1460,2020-11-16,333.76224964666625,335.4265190156994,332.4770415964014,335.2323608398437,74541100.0,0.0124049175712436,0.0086343104543833,0.0223398431808382,0.0935186503610422,0.0583776214998774,0.0099382792568588,0.0102427503097198,0.0137934991832562,0.0087983075736148,0.0044046658803797,0.1852201067858971,0.8726237990405377,0.007680702378538138,0.007382602989723767
1461,2020-11-17,332.8283977244911,334.63137974023823,331.32129460037004,333.42938232421875,66111000.0,-0.0053928100527177,0.0083432253591405,0.0184145669025346,0.0706239651503118,0.0489870155597553,0.010653647110992,0.0107640942363606,0.0139141403896694,0.0099273948708261,0.0018056890693117,-0.1130933136216127,0.7712007592672175,0.011094985129249255,0.00722990447521249
1462,2020-11-18,333.697561213107,334.2430721080145,329.379664574458,329.4166564941406,70591300.0,-0.0121077131520561,0.0068783141194902,-0.0010942356600045,0.0364134134378718,0.0387738262952668,0.0123834684648361,0.010888493138502,0.0142649481233785,0.0147636964849195,-0.0128286964501742,0.0677693575955589,0.8201083756919428,0.008594999860437023,0.006552622493107354
1463,2020-11-19,328.7879664083773,331.173423449706,327.44728430310664,330.8035888671875,59940900.0,0.0042014295167998,0.007107411123424,0.0128554249135503,0.0212997586089084,0.0375047773971308,0.0112161963976369,0.0094212453074332,0.0142512272677158,0.0112639018196846,0.006130462987525,-0.1508741162154543,0.6945429430879039,0.008591546739073653,0.006675711726268626
1464,2020-11-20,330.5446644564976,330.74807768636424,328.46431342145667,328.53826904296875,70417300.0,-0.0068714846799383,0.0064754624400891,-0.0077656607966686,0.0146565466032718,0.0272439829084141,0.0097771329150726,0.0098313020355319,0.014377981450005,0.0069512884193374,-0.0060699676300263,0.1747788238081176,0.8060004813067277,0.007915875216049844,0.006489229084241081
1465,2020-11-23,330.3412386076394,331.7651311623136,328.112948198128,330.5076599121094,63230600.0,0.0059765082966477,0.0064332616670442,-0.0141940700712645,0.0081457731095736,0.0518734508535614,0.0076807023785381,0.0092166697782466,0.0136075741172861,0.0110502218470725,0.00050378604007,-0.1020587270457685,0.7356312585288876,0.008539065198289529,0.006464880091882407
1466,2020-11-24,333.0503479254816,336.37891546594994,332.1997312419318,335.8334045410156,62415900.0,0.0159853814237359,0.0058718081017011,0.007184121405189,0.0255986883077236,0.071312261538781,0.0110949851292492,0.0103226173346693,0.0138450683833889,0.0124442183758636,0.0083562639488871,-0.0128845843626345,0.7276675644193354,0.005775284987944775,0.005501833080312556
1467,2020-11-25,335.75020670349176,335.77794359169803,334.2246214190069,335.3156433105469,45330900.0,-0.0015429101325261,0.0058258377058132,0.017748924424719,0.0166546887647144,0.1045457588220229,0.008594999860437,0.0102437174430633,0.0106197325249009,0.0046324178536834,-0.0012943056601857,-0.2737283288392861,0.5549332284616456,0.0056084360452095415,0.0055135744299957285
1468,2020-11-27,336.4067085508926,336.721069396595,335.2417026629686,336.2495422363281,28514100.0,0.0027812624831916,0.0058344496264272,0.0163287573911108,0.0291841823046611,0.0972151581073346,0.0085915467390736,0.0094261890016307,0.0105686545946219,0.0043996096583134,-0.0004671913804616,-0.3709787363586427,0.3628535428393527,0.006311729540923716,0.005753271003039893
1469,2020-11-30,335.47279650502,335.7409385582566,332.08878340971694,334.7608642578125,83872700.0,-0.0044371306511714,0.0058393963167946,0.0187631114198777,0.010997450623209,0.1032574462241796,0.0079158752160498,0.0088405078375499,0.0101865158234922,0.0109097434571293,-0.0021221757907779,1.9414465124271847,1.0926300133470614,0.005628462110893331,0.0056458049496526256
1470,2020-12-01,338.0061574648824,339.9570506637227,337.41439969563044,338.4222106933594,74231400.0,0.010877821129863,0.0063647385647292,0.023664424253093,0.0094703541818284,0.1029890045428706,0.0085390651982895,0.0086343104543832,0.010178390584445,0.0075132508675565,0.001230904287654,-0.1149515873460613,0.9745443011501717,0.004045625252417129,0.005196725710492154
1471,2020-12-02,337.3127522431998,339.2913825881508,336.7395044630417,339.1342163085937,45927000.0,0.002101687325047,0.0063564353968517,0.0097807301544041,0.0169648515595931,0.0875888167099049,0.0057752849879447,0.0083432253591404,0.0097690198578303,0.0075246849252951,0.0053999264874535,-0.3812995578690419,0.6223001243462069,0.006473762057411817,0.005270968946498632
1472,2020-12-03,339.0324319793985,340.42858746477606,337.9414103949684,339.04168701171875,62882000.0,-0.0002728769836738,0.0065022103596507,0.0110507633032564,0.0287996877279754,0.0652131011658471,0.0056084360452095,0.0068783141194901,0.0088725859060411,0.0073359034156814,2.7298368672932367e-05,0.3691728177324884,0.8907035420558266,0.006474446109330395,0.0062327872885096945
1473,2020-12-04,339.6242628374325,341.9635009765625,339.5317971440086,341.9635009765625,50749900.0,0.0085809387203861,0.0061900975411633,0.0168504395404509,0.0331791969315617,0.05447895554047,0.0063117295409237,0.0071074111234239,0.0081451711782112,0.0071110040270659,0.0068877238616184,-0.1929343850386438,0.7351474393605378,0.004382228027072455,0.006126491373307252
1474,2020-12-07,341.1961049259402,341.7508709319728,339.9941354266788,341.2608337402344,48944300.0,-0.0020569158572562,0.0062713337503704,0.0192306543343661,0.0379937657542438,0.0526503123575156,0.0056284621108933,0.006475462440089,0.0081901941099892,0.0051477794449487,0.000189711469034,-0.035578395228365,0.7226149453288097,0.00453219141695445,0.006218039010491407
1475,2020-12-08,339.9940864550397,342.82336164005824,339.9478677180988,342.2593688964844,42458900.0,0.0029217449981397,0.0062092664425075,0.0112745782026428,0.0349390024557358,0.0430847755653093,0.0040456252524171,0.0064332616670441,0.007856939856421,0.0084015053590224,0.0066627112990809,-0.1325057258965803,0.6933204615582953,0.008405756991623815,0.00694856650179387
1476,2020-12-09,342.9158052793327,343.0729715480787,338.35753202065183,339.1896667480469,74098300.0,-0.0090093983603435,0.0054174045084058,0.0001634925172523,0.0099442226716564,0.03554291097938,0.0064737620574118,0.005871808101701,0.0082128402225722,0.0139020730573421,-0.0108660448830889,0.7451771006785386,1.2213888053274211,0.006858845618373035,0.006555105115706813
1477,2020-12-10,337.82129446332254,340.1235407764272,336.952167699225,339.0787658691406,57735400.0,-0.0003270117686786,0.0054984849467397,0.0001093577322475,0.0111601210355039,0.0278148098002182,0.0064744461093303,0.0058258377058131,0.008115536438399,0.0093529096965809,0.0037222976361385,-0.2208269285530167,0.9523903785401796,0.0069086962325854455,0.0068346089395057924
1478,2020-12-11,337.38674768616795,339.08800937588853,335.8704174000004,338.6811828613281,57698600.0,-0.0011732267572376,0.0059081390256649,-0.0096448077453761,0.0072056317950747,0.0363898140997358,0.0043822280270724,0.0058344496264271,0.0077125919186372,0.0095003564966452,0.0038366509177895,-0.0006373905783972,0.9595772036842672,0.007430026662209712,0.006809694118902412
1479,2020-12-14,340.8447456280566,341.91725738932104,336.9891490851876,337.1648254394531,69216200.0,-0.0044872942879705,0.005643213283775,-0.0120751861760904,0.0071554681582756,0.0181529187814845,0.0045321914169544,0.0058393963167945,0.0072946129906953,0.0146163179913867,-0.0107964703455313,0.1996166284797205,1.145103042597624,0.007227980348963538,0.0066432047289603224
1480,2020-12-15,339.69817587761173,341.7230529785156,338.3297853661233,341.7230529785156,63865300.0,0.0134287153525076,0.0040616377267996,-0.0015682158217225,0.0097063623809202,0.0191767165627485,0.0084057569916238,0.0063647385647291,0.0073826029897237,0.0099298762047688,0.0059608124055203,-0.0773070466162545,1.0659922285500638,0.004010514631865362,0.006207829149044398
1481,2020-12-16,341.935753088197,343.1747143338236,341.0573713537836,342.2593688964844,58420500.0,0.0015682158217226,0.0042552449045278,0.0090093983603435,0.0091728908775958,0.0261377424371888,0.006858845618373,0.0063564353968516,0.0072299044752124,0.0061863696729961,0.0009464228451241,-0.0852544339414361,0.9814105598166885,0.003937801880709126,0.006505981227879406
1482,2020-12-17,343.8959404400441,344.3767225815223,343.07303238358134,344.1733093261719,64119500.0,0.0055764984688991,0.0061231456793851,0.0149129085979212,0.0150222663301687,0.0438219540581441,0.0069086962325854,0.0065022103596506,0.0065526224931073,0.0037878887252859,0.0008065488815391,0.0975513732337107,1.083035905741022,0.003299179060667364,0.006608476552588697
1483,2020-12-18,344.4611087749372,344.62823947679175,340.7933577976849,342.79901123046875,136542300.0,-0.0040010343588059,0.006392022681836,0.0120851009963529,0.0024402932509767,0.0356194901825384,0.0074300266622097,0.0061900975411631,0.0066757117262686,0.0111869683210042,-0.0048252110387138,1.1294972668221055,2.1661843441957225,0.0047885035409734175,0.007067601142296143
1484,2020-12-21,338.8898629814059,351.41588135786776,336.15994813580005,341.5733337402344,96386700.0,-0.0035819062815738,0.006413807934078,0.0129904890027496,0.0009153028266591,0.0389090685809029,0.0072279803489635,0.0062713337503703,0.006489229084241,0.0446637126353364,0.0079184155442729,-0.2940890844815123,1.4982693300887078,0.004375519632667709,0.006952863501556257
1485,2020-12-22,341.8983673411588,342.0097878229692,339.87415302334546,340.9976806640625,47949000.0,-0.0016867203573045,0.0075088122791951,-0.0021249467070624,-0.003693162528785,0.0312458399269506,0.0040105146318653,0.0062092664425074,0.0064648800918824,0.0062629012474946,-0.0026343696347562,-0.5025351007971017,0.7542952662698157,0.0039276684927689424,0.0070193682220674875
1486,2020-12-23,341.9633643931626,343.20760697353194,340.979112376798,341.3041076660156,46201400.0,0.000898215504623,0.0074997613034239,-0.002794947024162,0.0062144513361814,0.0161586740078377,0.0039378018807091,0.0054174045084057,0.0055018330803125,0.006529351820502,-0.0019278577642866,-0.0364470583328119,0.7361925846938409,0.003926561862176143,0.00702519538039741
1487,2020-12-24,341.7776869993081,342.6598131310871,341.19272941054123,342.6319580078125,26457900.0,0.0038829711630222,0.0081881910093509,-0.0044884743300389,0.0104244342678822,0.021584555303386,0.0032991790606673,0.0054984849467395,0.0055135744299957,0.0042818064289041,0.0024994932115217,-0.4273355352868094,0.4280273732774211,0.00854929573478441,0.007063461802698071
1488,2020-12-28,345.1761753962295,345.9654417210335,344.5540681584186,345.5754699707031,39000400.0,0.008554193960439,0.0079343175376624,0.0080667539892059,0.0201518549855588,0.0273574867806334,0.0047885035409734,0.0059081390256647,0.0057532710030398,0.004084125423412,0.0011567848621512,0.4740550081450152,0.6256291819974322,0.008144607205758509,0.009068382128560199
1489,2020-12-29,347.098247357744,347.27467258670123,344.33118227864804,344.9161682128906,53680500.0,-0.0019096594997402,0.0078307319294053,0.0097390007710395,0.0227294897737891,0.0298849579320646,0.0043755196326677,0.0056432132837749,0.0056458049496526,0.0085339296307976,-0.0062866325643078,0.3764089599081035,0.8824925579428317,0.008543230604383055,0.009234918673187044
1490,2020-12-30,345.7332289197448,346.4389297116673,345.0182619794542,345.4082336425781,49455300.0,0.0014256066038011,0.0080388645020303,0.0128513277321451,0.0107263810250826,0.0204327434060027,0.0039276684927689,0.0040616377267994,0.0051967257104921,0.0041130106171214,-0.0009400174758502,-0.0787101461424539,0.8299335436277584,0.01051231416169838,0.010360693327324203
1491,2020-12-31,345.2132342407314,347.8874388872676,344.70254763729105,347.1631774902344,78520700.0,0.0050679181253493,0.0084121220955746,0.0170210303528714,0.0142260833287093,0.023398974206305,0.0039265618621761,0.0042552449045276,0.0052709689464986,0.009174046835846,0.0056485182376964,0.5877105183873115,1.2826165274577868,0.010534565292240365,0.01096826599726889
1492,2021-01-04,348.49106429337866,348.62107376333165,338.75066866047587,342.4369812011719,110210800.0,-0.0137072772662964,0.0070150651009204,-0.0005692180764471,-0.0050576924064861,0.0099645739236824,0.0085492957347844,0.006123145679385,0.0062327872885096,0.0288240045459844,-0.0173722764010675,0.4035891172646193,1.73326678786288,0.007710937520318828,0.010855839769420695
1493,2021-01-05,341.7962080602369,345.88178590422,341.74976397277425,344.7953796386719,66426200.0,0.0068634942999746,0.0077720956964119,-0.0022599177369115,0.0058068362522943,0.0082471295032709,0.0081446072057585,0.0063920226818359,0.0061264913733072,0.0119839828937844,0.0087747362542606,-0.3972804843082529,1.0319529105517669,0.007943716663996634,0.010788570611312314
1494,2021-01-06,343.2911234562188,350.0416393473608,342.743287286381,346.8567199707031,107997700.0,0.005960645348595,0.007745926011207,0.0056103871114236,0.0153493878824631,0.0162646907091221,0.008543230604383,0.0064138079340778,0.0062180390104914,0.0210414030946155,0.0103865094983705,0.6258298683350847,1.604194344559764,0.007872920202232856,0.010972030879095953
1495,2021-01-07,349.2246280958658,352.7530761209453,349.0482028609267,352.01025390625,68766800.0,0.014748521660808,0.0067067010372125,0.0189333021684305,0.0317846299005756,0.0280914673717904,0.0105123141616983,0.007508812279195,0.0069485665017938,0.0105249015302983,0.0079766018381141,-0.3632568100987335,1.0018841747893552,0.004925522169272613,0.010551600118516833
1496,2021-01-08,353.3937336428552,354.22941562712896,350.1531317059406,354.015869140625,71677200.0,0.0056814346205898,0.0065928538854514,0.019546818663671,0.0365678490165424,0.0427823003527237,0.0105345652922403,0.0074997613034238,0.0065551051157068,0.0115144101621307,0.0017604599022079,0.0423227487683008,1.0461317155800025,0.004351570878211655,0.010591399021151296
1497,2021-01-11,350.84951439553026,353.3844152987946,350.7287994312137,351.6294860839844,51034700.0,-0.0067637153326998,0.0061162095955992,0.0264903805972676,0.0259211625208204,0.0363455967887025,0.0077109375203188,0.0081881910093508,0.0068346089395057,0.0075523127970747,0.0022230946786342,-0.2879925555127711,0.7485136888903035,0.005795048011479181,0.01043676746784991
1498,2021-01-12,351.81515363311456,352.7158118155588,349.46591609355505,351.7037048339844,52547700.0,0.0002110486217169,0.0102923529547266,0.0198379349190099,0.0175780171820983,0.037729872167657,0.0079437166639966,0.0079343175376623,0.0068096941189024,0.0092404364166076,-0.0003167822590337,0.0296464954237019,0.7736267560844616,0.008472439895738518,0.010441986345548002
1499,2021-01-13,351.62953817301246,353.6444582491231,350.8495663690164,352.65093994140625,45303600.0,0.0026896555179763,0.0106959987150926,0.0165669450883912,0.0221773321998148,0.0449068219736038,0.0078729202022328,0.0078307319294052,0.0066432047289603,0.0079253776569292,0.0029047666862708,-0.1378576036629576,0.6789272483107219,0.008509466004201507,0.010438149262510162
1500,2021-01-14,353.3936612748807,353.89508169750326,351.0816016465891,351.4158630371094,49989100.0,-0.003508411889176,0.0123795298667216,-0.0016899884615927,0.0172433137068377,0.0279696947319202,0.0049255221692726,0.0080388645020302,0.0062078291490443,0.0080061270615352,-0.0055965866242091,0.1034244519199356,0.7570160401245412,0.00851591109505218,0.01039899901961734
1501,2021-01-15,349.8002212044383,350.59875344385847,346.9960355450777,348.8531188964844,107160000.0,-0.0073193462736555,0.013533030919595,-0.014690769355838,0.0048560493078329,0.0190821326365421,0.0043515708782116,0.0084121220955745,0.0065059812278794,0.0103273203065437,-0.0027075520555499,1.1436673194756457,1.5650335632956107,0.006602834422540117,0.010198047631871493
1502,2021-01-19,351.304439515749,352.13085517430096,349.828061713451,351.59228515625,51233300.0,0.0078212526122876,0.0140580096746444,-0.0001058014108506,0.0263845791864169,0.0213268867799306,0.0057950480114791,0.0070150651009202,0.0066084765525886,0.0065496131686353,0.0008193623766832,-0.5218990294886152,0.7553518643332127,0.006780025101492143,0.010117277359222148
1503,2021-01-20,353.87657321374,357.2936287805517,353.4866015027723,356.4579467773437,61836100.0,0.0137440480761512,0.0133055949387228,0.0134271980435836,0.0332651329625935,0.0390719692148877,0.0084724398957385,0.0077720956964118,0.0070676011422961,0.0106801582408188,0.0072945590609767,0.2069513382897452,0.9648058474916156,0.011385986217243224,0.009792840124302541
1504,2021-01-21,357.0150639404166,357.4422136144088,355.8636810590546,356.7829284667969,47840100.0,0.0009112817933535,0.0138264028769459,0.0116488243189608,0.028215769407352,0.043565157289815,0.0085094660042015,0.0077459260112069,0.0069528635015562,0.0044243500162342,-0.0006502119856165,-0.2263402769579582,0.7758136072784267,0.01280514390642833,0.009810721298323598
1505,2021-01-22,354.9350642448892,356.6807271719311,354.5543587480902,355.5200500488281,52860500.0,-0.00354590610818,0.0137849702148475,0.0116113300999568,0.009921341638364,0.0417059715389395,0.0085159110950521,0.0067067010372124,0.0070193682220674,0.0059810084509969,0.0016481488104971,0.1049412522131014,0.8538281376191246,0.014839863157208163,0.009950329214114416
1506,2021-01-25,356.25362897614195,357.2750022410849,351.415906011499,356.92218017578125,70402000.0,0.003936128089402,0.0138935725842049,0.0228668044630143,0.0081760351071762,0.0447438841237185,0.0066028344225401,0.0065928538854513,0.0070251953803974,0.0164156125761093,0.0018766158300216,0.33184513956546,1.115367023748246,0.01787062770320355,0.00991998583103036
1507,2021-01-26,357.869315038569,358.2778757163541,356.1329463264064,356.3650817871094,42665300.0,-0.0015620593038961,0.0138739354566938,0.0134834925468306,0.0133776911359799,0.0392988536568002,0.0067800251014921,0.0061162095955991,0.007063461802698,0.0060189100996968,-0.0042033032401717,-0.3939760234084258,0.6673710785479209,0.01973183622902161,0.010181125212914331
1508,2021-01-27,353.05015999751345,353.14301984374345,345.4268398473695,347.65533447265625,123351100.0,-0.0247441452088871,0.0104352667418155,-0.0250047007382076,-0.011577502694624,0.0060005144874741,0.0113859862172432,0.0102923529547265,0.0090683821285601,0.0221949132697138,-0.0152806205353233,1.8911340128863503,1.8100489765390544,0.014791445891404655,0.010134251839685615
1509,2021-01-28,349.46593655582046,354.6379205656578,349.0295491652536,350.64520263671875,94198100.0,0.0085633227410266,0.0103359308418601,-0.0173526597905345,-0.0057038354715737,0.0164734967282409,0.0128051439064283,0.0106959987150925,0.009234918673187,0.0159944335705475,0.0033744807649083,-0.2363416297057747,1.342353982037317,0.0150540143642139,0.010063042350829901
1510,2021-01-29,348.7882096621224,349.7539012035363,341.9541263228981,343.6255187988281,126765100.0,-0.0202224372790709,0.006167021084301,-0.0340291909614254,-0.0224178608614686,-0.005174547154631,0.0148398631572081,0.0123795298667215,0.0103606933273242,0.0226984739314559,-0.01480179295136,0.3457288416645345,1.7121324950308487,0.006704385766769337,0.010155015015971294
1511,2021-02-01,347.0146573120808,350.37597423640665,343.9133309692816,349.3453063964844,75817600.0,0.0165083933950379,0.0052285874800108,-0.0214569256557895,0.0014098788072247,0.0062659281150575,0.0178706277032035,0.0135330309195949,0.0109682659972688,0.0184992989709452,0.0067162842701124,-0.401904782941046,1.0258909682338542,0.005365635131490505,0.009850566888440278
1512,2021-02-02,352.52093227928594,355.8358337158987,349.42890017127894,354.28515625,64450700.0,0.0140412653403934,0.0040194254002608,-0.0058536010115,0.0076298915353305,0.0340144707217473,0.0197318362290216,0.0140580096746443,0.0108558397694206,0.0180841151021825,0.0050045935125246,-0.1499242919849744,0.8999465134572658,0.004856481296927206,0.009896347061630518
1513,2021-02-03,355.11149587959494,356.281467508707,353.2915620518551,354.56365966796875,52427100.0,0.0007857907808976,0.0045792294586431,0.0196763349782846,-0.005328365759923,0.0279367672026703,0.0147914458914046,0.0133055949387227,0.0107885706113123,0.0084326336761409,-0.0015427160708194,-0.1865549947479235,0.7392825249072179,0.005114543343570271,0.010275265311942429
1514,2021-02-04,355.59436662167684,358.6399826506837,354.6751192898168,358.59356689453125,47142600.0,0.0113017157254085,0.0034490379900939,0.0224147279626665,0.0050620681721319,0.0332778375794838,0.0150540143642139,0.0138264028769458,0.0109720308790959,0.0110567052142155,0.0084343301086243,-0.1007971068397832,0.694566290920741,0.0032928656994834406,0.010803581181492336
1515,2021-02-05,360.459948611988,360.7106447040377,358.54715471512554,360.00494384765625,48669800.0,0.0039281427580423,0.0042259868884983,0.0465653079997797,0.0125361170383542,0.0224574586767181,0.0067043857667693,0.0137849702148474,0.0105516001185168,0.0060096118841847,-0.0012622893780122,0.0323953282169418,0.7278425287450003,0.0034413265957376937,0.010802533500605381
1516,2021-02-08,361.4534777465929,362.6513046740329,360.5992351085053,362.6048889160156,38365200.0,0.0071960169092776,0.0034114468128805,0.0372529315140194,0.0157960058582298,0.0239720409654059,0.0053656351314905,0.0138935725842048,0.0105913990211512,0.0056592440649713,0.0031855030877028,-0.2117247245725275,0.5883963747978715,0.002453914964752044,0.011179904823376179
1517,2021-02-09,361.76918395765694,362.95774475328056,361.3606516052226,362.3634643554688,35551100.0,-0.0006660278848916,0.0050429051837897,0.0225456382887344,0.0166920372772343,0.0300697284132141,0.0048564812969272,0.0138739354566938,0.0104367674678499,0.0044074342618914,0.0016427059687909,-0.0733503279013272,0.5517889087031802,0.002339747868682123,0.01127740850183005
1518,2021-02-10,364.0997382243803,364.2483082851128,359.809880441782,362.20550537109375,59154400.0,-0.0004360081468489,0.0093383414002639,0.0213238393609879,0.0410001743392725,0.0294226716446483,0.0051145433435702,0.0104352667418154,0.010441986345548,0.0122538939290374,-0.0052025108903517,0.6639260107282194,0.91345252577474,0.0033668341572992457,0.01150348398193754
1519,2021-02-11,363.2826838806573,363.7005390243798,360.3670773709089,362.7905578613281,42913300.0,0.0016139470182017,0.0092922731540162,0.0116360706537811,0.0340507986164476,0.0283469631448737,0.0032928656994834,0.01033593084186,0.0104381492625101,0.0091883914320203,-0.0013546641256671,-0.2745543864868885,0.6638853489635808,0.003383522391179369,0.011502199543533494
1520,2021-02-12,361.9920022182859,364.82404318438233,361.9177030106144,364.5826416015625,50593300.0,0.0049275595187309,0.0124385452714166,0.0126354874144697,0.0592007954142494,0.0367829345527806,0.0034413265957376,0.0061670210843009,0.0103989990196173,0.0079716910300522,0.0071566204982462,0.1789654955456701,0.7823322883072147,0.0031747521279178368,0.01152540859736847
1521,2021-02-16,365.8083506928999,366.0033648900088,363.55200072791945,364.2669677734375,50972400.0,-0.0008662249215839,0.012637324466054,0.0045732455836082,0.0418261770976276,0.0432360559048522,0.002453914964752,0.0052285874800107,0.0101980476318714,0.0067295812658314,-0.0042136351358376,0.0074930870293101,0.8239900595622842,0.0036106290426715206,0.011528179206652943
1522,2021-02-17,362.5212660866274,364.60119044464864,361.5091306885375,364.3504943847656,52290600.0,0.0002292742516672,0.0131510040942492,0.005468547720167,0.0280141860089014,0.0356440775442318,0.0023397478686821,0.0040194254002606,0.0101172773592221,0.0084864980390169,0.0050458510141612,0.0258610542175765,0.8445775480946588,0.0071065172858737,0.011546705212885117
1523,2021-02-18,361.7505480599932,363.542626693373,360.0327402924635,362.7998046875,59712800.0,-0.004265121117307,0.0135000947578144,0.0016394347497089,0.0229632741106968,0.0176349083507736,0.0033668341572992,0.0045792294586429,0.0097928401243025,0.0096744440199817,0.0029004976858605,0.1419413814337566,0.966114683647872,0.013086192081189356,0.012002704816634052
1524,2021-02-19,364.0532596258665,364.3411052135776,361.7133169943616,362.1590270996094,83241000.0,-0.0017677631519557,0.0151863146165887,-0.0017422754204484,0.0098937952333326,0.0149558634054644,0.0033835223911793,0.0034490379900937,0.0098107212983235,0.0072558959533907,-0.0052031741954564,0.3940227220964349,1.309290122874238,0.013007118274757989,0.012003411017316104
1525,2021-02-22,359.4013292371553,361.7783935972179,359.10418910793686,359.3734741210937,67414200.0,-0.0077212511226185,0.0150893574181997,-0.0143910860617978,-0.0017555986473281,0.0107805183910259,0.0031747521279178,0.0042259868884982,0.0099503292141144,0.0074412962610033,-7.750420990582851e-05,-0.1901322665513388,1.0483527029089623,0.01808463457922088,0.011978044860672298
1526,2021-02-23,357.1728509983925,361.1563027953284,353.0315629822929,359.8099060058594,107284100.0,0.0012136874972332,0.015873466965291,-0.0123111736429807,-0.0077379280593725,0.0080580777988571,0.0036106290426715,0.0034114468128804,0.0099199858310303,0.0225806451612902,0.0073831339646773,0.5914169418312463,1.6218554508542005,0.018543913183820877,0.012136931389248337
1527,2021-02-24,358.72354113198065,364.2019604215528,357.7392890909114,363.7748107910156,72433900.0,0.0109591714038772,0.0155743199113376,-0.0015812764907707,0.0038872712293962,0.0205793085066304,0.0071065172858737,0.0050429051837895,0.0101811252129143,0.0177655822748929,0.0140812327038679,-0.3248403071843824,1.0709145913608178,0.01796569148718732,0.011932471369465342
1528,2021-02-25,362.5120024028312,363.8769599629682,353.5701404616122,355.0093688964844,146670500.0,-0.0243908441349231,0.0133735666577273,-0.0217069995083868,-0.0200675647586779,0.0209326095805944,0.0130861920811893,0.0093383414002638,0.0101342518396856,0.0290325281650843,-0.0206962347635864,1.0248875181372257,2.131733625334449,0.015415550392495118,0.010562500647746175
1529,2021-02-26,356.88495379967856,358.0270417814493,351.202283993597,353.1800537109375,152701600.0,-0.005166186321825,0.0130934584058882,-0.0251054226782561,-0.0268476980987046,0.0072031005177428,0.0130071182747579,0.0092922731540161,0.0100630423508299,0.0193237350641497,-0.0103812168299497,0.0411200616347526,2.1288812901805576,0.017927187803240523,0.010951958555236733
1530,2021-03-01,358.0363995657325,362.9855428178806,353.3751303176071,361.74127197265625,105348800.0,0.0239512439222486,0.0110536412254871,0.0065670723666109,-0.0078240136951869,0.0513767817190623,0.0180846345792208,0.0124385452714166,0.0101550150159712,0.0265670888142395,0.0103477535005308,-0.3101002216086799,1.4909730355127355,0.012926325398698675,0.009684696492330147
1531,2021-03-02,361.9641337209318,362.1962691468464,358.41709761211445,358.91851806640625,79595300.0,-0.0078338444327768,0.0106076993801549,-0.002480459563399,-0.0147916332063798,0.0270345438912476,0.0185439131838208,0.0126373244660539,0.0098505668884402,0.010529330041513,-0.008414136569878,-0.2444593578664399,1.1234873752296068,0.014920684671853823,0.009504996114268836
1532,2021-03-03,358.22218274333903,359.18784590388924,354.0623048857202,354.1644592285156,119940200.0,-0.0133340142080275,0.0090572514589134,-0.0267736451753037,-0.0283549216660745,-0.0003407356571732,0.0179656914871873,0.0131510040942491,0.0098963470616305,0.0144722060178881,-0.011327393194214,0.5068754059598997,1.6291550073070074,0.012865961925172842,0.008879006093216676
1533,2021-03-04,353.9787065028338,356.5600515760826,345.306129482108,349.7817077636719,183433000.0,-0.0124521115416579,0.0095190163791177,-0.0148349125820385,-0.0365419120904254,-0.0135786379797287,0.0154155503924951,0.0135000947578143,0.0102752653119424,0.0321741298763921,-0.0118566418320089,0.5293704696173593,2.2880102949424423,0.008893588007846731,0.00838168385281629
1534,2021-03-05,353.2730017544948,357.2657484566025,346.01182648724296,356.21649169921875,152039600.0,0.0182294009680984,0.0081708718544347,0.0085606747078848,-0.0165447479703713,-0.0066509527370388,0.0179271878032405,0.0151863146165886,0.0108035811814923,0.0315929279851033,0.0083320546152844,-0.1711436873408819,1.7799843835344924,0.007484233361701859,0.008047814495361277
1535,2021-03-08,357.1729699525269,359.9771565977927,354.16450293331104,354.44305419921875,123149200.0,-0.0049909726579096,0.0079917706150915,-0.0203815418722733,-0.0138144695056624,-0.0155700681529907,0.0129263253986986,0.0150893574181997,0.0108025335006053,0.0163994006812011,-0.0076431196730004,-0.1900189161244834,1.381522202799017,0.004827646682028966,0.007874956715250812
1536,2021-03-09,358.2778276525571,362.047704761688,357.77640719038783,359.5035095214844,113633600.0,0.0141762432298678,0.0076446919692628,0.0016285457903712,-0.0008519137730278,-0.0085898418324005,0.0149206846718538,0.015873466965291,0.0111799048233761,0.0118811011803069,0.0034210374584382,-0.0772688738538293,1.223133925477305,0.004454654237672068,0.007451984993913357
1537,2021-03-10,361.8434262973439,363.4312247093334,360.4320530796693,361.74127197265625,109899400.0,0.0062052986424056,0.0076130003169559,0.0211678586408043,-0.0056057865344994,-0.0017185153051033,0.0128659619251728,0.0155743199113375,0.01127740850183,0.008290930181422,-0.0002823163757125,-0.0328617591979837,1.1374269750300814,0.004356069226929813,0.007421863078110205
1538,2021-03-11,364.2019950148293,367.37759240388,363.7469902205475,365.4090881347656,86245000.0,0.0100882773919645,0.0070513311082194,0.0437082475744267,0.0288733349923881,0.00880577023371,0.0088935880078467,0.0133735666577272,0.0115034839819375,0.0099357194476605,0.0033143506528215,-0.2152368438772186,0.8802702795665737,0.008057558075431126,0.007295727311311572
1539,2021-03-12,364.0533342174548,366.0403986280399,363.2455075098559,365.901123046875,64653600.0,0.0013456259158714,0.0088120744122505,0.0268244725221997,0.0353851472300845,0.0085374491313797,0.0074842333617018,0.0130934584058881,0.0115021995435334,0.0076383780812445,0.0050755992480939,-0.2503495854832164,0.6526539454519695,0.007946557677795408,0.007306447040994082
1540,2021-03-15,366.1519298888917,368.3433035974085,364.01629476654966,368.0833129882813,73427200.0,0.0059461652424389,0.0086287684000301,0.0377616104225482,0.0173800685502748,0.0095560548550877,0.0048276466820289,0.011053641225487,0.0115254085973684,0.0117555147929148,0.0052748133813624,0.1357016469307199,0.7327749407959538,0.008462391766766364,0.007259357327210218
1541,2021-03-16,368.6960999272851,369.4017724273784,366.84828247322,367.6189880371094,73722500.0,-0.0012622633154084,0.0086656323679959,0.022323103877272,0.0239516496676432,0.0091600164612632,0.004454654237672,0.0106076993801548,0.0115281792066529,0.0069460230218048,-0.0029214084184458,0.0040216704436502,0.7274638536386835,0.008964481197407212,0.007329208845628376
1542,2021-03-17,366.33753812086064,369.6709992628649,365.1954216836132,368.8724670410156,97959300.0,0.0034039233057483,0.0086957005620503,0.0195217285406147,0.040689587181419,0.0123346655153443,0.0043560692269298,0.0090572514589133,0.0115467052128851,0.0121331299545163,0.0069196537519959,0.328757163688155,0.9453227804345736,0.008321668006493737,0.007574725036090499
1543,2021-03-18,366.2912411031278,368.37116601733726,362.8277694050452,363.505615234375,115349100.0,-0.0146562219842397,0.0075417286839786,-0.0052227708355894,0.0384854767388372,0.0019435646484116,0.0080575580754311,0.0095190163791176,0.012002704816634,0.0152498238815867,-0.0076049480745528,0.1775206641942113,1.0840362041783789,0.006823595634564426,0.006415588566579562
1544,2021-03-19,363.2055437319176,364.7799210991891,360.662312193328,362.8329162597656,113624500.0,-0.0018523020266119,0.0081707800908762,-0.0084206987780727,0.0184037737441269,0.0018590257737554,0.0079465576777954,0.0081708718544346,0.0120034110173161,0.011348498775434,-0.0010259410369215,-0.0149511352927764,1.0527978231056527,0.009796978441395066,0.006581434349553036
1545,2021-03-22,363.3453740252096,367.1089779028957,363.2894813107104,365.730224609375,73778600.0,0.0079535278697851,0.0081863516687337,-0.0064133361507265,0.0313482742718216,0.017533804766159,0.0084623917667663,0.0079917706150914,0.0119780448606722,0.0104434808369057,0.0065635914329817,-0.3506805310474413,0.6815924511603135,0.009521168150162143,0.0068821520787612465
1546,2021-03-23,365.09668084256,366.5406230570263,362.0690362260645,362.8515625,90686600.0,-0.0079021384828428,0.0072453063391883,-0.0130532113181609,0.009269892559111,0.008417978786083,0.0089644811974072,0.0076446919692627,0.0121369313892483,0.0123234603157091,-0.0061493803158625,0.2291721447682662,0.8442671769636476,0.00843713466633451,0.006596923274971833
1547,2021-03-24,364.2489379839986,365.8792081667914,360.9604512667513,361.0070190429688,97588600.0,-0.0050964304258188,0.0064532119797184,-0.021553565049728,-0.0020318365091133,-0.0076376230436129,0.0083216680064937,0.0076130003169558,0.0119324713694653,0.0136251004567161,-0.0089002838525014,0.07610826737357,0.8980079654145569,0.007239553589099849,0.006924999614289127
1548,2021-03-25,359.5724129695901,363.82972563036685,357.63470442840975,363.0379028320313,116128600.0,0.0056098428529826,0.0064831823911962,-0.0012875002125057,-0.0065102710480952,0.0223630639442927,0.0068235956345644,0.0070513311082193,0.0105625006477461,0.017064392322758,0.0096378079559019,0.1899812068212885,1.0838430815599185,0.007780444176444852,0.007117842035155859
1549,2021-03-26,364.183703317546,369.28878794295866,363.587505033435,368.8882141113281,114409100.0,0.0159864110271946,0.0054613712170496,0.0165512128413007,0.0081305140632279,0.0435156612933123,0.009796978441395,0.0088120744122504,0.0109519585552367,0.0154553132668073,0.0129179607734398,-0.0148068606699813,1.0872228313078924,0.007215206367766873,0.0064684945764848095
1550,2021-03-29,367.4163152580118,369.6055409089994,365.93510175704296,368.701904296875,108107600.0,-0.0005051852343618,0.0052585005667253,0.0080924997371538,0.0016791635864272,0.0190592321367019,0.0095211681501621,0.00862876840003,0.0096846964923301,0.0099550317185262,0.0034989982357217,-0.0550786607009406,1.025995142952075,0.0072321472146745416,0.006461349125982056
1551,2021-03-30,367.4349359437374,368.3944651831491,366.1306971541533,367.7237243652344,76262200.0,-0.0026565629137475,0.0053739656698918,0.0133380753062491,0.0002848639880881,0.0242365136557312,0.0084371346663345,0.0086656323679958,0.0095049961142688,0.0061561652920368,0.0007859579839767,-0.294571334485272,0.7249129352494905,0.006349298178398045,0.006379692538556126
1552,2021-03-31,368.29194499569184,370.769958683881,368.263998648555,369.2142028808594,112734200.0,0.0040450640219569,0.0057563982331611,0.0224795697540248,0.0009260047042967,0.0416155918857156,0.0072395535890998,0.0086957005620502,0.0088790060932166,0.0067872796218909,0.0025041489440621,0.4782447923086403,1.0752814425002677,0.006305641526098845,0.006424252315763943
1553,2021-04-01,371.1425953951237,373.257306623369,370.9376460344491,373.2013854980469,99682900.0,0.0107412102174562,0.0053724775651837,0.0276109371184984,0.0263234369059926,0.0648089136448298,0.0077804441764448,0.0075417286839785,0.0083816838528162,0.0062155733581328,0.0055471673919059,-0.1157705470034825,0.9903514085421484,0.005832609183046335,0.006480753524215766
1554,2021-04-05,375.8564897892532,379.0984090413508,375.7819756542243,378.5580749511719,91684800.0,0.0142513141412703,0.0047179620869489,0.0258758402325741,0.0424270530738748,0.0608308268180016,0.0072152063677668,0.0081707800908761,0.0080478144953612,0.0087606991015956,0.0071878103353582,-0.0802354265375505,0.939043898925738,0.0032935520664433334,0.005811078928299812
1555,2021-04-06,377.9991164320186,379.3778410378448,377.663731778131,378.33447265625,62021000.0,-0.0005908429198663,0.0055631469419534,0.0257901825470696,0.0338826822842234,0.065230956556045,0.0072321472146745,0.0081863516687336,0.0078749567152508,0.0045306716241826,0.0008871878521751,-0.3235410885992007,0.6557522992195384,0.002781419133920344,0.006043969878584885
1556,2021-04-07,378.1666632426824,379.1168673110784,377.7101968416363,378.7721862792969,55836300.0,0.0011562800740129,0.0060976549511855,0.02960302553483,0.0429411008410791,0.05221099340019,0.006349298178398,0.0072453063391881,0.0074519849939133,0.0037137638939647,0.0016012068103049,-0.0997194498637558,0.6089678973363033,0.004100589460527993,0.006046909949482514
1557,2021-04-08,380.02068189018087,380.6262052108521,379.089098803099,380.5703125,57863100.0,0.0047360172374627,0.0070012392258682,0.0302939787503358,0.0527735485043606,0.0507417119952471,0.0063056415260988,0.0064532119797183,0.0074218630781102,0.0040389551083365,0.0014463176243075,0.036298966801167,0.6495032340968909,0.005559899911334061,0.006189480018653314
1558,2021-04-09,380.4492124791382,383.5048037222059,380.32810213483407,383.3370971679688,61104600.0,0.0072438013594857,0.0074330831366986,0.0267965698923653,0.0544075070108637,0.0478972359627683,0.0058326091830463,0.0064831823911961,0.0072957273113115,0.0082869662520032,0.0075907232663517,0.0560201579244803,0.6957047846995635,0.005175088511739964,0.006189872793594216
1559,2021-04-12,382.7408177148852,383.7469146788607,382.13529455131146,383.4767761230469,56704900.0,0.0003643099361871,0.007429762602841,0.0129095656872821,0.0387854059198562,0.046915919983084,0.0032935520664433,0.0054613712170495,0.007306447040994,0.0042026537926044,0.0019228636562873,-0.0720027624761474,0.6485467831456685,0.006227273761247224,0.006680169533487828
1560,2021-04-13,383.3743494088719,385.2375154018544,382.9923969687516,384.61334228515625,56551000.0,0.0029594626057896,0.007425441276661,0.016459871212938,0.0422500537600076,0.0439292173464347,0.0027814191339203,0.0052585005667252,0.0072593573272102,0.0058373389226789,0.0032318095308012,-0.002714051166654,0.6530894598364303,0.0073265555479525134,0.006998053167310055
1561,2021-04-14,384.5853346192152,385.6380277861679,382.7594401974928,383.2997741699219,61659900.0,-0.003421140668848,0.0072770358204147,0.0118824504700771,0.0414854760049071,0.0417703399929951,0.0041005894605279,0.0053739656698917,0.0073292088456283,0.0075100163961981,-0.0033427183347128,0.0903414616894484,0.7170852704271218,0.008174990870897262,0.008489975933481629
1562,2021-04-15,385.4331430857711,387.6875864651336,385.3865753074208,387.41741943359375,60229800.0,0.0106853317297228,0.006776920945324,0.0178317649623372,0.048125743712673,0.0490517484169696,0.005559899911334,0.005756398233161,0.0075747250360904,0.0059393590538001,0.005148172603779,-0.0231933558114755,0.7161656958227414,0.007860396479902991,0.008583030592661108
1563,2021-04-16,388.7030163808725,389.3178645876654,387.28702042046496,388.71234130859375,82037300.0,0.0033368726263265,0.007115783976534,0.013924836229178,0.0407214061215433,0.0670448430275359,0.0051750885117399,0.0053724775651836,0.0064155885665795,0.0052245425508323,2.3989851707543936e-05,0.3620715991087468,0.9951782487925608,0.00958008076901725,0.00926171331608515
1564,2021-04-19,387.7807916208064,388.227933315343,385.4797802188034,386.8026123046875,78498500.0,-0.004925070381316,0.0069197556666768,0.0086354559116749,0.021545021598957,0.0639720746728317,0.0062272737612472,0.0047179620869487,0.006581434349553,0.0071047945621806,-0.0025225058519025,-0.0431364757250665,0.9729794116101343,0.009231354944524725,0.00921139993468885
1565,2021-04-20,385.59152639170094,386.6907875184191,382.4986639809094,383.9705810546875,81851800.0,-0.0073485793717549,0.0067777667256631,-0.0016725860658695,0.0147872851470684,0.0486699674312917,0.0073265555479525,0.0055631469419533,0.0068821520787612,0.0109178248135438,-0.0042037887922018,0.0427180137200073,1.0094923493632506,0.008066824587201158,0.00927087008070328
1566,2021-04-21,383.3556830388797,387.8086481028548,383.21592286206607,387.6036987304688,66793000.0,0.0094174848032097,0.0060712506296433,0.0111660394061881,0.0230484898762652,0.0659895907173442,0.0081749908708972,0.0060976549511854,0.0065969232749718,0.011849023257083,0.0110811339952361,-0.1839764061388997,0.8360886677333339,0.0071224297757949235,0.009012594152211019
1567,2021-04-22,387.4360751101364,388.2651692129653,383.0017308457312,384.063720703125,97582800.0,-0.0091749444669749,0.005618615058399,-0.0086942367905095,0.0091375281718276,0.0619110766761881,0.0078603964799029,0.0070012392258681,0.0069249996142891,0.0137045966164106,-0.0087042860065438,0.4609734553022022,1.2215077840409168,0.004770958355622593,0.009115972402790495
1568,2021-04-23,384.6226834733431,389.6346047551007,384.5481693395225,388.2279052734375,73209200.0,0.0107840737533698,0.0050631384699498,-0.0012470356634662,0.0126778005657117,0.0670853075765754,0.0095800807690172,0.0074330831366985,0.0071178420351558,0.0131016739046508,0.0093733988009687,-0.2497735256623093,0.9417040128014488,0.004688467576396976,0.008780963557914028
1569,2021-04-26,388.8799463969704,389.60657988132425,388.2930446539053,389.0382995605469,52182400.0,0.0020852433200321,0.0061625808576218,0.0057632780378818,0.0143987339495567,0.0531841398694128,0.0092313549445247,0.0074297626028409,0.0064684945764848,0.0033763648178153,0.000407203212826,-0.2872152680264229,0.6992160578074207,0.0046952676891761835,0.009072123594054585
1570,2021-04-27,389.3365423500406,389.532195282552,387.8180572539488,388.95458984375,51303100.0,-0.0002151940416421,0.0067974424785084,0.0128966633679946,0.011224077302125,0.0534741310621325,0.0080668245872011,0.0074254412766609,0.006461349125982,0.0044070389535493,-0.0009810343102785,-0.0168505089838719,0.7146309690367579,0.0055378374360162234,0.009087873029282158
1571,2021-04-28,389.2246648182536,390.342575715046,388.3769209336228,388.84271240234375,51238900.0,-0.000287677629775,0.0094180025128664,0.0031915009350099,0.014357540341198,0.055843016346105,0.0071224297757949,0.0072770358204146,0.0063796925385561,0.005055141111631,-0.0009813160635341,-0.0012513863684651,0.7263964807858406,0.005561237070357546,0.009097132419847076
1572,2021-04-29,391.5629298790943,391.93555735176267,387.948383691938,391.3207092285156,78544300.0,0.0063525284336046,0.0101651420830771,0.0187189738355894,0.0100247370450798,0.0581504807577527,0.0047709583556225,0.0067769209453239,0.0064242523157639,0.0101890177693006,-0.0006185995458086,0.532903711828318,1.1411515905073706,0.006095935206745395,0.00898228697999367
1573,2021-04-30,389.057011063111,389.9047550008008,387.8552610382918,388.7495727539063,85527000.0,-0.0065920875204444,0.011420896046339,0.0013428125617752,9.577689830892085e-05,0.0408171830198521,0.0046884675763969,0.0071157839765339,0.0064807535242157,0.0052720159870281,-0.0007902140315236,0.0889014225093354,1.2555125105354523,0.005755574188536334,0.008857685506886929
1574,2021-05-03,390.7338415630485,391.1157939955126,389.0942748542552,389.5880126953125,68128300.0,0.0021544385916587,0.0114112353039918,0.0014120078334018,0.0071752858712836,0.0287203074702405,0.0046952676891761,0.0069197556666767,0.0058110789282998,0.0051888638135238,-0.0029325048046832,-0.2034293264115425,1.01770063528332,0.007956142526161903,0.008850733733892249
1575,2021-05-04,387.6037329855272,388.09747082223015,383.5047736052085,387.18450927734375,101591200.0,-0.0061884554887115,0.0115698192586566,-0.0045612536136675,0.008335409754327,0.0231226949013953,0.0055378374360162,0.006777766725663,0.0060439698785848,0.0118617793506088,-0.0010815780976987,0.4911747394254664,1.474005275828993,0.008559223084538159,0.008726286293581185
1576,2021-05-05,388.8241796631968,389.05707545067736,386.7467390041926,387.3056945800781,60162200.0,0.000312942121462,0.0115731991140549,-0.0039606338624305,-0.0007691329274206,0.0222793569488444,0.0055612370703575,0.0060712506296432,0.0060469099494825,0.0059651496965198,-0.0039053257552912,-0.4078010693839624,0.8701735141509758,0.01254522365623616,0.008778774350019364
1577,2021-05-06,387.3801805344539,390.5289359008101,385.3772825937991,390.3985290527344,74321400.0,0.0079537970446613,0.0118435468984651,-0.0023593652513738,0.0163596085842155,0.025497136756043,0.0060959352067453,0.0056186150583989,0.0061894800186533,0.0131958829852944,0.0077916957809151,0.2353504359880456,1.062324938380025,0.01365502402449409,0.008834717674705716
1578,2021-05-07,391.1623952565096,393.8919265936675,390.4823294392389,393.2398071289063,67733800.0,0.0072515352953938,0.0114955789221543,0.0114842575644643,0.0128270701262395,0.0255048706919511,0.0057555741885363,0.0050631384699496,0.0061898727935942,0.0086705290070262,0.0053108680629547,-0.0886366510856899,0.9635986976711896,0.015655981212682708,0.008690182303465686
1579,2021-05-10,393.5938416617148,393.81741249794896,389.2247148491328,389.3458251953125,81852400.0,-0.0099516625647085,0.0116511214211082,-0.0006218435919028,0.0007901642414989,0.0151888981910555,0.0079561425261619,0.0061625808576217,0.0066801695334878,0.0117959339785196,-0.0107928936298078,0.2084424615184739,1.1439901780456343,0.015133215556236567,0.008368302439209455
1580,2021-05-11,384.8369282355566,386.8584473474661,382.0049080638009,385.8709716796875,116888000.0,-0.008964916143077,0.0112437159544475,-0.0033983042462683,-0.0079595578599359,0.0032645194421889,0.0085592230845381,0.0067974424785083,0.00699805316731,0.012578140466327,0.0026869652267308,0.4280338756102448,1.5675616341945369,0.015093587169172536,0.008084717244707698
1581,2021-05-12,383.0948850362776,384.3618242624742,376.3595297518344,377.6730651855469,134811000.0,-0.0214741288689481,0.0080286806308485,-0.0251853752366784,-0.029146009099109,-0.0147884687579111,0.0125452236562361,0.0094180025128663,0.0084899759334816,0.0211884173066681,-0.0141526813917583,0.1533348162343439,1.723389861362809,0.010336755163147917,0.006163061330114861
1582,2021-05-13,379.2194656575238,384.1382223326197,379.1728694537815,382.2098388671875,106394000.0,0.0119408597385479,0.0074569907836735,-0.0211983125427918,-0.0235576777941657,-0.013532940749086,0.013655024024494,0.010165142083077,0.0085830305926611,0.0129911697028908,0.0078856005043905,-0.2107914042622635,1.3211307281666178,0.010070045202154812,0.0057203142141510925
1583,2021-05-14,384.9393967974584,388.9265708311616,384.9114504451291,388.0788269042969,82201600.0,0.0152387069193231,0.0058857943672967,-0.0132111409188625,-0.0017268833543982,-0.0016311064560894,0.0156559812126827,0.0114208960463389,0.0092617133160851,0.010346146472512,0.0081556477018389,-0.2273850029136981,1.020621301677803,0.007076522977801059,0.004755983493900929
1584,2021-05-17,386.9702267000928,387.9018095813703,385.0790861586322,387.09130859375,65129200.0,-0.0025478763939555,0.0058026181774728,-0.0058073547481095,-0.0064291983400124,0.000746087531271,0.0151332155562365,0.0114112353039918,0.0092113999346888,0.0072921384698422,0.0003128971825293,-0.2076893880411087,0.8154168129418616,0.008433574599157334,0.00473038290066237
1585,2021-05-18,387.3521831986254,387.5944038655917,383.597905008926,383.75628662109375,59810200.0,-0.008652923877431,0.0047123234299241,-0.0054953624824635,-0.0088936667287319,-0.000558256974405,0.0150935871691725,0.0115698192586565,0.0092708700807032,0.010414158662661,-0.0092832743263196,-0.0816684375057578,0.7592998367402901,0.0067784038190073035,0.004440521221542034
1586,2021-05-19,379.0798024141684,382.92721668401646,377.5985602871788,382.7502136230469,106467100.0,-0.0026250881772591,0.0048428241947143,0.0133536782092254,-0.011831697027453,-0.0126008299548738,0.0103367551631479,0.0115731991140549,0.009012594152211,0.0139220206996032,0.0096824235570016,0.7800826614858336,1.318414261205077,0.006095214502143385,0.0043649864529826145
1587,2021-05-20,383.6257879012821,388.1253487720792,383.504706017484,386.8677062988281,78022200.0,0.0107001977341889,0.0045374787286327,0.0121130162048664,-0.0090852963379254,0.0072743122462899,0.0100700452021548,0.0118435468984651,0.0091159724027904,0.0119437282548108,0.0084507311546539,-0.2671707973636926,0.9780174770881548,0.00485310754578746,0.004959301875267814
1588,2021-05-21,388.3490656109407,389.5880871287696,386.0946502945075,386.5511169433594,76578700.0,-0.0008186751178976,0.004547263570521,-0.0039443658323542,-0.0171555067512168,-0.0043284366249774,0.007076522977801,0.0114955789221542,0.008780963557914,0.0090374511445893,-0.0046297231712219,-0.0185011445460394,0.9579000892495844,0.0046195099415404055,0.005865919812733966
1589,2021-05-24,388.7868558465473,391.5629834929008,388.5446351628032,390.4916687011719,51376700.0,0.010142518819197,0.0034610848647836,0.0087460293807982,0.0029386746326886,0.0037288388741874,0.0084335745991573,0.0116511214211082,0.0090721235940545,0.007729610058358,0.004384954966938,-0.3290993448569902,0.6429798033429213,0.001790690091677844,0.005556211179924579
1590,2021-05-25,391.57227976579446,391.9262858634761,389.0476977323679,389.6252746582031,57451400.0,-0.0022211910830901,0.0033989872096293,0.0151777621751391,0.0096823996926755,0.0017228418327394,0.0067784038190073,0.0112437159544474,0.0090878730292821,0.0073880939413733,-0.0049722751282493,0.1182384232541209,0.7162490955160035,0.0011913316540307752,0.0055333738689318955
1591,2021-05-26,390.2122010644439,390.9015634477315,389.1781574895125,390.3985290527344,43088600.0,0.0019826437197166,0.0035984266095853,0.0197854940721148,0.0331391722813402,0.003993163182231,0.0060952145021433,0.0080286806308484,0.009097132419847,0.0044144786159945,0.0004775042599442,-0.2499991296991892,0.5399305661065839,0.002260434454521731,0.005649872661888335
1592,2021-05-27,391.4231910374945,391.9355502494223,390.3239016330106,390.6033935546875,56707700.0,0.0005246197242839,0.0035968269864548,0.0096099160622098,0.0217229322670762,-0.0018347455270896,0.0048531075457874,0.0074569907836734,0.0089822869799936,0.0041260486800815,-0.002094401919912,0.3160720004827262,0.7204441856392283,0.004763998572577353,0.0056802440413455235
1593,2021-05-28,392.1684587891069,392.42930086674016,391.069197778342,391.3020935058594,58520200.0,0.001787172871157,0.0036079063262169,0.0122157640512644,0.0082713982189101,0.0065445148645117,0.0046195099415404,0.0058857943672966,0.0088576855068869,0.0034758390281338,-0.0022091661474321,0.0319621497609672,0.7564483218105268,0.00489089670275513,0.0056820635389427535
1594,2021-06-01,393.65898211112926,393.7987138563774,390.5195523727247,390.9573974609375,54216600.0,-0.0008812831834233,0.0036820013020106,0.0011919620486441,0.0099379914294423,0.0035087930894297,0.0017906900916778,0.0058026181774726,0.0088507337338922,0.0083875161461302,-0.0068627537359965,-0.0735404185221513,0.7071772557949584,0.004808265491912351,0.00566564470513496
1595,2021-06-02,391.6095674253817,392.410743642536,390.6034702269548,391.5722961425781,49097100.0,0.0015715667104375,0.0042438649549861,0.0049847198421717,0.0201624820173108,0.0112688152885787,0.0011913316540307,0.004712323429924,0.0087262862935811,0.0046154271724144,-9.517459710864506e-05,-0.0944267991722092,0.6631024045229766,0.004948710108012799,0.005664873219505126
1596,2021-06-03,389.2620085309456,391.25558160462,387.7994162238815,390.1190490722656,58138800.0,-0.0037182162844349,0.0040051265396891,-0.0007161401619797,0.019069353910135,0.0072376568826818,0.0022604344545217,0.0048428241947142,0.0087787743500193,0.0088592581904357,0.00220170610678,0.1841595532119004,0.7862934351054807,0.004505494268392254,0.005630095392253454
1597,2021-06-04,391.963486198523,393.98503350269976,390.18415953410863,393.6869201660156,55938800.0,0.0091040279784252,0.0050446317405143,0.0078632680921615,0.0174731841543713,0.0083878878164457,0.0047639985725773,0.0045374787286325,0.0088347176747057,0.009654559940646,0.0043969247855391,-0.0378404783036457,0.7660624061188801,0.002459098800768897,0.0055337435945814265
1598,2021-06-07,393.6776507018846,393.854653743624,392.3734402072181,393.3050231933594,51555000.0,-0.000970523283891,0.0070935268022098,0.0051055719371135,0.0173213359883779,0.0001658292371609,0.0048908967027551,0.0045472635705208,0.0086901823034656,0.003766068188958,-0.0009465294965585,-0.07836778765365,0.713936891468506,0.0022919173408513637,0.005556706133999284
1599,2021-06-08,394.1620563356279,394.2552203184516,391.5629603216794,393.3888549804688,47134300.0,0.0002131242907883,0.0072916424064302,0.0061999794113251,0.0073919414599692,0.0103306160926577,0.0048082654919123,0.0034610848647835,0.0083683024392094,0.0068437627621807,-0.0019616331474095,-0.0857472602075453,0.668795891274748,0.0027127379098239265,0.005568255249516984
1600,2021-06-09,394.2272616788116,394.3018042346096,392.5783701098852,392.8019409179688,48436300.0,-0.001493057854638,0.0072833860140182,0.0031353548462496,0.0081200746884213,0.0178024743810967,0.0049487101080127,0.0033989872096292,0.0080847172447076,0.0043875397374482,-0.0036154799512674,0.0276231958467612,0.7223500839438197,0.0039911280014246165,0.005950546340514376
1601,2021-06-10,394.0223149057569,395.5780709347275,392.7087795402519,394.6278381347656,51020100.0,0.0046376211261329,0.0073723438476111,0.0114911922568174,0.0107750520948376,0.0439142243761777,0.0045054942683922,0.0035984266095851,0.0061630613301148,0.0072708793379542,0.0015367739493473,0.0533442893036832,0.8115919021039468,0.0031443436739304704,0.006271308108752218
1602,2021-06-11,395.1774772714472,395.3917231433167,393.8918883216148,395.2799377441406,45570800.0,0.0016510782079285,0.0074243023425553,0.0040382424863207,0.0119015105784822,0.0336244428455583,0.0024590988007688,0.0035968269864546,0.005720314214151,0.0037943611058569,0.0002592771060762,-0.1068069251138277,0.7617596355385974,0.006149229633094807,0.006287692161214456
1603,2021-06-14,395.3917787091995,396.2674690320145,394.1527857880061,396.1650085449219,42358500.0,0.0022365956694391,0.0074200714854164,0.0072453614396508,0.0123509333767643,0.0206223315956743,0.0022919173408513,0.0036079063262168,0.0047559834939009,0.0053378849681233,0.001955604231951,-0.0704903139729826,0.7324542591103738,0.01013871296323048,0.0063859645664285985
1604,2021-06-15,396.3140141846101,396.3512570316688,394.5626337646086,395.4383239746094,51508500.0,-0.0018359821000933,0.0073625211730408,0.0051962550487692,0.0113962344600943,0.0213342258895365,0.0027127379098239,0.0036820013020104,0.0047303829006623,0.0045231409264597,-0.0022095867889061,0.2160133149190835,0.9012879817070482,0.010564223134710005,0.006341415348134405
1605,2021-06-16,395.5781066988787,395.8016775286566,391.1903585865381,393.2304992675781,80386100.0,-0.0055988785392153,0.0069851602400181,0.0010904343641919,0.0042257892104415,0.0243882712277522,0.0039911280014246,0.004243864954986,0.004440521221542,0.0117267580991491,-0.0059346242664728,0.5606375646737918,1.3817107385137253,0.010156281226162658,0.006230301782932375
1606,2021-06-17,392.82063411530976,394.0782484791992,390.63140827908353,393.10009765625,90949700.0,-0.0003316712157295,0.0070385675134805,-0.0038788579776704,0.0076123342791469,0.0266816881892818,0.0031443436739304,0.004005126539689,0.0043649864529826,0.0087683524391535,0.000711427854521,0.1314107787291583,1.5844121206272064,0.010349977828389739,0.006574640674698275
1607,2021-06-18,389.8251604695109,390.5167781405025,387.5914076691271,387.7970275878906,118676300.0,-0.0135822028814635,0.0044277806495775,-0.0191121390670624,-0.0150738965807417,0.0023992875736294,0.0061492296330948,0.0050446317405142,0.0049593018752678,0.0075435608405028,-0.0052026731142175,0.3048564206369015,1.99672384404542,0.005587976172615344,0.0067330949445718975
1608,2021-06-21,389.5540951870982,393.53563141152,388.74097097735967,393.34869384765625,72822000.0,0.0142144022118502,0.0032341397503642,-0.0071343325246513,0.0001110289149994,0.0174323649033772,0.0101387129632304,0.0070935268022097,0.0058659198127339,0.0121893386431767,0.0097408773452517,-0.3863812741044337,1.2291115220977025,0.002860566466069834,0.006734557930120687
1609,2021-06-22,393.33932268734105,396.2834035896653,392.6196388178262,395.4515686035156,57700300.0,0.0053318434026119,0.0031274838292807,3.34929780538137e-05,0.005229748026823,0.0126216894867921,0.01056422313471,0.0072916424064301,0.0055562111799245,0.0092647622685557,0.0053700349655952,-0.2076529070885172,0.9687133245489232,0.0027330874171462584,0.006849557538066672
1610,2021-06-23,395.5263432061953,396.3301118664946,394.89080121581947,394.9749145507813,49445400.0,-0.0012060681686945,0.0045407994279047,0.0044263033485746,0.0055167377127665,0.0136368124011877,0.0101562812261626,0.0072833860140181,0.0055333738689318,0.0036440558568436,-0.0013941641685456,-0.1430651140462008,0.8357408543147888,0.002205527016636908,0.006824842730230094
1611,2021-06-24,397.1152589733079,397.73209014648296,396.8628904252522,397.3115234375,45110300.0,0.0058984113551432,0.0051949594254255,0.0106563859194473,0.0067775279417768,0.0175525800366143,0.0103499778283897,0.007372343847611,0.0056498726618883,0.0021877032755318,0.000494225441499,-0.0876744853919677,0.7611671985183746,0.002065146123235233,0.0070375883468576
1612,2021-06-25,398.0592289946144,399.1714418641056,397.73210252899935,398.7228088378906,58129500.0,0.0035457939985828,0.0051956891422191,0.0277843827994936,0.0086722437324311,0.0205737543109132,0.0055879761726153,0.0074243023425552,0.0056802440413455,0.0036098745875645,0.0016670379555129,0.2886081449247732,0.9796711020493049,0.003117561617117404,0.007026858167266365
1613,2021-06-28,399.2462335097463,399.69483801915226,398.04990728021846,399.526611328125,53159600.0,0.0020139138008827,0.0055170283646178,0.0155838943885261,0.0084495618638747,0.0208004952406389,0.0028605664660698,0.0074200714854163,0.0056820635389427,0.0041171994362669,0.000702267910993,-0.0854970367885497,0.8999774834638897,0.003891310862958162,0.007162287378810931
1614,2021-06-29,399.9098038354574,400.5453458904214,399.20883078354126,399.7415771484375,35970500.0,0.0005379066215696,0.0054994387280872,0.0107899576074838,0.0108234505855376,0.0222196850456318,0.0027330874171462,0.0073625211730407,0.0056656447051349,0.0033434478255031,-0.0004206615727008,-0.3233489341530033,0.6185238703992983,0.0037335764457189194,0.0071709496845504365
1615,2021-06-30,399.2835916114196,400.7509687229313,399.2555538300446,400.0780334472656,64827900.0,0.0008413305055721,0.0057564479189359,0.0128373562817504,0.017263659630325,0.0214894488407664,0.0022055270166369,0.006985160240018,0.0056648732195051,0.0037378080470988,0.0019896681269567,0.8022518452620897,1.0998603965071727,0.006369762293064723,0.0071980757997993665
1616,2021-07-01,400.835099597294,402.4520211210759,400.7696685970019,402.2931213378906,53441000.0,0.0055213687699333,0.0062659479592261,0.0124603136965405,0.0231166996159878,0.0307290338951346,0.0020651461232352,0.0070385675134804,0.0056300953922534,0.0041819072582675,0.0036374602475218,-0.1756481391499648,0.91029960714255,0.007512980248284382,0.007263332286739164
1617,2021-07-02,403.4520604017495,405.7232062337711,402.3772122424309,405.3680419921875,57697700.0,0.0076144196371623,0.0072697560993771,0.01652893933512,0.0443133221346136,0.0292394255538717,0.0031175616171174,0.0044277806495773,0.0055337435945814,0.0082542125790091,0.0047489696508925,0.079652326865141,0.9813370152797032,0.007005627161568646,0.007116122300913605
1618,2021-07-06,405.42411100289456,405.63908633581775,401.9005634703671,404.6296691894531,68710400.0,-0.0018231483794651,0.0089096799298862,0.0126918771547722,0.0282757715432983,0.0283868004582976,0.0038913108629581,0.0032341397503641,0.0055567061339992,0.0092393691074102,-0.0019595327260537,0.1908689601145279,1.151839411956798,0.007229414124870671,0.007293571771158169
1619,2021-07-07,405.3119382235839,406.34003766118167,403.302487995308,406.05963134765625,63549500.0,0.0035277723297111,0.0092429617856515,0.0156817428629137,0.0264717004703975,0.0317014484972204,0.0037335764457189,0.0031274838292805,0.0055682552495169,0.0074805507156484,0.0018447350140964,-0.0751109002421758,1.0508649074834735,0.007123840893856561,0.007380374655855555
1620,2021-07-08,400.751035852626,403.5082084145723,399.5733917922776,402.7511596679688,97595200.0,-0.0081811226299907,0.0087898712303319,0.0066592897273509,0.0194966460091013,0.0250133837218677,0.0063697622930647,0.0045407994279046,0.0059505463405143,0.009769845543185,0.0049909386037828,0.5357351356029552,1.5508172263270843,0.005819266442261748,0.007190444914173248
1621,2021-07-09,404.2557870176814,407.3494121346729,402.5547524182168,407.0503234863281,76238600.0,0.0106179213015814,0.0087443354090507,0.011755842258999,0.0242161559555395,0.0309936838973162,0.0075129802482843,0.0051949594254254,0.0062713081087522,0.0117790342859587,0.0069127927376447,-0.2188283850025411,1.1876579139676835,0.004521724719413632,0.006846399614663657
1622,2021-07-12,406.9663181183199,408.760821961799,406.5363958989324,408.5084533691406,52889600.0,0.0035757850393093,0.0087148601460798,0.007717207661146,0.024246146996266,0.032918390728697,0.0070056271615686,0.005195689142219,0.0062876921612144,0.005445238757046,0.0037893436929892,-0.3062621821492,0.8192529143799104,0.006145265029083142,0.0068228445238308405
1623,2021-07-13,407.7234101950886,409.21882546985023,406.854210227836,407.1159057617188,52911300.0,-0.0034146821264727,0.0087856167789095,0.0061256739141384,0.0188175510689106,0.0272671129327852,0.0072294141248706,0.0055170283646177,0.0063859645664285,0.0058082113927482,-0.0014899915437259,0.0004102886011616,0.8129447867182436,0.010930393406270313,0.006758707584078077
1624,2021-07-14,408.8075027783235,409.29352904474496,406.48028123314407,407.7233276367188,64130400.0,0.001490900198756,0.0087891396803377,0.0040888017831833,0.019770544646097,0.0305939952316345,0.0071238408938565,0.0054994387280871,0.0063414153481344,0.0068998941706555,-0.0026520431602562,0.2120359923116612,0.9758561189547952,0.011827321382925568,0.006767611797797469
1625,2021-07-15,406.3868250791765,407.059760411339,404.4334500856128,406.3307495117188,55126400.0,-0.0034213439192902,0.0087305188432459,0.0088485804938838,0.0155078702212347,0.0327715298515596,0.0058192664422617,0.0057564479189358,0.0062303017829323,0.0064634791457014,-0.0001379856924416,-0.1404014320821326,0.8552817758006941,0.011775956517956742,0.0067058977904134185
1626,2021-07-16,407.5083229344722,407.5550430583768,402.7510563008199,403.1435852050781,75874700.0,-0.0078746925994098,0.0084239999043389,-0.0096440334071073,0.0021118088518916,0.0252285084678793,0.0045217247194136,0.0062659479592261,0.0065746406746982,0.0119163169993467,-0.0107107940715505,0.3763768357810413,1.1911194180626694,0.01140211936045653,0.0063585113609691156
1627,2021-07-19,398.3302530154178,403.20902632092094,394.38611039278754,397.1900024414063,147987000.0,-0.0148780275544847,0.0063532340791422,-0.0280978460009013,-0.0203806383397553,0.0239326837948581,0.0061452650290831,0.007269756099377,0.0067330949445718,0.0222133383869221,-0.0028625758786323,0.9504129835109728,2.2709281922368407,0.0051907518674655885,0.005027490796314638
1628,2021-07-20,397.8536095081192,404.1530401378472,397.0591676686946,402.8819274902344,99608200.0,0.014228773356165,0.0053600017270738,-0.0104543905182636,-0.0043287166041252,0.0239470549391729,0.0109303934062703,0.0089096799298861,0.0067345579301206,0.017607820021474,0.0126386134546621,-0.3269124990708643,1.4977511148568514,0.005793379918338133,0.004613495632440427
1629,2021-07-21,404.0783031286955,406.2840467930264,402.8352566332123,406.1438293457031,64724400.0,0.0080638212155203,0.0053862172551759,-0.0038814695014993,0.0002073322816839,0.0266790327520813,0.0118273213829255,0.0092429617856515,0.0068495575380666,0.0084915488322698,0.0051116979085852,-0.3502101232629442,0.968111046395273,0.005407815918414674,0.005124159054721553
1630,2021-07-22,406.3213274734552,407.23727579624176,405.33997668113454,406.9942626953125,47878500.0,0.0020917324326866,0.0056395105862345,0.0016316068504774,0.0104801873443612,0.0299768333534624,0.0117759565179567,0.0087898712303318,0.00682484273023,0.0046617343019589,0.0016561651490008,-0.2602712423753638,0.7169797673741074,0.005497000402219569,0.005116861682099813
1631,2021-07-23,408.9196688873081,411.51794144372303,408.2374066385629,411.1814880371094,63766600.0,0.0102356049910233,0.0047315438217694,0.0197419044409105,0.0100978710338031,0.0343140269893425,0.0114021193604565,0.0087443354090506,0.0070375883468576,0.0079783134713108,0.0055312065471338,0.3318420585440229,0.9417486266971984,0.00405435641224383,0.004907391193157856
1632,2021-07-26,410.59261588453984,412.2001818503904,410.5458957579973,412.1908264160156,43719200.0,0.002451719269101,0.0047004417870924,0.0370716512644962,0.0089738052635948,0.0332199522598608,0.0051907518674655,0.0087148601460797,0.0070268581672663,0.0040133986163084,0.0038924483043436,-0.3143871556582913,0.6526195159346494,0.003676930587044678,0.005238460943904851
1633,2021-07-27,411.1533566719681,411.1813944494709,407.489592116502,410.3121948242188,67397100.0,-0.0045680922990895,0.0043871802062409,0.0182747856092417,0.007820395090978,0.0266379461598885,0.0057933799183381,0.0087856167789094,0.0071622873788109,0.008997544746508,-0.0020458591279856,0.5415904225145931,0.9954933524326606,0.005155700951285239,0.005091252188626137
1634,2021-07-28,410.9384237416545,411.51789021824817,408.723353522504,410.14398193359375,52472400.0,-0.0004100472340805,0.004391492459928,0.0098009171596409,0.0059194476581415,0.0256899923042384,0.0054078159184146,0.0087891396803377,0.0071709496845504,0.0068135504087358,-0.0019332380769538,-0.2214442461174145,0.7657152138114872,0.005813273243763928,0.005085296624141775
1635,2021-07-29,411.0691789301609,412.91972900071926,411.0598234982382,411.8449096679688,47435300.0,0.0041385721376836,0.0043183549189707,0.0118477568646379,0.0134793637151153,0.0289872339363499,0.0054970004022195,0.0087305188432458,0.0071980757997993,0.0045160337273089,0.0018871050849076,-0.0959952279674648,0.7011074501156004,0.006258215498056697,0.005266877508614348
1636,2021-07-30,409.2841560298152,411.29360644207577,409.1532940336554,409.8449401855469,68951200.0,-0.0048679521408463,0.0037933426410221,-0.0032558002672316,0.0164861041736788,0.0185979130255703,0.0040543564122438,0.0084239999043388,0.0072633322867391,0.0052222491936862,0.0013701584766227,0.4535841451408551,1.007569646217694,0.005491563093567577,0.005408066426532282
1637,2021-08-02,411.5552501136449,412.1066787652008,408.6298516644557,408.9850158691406,58783300.0,-0.0021003741403998,0.0035546768553526,-0.0078078936767324,0.0292637575877637,0.0088831192480082,0.0036769305870446,0.0063532340791421,0.0071161223009136,0.0085011112041755,-0.0062451742355237,-0.1474651637679982,0.8583074289579853,0.005289123591149369,0.005386592379750241
1638,2021-08-03,409.779415089428,412.4337623928597,407.5923830546848,412.312255859375,58053900.0,0.0081024455027905,0.0038303676387853,0.0048626441251475,0.0231374297343892,0.0188087131302638,0.0051557009512852,0.0053600017270737,0.0072935717711581,0.0117420214155025,0.0061809858589266,-0.0124082860268137,0.8543036943466995,0.00408365722880365,0.005205216847718634
1639,2021-08-04,411.0318728106122,412.28427447929056,410.0505220211944,410.2841796875,46732200.0,-0.0049309240678812,0.0050890856875625,0.0003417672913468,0.0101426844509877,0.0103500167326715,0.0058132732437639,0.0053862172551758,0.0073803746558555,0.0054444030959164,-0.0018190636117814,-0.1950204895795114,0.6963130892279565,0.0026122298812327554,0.005008034302006547
1640,2021-08-05,411.4431983310459,412.9666511964766,411.1254272613656,412.8825378417969,38969700.0,0.0063130997131088,0.0046402748149021,0.002516294866772,0.0143640517314099,0.024844239075771,0.0062582154980566,0.0056395105862344,0.0071904449141732,0.0044594376520145,0.0034982702754339,-0.1661060253957657,0.6071701787870526,0.0014692057702901053,0.004893140748116744
1641,2021-08-06,413.2003281153851,413.98541465155415,412.91992173075016,413.5648193359375,46930000.0,0.0016511194408639,0.005326576651478,0.0090353664484822,0.0057795661812505,0.0158774372150535,0.0054915630935675,0.0047315438217692,0.0068463996146636,0.0025763625699953,0.0008821174518782,0.204268957677375,0.748281129842322,0.001475069735256934,0.004903840353002378
1642,2021-08-09,413.5367786831312,413.8545497653774,412.46195885616,413.2283630371094,41222600.0,-0.0008138826603165,0.0059485839600278,0.0103218579285655,0.002513964251833,0.0114877695154277,0.0052891235911493,0.0047004417870922,0.0068228445238308,0.0033700274080468,-0.0007457997980348,-0.121615171532069,0.6634497338965057,0.0006690029510388235,0.005001234765973024
1643,2021-08-10,413.6768175506631,414.452576886428,412.99455549788365,413.74224853515625,43339300.0,0.0012428145740632,0.005950147342425,0.0034622269998382,0.0083248711249857,0.0161452662159636,0.0040836572288036,0.0043871802062407,0.006758707584078,0.0035239847845039,0.0001581693286091,0.0513480469451224,0.7029310785543844,0.004041189625407831,0.005026322818985285
1644,2021-08-11,414.80783999492405,414.8639155599606,413.6862716488568,414.77044677734375,44034300.0,0.0024820350390666,0.0059420713969462,0.010875186106786,0.0112169533981328,0.0171364010562742,0.0026122298812327,0.0043914924599278,0.0067676117977974,0.0028392666841473,-9.014587954933442e-05,0.0160362534697144,0.7260358004735837,0.006333394871467689,0.005142362414004348
1645,2021-08-12,414.62089804805976,416.15370620330873,413.7236604942885,416.0134887695313,38909400.0,0.0029924577657337,0.0062930368471291,0.0075545441594109,0.0100708390261829,0.0235502027412981,0.0014692057702901,0.0043183549189705,0.0067058977904134,0.005841266628656,0.0033587084684528,-0.1163842731688706,0.6502297438655242,0.006071298701712845,0.005442984561067042
1646,2021-08-13,416.4620332334132,416.7891596382073,415.9760356040396,416.7704772949219,39470300.0,0.0018179714421172,0.0068611283064018,0.0077213961606642,0.0167567626091464,0.0332428667828251,0.0014750697352569,0.0037933426410219,0.0063585113609691,0.0019510115962275,0.0007406294857514,0.0144155396896379,0.6802966843156956,0.007557786182783113,0.005458171675166413
1647,2021-08-16,415.4713908619817,417.8827255582406,413.9199004513762,417.75189208984375,73740000.0,0.0023520406003864,0.0069366093534362,0.0108873194213671,0.0212091773499326,0.0504729349376962,0.0006690029510388,0.0035546768553524,0.0050274907963146,0.0094860733892551,0.0054889488855794,0.8682401704572806,1.3578386317243878,0.008749248376180805,0.005562674350855564
1648,2021-08-17,415.2003367624512,415.87327201338974,412.0319534928369,415.013427734375,92673900.0,-0.0065768210111476,0.0064762716431882,0.0030676838361563,0.0065299108359945,0.0296673405703836,0.0040411896254078,0.0038303676387851,0.0046134956324404,0.0092558897227089,-0.0004501658874691,0.2567656631407649,1.717449793532935,0.007905917993552595,0.005676013737154206
1649,2021-08-18,414.0040642835704,415.5649103189403,410.2281762683968,410.4711608886719,89351900.0,-0.0110052028898936,0.0047678211214032,-0.0104195540928038,0.0004556320139821,0.0105983164649697,0.0063333948714676,0.0050890856875624,0.0051241590547215,0.013001483560963,-0.008533499305163,-0.0358461228026445,1.618941521035238,0.0036326962971628286,0.00503138769922015
1650,2021-08-19,407.7512775027748,412.3029524381432,407.6110886187138,411.1065979003906,92812200.0,0.0015468703518992,0.004746453306462,-0.0118651415066383,-0.0043105973472274,0.0100534543841823,0.0060712987017128,0.004640274814902,0.0051168616820998,0.0114127670132072,0.008228840920291,0.0387266527068814,1.6158607923919674,0.005910875724548786,0.005565051419953083
1651,2021-08-20,411.4524681110036,414.70496457219946,410.966441910474,414.3778381347656,72008700.0,0.00792566695497,0.0044982027415571,-0.0057574459937855,0.0019639501668786,0.007743516348129,0.0075577861827831,0.0053265766514779,0.0049073911931578,0.0090220140115447,0.0071098614068169,-0.2241461790583565,1.2447410642062722,0.0061307146159928815,0.006465689334390554
1652,2021-08-23,416.0601886079049,418.9295115835413,414.4526227295589,418.0229187011719,54973000.0,0.0087580503396431,0.0041703207564584,0.0006485637454711,0.0115358831668382,0.0140498474186711,0.0087492483761808,0.0059485839600277,0.0052384609439048,0.0107096732109626,0.0047174186500133,-0.2365783578928657,0.9411084358140268,0.005385874586743918,0.006053571244881788
1653,2021-08-24,418.6865234375,419.2192697916325,418.1724879522138,418.6865234375,38744700.0,0.0015862253777699,0.0042157324598282,0.0088116101343886,0.0118792939705449,0.0202041650955305,0.0079059179935525,0.0059501473424249,0.0050912521886261,0.0025001565152476,0.0,-0.2952049187783093,0.6799652126085779,0.005643488501982913,0.006518101963592345
1654,2021-08-25,418.8735372999682,420.0791906082296,418.49966212692135,419.5651550292969,40529700.0,0.0020963439409455,0.0044501265467214,0.0219131569652277,0.0114936028724238,0.0227105562705565,0.0036326962971628,0.0059420713969461,0.0050852966241417,0.0037646798414372,0.0016511373188834,0.046070817427932,0.7188248005437072,0.00565221506059406,0.007120373487460986
1655,2021-08-26,419.2846465858296,419.5183042507706,416.9948185830064,417.0882873535156,57829600.0,-0.0059209101075871,0.0047784028223792,0.0144453765057414,0.002580234999103,0.0126510740252858,0.0059108757245487,0.006293036847129,0.0052668775086143,0.0060502434239428,-0.0052383488167253,0.4268450050210093,1.016283940766211,0.003965871717078029,0.007016463838334044
1656,2021-08-27,417.89207569885787,421.1913209422029,417.8360001384459,420.8174743652344,77235100.0,0.0089012674332018,0.0037481524238382,0.0154209769839732,0.0096635309901876,0.0264202935993339,0.0061307146159928,0.0068611283064017,0.0054080664265322,0.00797334000642,0.0070003688428028,0.3355634484762129,1.3475032533869855,0.0024176301495099552,0.006708165212415336
1657,2021-08-30,421.4904469021432,423.4531772582027,421.2474337704148,422.6680908203125,48357400.0,0.0043880286774247,0.0035090413034774,0.0110509553217548,0.0116995190672259,0.0329086964171584,0.0053858745867439,0.0069366093534361,0.0053865923797502,0.0052186184282494,0.0027939990735844,-0.3738934758937322,0.8514242094433058,0.0024609140281024074,0.007898325177626992
1658,2021-08-31,422.574555391722,422.911008730897,421.4436603048322,422.0418090820313,59300200.0,-0.0014828329894299,0.0047546006570802,0.007981896954555,0.0167935070889436,0.023323417924938,0.0056434885019829,0.0064762716431881,0.0052052168477186,0.0034767845139712,-0.0012607155421292,0.2262900817661826,1.0429487667656088,0.0024329885059495696,0.007939341108733068
1659,2021-09-01,422.97650283531857,423.49053835442544,422.03251662178167,422.2661743164063,48721400.0,0.0005314772430629,0.0047349276877501,0.0064170302566724,0.0283301872219001,0.0287858192358821,0.005652215060594,0.0047678211214031,0.0050080343020065,0.0034528499352431,-0.0016793569244408,-0.1783940020438379,0.8553966480721561,0.002931230733591723,0.008255455097624242
1660,2021-09-02,423.686814177093,424.36907636322894,422.3689814101181,423.5653076171875,42501000.0,0.0030718514269353,0.0052188558178438,0.0154097917911948,0.0298551682969362,0.0255445709497086,0.003965871717078,0.0047464533064619,0.0048931407481167,0.0047220462043092,-0.0002867839069797,-0.1276728501233544,0.7438797421545944,0.0029969468071123304,0.008776188342175669
1661,2021-09-03,422.4343619875005,423.97649682090514,422.0324491397837,423.4624328613281,47170500.0,-0.0002429076438679,0.0068602976677814,0.0062656167141251,0.0216865936980983,0.0236505438649768,0.0024176301495099,0.004498202741557,0.0049038403530023,0.0045908385969105,0.0024336819310595,0.1098680031058092,0.8254345953698458,0.0038776285692697387,0.00909999352777788
1662,2021-09-07,423.1167138270563,423.2101826143172,421.2754899564276,421.9484252929688,51671500.0,-0.0035817121871892,0.0069273542073738,-0.0017041241504887,0.009346831171266,0.0208827143381041,0.0024609140281024,0.0041703207564583,0.005001234765973,0.0045851401306838,-0.0027611495738856,0.0954198068708196,0.8960059012942981,0.004042027461593181,0.009544375649791634
1663,2021-09-08,421.4156438263088,422.1446546206983,419.51831615140816,421.434326171875,56181900.0,-0.0012191361131727,0.0081224885580666,-0.0014404272742315,0.0065414696803234,0.0184207636508682,0.0024329885059495,0.0042157324598281,0.0050263228189852,0.0062319044894768,4.4332349403524805e-05,0.087289898686897,0.9634898900007176,0.006651453420455728,0.009639947017690428
1664,2021-09-09,421.23805907529504,422.985813884058,419.3874800599,419.6304931640625,57970400.0,-0.0042894096437611,0.0093101045511923,-0.0062613141610555,0.0001557160956168,0.0116493189680405,0.0029312307335917,0.0044501265467213,0.0051423624140043,0.0085750055889079,-0.0038162883827769,0.031834096034488,0.9824219372271116,0.006459754869935655,0.009882304068476844
1665,2021-09-10,421.55586791625456,421.9764346465892,416.2004233686548,416.3219299316406,89948200.0,-0.0079157148584216,0.0090046827738138,-0.0172488804464124,-0.0018390886552176,0.0007411463438852,0.0029969468071123,0.004778402822379,0.005442984561067,0.0138739058950913,-0.0124157635629299,0.5516228972027104,1.4611568175091514,0.007006254321950165,0.00975103865196468
1666,2021-09-13,419.3127250750678,419.5744205265016,415.07882068151736,417.3873596191406,83738600.0,0.0025558795634125,0.0089952732125959,-0.014450093239132,-0.0081844765250069,0.0014790544651805,0.0038776285692697,0.0037481524238381,0.0054581716751664,0.0107708097559217,-0.0045917172095898,-0.0690352891997838,1.3130730334995244,0.009376747288481339,0.009825565205840877
1667,2021-09-14,418.8267230433788,419.03234294728094,414.2470381175579,415.1349487304688,78197100.0,-0.0054110655339616,0.0109246005483732,-0.0162794465859044,-0.0179835707363932,-0.0062840516691674,0.0040420274615931,0.0035090413034773,0.0055626743508555,0.0115271066537689,-0.0088145624665111,-0.0661761720401343,1.221908920656574,0.009545718121868834,0.009780921973609275
1668,2021-09-15,415.55554197274927,419.0978006931455,414.45268447355176,418.6024475097656,78792200.0,0.0083180118529758,0.0104136826978397,-0.0067422986197559,-0.0081827258939875,0.0086107811949559,0.0066514534204557,0.0047546006570801,0.0056760137371542,0.0110967249408768,0.0073321258634932,0.0076102566463462,1.2447077897433034,0.010008918371599231,0.009598251967176546
1669,2021-09-16,418.079031680648,419.0510271190857,414.99473310868217,417.9388427734375,77786700.0,-0.0015865442225842,0.0108262980150603,-0.004039433198579,-0.0103007473596346,0.0180294398622653,0.0064597548699356,0.00473492768775,0.0050313876992201,0.0097054726559656,-0.0003353167621129,-0.0127614154700592,1.2401523161054218,0.012378319251317505,0.010402802559583745
1670,2021-09-17,417.16807262421446,417.5899866501967,413.51131271479295,413.86761474609375,118425000.0,-0.0097889611231531,0.0116235527554302,-0.0059126794633105,-0.023161559909723,0.006693608387213,0.0070062543219501,0.0052188558178437,0.005565051419953,0.0098550207604574,-0.0079115783174849,0.522432498100575,1.850270791055798,0.011401657359486216,0.010299394052833153
1671,2021-09-20,407.7543679302111,409.3295710757895,402.1098470708217,406.9667663574219,166445500.0,-0.0168146245757561,0.0111194750353537,-0.0252831836024791,-0.0397332768416112,-0.018046683143513,0.0093767472884813,0.0068602976677813,0.0064656893343905,0.017740328208095,-0.0019315588862656,0.4054929280135106,2.4218714362551514,0.0066126999697960565,0.00946465821361472
1672,2021-09-21,409.3013817803459,410.59530867420943,406.0572077545702,406.582275390625,92526100.0,-0.0009452189743776,0.0117121277114959,-0.0208173370428951,-0.0370967836287996,-0.0277499524575337,0.0095457181218688,0.0069273542073738,0.0060535712448817,0.0111615808025061,-0.0066432866116736,-0.444105728301456,1.3105004217912843,0.012898010424661875,0.009544083814680714
1673,2021-09-22,408.851302198654,412.58305938264414,406.69477650086463,410.5484008789063,102350100.0,0.0097075210841703,0.0113189945260869,-0.0194278278117006,-0.0261701264314566,-0.0196286567511333,0.0100089183715992,0.0081224885580665,0.0065181019635923,0.0143424815909008,0.0041508946434214,0.1061754467117925,1.3871601545648635,0.011851275811393221,0.00938202843147126
1674,2021-09-23,412.4143425807416,417.1399803704705,412.1799363417636,415.53662109375,76396000.0,0.0120769187444212,0.0109312310273502,-0.0057643648446952,-0.0098037980432743,-0.0096480819476576,0.0123783192513175,0.0093101045511922,0.0071203734874609,0.0119364787046959,0.0075707321269921,-0.2535815793047589,1.010833620842787,0.009645481994017715,0.009060724070962591
1675,2021-09-24,413.9052257509271,416.9337651199925,413.6895616772255,416.2211608886719,62094800.0,0.0016460079227504,0.0108920300454896,0.0056706042012082,-0.0002420752621023,-0.0020811639173201,0.0114016573594862,0.0090046827738138,0.007016463838334,0.0077944221669082,0.0055953271272259,-0.1871982826325985,0.8192954564151423,0.01244256797266462,0.00907301340104724
1676,2021-09-27,415.1896841659372,416.3523298980062,414.33644206403306,415.0303039550781,61371100.0,-0.0028652166008732,0.0110468466504603,0.0196200121760911,-0.005663171426388,-0.0138476479513951,0.006612699969796,0.0089952732125959,0.0067081652124153,0.0048572063648425,-0.0003838732438144,-0.0116547601409457,0.8183109561899474,0.012941896662963122,0.00907346701173665
1677,2021-09-28,412.2642780676356,412.59245249230736,405.9353102459773,406.6666564941406,130436300.0,-0.0203577150984702,0.0089614874507482,0.0002075160519985,-0.0206098209908966,-0.03859339172729,0.0128980104246618,0.0109246005483732,0.0078983251776269,0.0163700223266915,-0.013577750659679,1.125370084616375,1.6489794153643376,0.01192541938468956,0.007493489706791072
1678,2021-09-29,408.0449990691309,409.7796109272895,406.78858508585967,407.3511657714844,82329200.0,0.0016818045501294,0.0090219884606405,-0.0078182004820423,-0.027246028293743,-0.0354287541877307,0.0118512758113932,0.0104136826978397,0.007939341108733,0.007342622515306,-0.0017003842694539,-0.3688168094311169,1.025874774524664,0.012077123568518802,0.007652032858559282
1679,2021-09-30,408.8232109595568,409.52642965582174,402.0348156347722,402.3723754882813,140506000.0,-0.0122976615488595,0.0092247992593409,-0.032192780775323,-0.0379571456200183,-0.0482578929796531,0.0096454819940177,0.0108262980150602,0.0082554550976242,0.0186186092222619,-0.0157790343071142,0.7066362845746101,1.6560919008070425,0.010127109081975501,0.007009041949730711
1680,2021-10-01,404.0976889255961,408.8326843876151,400.58159468725086,407.1543273925781,129240100.0,0.0118143293076647,0.0088693474321319,-0.0220244593904087,-0.0163538551892005,-0.0395154150989237,0.0124425679726646,0.0116235527554301,0.0087761883421756,0.0202652634277629,0.0075641077658942,-0.0801809175408879,1.4492234230610583,0.009440475303466027,0.006718132646185835
1681,2021-10-04,405.9916262485337,406.89173823936943,399.7657824946463,401.9035949707031,128570000.0,-0.012980050000268,0.0069810081502136,-0.0321392927898035,-0.0125192806137124,-0.0522525574553238,0.0129418966629631,0.0111194750353537,0.0090999935277778,0.0177305100872326,-0.0100692502345553,-0.0051849232552435,1.3787839076604065,0.007336482369505684,0.00561432919278786
1682,2021-10-05,403.4038264696727,408.3263583984505,402.6068680010138,406.08544921875,90682500.0,0.0103513571594433,0.0067692301023269,-0.00143022053189,-0.0012227044798915,-0.0383194881086913,0.0119254193846895,0.0117121277114958,0.0095443756497916,0.014084450473269,0.0066474896198806,-0.2946838298203313,0.952553372453332,0.006189106129181078,0.005383615431655667
1683,2021-10-06,402.49420829771526,407.9793193826561,400.8721356232664,407.7730407714844,113032200.0,0.0041471434953422,0.0067689506428378,0.0010351184133227,-0.0067830820687196,-0.0329532085001764,0.0120771235685188,0.0113189945260868,0.0096399470176904,0.0174292634597503,0.0131153004563595,0.2464610040526011,1.1528968148874708,0.006105807055028158,0.005418569417752994
1684,2021-10-07,411.0454355366307,414.13020116989895,410.86728449835147,411.298583984375,72437500.0,0.0086086854417029,0.0065729889892984,0.0219414654038851,-0.0102513153714379,-0.0200551134147124,0.0101271090819755,0.0109312310273501,0.0098823040684768,0.0079332066741845,0.0006158648797883,-0.3591427929386493,0.7334309655034574,0.009194388457163605,0.005286528683352974
1685,2021-10-08,412.06737716353257,412.4518067836504,409.92020825664594,410.5484008789063,74557400.0,-0.0018256033729834,0.0065084260872857,0.008301532723237,-0.0137229266671717,-0.0139650019292742,0.009440475303466,0.0108920300454896,0.0097510386519646,0.0061663826276872,-0.003686232807562,0.029265228645384,0.7608230236994024,0.009244472953640772,0.005156775302522196
1686,2021-10-11,409.89216791478833,412.7988112757424,407.5105922896659,407.57623291015625,65233300.0,-0.0072658392661637,0.0053198774931527,0.0140157434573413,-0.0181235493324622,-0.0237867207588504,0.0073364823695056,0.0110468466504603,0.0098255652058408,0.0129747972503642,-0.005650107969649,-0.1250593502455825,0.672020132181311,0.007119798277331333,0.004559120342337363
1687,2021-10-12,408.4950853785661,408.89825725037673,405.7853354665387,406.5729370117188,71181200.0,-0.0024646500749007,0.0049077633629907,0.0011997362229973,-0.0002304843088927,-0.0208403052997895,0.006189106129181,0.0089614874507482,0.0097809219736092,0.0076564903869838,-0.0047054381696317,0.0911788917623361,0.7359537864380417,0.005478344851661231,0.004623699237548388
1688,2021-10-13,407.5949901170963,408.85140428938456,404.6227346402631,408.0356750488281,72974000.0,0.0035912696908845,0.0057526127044704,0.0006438624185396,0.0016789808318623,-0.0255670474618808,0.0061058070550281,0.0090219884606405,0.0095982519671765,0.0103634802241628,0.0010811833864916,0.0251864256292391,0.7567660059888778,0.0054183120363024305,0.005327276171190241
1689,2021-10-14,411.69235787459854,415.0490712799511,411.2235453911505,414.8990478515625,70236800.0,0.0166806230228442,0.0043016197626354,0.0087157999996809,0.030657265403566,-0.0072998802164523,0.0091943884571636,0.0092247992593408,0.0104028025595837,0.0092203776041666,0.0077890442113591,-0.0375092498698166,0.7312429181690546,0.0024985198862445637,0.0042996332182707086
1690,2021-10-15,417.00867206884914,418.424494816852,416.3898362044381,418.0588073730469,66260200.0,0.0075868776749063,0.0040695710680984,0.0181282810475706,0.0264298137708076,0.0100759585816069,0.0092444729536407,0.0088693474321319,0.0102993940528331,0.004866919621187,0.0025182577114951,-0.0566170440566768,0.709097410865863,0.0031223368387714545,0.004295262941192556
1691,2021-10-18,416.2773855665458,419.6340705825797,415.6210366001597,419.2965393066406,62213200.0,0.0029562905162001,0.0040883583802744,0.0283504108299344,0.0423661542872757,0.0298468736735631,0.0071197982773313,0.0069810081502135,0.0094646582136147,0.0095708731320702,0.0072527450319835,-0.061077388839756,0.7051140523668444,0.0032512986638725374,0.004315371048125847
1692,2021-10-19,420.9186254165008,422.59695355572194,420.3091462784129,422.5313415527344,46996800.0,0.0076852245951175,0.0037564765925315,0.0385002854999526,0.0397000217229499,0.0384773172430583,0.0054783448516612,0.0067692301023268,0.0095440838146807,0.0054145268109619,0.0038314202291186,-0.2445847505031086,0.5467609276884451,0.0025047269879120747,0.0041434939151811625
1693,2021-10-20,422.99085044016186,424.4910564453274,422.8783399972331,424.1910095214844,49571600.0,0.0039202227085312,0.0039089160638319,0.0388292385175993,0.0394731009361389,0.0326900188674192,0.0054183120363024,0.0067689506428377,0.0093820284314712,0.0038018638111013,0.0028373168830333,0.0547867088823068,0.5949828850421426,0.003698232089222986,0.004233183388159863
1694,2021-10-21,423.5908483463569,425.5223536137635,423.1595488456662,425.2973327636719,41305400.0,0.0026046828722502,0.0039600547807474,0.0247532983670053,0.0334690983666862,0.0232177829952482,0.0024985198862445,0.0065729889892983,0.0090607240709625,0.0055556538592501,0.004028614933436,-0.1667527374545102,0.5064326934724578,0.0054974619162158605,0.004245565274465871
1695,2021-10-22,424.8660443425605,426.3099949344086,422.9157682107572,424.8566589355469,58845100.0,-0.001036691874401,0.0037116124031115,0.016129728817698,0.0342580098652686,0.0205350831980968,0.0031223368387714,0.0065084260872856,0.0090730134010472,0.0079891103323069,-2.2090273248673864e-05,0.424634551414585,0.7229217019202756,0.005228097581325365,0.004274806722447056
1696,2021-10-25,425.9442973142117,427.4632452839596,424.1722008875209,427.1350708007813,45214500.0,0.0053484493265539,0.0037141185044586,0.0185218876280518,0.0468722984579862,0.0287487491255238,0.0032512986638725,0.0053198774931526,0.0090734670117366,0.0077049266646936,0.0027956084729341,-0.2316352593503962,0.5610354435253542,0.005013859441455523,0.004299052373571756
1697,2021-10-26,428.6821446267776,429.8916602272119,427.144425952367,427.51947021484375,56075100.0,0.000899543433131,0.0041754355987206,0.0117362064660653,0.0502364919660179,0.050006007657125,0.002504726987912,0.0049077633629906,0.007493489706791,0.0064259863380358,-0.0027122062966865,0.2402017052051885,0.729450176365323,0.005043800363293426,0.004298007685869985
1698,2021-10-27,427.9789668380812,428.6446726137015,425.5504927707311,425.6255187988281,72438000.0,-0.0044399358882661,0.0049341576125609,0.003376047869268,0.0422052863868673,0.0438842672187295,0.0036982320892229,0.0057526127044703,0.0076520328585592,0.0072697235158798,-0.0054989806079499,0.2918033137702831,0.9484076974757768,0.0032570038048002755,0.004084930207296416
1699,2021-10-28,427.050677407055,429.80729721502064,427.0413206145411,429.7322998046875,51437900.0,0.0096025604101455,0.0041840464580592,0.0103739254071633,0.0351272237741686,0.0657844891777345,0.0054974619162158,0.0043016197626353,0.0070090419497307,0.0064365108271746,0.0062794008755931,-0.2899044700295425,0.7151588443206367,0.0018394435290700123,0.006447596720865842
1700,2021-10-29,427.43510150597126,430.8949400235168,427.1444400469076,430.6042785644531,70162400.0,0.002027064942416,0.0046424919074676,0.0134376822239803,0.0295674110416783,0.0559972248124858,0.0052280975813253,0.0040695710680983,0.0067181326461858,0.00870985302123,0.0074144052449505,0.3640214705499252,1.017270165665392,0.0016077261566350316,0.006987899907289943
1701,2021-11-01,431.5887947913139,431.9638676988326,429.6198050970678,431.3450317382813,48433600.0,0.0017187863539926,0.0046632582575208,0.009808019251419,0.0283299068794708,0.0706960611667465,0.0050138594414555,0.0040883583802742,0.0056143291927878,0.0054343099590562,-0.0005648039429532,-0.3096929409484282,0.7455402328982004,0.0019292743975399965,0.008312466689352933
1702,2021-11-02,431.5137860979751,433.398421537022,431.3825048609663,433.0889892578125,48908400.0,0.0040349172828045,0.0046583873420525,0.0129433931010925,0.0246795995671578,0.0643796212901077,0.0050438003632934,0.0037564765925314,0.0053836154316556,0.0046547400789624,0.0036504121318611,0.0098031118892669,0.7778581656228882,0.003708659174458526,0.008568248869238225
1703,2021-11-03,432.5264031559585,436.1362651463071,432.08571825925554,435.7330932617188,52509800.0,0.006086659674527,0.0045205883040117,0.0234699886638856,0.0268460365331536,0.0663191374692925,0.0032570038048002,0.0039089160638318,0.0054185694177529,0.0092959358600257,0.0074138597837321,0.0736356126963875,0.8773624422949456,0.005241925780123556,0.009198141293093536
1704,2021-11-04,436.3331630823048,437.8708818410705,435.9862464051318,437.7864990234375,52847100.0,0.0047014619069395,0.0044103953940145,0.0185688901606796,0.0289428155678429,0.062411913934529,0.00183944352907,0.0039600547807473,0.0052865286833529,0.0043049190419136,0.0033307941364488,0.0064235628396984,0.89769015131453,0.004470156753663142,0.00926627970895392
1705,2021-11-05,440.0086386395661,441.29318025230174,437.795857475972,439.305419921875,66390600.0,0.0034635421534701,0.0043440722910236,0.0200053673717337,0.033443049595714,0.0677010594609826,0.001607726156635,0.0037116124031113,0.0051567753025221,0.007961028063236,-0.0015981929806317,0.2562770710218724,1.135624575042656,0.0057470534875031076,0.00967620942467777
1706,2021-11-08,440.4024705143944,440.89941061596096,438.9960330253521,439.6804809570313,50405200.0,0.0008533949351037,0.0044256095238165,0.0191399759528448,0.0289479952042638,0.07582029366225,0.0019292743975399,0.0037141185044584,0.0045591203423373,0.004329001793452,-0.0016393858020818,-0.2407780619545537,0.8732657436472356,0.005720596159244728,0.010807821721713306
1707,2021-11-09,440.0461676231419,440.2805738708811,436.8207353651275,438.2271728515625,51149100.0,-0.0033108480754805,0.0043155022381449,0.0117942105945598,0.0247376036956523,0.0749740956616702,0.0037086591744585,0.0041754355987205,0.0046236992375483,0.0078950798126922,-0.0041336452977297,0.0147583979430694,0.901802473045064,0.005794436449915375,0.010795846223317015
1708,2021-11-10,436.53942763125457,438.2271697715408,433.220255788708,434.7016906738281,69429700.0,-0.008077408121609,0.0032354606489776,-0.0023698572015761,0.0211001314623094,0.0633054178491767,0.0052419257801235,0.0049341576125608,0.0053272761711902,0.0115180458007227,-0.0042097845947119,0.3573982728923872,1.2279417649240978,0.0038547529381133695,0.01074689949359628
1709,2021-11-11,436.1925897370025,436.2676157731652,434.82366502454624,434.8424072265625,34848500.0,0.0003236559348802,0.0082165440244945,-0.0067476631736354,0.0118212269870441,0.0469484507612126,0.0044701567536631,0.004184046458059,0.0042996332182707,0.0033206300135915,-0.0030953815865007,-0.4980750312906437,0.6362453445740908,0.0037763733978254757,0.010936895557112953
1710,2021-11-12,436.1081354103615,438.6772187538003,435.1611250038921,438.1240234375,53466700.0,0.007518345616907,0.0088647906779024,-0.0026928597101985,0.0173125076615351,0.0468799187032134,0.0057470534875031,0.0046424919074675,0.0042952629411925,0.0080253388579815,0.0046224499463684,0.5342611590168873,0.9877017355675946,0.00291277684415157,0.011017590272284994
1711,2021-11-15,439.40862530276064,439.56800554034606,437.1489454567353,438.2740783691406,46980500.0,0.0003424355502314,0.0106997405912822,-0.0032038190950708,0.0159361568577739,0.0442660637372447,0.0057205961592447,0.0046632582575207,0.0043153710481258,0.0055195143929394,-0.0025819860337022,-0.1213128919495686,0.8802659881433293,0.0033221251530232846,0.011121793190707809
1712,2021-11-16,438.0114907479462,441.1431546549703,437.9364933419403,440.0086364746094,48857500.0,0.0039498906930869,0.0107438594720725,0.0040569196734965,0.0158511302680563,0.0405307298352141,0.0057944364499153,0.0046583873420523,0.0041434939151811,0.0072877235745236,0.0045595738213462,0.03995274635221,0.913842039202762,0.0027035432277904797,0.011649265677968191
1713,2021-11-17,439.7461937448289,439.9243448118025,438.3210138230887,438.9398498535156,47858300.0,-0.0024319676624824,0.0123690879207649,0.0097023601326231,0.0073325029310469,0.0341785394642005,0.0038547529381133,0.0045205883040116,0.0042331833881598,0.003652735082606,-0.001833657466018,-0.0204513124904057,0.8965893735210481,0.002737502457854863,0.011811429603082818
1714,2021-11-18,439.971177803996,440.6931674194312,437.2520708292828,440.4306335449219,50625600.0,0.003390573478914,0.0123415008405724,0.0127692776766569,0.0060216145030214,0.0349644300708643,0.0037763733978254,0.0044103953940144,0.0042455652744658,0.0078130273601811,0.0010442859989582,0.0578227810014146,0.9402241802178064,0.010263695221803587,0.012005824958947928
1715,2021-11-19,440.31809847431913,441.5651558500262,439.2773483740664,439.6430358886719,57315600.0,-0.0017898453137807,0.0132652479388121,0.0034610867459692,0.0007682270357706,0.0342112766314845,0.0029127768441515,0.0043440722910235,0.004274806722447,0.0052037841821726,-0.0015331247749895,0.132146581966436,1.065985613483038,0.012819073638693232,0.012204438177859045
1716,2021-11-22,441.518225650883,444.0029260411322,438.1990253218852,438.4053039550781,72762000.0,-0.0028192815754107,0.0150632717907967,0.0002993696203271,-0.0029044494747437,0.0260435457295199,0.0033221251530232,0.0044256095238163,0.0042990523735717,0.0132386644661618,-0.007050494215082,0.2694973096329796,1.3194649459208327,0.015140463752777052,0.012907428798082942
1717,2021-11-23,438.0771054886185,439.8398448730952,435.47989482517465,438.9866027832031,73206500.0,0.001325061033077,0.0150804601191353,-0.0023254600396827,0.0017314596338137,0.0264690633294659,0.0027035432277904,0.0043155022381448,0.0042980076858699,0.0099318521801763,0.0020761123628458,0.0061089579725681,1.3072204122557105,0.014821114888479005,0.013107401371104688
1718,2021-11-24,436.98951426235885,440.2805872370219,436.1737850737096,440.15869140625,61858800.0,0.0026664291448541,0.015209669771732,0.0027729367676537,0.0124752969002768,0.0335754283625861,0.0027375024578548,0.0032354606489774,0.0040849302072964,0.0093302762015026,0.0072522956282846,-0.1550094595425269,1.115121693215166,0.017778413453802634,0.01316724547180441
1719,2021-11-26,433.50155816840993,434.9642509437394,429.2166048622244,430.3417663574219,112669600.0,-0.0225556256968587,0.0133386647623451,-0.0231732624081189,-0.010403984731462,0.0014172422555819,0.0102636952218035,0.0082165440244944,0.0064475967208658,0.0133560033695201,-0.0072889975859337,0.8213997038416523,1.924848304689859,0.01530787708510669,0.012341627388873285
1720,2021-11-29,435.12360436955294,437.45828126856935,432.9295654860119,435.62054443359375,86268800.0,0.0121918549970994,0.0133088782430018,-0.0091915620972388,-0.0057304753512696,0.0115820323102654,0.0128190736386932,0.0088647906779024,0.0069878999072899,0.0103960105656766,0.0011420664359517,-0.2343205265661722,1.4538151128264356,0.015208842895978347,0.012124274092683428
1721,2021-11-30,433.1827469437874,435.0861245357968,426.9006480424914,427.1444396972656,148559600.0,-0.0196493311770391,0.0116841330118625,-0.0260216116988672,-0.0257222420785401,-0.0097860852207663,0.015140463752777,0.0106997405912821,0.0083124666893529,0.0191632518946208,-0.013939399223823,0.7220547868986238,2.308765772859325,0.014476805195065808,0.011061336131678392
1722,2021-12-01,432.8451797070104,435.686182056288,422.2031311937479,422.4000244140625,131939200.0,-0.0111694321089379,0.0114628946584817,-0.0385161048408821,-0.0408415648805649,-0.0249904346125087,0.014821114888479,0.0107438594720725,0.0085682488692382,0.0319200996288844,-0.0241313887335378,-0.1118769840521918,1.926191834774543,0.011513203081733613,0.010666382939190382
1723,2021-12-02,422.6157769864965,430.4355669860337,422.2219618493188,428.8697204589844,127637800.0,0.0152004007030441,0.0114607510766534,-0.0259821332826921,-0.0232091965150384,-0.0158766935839916,0.0177784134538026,0.0123690879207648,0.0091981412930935,0.0191517487593307,0.0147981779503885,-0.0326013800295893,1.766519382673598,0.01236893537370758,0.01032541484640765
1724,2021-12-03,430.5292213858788,431.58871344638754,420.9185665300391,425.1378784179688,137331600.0,-0.0087396547748623,0.0116787718248123,-0.0121661623606957,-0.0353394247688147,-0.0293178102657934,0.0153078770851066,0.0123415008405724,0.0092662797089539,0.0250980857223412,-0.0125225947510722,0.0759477208162471,1.795699315594564,0.010215304740724738,0.01003238246336993
1725,2021-12-06,427.6788574056175,432.0481929467621,425.2691545047344,430.1729431152344,98977500.0,0.0117737850021333,0.0116997729519513,-0.0125842323556618,-0.0217757944529007,-0.0210075674171302,0.0152088428959783,0.013265247938812,0.0096762094246777,0.0157588675683205,0.0058316787618318,-0.2792809520896866,1.2671973931280909,0.01206716676772013,0.009824568254696879
1726,2021-12-07,435.4424103932935,439.633595102183,430.0416814760553,439.0710144042969,95484700.0,0.0204738428908739,0.0111507991486812,0.0275389417122511,0.0015173300133838,-0.0013871194613599,0.0144768051950658,0.0150632717907966,0.0108078217217133,0.0218459276778754,0.0083331433144648,-0.035288828269051,1.1881913924325342,0.007829277446873398,0.009960321088569415
1727,2021-12-08,439.4648423539088,440.68374339000826,437.7114595944113,440.2336730957031,72238800.0,0.0026444971475963,0.0116283644785427,0.0413528709687853,0.0028367661279031,0.0045682257617168,0.0115132030817336,0.0150804601191353,0.010795846223317,0.0067516048345325,0.0017494704187853,-0.2434515686806367,0.8872816127421849,0.01117850278641805,0.009945994003387129
1728,2021-12-09,438.9492189926391,440.33691454965947,437.064611852568,437.2615051269531,61272600.0,-0.0067742351380024,0.0115168735403172,0.0193782351277388,-0.0066038981549533,0.0058713987453234,0.0123689353737075,0.0152096697717319,0.0107468994935962,0.0074836285808909,-0.0038448954746044,-0.1518048472565989,0.7563770545653449,0.011548281445104438,0.00986461675005131
1729,2021-12-10,439.9617996675269,441.52761743144606,437.41145846142433,441.3775939941406,77159800.0,0.0093693052853721,0.0119697434491053,0.0374871951879732,0.0253210328272774,0.0149170480958153,0.0102153047407247,0.0133386647623451,0.0109368955571129,0.0093257089304727,0.0032179937614665,0.2592871854629965,0.9282541084162946,0.010969513286313959,0.009624983866746444
1730,2021-12-13,440.86187964178026,441.20879629669554,437.1863772299923,437.4676818847656,87724700.0,-0.0088978982151792,0.0114335805566392,0.0168155119706607,0.0042312796149988,-0.0014991957362709,0.0120671667677201,0.0133088782430017,0.0110175902722849,0.0091947799420822,-0.0076990048669496,0.1369223352056381,1.0340446134755128,0.011197714397035388,0.009626829512950477
1731,2021-12-14,434.204767804998,436.6894683893485,431.5419161774256,434.4579162597656,97264100.0,-0.0069037486354773,0.0109663482508027,-0.0105620795556904,0.0169768621565606,-0.0087453799219796,0.0078292774468733,0.0116841330118624,0.0111217931907078,0.0118482182491644,0.0005830162944716,0.108742463639089,1.1134902193921727,0.014627531192287054,0.009475634474654288
1732,2021-12-15,434.51422720060384,441.49013147147207,432.0013702393154,441.2463684082031,116899300.0,0.0155042935212791,0.0102130532143664,0.0022977168179923,0.0436505877867776,0.0028090229062126,0.011178502786418,0.0114628946584816,0.0116492656779681,0.0215044517338179,0.0154934885584108,0.2018751008851158,1.2881075938804936,0.013366380914959368,0.009384757937997222
1733,2021-12-16,443.0934545318682,443.3747305871484,435.8080899456226,437.3551940917969,116568600.0,-0.0088577119002402,0.0096800566430507,0.0002142400557545,0.0195924751834933,-0.0036167213315452,0.0115482814451044,0.0114607510766534,0.0118114296030828,0.0173009049480675,-0.0129504518321847,-0.0028289305410725,1.2376128404962572,0.012703651920319433,0.009175467340862576
1734,2021-12-17,434.2812071966068,437.2827414785998,430.9974086651927,432.7004699707031,135511600.0,-0.0106999327115768,0.0085888632725587,-0.0198549979411943,0.0176321972467788,-0.017707227522036,0.0109695132863139,0.0116787718248122,0.0120058249589479,0.0145258284878512,-0.0036398932297984,0.1625051686303171,1.3766948660077518,0.01099505151386697,0.009737762001183174
1735,2021-12-20,427.62887521925904,428.4945046145701,424.4862092214544,428.0993347167969,107134800.0,-0.0106904742526757,0.0071507071265633,-0.0216475739786908,-0.0048320620080301,-0.026607856460931,0.0111977143970353,0.0116997729519513,0.012204438177859,0.0093630030884475,0.0011001583962182,-0.2094049513104413,1.061544424926915,0.007139067874968125,0.009723823988342374
1736,2021-12-21,431.51492459596,435.84315849906136,429.35082200169626,435.7020263671875,69806300.0,0.0176033248310802,0.0091140855636923,0.0028594994878666,-0.0077025800678238,-0.0061852500544401,0.014627531192287,0.0111507991486812,0.0129074287980829,0.0149008636739588,0.0097032606117807,-0.3484255349335603,0.6926895646060036,0.006106773093728779,0.009028457999766454
1737,2021-12-22,435.44797367017134,440.1713773813337,435.2503599777173,440.0584716796875,58890200.0,0.0099490243204382,0.0085798207299632,-0.0026957697129742,-0.0003980528949819,0.002438713232921,0.0133663809149593,0.0116283644785426,0.0131074013711046,0.0111826443991249,0.0105879422762186,-0.1563770032217722,0.5885493412347321,0.006736109095757438,0.009436048013309162
1738,2021-12-23,441.05577241344565,444.2925360057626,440.95228510851217,442.7964782714844,56439700.0,0.0062026392221261,0.0083698952169959,0.012364581409392,0.0125788214651465,0.005974923310193,0.0127036519203194,0.0115168735403171,0.0131672454718044,0.0075435353738348,0.0039466796874998,-0.0416113377098397,0.5655905941102807,0.007014500019841592,0.009341871910484143
1739,2021-12-27,444.170258614502,449.1100837845784,444.12322414632985,449.0630493164063,56808600.0,0.0140530520377386,0.0065123111058591,0.0371175661587074,0.017262568217513,0.0425836010447904,0.0109950515138669,0.0119697434491052,0.0123416273888732,0.0111050322350946,0.0110155747869439,0.0065361793205847,0.5856803350945243,0.003517396964853688,0.008580393951985722
1740,2021-12-28,449.4959235413833,450.5215220285828,447.9339942160981,448.6961364746094,47274600.0,-0.000817397066013,0.0074740117302264,0.0469906433453701,0.0253430693666792,0.029574348981678,0.0071390678749681,0.0114335805566391,0.0121242740926834,0.0057667708770903,-0.0017792977085815,-0.167826702295075,0.4973854558422401,0.0034894125117264584,0.00854837976080962
1741,2021-12-29,448.7995905115579,450.2862300149204,447.8022185897107,449.2700500488281,54503000.0,0.0012782522571036,0.0075459886874114,0.0306655707713935,0.0335250702592601,0.0505019324158207,0.0061067730937287,0.0109663482508027,0.0110613361316783,0.0055289940314065,0.0010482619574897,0.1529024042509086,0.6032871807146899,0.009345445106270172,0.008428616512101913
1742,2021-12-30,449.6934008752194,450.7001910745442,447.5669435079559,448.0279846191406,55329000.0,-0.0027684585834412,0.0085291793462271,0.0179480878675141,0.0152523181545398,0.0589029059413174,0.0067361090957574,0.0102130532143663,0.0106663829391903,0.0069934193268123,-0.0037034482890731,0.0151551290754636,0.6395464998182641,0.009433639449119095,0.010723166411730043
1743,2021-12-31,447.5387114670403,448.68660504135966,446.62601892001857,446.89886474609375,65237400.0,-0.0025233804818396,0.0085775076358449,0.0092220681635484,0.0215866495729404,0.0411791247564337,0.0070145000198415,0.0096800566430506,0.0103254148464076,0.0046108555735799,-0.0014297013968894,0.1790814943338936,0.7822901353227606,0.009418989742064923,0.011761179220319171
1744,2022-01-03,448.15975083339737,449.61819265083415,445.8545162929149,449.4864501953125,72668200.0,0.0057733936367525,0.0093639482791357,0.0009424097625623,0.0380599759212697,0.0556921731680485,0.0035173969648536,0.0085888632725587,0.0100323824633699,0.0083732810105484,0.002960326891132,0.1139039875899408,0.906543096638054,0.00806708970836449,0.011799548700055404
1745,2022-01-04,450.9072545217483,451.6223622300133,447.4822951975026,449.3359069824219,71178700.0,-0.000334978793298,0.0094043302725809,0.0014248280352773,0.0484154713806474,0.0435834093726172,0.0034894125117264,0.0071507071265632,0.0098245682546968,0.0092137462601507,-0.0034848575257301,-0.0204972739107339,0.903630055375964,0.010271662839133527,0.012111178176945665
1746,2022-01-05,448.969002462942,449.74056308734737,440.6136354927347,440.7077331542969,104538900.0,-0.0193888113651372,0.008358891049035,-0.0192422355869634,0.01142333518443,0.003720755116606,0.0093454451062701,0.0091140855636922,0.0099603210885694,0.0207097060205594,-0.018400533808182,0.4686823445778021,1.319561646954976,0.005032696941956916,0.012474811082572182
1747,2022-01-06,440.246697215396,443.0035835732876,437.9320153144519,440.2937316894531,86858900.0,-0.0009398429215808,0.0094678779598099,-0.017413619925103,0.000534467942411,0.0001364150474289,0.009433639449119,0.0085798207299631,0.0099459940033871,0.0115186020009313,0.0001068366312674,-0.1691236467955947,1.0863683806014626,0.008493345082049226,0.012572211398942866
1748,2022-01-07,440.3030723284207,441.479221117935,437.1980222953608,438.5529479980469,85111600.0,-0.0039615236838163,0.0100599147253119,-0.0188517631270797,-0.0096296949635313,0.002949126501615,0.0094189897420649,0.0083698952169958,0.0098646167500513,0.0097621024829898,-0.0039748174390852,-0.0201165338267005,1.0488776936215731,0.008396231057863315,0.012567496742203785
1749,2022-01-10,435.36328278709937,438.2236562011222,429.62367048499374,438.00726318359375,119362000.0,-0.0012450596729908,0.0101105028833264,-0.025870216436823,-0.0249278066742607,-0.0076652384567478,0.0080670897083644,0.0065123111058591,0.0096249838667464,0.0196343449960639,0.0060730440554568,0.4024175318053002,1.4336828877752354,0.011454984476252704,0.012775316216581609
1750,2022-01-11,437.743881417485,442.0909238415966,434.7517363219708,441.996826171875,74303100.0,0.0090672085953989,0.0086337949848957,-0.0164680290481261,-0.0150432010128488,0.0102998683538302,0.0102716628391335,0.0074740117302263,0.0096268295129504,0.0166046158819517,0.0097156006855384,-0.377497863641695,0.899722865436015,0.008984031139417674,0.013070161151377081
1751,2022-01-12,443.7280727675989,445.2429675793777,441.2346426828555,443.1917419433594,67605400.0,0.0026998010149021,0.0078807032517866,0.0056205833319131,-0.0136216522550503,0.0199034180042096,0.0050326969419569,0.0075459886874114,0.0094756344746542,0.009044222888599,-0.0012086925690645,-0.0901402498684442,0.8335900589748685,0.006801542192782453,0.013554132801527343
1752,2022-01-13,444.2926187440994,444.9418552591615,436.0595761258511,437.0851745605469,91173100.0,-0.0138744188953975,0.0129035401164846,-0.0073139926419035,-0.0247276125670066,-0.0094752944124669,0.0084933450820492,0.008529179346227,0.0093847579379972,0.0203216207052568,-0.0162222910745762,0.3486067680984064,1.1423026833803618,0.007946557839339898,0.013887504488528343
1753,2022-01-14,433.94241224020107,437.6119903971506,432.7286187563213,437.2638549804688,95890900.0,0.0004087164653297,0.0147588369097188,-0.0029437524927575,-0.0217955156198373,-0.000208866046897,0.0083962310578633,0.0085775076358449,0.0091754673408625,0.0111680203730706,0.0076541095006616,0.0517455258184704,1.2171784420922225,0.009455113928782307,0.013869073580446955
1754,2022-01-18,432.5781593461344,432.7851627070061,428.4098944174529,429.5201721191406,109709100.0,-0.0178680931915088,0.0140843581728633,-0.0195667860112755,-0.0454370024480986,-0.007377026526829,0.0114549844762527,0.0093639482791356,0.0097377620011831,0.0101864093319919,-0.0070692131836153,0.1441033507871967,1.4157625045690687,0.008744895458320811,0.01400499877518094
1755,2022-01-19,431.0632797435182,432.45582165960354,424.7873365975809,425.0602111816406,109357600.0,-0.0104378745803661,0.0139869401567211,-0.0390718691870405,-0.0555398982351667,-0.0071244268545194,0.0089840311394176,0.0094043302725808,0.0097238239883423,0.0180409383430754,-0.013926188668748,-0.0032039274773013,1.4092053825971558,0.009319792184064783,0.013839108031170305
1756,2022-01-20,426.942024252304,431.6372011815895,418.2385229314581,420.3555908203125,122379700.0,-0.0111298343721291,0.015697719925995,-0.0529015045740717,-0.0472809212421586,-0.0358575860577287,0.0068015421927824,0.0083588910490349,0.0090284579997664,0.0318746283925574,-0.0154269972451791,0.1190781436315353,1.5253421106571232,0.009260730896197918,0.014443720607496482
1757,2022-01-21,419.2358518525332,421.5881492656184,412.0754723100945,412.1036987304688,202271200.0,-0.0198259842589748,0.0140958662363786,-0.058853069937649,-0.0661670625795526,-0.0656325946371417,0.0079465578393398,0.0094678779598098,0.0094360480133091,0.0230832117858412,-0.0170122690856437,0.6528166027535613,2.314314862688556,0.014010694255687822,0.013828416366323704
1758,2022-01-24,406.5053054589265,414.36198622480896,395.90115681307793,413.8538818359375,251783900.0,0.0042379554740507,0.0141856838285531,-0.0550238309289281,-0.0579675834216856,-0.0675972783852171,0.0094551139287823,0.0100599147253118,0.0093418719104841,0.0446071191354667,0.0180774427254148,0.2447837358951743,2.591242552981717,0.01580900832637715,0.013968992227703427
1759,2022-01-25,407.4743871661888,413.7409112645625,401.9135523304981,408.8010864257813,167997300.0,-0.0122842726179303,0.0134035316210397,-0.0494400103553495,-0.0690067963666251,-0.093934603040886,0.0087448954583208,0.0101105028833263,0.0085803939519857,0.0289318187421493,0.003255908350017,-0.332771873022858,1.6353813829085102,0.012743622015529062,0.014257244993834062
1760,2022-01-26,414.6818862839636,417.80574473347866,403.5225703047687,407.7755432128906,186391100.0,-0.0025118126452896,0.0136049255746705,-0.041513948420273,-0.0805858176073136,-0.0956290186201626,0.0093197921840647,0.0086337949848956,0.0085483797608096,0.035027050215351,-0.016654556901344,0.1094886644011541,1.699369466443167,0.011226673447490346,0.014716106837806256
1761,2022-01-27,412.3672646800451,415.5005130340549,404.0777686865183,405.7619934082031,149878300.0,-0.0049501192647211,0.0152593208603435,-0.035334233312865,-0.0882357378869368,-0.1018573901419873,0.0092607308961979,0.0078807032517866,0.0084286165121019,0.0281513412618838,-0.0160179331329002,-0.1958934734544728,1.309538111722133,0.018574533346401734,0.015495721741872316
1762,2022-01-28,407.1168047933351,415.88617630742215,402.5439524748477,415.8391418457031,164457400.0,0.024531742653163,0.0151216863204454,0.0090234935992727,-0.0498295763383763,-0.0745571889053831,0.0140106942556878,0.0129035401164846,0.01072316641173,0.0320850600387326,0.0214246549139521,0.0972729207630458,1.3715333853900449,0.015805692891375654,0.014456610996691675
1763,2022-01-31,415.171167102493,423.6770844746201,413.82565957531546,423.3289489746094,152251400.0,0.0178510267515768,0.0137078853821675,0.0226365648767988,-0.0323872660521292,-0.0541827816719667,0.0158090083263771,0.0147588369097187,0.0117611792203191,0.0232713234546487,0.0196492013861417,-0.074219828356766,1.2252806430213683,0.01350857239946595,0.014128079031696756
1764,2022-02-01,424.0534262540882,426.82914917104256,420.5343978995624,426.1893310546875,123155400.0,0.0067341526530747,0.0146763588638841,0.0416549901478038,-0.0077850202075457,-0.0532220226556445,0.012743622015529,0.0140843581728633,0.0117995487000554,0.0147698471378966,0.0050368766489331,-0.1911049750609846,0.9713892465654832,0.013736336476380107,0.014734255030396198
1765,2022-02-02,428.5886700615122,431.05387362428513,426.2834066730469,430.3293762207031,117361000.0,0.009667220045926,0.01419313360362,0.0538340228390194,0.0123200744187463,-0.0432198238164205,0.0112266734474903,0.013986940156721,0.0121111781769456,0.0110856177031976,0.0040614843106821,-0.0470495000625226,0.9091277750151028,0.014801494292054818,0.014502291368774867
1766,2022-02-03,424.30745056905977,426.2080966836343,419.3770152968473,420.2144470214844,118024400.0,-0.0237857375589742,0.013838118594153,0.0349984045447663,-0.0003358287680987,-0.0476167500102575,0.0185745333464017,0.015697719925995,0.0124748110825721,0.0162561792799041,-0.0096463155244765,0.0056526444048703,0.9095161495903322,0.012568763991910373,0.013688913947619017
1767,2022-02-04,419.9792336074007,426.0293363499769,417.6080991681987,422.1903991699219,118454400.0,0.0046912260327093,0.0136740030469234,0.0151578879243126,0.0241813815235853,-0.0419856810559674,0.0158056928913756,0.0140958662363786,0.0125722113989428,0.0199465388088772,0.0052649402293737,0.0036433144332865,0.9018506590022232,0.0153719599503597,0.014973820515666102
1768,2022-02-07,422.95248633834746,424.3450280068108,419.5087195361271,420.8354187011719,84472900.0,-0.0032145673520953,0.0138783977360373,-0.0059077061793594,0.0167288586974393,-0.0412387247242464,0.0135085723994659,0.0141856838285531,0.0125674967422037,0.0114921612007137,-0.0050054502705582,-0.2868741051408812,0.6432894654476241,0.015371502233156522,0.015003608402992114
1769,2022-02-08,420.3367735452306,425.2201456654425,418.91597660458353,424.2980346679688,81012000.0,0.0081942924591679,0.0137759994161994,-0.0044475663732662,0.0372074237745375,-0.0317993725920877,0.0137363364763801,0.0134035316210396,0.0127753162165816,0.0148578794756667,0.0094240175308191,-0.0409705361127651,0.6260757634210761,0.01717401840299302,0.016261774956238637
1770,2022-02-09,428.3251785502613,430.828026712605,428.1275935863995,430.5081176757813,92589900.0,0.0145300598219291,0.0138459146892992,0.0004152734027368,0.0542492962417562,-0.0263365213655575,0.0148014942920548,0.0136049255746705,0.013070161151377,0.0062726648240329,0.0050964529633969,0.1429158643163974,0.7105311746177332,0.014799259227321103,0.015750594427049465
1771,2022-02-10,424.67441942143387,430.6680694415039,420.7790293131962,422.7737731933594,140103700.0,-0.0181289592438174,0.0157800853189026,0.0060720517178936,0.0410704562626599,-0.047165281624277,0.0125687639919103,0.0152593208603434,0.0135541328015273,0.0233908552406463,-0.0044755373555673,0.5131639628080384,1.04605167545465,0.015634329241681948,0.015535960128749004
1772,2022-02-11,422.858462906652,424.92846773085336,413.00703862428105,414.4372253417969,153214600.0,-0.0199157044323252,0.0145733975409984,-0.0185348787471408,-0.0033769908228282,-0.0532065671612047,0.0153719599503597,0.0151216863204453,0.0138875044885283,0.0287653434045177,-0.0199150266662964,0.0935799696938768,1.1180461801016814,0.013562600470886666,0.015078556690187955
1773,2022-02-14,413.9291560964369,415.50989334254666,409.61973040303707,413.0823059082031,123006300.0,-0.0032746553844398,0.0152774759590954,-0.0185949667794853,-0.0245026729588448,-0.0568899390109742,0.0153715022331565,0.0137078853821674,0.0138690735804469,0.0142590540801777,-0.0020458819480608,-0.1971633251661395,0.8888150736472025,0.014029923565170308,0.0160394075087501
1774,2022-02-15,417.5139841588956,419.9133160423361,416.9964614975675,419.7439575195313,88482700.0,0.0159980394079104,0.0155840050401132,-0.0107912198307428,-0.0152387862040091,-0.023023806411555,0.017174018402993,0.014676358863884,0.0140049987751809,0.0069491281351747,0.0053410746591592,-0.2806652992570299,0.6442965403758738,0.009040591837252593,0.016429960085458717
1775,2022-02-16,417.7021805621434,421.5881807733141,415.8297608700527,420.2144470214844,84863600.0,0.0011202686909612,0.0155740763890173,-0.0242010109617107,-0.0237857375589739,-0.0114656631402277,0.0147992592273211,0.01419313360362,0.0138391080311703,0.0137035267208862,0.0060144920861078,-0.0409017808000885,0.6235039405599513,0.014302099639972737,0.016706061851426254
1776,2022-02-17,417.0341941741858,420.18627912524965,410.6359553270565,411.2381286621094,102259100.0,-0.0215927339302079,0.014265545913817,-0.0276647856481012,-0.0215927339302076,-0.0219285626983065,0.0156343292416819,0.013838118594153,0.0144437206074964,0.0232233422257402,-0.0138982980125978,0.2049818767999471,0.7569055657622826,0.017159984461468134,0.01612921876219817
1777,2022-02-18,411.492143665792,412.7435821681036,406.3076988713617,408.5753173828125,132642900.0,-0.0064961624047137,0.0169217329998942,-0.0142452436204897,-0.0327801223676306,-0.0085987408440454,0.0135626004708866,0.0136740030469233,0.0138284163663237,0.0157520119863526,-0.0070884130544871,0.2971256347845814,1.0077707347391391,0.0168570821479084,0.016036831639797425
1778,2022-02-22,406.37352124987865,409.77022506154026,400.6997521061171,404.1905822753906,124391800.0,-0.0107897677500705,0.0167982988191163,-0.0217603559861204,-0.0403553227656058,-0.0236264640681665,0.0140299235651703,0.0138783977360372,0.0139689922277034,0.0224410794144706,-0.0053717549504061,-0.0622053649309537,0.9931440598525308,0.01775993837394447,0.015929744886225485
1779,2022-02-23,407.098048185768,407.66260537056274,396.4562558034865,397.0208129882813,132578000.0,-0.0178978000568483,0.0182635034877598,-0.0556561954508791,-0.066447415281622,-0.0292399915070846,0.0090405918372525,0.0137759994161993,0.014257244993834,0.0282261010014278,-0.0247538283280793,0.065809804183234,1.0736839044879862,0.015801952941369372,0.015633677051272846
1780,2022-02-24,386.7365259239518,403.4284488931798,386.3790008159794,402.99560546875,213942900.0,0.0149369523669929,0.0176746365997619,-0.0418395117748474,-0.0660405227365582,-0.0117912264948021,0.0143020996399727,0.0138459146892991,0.0147161068378062,0.0423067841084001,0.0420417479470129,0.6137134366184436,1.7135015952432353,0.015943299248986836,0.015634699897406932
1781,2022-02-25,404.22823397331,411.97200837339045,402.581625575988,411.8873291015625,121804500.0,0.0218241815513084,0.0161017433771052,0.0015774037066688,-0.0260873819414324,0.0149830743212274,0.0171599844614681,0.0157800853189025,0.0154957217418723,0.0227984260110292,0.0189474521682179,-0.4306681829590979,0.986643183590381,0.012579125614892318,0.014988400994673823
1782,2022-02-28,406.5052626502716,412.3107459178309,405.2538529277807,410.83349609375,145615000.0,-0.0025618254744352,0.0161210695328345,0.0055117406369473,-0.0087335029835424,-0.0121104938063708,0.0168570821479084,0.0145733975409983,0.0144566109966916,0.0171770146717536,0.0106474229023747,0.1954812835322177,1.1885839941735998,0.017547080674357843,0.014994794417155845
1783,2022-03-01,409.3374644946176,411.3416268267393,401.8759540045587,404.576416015625,137785900.0,-0.0153473800155083,0.0175761531515152,0.0009541283715095,-0.0208062276146109,-0.0453089005734559,0.0177599383739444,0.0152774759590953,0.0141280790316967,0.0233965017422444,-0.0116311085399201,-0.0537657521546544,1.131358125858818,0.017076171795716525,0.014548357197706542
1784,2022-03-02,406.8251214742269,413.74088149381066,406.07239780068846,412.0190124511719,117726500.0,0.0182288616063961,0.0180561737186633,0.0370807900347539,-0.0185754054161252,-0.0338141916201345,0.0158019529413693,0.0155840050401132,0.0147342550303961,0.018611965616589,0.0127668885297046,-0.1455838369528377,0.9688099828002932,0.02017030739464678,0.014287104796327992
1785,2022-03-03,414.4465875237106,415.04876074406366,408.1706452434173,409.9678039550781,105501700.0,-0.0049908653348261,0.018413946499864,0.0171529723329349,-0.0246865394419125,-0.0484722770008866,0.0159432992489868,0.0155740763890173,0.0145022913687748,0.0167772089278503,-0.0108066605045366,-0.1038406815797632,0.8724654666366312,0.020170538158264355,0.014762261480280653
1786,2022-03-04,406.2417947777143,407.76607902539786,402.600442693899,406.6369934082031,113978200.0,-0.0081577503081574,0.0183208828716002,-0.0128289595265308,-0.011251555819862,-0.0328442897500698,0.0125791256148923,0.0142655459138169,0.013688913947619,0.0127033113446058,0.0009728162773234,0.0803446769104194,0.9441430110155348,0.02047082597961482,0.014569475967688856
1787,2022-03-07,406.0536235461076,406.7593128666358,394.5838174926232,394.6496887207031,137896600.0,-0.0299223719616035,0.0143468307709559,-0.0401895060136991,-0.0346777653767518,-0.0674578877443826,0.0175470806743578,0.0169217329998941,0.0149738205156661,0.0308513999174323,-0.0280848000463897,0.2098506556516948,1.1331473578197806,0.01572583657765812,0.012448524928450605
1788,2022-03-08,394.8284856869652,401.9700585274636,390.59434954887394,391.6575927734375,164772700.0,-0.0076105371515436,0.0135746698539345,-0.0324526631497344,-0.0314985347782249,-0.0718538575438309,0.0170761717957165,0.0167982988191163,0.0150036084029921,0.0290450362471848,-0.0080310641923686,0.1949003818803363,1.3107529860964773,0.018029511407275836,0.012756500976729791
1789,2022-03-09,400.0222969242245,404.134108148982,397.83935806469975,402.1581726074219,116990800.0,0.0264575051750357,0.0133457157849659,-0.0242240195810948,0.012856770453659,-0.0535906448279631,0.0201703073946467,0.0182635034877598,0.0162617749562386,0.0156524236309057,0.0053393915779698,-0.289986751446083,0.9175218655988278,0.016731717886978532,0.011987889527663852
1790,2022-03-10,397.5571135281268,401.2361105228519,395.6000145047704,400.3422546386719,93972700.0,-0.0045256575735063,0.013373339491588,-0.023758811819775,-0.0066058394868401,-0.0726463622233985,0.0201705381582643,0.0176746365997618,0.0157505944270494,0.0140781942270079,0.0070056377203976,-0.1967513684836757,0.7365987672809046,0.016334915403923386,0.011889749452472924
1791,2022-03-11,402.82621713239433,403.4378087082755,394.743726780533,395.2518310546875,95636300.0,-0.0127967091280613,0.0116694239327494,-0.0283977706396789,-0.0412267301662098,-0.0673141121076424,0.0204708259796148,0.0161017433771052,0.015535960128749,0.0219963103132078,-0.0188031110080836,0.0177030137476097,0.7629350170247031,0.011926676959977569,0.01139525028877721
1792,2022-03-14,396.0234396841189,399.4671781987032,391.2247467020312,392.3632507324219,95729200.0,-0.0073350379904811,0.0104165339755319,-0.0058104366685565,-0.0459999426822557,-0.0547334456657983,0.0157258365776581,0.0161210695328345,0.0150785566901879,0.0210071444797286,-0.0092423543278562,0.0009713884790607,0.7815976747662678,0.009181985164985479,0.01207777955470422
1793,2022-03-15,394.9695806826798,401.6218852812804,393.6993629323293,400.9914855957031,106219100.0,0.0217521234149258,0.0095464112842833,0.0235522238979128,-0.0089004392518216,-0.0297066668664327,0.0180295114072758,0.0175761531515151,0.0160394075087501,0.0197573330944462,0.0152465030411072,0.1095788954676315,0.8732286080402659,0.007889551750267239,0.01129493106468873
1794,2022-03-16,404.49170046381727,409.939601038674,399.7023972745846,409.8831481933594,144954800.0,0.0219319205177125,0.0092166812246917,0.0190266392405896,-0.0051973803405052,-0.0237727857566306,0.0167317178869785,0.0180561737186632,0.0164299600854587,0.0249759079123206,0.0133289452499517,0.3646773508719241,1.1646406246541394,0.010982417188621288,0.010512896633153239
1795,2022-03-17,407.9731146505722,415.0111999511719,407.5967527483876,415.0111999511719,102676900.0,0.0124333930302436,0.0109458631930377,0.0359856898443395,0.0122268780245644,-0.0124596614173482,0.0163349154039233,0.018413946499864,0.0167060618514262,0.0178656556826818,0.0172513458555419,-0.2916626424237072,0.8190969590226956,0.01149442958076549,0.01056950596151951
1796,2022-03-18,413.40286121868064,419.8776045343294,412.6666654946888,419.55670166015625,106345500.0,0.0108931739359358,0.0105638070985381,0.0596755729083366,0.0312778022686576,0.0200262464487954,0.0119266769599775,0.0183208828716001,0.0161292187621981,0.0171870429219874,0.0148858196659175,0.0357295555280692,0.8469823930116814,0.011007701036275833,0.010244422333216527
1797,2022-03-21,419.3868421211315,421.3877829881189,415.9323761926658,419.4340515136719,88349800.0,-0.0002923754448881,0.0107300474220535,0.0667182354539296,0.060907798785373,0.026230033408621,0.0091819851649854,0.0143468307709558,0.0160368316397974,0.0130065901320252,0.0001125676530565,-0.1692191959227236,0.716291003547047,0.010841721872813305,0.01090938812284103
1798,2022-03-22,420.8214082000754,425.276343887646,420.8214082000754,424.3419494628906,74650400.0,0.0116333085885709,0.011241290125226,0.0565994206275747,0.0801516445254875,0.0486531097472624,0.0078895517502672,0.0135746698539344,0.0159297448862254,0.0104984569477739,0.0083658796682259,-0.1550586418984536,0.6176786288683572,0.010944680957715362,0.01056470765436175
1799,2022-03-23,421.8125310374547,423.3037890750717,418.7922244044908,418.8771667480469,79426100.0,-0.0129618959566246,0.0108912450406347,0.0217056041532376,0.0407322433938272,0.0535890138474862,0.0109824171886212,0.0133457157849658,0.0156336770512728,0.0107706149409059,-0.0069589309786227,0.0639742050946814,0.6719705567180981,0.008204634125043901,0.010704446116177395
1800,2022-03-24,420.8969363393452,425.2008538879378,419.7832096061072,425.19140625,64736900.0,0.0149617163627297,0.0098390019437022,0.0242339274857237,0.0602196173300632,0.053613777843223,0.0114944295807654,0.0133733394915879,0.0156346998974069,0.0127416598788103,0.0102031389156808,-0.1849417257047746,0.5845926366336255,0.011211585729420962,0.011653174972526603
1801,2022-03-25,425.8238060374059,427.54160557531713,423.2471067305392,427.2678833007813,77101300.0,0.0048717426934911,0.0096793823927484,0.018212496243279,0.0778880691516156,0.0366613389854056,0.0110077010362758,0.0116694239327493,0.0149884009946738,0.0100510686916169,0.0033912553570303,0.1909946259397654,0.7105893165296693,0.011049027695596016,0.01168635476220667
1802,2022-03-28,426.6732699189053,430.30706787109375,424.7855856636152,430.30706787109375,68529800.0,0.0070878872796644,0.0104119137053756,0.0255927589678315,0.0923109944217611,0.0463110517395053,0.0108417218728133,0.0104165339755318,0.0149947944171558,0.0128314931818237,0.0085165821446445,-0.1111719257651946,0.6548534693001542,0.011293103219732314,0.012858607397641528
1803,2022-03-29,434.18629362949696,436.1211874892994,431.5057851443897,435.63037109375,86581500.0,0.0122950459061898,0.0088088422214197,0.0262544962854504,0.0828539169130251,0.0739534776612034,0.0109446809577153,0.0095464112842833,0.0145483571977065,0.010594767149319,0.0033259397761766,0.2634138725051,0.8480995572091915,0.0101857408838248,0.01236945330508681
1804,2022-03-30,434.4882852945164,435.30000450918726,430.83562083793777,432.9403991699219,79666900.0,-0.0061940387962185,0.010223134814211,0.0330223534458565,0.0547279575990941,0.0495305772585887,0.0082046341250439,0.0092166812246916,0.0142871047963279,0.0103117742761106,-0.0035625497326016,-0.0798623262475239,0.7951910578997875,0.010477290134029645,0.014061063551069166
1805,2022-03-31,432.1758685328461,432.9970065427643,425.8238008960685,426.27685546875,121699900.0,-0.0155110416242192,0.009868446392193,0.0025495954589076,0.0267835229446313,0.0390104009691957,0.0112115857294209,0.0109458631930376,0.0147622614802806,0.016827574743198,-0.0136495660531026,0.5276093333617851,1.2049999717809965,0.009493293283362193,0.0158197140529379
1806,2022-04-01,427.8531604316954,427.9947310191564,423.91735408137134,427.4850769042969,89048800.0,0.0028303492960025,0.0097352603996476,0.000508202061419,0.018720698304698,0.0499985005733556,0.011049027695596,0.010563807098538,0.0145694759676888,0.0095380567839047,-0.0008603033971448,-0.2682919213573717,0.8927260642430573,0.009213260012012772,0.015913642222319977
1807,2022-04-04,427.683210068739,431.2509323439472,426.8620719837448,431.1470947265625,59601000.0,0.0085299390058375,0.0109610161734568,0.0019502537875921,0.0275430127554236,0.0884508115407966,0.0112931032197323,0.0107300474220534,0.0124485249284506,0.0101794965427887,0.0080991831717376,-0.3306928335923673,0.6219157773211573,0.008784854114842974,0.015767918713201948
1808,2022-04-05,429.65584243367965,432.1192567211848,424.5591003737765,425.7011413574219,74214500.0,-0.0127117649857468,0.0103728681476661,-0.0230565571043444,0.0031979391811059,0.0833495837065934,0.0101857408838248,0.0112412901252259,0.0127565009767297,0.017759304857162,-0.0092043460967674,0.2451888391134375,0.8128053379706026,0.008370065543170515,0.017421612983711195
1809,2022-04-06,421.7936733149173,423.7190907497015,418.5657201739074,421.4444274902344,106898000.0,-0.0100496298375422,0.0109427590301175,-0.0269121481456681,0.0061102053001883,0.0468424486940155,0.0104772901340296,0.0108912450406346,0.0119878895276638,0.012227876891108,-0.000828001572281,0.440392376152908,1.1772652069112597,0.010755466436309287,0.018933054222336147
1810,2022-04-07,420.5666429127626,425.38024389891154,418.6223302828864,423.5680541992188,78097200.0,0.0050262717435225,0.0133039226458277,-0.0063748347779264,-0.0038252393190188,0.0563943780110443,0.0094932932833621,0.0098390019437021,0.0118897494524729,0.0159547292318854,0.0071365890211098,-0.2694231884600273,0.8676676607057835,0.010978880565984702,0.018822550318350204
1811,2022-04-08,422.8130169818533,425.3236408416978,420.8970183524694,422.43548583984375,79272700.0,-0.0026774569664724,0.0137435610244544,-0.0118826410404013,-0.0113744389789823,0.0665136301726332,0.0092132600120127,0.0096793823927483,0.0113952502887772,0.0104788130675808,-0.0008929033091376,0.015051756016861,0.8888068916683106,0.011223154681534207,0.01983956676328003
1812,2022-04-11,419.1696987316592,420.0097320215141,414.7147916975716,415.2150268554688,89770500.0,-0.0172402158557137,0.0154413979863861,-0.0376527959019525,-0.0357025421143604,0.0566084523074006,0.0087848541148429,0.0104119137053755,0.0120777795547042,0.0127522849161852,-0.0094345366283789,0.1324264217063377,1.0098818702408583,0.011514125620728665,0.01972998786464644
1813,2022-04-12,418.19758861647455,420.7176599600039,412.1286901933345,413.6766052246094,84363600.0,-0.003712001274485,0.0156644486070325,-0.0286530321906907,-0.0517095892950352,0.0311443276179898,0.0083700655431705,0.0088088422214196,0.0112949310646887,0.0207625223621383,-0.0108106395515621,-0.0602302538138921,0.9608686538008472,0.011197756555596473,0.019883132602002893
1814,2022-04-13,413.4311571589825,419.1697044984065,413.2518248542716,418.4146423339844,74070400.0,0.0113883863857778,0.0176881544306942,-0.0072150159673707,-0.0341271641130389,0.0206007934860551,0.0107554664363092,0.0102231348142109,0.0105128966331532,0.0141435768383342,0.0120539661530287,-0.1220099663836061,0.8791208269506819,0.012377076128481039,0.01951882971162621
1815,2022-04-14,418.6411928370952,419.7549485147844,413.1008437773758,413.2046813964844,97869500.0,-0.0125298413612394,0.0206419432222486,-0.0247711290721326,-0.0311459638500591,-0.0043624409054278,0.0109788805659847,0.0098684463921929,0.0105695059615195,0.0161036528311346,-0.0129860881672156,0.3213037866678188,1.1649090281387016,0.01665992998699185,0.020540302275126952
1816,2022-04-18,412.2796514632989,415.0545494478205,411.14702946006696,413.37451171875,66002500.0,0.000410923299473,0.0209109662518307,-0.0216827488061872,-0.0335653898465886,-0.0148446915418906,0.0112231546815342,0.0097352603996475,0.0102444223332165,0.009452735659745,0.0026556252571892,-0.3256070583787595,0.8049324391523089,0.017292556681364712,0.020510643756165434
1817,2022-04-19,413.2706473332826,420.7647551726943,413.1007626849386,420.0474548339844,77821000.0,0.0160137025000196,0.0198904624497582,0.011571169549546,-0.0260816263524065,0.001461386403017,0.0115141256207286,0.0109610161734567,0.010909388122841,0.0182455396397646,0.0163979889315405,0.1790613991894245,0.9551973168407826,0.015768131069149344,0.020761275830533946
1818,2022-04-20,421.82193478222695,422.4354264021452,418.57511557097627,419.7360229492188,65224400.0,-0.0007416957043847,0.0230333020826555,0.0145414751196463,-0.0141115570710444,-0.0109136178899385,0.0111977565555964,0.010372868147666,0.0105647076543617,0.0091969967315289,-0.0049450056078402,-0.1618663342799501,0.8052412458915806,0.016544018196480104,0.022304713266056972
1819,2022-04-21,423.3509483444846,424.7383973991878,412.55339229515056,413.45947265625,85417300.0,-0.0150664977347968,0.0250810576386812,-0.0119134090009282,-0.019128424968299,-0.0130182196681107,0.012377076128481,0.0109427590301174,0.0107044461161773,0.0294708572662643,-0.023364718390062,0.3095911959328103,1.050651244163778,0.02339461219387915,0.022209716117821757
1820,2022-04-22,412.374123706912,413.4784030168014,401.54825187367607,402.1145629882813,132471800.0,-0.027822468578447,0.0238614303194244,-0.0272060362181358,-0.0519771652902685,-0.0558024046092874,0.0166599299869918,0.0133039226458276,0.0116531749725266,0.0296685378775326,-0.0248792543683523,0.5508778666616716,1.5642679621798752,0.026079788245762226,0.02163165324726989
1821,2022-04-25,399.8776083235588,404.6156854519276,395.31883470061024,404.44580078125,119647700.0,0.0057807062918386,0.0252407125727068,-0.0218362532257702,-0.0435190020319575,-0.0548934410109399,0.0172925566813647,0.0137435610244544,0.0116863547622066,0.0229866418030773,0.0114239766433605,-0.0968062636727212,1.3782161635092258,0.02610636610931646,0.022131986610152244
1822,2022-04-26,401.9162927984164,402.1145203899857,392.7044129382394,392.7327270507813,103996300.0,-0.0293884402018653,0.0241305362308518,-0.0672383959276552,-0.0556672263781091,-0.0913697684924697,0.0157681310691493,0.0154413979863861,0.0128586073976415,0.0239605889797149,-0.0228494487837077,-0.1308123766691712,1.1739483687040193,0.02293986149922879,0.021330094174657113
1823,2022-04-27,393.8087220181219,399.1697677643689,391.7039722839688,393.8370361328125,122030000.0,0.0028079131929181,0.0242591401569058,-0.0636887870303524,-0.049147311910706,-0.1008569012057414,0.0165440181964801,0.0156644486070324,0.0123694533050868,0.0189565601897389,7.189814015673051e-05,0.1734071308306159,1.350498897732605,0.026654272186957758,0.02145377741276495
1824,2022-04-28,398.5750669559005,405.5123117771295,394.1484454415817,403.7850646972656,105449100.0,0.0249455084532332,0.0218403958644199,-0.0236767808423223,-0.0355901898432506,-0.0697173539562897,0.0233946121938791,0.0176881544306941,0.0140610635510691,0.0281433547921535,0.0130715595964299,-0.1358756043595836,1.1505842279033842,0.02942403983466848,0.021135678838703147
1825,2022-04-29,399.8021348013602,401.95409397695,388.1173631500213,388.8630065917969,145491100.0,-0.037655604865042,0.0213919518553031,-0.0335099171289173,-0.0607159533470532,-0.0918619171971125,0.0260797882457622,0.0206419432222486,0.0158197140529379,0.0355825331604598,-0.0273613551738495,0.3797282290697596,1.5671524992979695,0.023988986636021163,0.02026235117060567
1826,2022-05-02,388.929072135393,392.56287045835074,382.2749671742883,391.2037353515625,158312500.0,0.0060013731115641,0.0211818686323602,-0.0332892503091918,-0.0551255035349621,-0.0886908933815509,0.0261063661093164,0.0209109662518307,0.0159136422223199,0.0262980701726097,0.0058485296655263,0.0881249780914434,1.6439331843249276,0.027399687713925463,0.02025981434513046
1827,2022-05-03,391.703889272382,395.4037338921699,390.1465268831045,392.9969482421875,100028200.0,0.0045733599922909,0.0224062680010854,0.0006725498849643,-0.0665658460426908,-0.0926474723950974,0.0229398614992287,0.0198904624497581,0.0157679187132019,0.0133772209493738,0.0033011134308812,-0.3681598105013818,1.0173488924168512,0.02715683037749315,0.0203016292944731
1828,2022-05-04,393.65769528593023,405.53124638806986,390.4769516548114,404.9649353027344,144247900.0,0.02999863730684,0.0224281322891637,0.0278632739988862,-0.0358255130314661,-0.0499370701025106,0.0266542721869577,0.0230333020826554,0.0174216129837111,0.0371743166405371,0.028723533547569,0.4420723356013605,1.4166383130278066,0.016601876999134596,0.019550759252009175
1829,2022-05-05,400.7081751004019,401.1329155913623,386.4467339742489,390.5713195800781,172929100.0,-0.0361898946864817,0.0203030921173261,-0.0332721291408286,-0.056948909983151,-0.0760773349514501,0.0294240398346684,0.0250810576386811,0.0189330542223361,0.0376017922486044,-0.0252973514148641,0.198832703976973,1.644975478865099,0.014052630251948616,0.01815344428777783
1830,2022-05-06,388.01353835630266,391.50573725161655,382.9451102963641,388.2400512695313,151770800.0,-0.00598675201918,0.0204071640164849,-0.0016032762949666,-0.035113193423884,-0.0870903587141527,0.0239889866360211,0.0238614303194243,0.0188225503183502,0.022049829550711,0.0005837757986182,-0.1223524554282651,1.3948327220499126,0.021023696937676212,0.018119328625367633
1831,2022-05-09,382.35045035687074,383.5868812355381,374.23340232624,375.80963134765625,155586100.0,-0.0325411215835616,0.0192232207405261,-0.0401457709900923,-0.0734350212992842,-0.1169540233312418,0.0273996877139254,0.0252407125727068,0.01983956676328,0.024888874922541,-0.0171068688505781,0.025138564203391,1.3814527308726066,0.014430559793191472,0.016506668193247632
1832,2022-05-10,381.7746587518607,383.27536414376215,372.6477223262594,376.6779174804688,132497200.0,0.0023077764396948,0.0193303861948888,-0.0424113545426884,-0.0417388046577241,-0.0974060310358334,0.0271568303774931,0.0241305362308518,0.0197299878646464,0.0282141355367714,-0.0133501298594693,-0.1483995035546235,1.1545457496242746,0.016898974800572942,0.016763861676962453
1833,2022-05-11,375.71524733858433,381.3499860628742,369.9483568889677,370.6940002441406,142361000.0,-0.016013566919886,0.0188191256287921,-0.0884235587694144,-0.0605602847705282,-0.1097075966812343,0.0166018769991345,0.0242591401569057,0.0198831326020028,0.0307575228258277,-0.0133645017869575,0.074445346769592,1.2099231186628692,0.025896103804209043,0.017295175505411646
1834,2022-05-12,367.5038249274551,373.5727232304534,363.5208097766853,370.3070373535156,125090800.0,-0.0010444328851569,0.0196798486156319,-0.0532780969680896,-0.0865502261089183,-0.1221404159521691,0.0140526302519486,0.0218403958644198,0.0195188297116262,0.0271448080641577,0.0076277095255099,-0.1213127190733417,1.040583105468941,0.02602525925037614,0.01859522613174061
1835,2022-05-13,374.4316198234749,380.5382798257655,373.3933876739787,379.1602783203125,104174400.0,0.023626521424746,0.0197527048691828,-0.0236648235241636,-0.0252680998191303,-0.0859840531661837,0.0210236969376762,0.0213919518553031,0.0205403022751269,0.0188439890999101,0.0126288973646695,-0.1672097388457024,0.8643208775825857,0.022222379807236223,0.019567932689728423
1836,2022-05-16,377.5180783730131,381.2840001806902,375.271728942545,377.6218872070313,78622400.0,-0.0040656170359016,0.0198235560825271,0.0048106810234963,-0.035335089966596,-0.0904605935015583,0.0144305597931914,0.0211818686323601,0.0205106437561654,0.0159214056224685,0.0002749771202099,-0.2452809903392772,0.6489221078297838,0.024882371588677555,0.01956757611067796
1837,2022-05-17,383.70016285890136,385.625608984084,379.9719747013643,385.3896484375,83029700.0,0.0203614997567899,0.0191106210453893,0.0228644043405914,-0.019546950202097,-0.0861127962447879,0.0168989748005729,0.0224062680010853,0.0207612758305339,0.0146699173307884,0.0044031401133908,0.0560565436822075,0.6838285212457469,0.02164724599041406,0.019217203052908888
1838,2022-05-18,380.8403413333533,381.12348248197793,368.6175728842904,369.85400390625,117674500.0,-0.0411465526176171,0.0131333588766572,-0.0022685813571396,-0.0906921401265541,-0.1265176531580204,0.025896103804209,0.0224281322891636,0.0223047132660569,0.033813097778056,-0.0288476199465614,0.4172579209608127,0.9486712077044924,0.01093909994008927,0.01850894246031605
1839,2022-05-19,366.795982093924,372.00600991179766,365.3707710345012,367.58880615234375,98510700.0,-0.0061434048778302,0.0145638926985132,-0.0073675533498129,-0.0606456503179026,-0.1175945603010538,0.0260252592503761,0.0203030921173261,0.0222097161178217,0.0180507098318617,0.002161485122857,-0.1628543142312055,0.7900064849680701,0.011758762800799717,0.018535405620341033
1840,2022-05-20,371.1659719805041,374.7336946022532,359.1697448163897,367.749267578125,131432200.0,0.000436428995208,0.0144909457557685,-0.0305576457793509,-0.0542224693035146,-0.0893356627273987,0.0222223798072362,0.0204071640164849,0.0216316532472698,0.0423221775215556,-0.0092053276978702,0.3341921232921905,1.054459985004503,0.012724040682937818,0.01954470880101595
1841,2022-05-23,370.7695124155736,375.3943621595535,368.4571163473613,374.6298522949219,76414900.0,0.018537110108756,0.0138595344564185,-0.0079549186346933,-0.003144237611197,-0.0765792589104814,0.0248823715886775,0.0192232207405261,0.0221319866101522,0.018517600158385,0.0104116971597746,-0.4185983343503342,0.623884508510587,0.014444924198084972,0.018957207287405606
1842,2022-05-24,370.5146932699092,372.9592411216309,365.22917116715337,371.77001953125,91448800.0,-0.0076630419330143,0.014215707337966,-0.0359794603244975,-0.0131150559839061,-0.0548538606416304,0.021647245990414,0.0193303861948888,0.0213300941746571,0.020792612497974,0.0033880606738215,0.1967404262781211,0.7504718515200065,0.01456933680888633,0.019116937858557316
1843,2022-05-25,370.278726265349,377.01777330975807,369.8823286767236,375.0545654296875,91472900.0,0.008796087172214,0.0166526282408651,0.0139631794653335,0.0116945981081938,-0.0488656866623345,0.0109390999400892,0.0188191256287921,0.0214537774127649,0.0190250840563949,0.0128979572024238,0.0002635354427833,0.7602012562162267,0.015410025508773809,0.020395057022289255
1844,2022-05-26,376.2816083941698,384.1815635422074,376.07396194375553,382.5487060546875,82168300.0,0.0197844580530489,0.0177272100380642,0.0398910423962126,0.0325234890463996,-0.0540267370625187,0.0117587628007997,0.0196798486156318,0.0211356788387031,0.0211936453322962,0.0166553387694481,-0.1017197443177159,0.6895443999373129,0.01790677998132988,0.01982158893574324
1845,2022-05-27,385.0026051853853,392.0531062882977,384.8044064245167,391.9398498535156,84768700.0,0.0242524025147284,0.017797234009294,0.063707015915733,0.033149370136382,0.0078812703172516,0.0127240406829378,0.0197527048691828,0.0202623511706056,0.0184944191474538,0.0180186953924375,0.0316472410893251,0.7299651231145059,0.013439387962475376,0.01923874362349679
1846,2022-05-31,390.3259001664865,393.07248421298215,387.0035862482344,389.74072265625,95937000.0,-0.0056266794303064,0.0178905554185088,0.0395432263766706,0.0315883077419772,-0.0037467822246189,0.0144449241980849,0.019823556082527,0.0202598143451304,0.0155716290650502,-0.0014992023588158,0.1317502804690882,0.8489377946465516,0.014025221925367069,0.0192492008010154
1847,2022-06-01,391.8550043373775,392.8648936661983,384.0777245169053,386.5883483886719,86585800.0,-0.0081212766889911,0.0194598888820303,0.0390849916206938,0.0031055312961962,-0.0164414189059009,0.0145693368088863,0.0191106210453892,0.0203016292944731,0.0227300413629086,-0.0134403182054839,-0.0974722995298997,0.7707740766641836,0.014546645547175925,0.019249620205407388
1848,2022-06-02,386.4279236844996,393.99752849345634,384.1815744219799,393.9503479003906,79609600.0,0.0188644531531363,0.0185574985073273,0.0491533576016161,0.0631165370669496,-0.0275756030596046,0.0154100255087738,0.0131333588766571,0.0195507592520091,0.0249167290339806,0.0194665647973015,-0.0805697931993467,0.7296654681034638,0.013869586716971938,0.01881590564570254
1849,2022-06-03,389.2405486758481,390.7884638335638,386.5128594774759,387.4850158691406,71874300.0,-0.016547701478343,0.0190905725916296,0.0128211980702242,0.0527122404664368,-0.0079334098514659,0.0179067799813298,0.0145638926985131,0.0181534442877778,0.0110342443732891,-0.0045101488338756,-0.0971654172361122,0.6907569477250713,0.01678967020171262,0.018635740293851562
1850,2022-06-06,391.4868739358077,393.21409252067,387.4944109852668,388.664794921875,57508900.0,0.0030400830998559,0.0219225113875653,-0.0083911213446482,0.0553158945710847,0.0010934252675699,0.0134393879624753,0.0144909457557685,0.0181193286253676,0.0147162326254759,-0.0072086172023111,-0.1998683813268442,0.5789190706797099,0.01872407594705253,0.018641907808447093
1851,2022-06-07,385.18200495505744,392.8459989582093,384.7195026936411,392.3929443359375,59272400.0,0.0095464843134805,0.0211402277694343,0.0067820423991386,0.0463252687758092,0.043181031164612,0.014025221925367,0.0138595344564184,0.0165066681932476,0.020710097828902,0.0187208625743599,0.0306648188367366,0.62707036852778,0.014303950646797172,0.018872507604665273
1852,2022-06-08,390.6845741806073,392.4684496696644,387.333946070098,388.1267700195313,64350000.0,-0.0109317336201452,0.0220369806205653,0.0039715854679845,0.0430565770886783,0.0299415211047721,0.0145466455471759,0.0142157073379659,0.0167638616769624,0.0132289344517719,-0.0065469801730475,0.0856655036745601,0.7062475137974809,0.021439761684787277,0.01878717019104699
1853,2022-06-09,386.352312221375,388.6175274447086,378.8959655761719,378.8959655761719,86289800.0,-0.0240703428734513,0.0243757822148361,-0.038963210558603,0.010190147043013,0.0218847451512068,0.0138695867169719,0.0166526282408651,0.0172951755054116,0.0256576019587687,-0.0192993452073109,0.340944832944833,0.9771037971650562,0.022709076248063825,0.01823304535709427
1854,2022-06-10,372.7044332589276,373.5538855253832,367.86251789521714,367.9096984863281,132893900.0,-0.0294241467314933,0.0224989988288344,-0.0518396558117534,-0.0390184577415291,-0.0064949686951296,0.0167896702017126,0.0177272100380641,0.0185952261317406,0.0154694688766883,-0.0128647108666627,0.5400881680105876,1.4982070294726295,0.023169191614708724,0.017152112416199034
1855,2022-06-13,358.5184977773577,360.3684205912054,352.33631352731584,353.9408569335937,170004900.0,-0.0387076951423602,0.0195697795997463,-0.0935874340539694,-0.1019785553986177,-0.0688291852622358,0.0187240759470525,0.017797234009294,0.0195679326897284,0.0226933593750001,-0.0127682138359476,0.2792528475723868,1.8480102150712088,0.022141313959410488,0.01473746422380328
1856,2022-06-14,355.6869276147928,356.7157121238985,349.7784664118968,352.874267578125,104011800.0,-0.0030180173798201,0.0195202693437554,-0.1061519357472701,-0.0993698933481314,-0.0677815856061543,0.0143039506467971,0.0178905554185087,0.0195675761106779,0.0196592564247147,-0.0079076845908543,-0.3881835170633316,1.1152531034428408,0.022094581080415326,0.014730209042123021
1857,2022-06-15,356.1683036625761,362.3410401471121,351.2225794060758,357.9049987792969,125666800.0,0.0141557736594785,0.0192686875824659,-0.0810644284676463,-0.0770928429996618,-0.0739873117034656,0.0214397616847872,0.0194598888820302,0.0192172030529088,0.0310653966246851,0.0048760518520651,0.2081975314339335,1.317333720775795,0.021526845729964116,0.014994818004767041
1858,2022-06-16,349.70293778443306,350.1087829653544,343.63401132773026,346.0596923828125,134473300.0,-0.0336563031312553,0.0153904480850783,-0.0906503887254503,-0.1296135992840534,-0.0664970622171038,0.0227090762480638,0.0185574985073272,0.018508942460316,0.0187099849538724,-0.0104181149426498,0.0700781749833687,1.3973465925770057,0.014342985601336868,0.012825927785871981
1859,2022-06-17,346.47397650063243,350.142419392661,343.3079296571313,346.80572509765625,111113900.0,0.0021534716102975,0.0153948754016503,-0.0590727703836595,-0.1109124261954129,-0.0582001857289761,0.0231691916147087,0.0190905725916296,0.018535405620341,0.0197069691787965,0.0009574993203658,-0.1737103201899559,1.1471016697377825,0.015686206685917425,0.013937753073432854
1860,2022-06-21,352.52169557516805,356.9200257502837,352.44584583713896,355.5360717773437,76811900.0,0.0248619586983701,0.0136022227206816,0.0044968834570707,-0.0890905505968987,-0.033774656025814,0.0221413139594104,0.0219225113875653,0.0195447088010159,0.0125843206029083,0.008550895561924,-0.3087102513726906,0.8159855703410551,0.019204727632937114,0.01302846987368561
1861,2022-06-22,351.31777542093766,358.9959259866764,350.9006886988741,354.8914489746094,90059400.0,-0.0018147466442846,0.0140755459603912,0.0057001541926062,-0.1004517815546638,-0.0541265127788546,0.0220945810804153,0.0211402277694343,0.0189572072874056,0.0228104602440885,0.0101721968078325,0.1724667662172136,0.9498321593416816,0.019147785969436226,0.01309106799581079
1862,2022-06-23,357.0243929538025,359.1003099203532,353.4696950419875,358.37042236328125,79292100.0,0.0097551856274571,0.0139775484488294,0.0012995661605848,-0.0797648623070615,-0.0367082852183832,0.0215268457299641,0.0220369806205653,0.0191169378585573,0.0157117176167455,0.0037701328986026,-0.1195577585460262,0.8416680125320188,0.019279095112542326,0.013278635125913619
1863,2022-06-24,361.5363809433128,369.77380119326506,361.507944524138,369.7643127441406,98050300.0,0.031298659281816,0.0103522136778903,0.0662545285736561,-0.0243958601517942,-0.0142057131087812,0.0143429856013368,0.0243757822148361,0.0203950570222892,0.0223543927421861,0.0227582402063097,0.2365708563652622,1.037161526597664,0.011331949297145314,0.011377005173130653
1864,2022-06-27,370.6838633295004,370.97771602411575,367.2618882407592,368.35198974609375,66009600.0,-0.0038268351934918,0.0105988389142867,0.0602742217698668,0.0012014513862072,-0.0378170063553219,0.0156862066859174,0.0224989988288344,0.0198215889357432,0.0100877092748103,-0.0062907340029902,-0.3267781944573347,0.7042585012443291,0.011709256648749429,0.011685158783031963
1865,2022-06-28,369.9065842044397,372.6839810010183,360.711754792998,360.8255004882813,86548900.0,-0.0206445115762057,0.0085045070383039,0.014767751495291,0.0192646349523617,-0.082713920446256,0.0192047276329371,0.0195697795997462,0.0192387436234967,0.0331801000534027,-0.0245496676835021,0.3111562560597247,0.9225168711880408,0.006774227777474409,0.011900618897754829
1866,2022-06-29,361.3752476683845,362.3610628098229,358.71159702593604,360.5315856933594,65676000.0,-0.0008148940845434,0.0085269314684719,0.0157676040550322,0.0214677582476384,-0.077902135100493,0.0191477859694362,0.0195202693437553,0.0192492008010154,0.0101224578614058,-0.0023345870545048,-0.2411688652311006,0.711509364913215,0.00883206812208512,0.012068788518563411
1867,2022-06-30,356.6451313576215,360.8349471944622,353.1567954408799,357.6025390625,112508300.0,-0.008157425673868,0.0100407727279969,-0.0021450072462928,-0.000845441085708,-0.0779382840853699,0.0192790951125423,0.0192686875824658,0.0192496202054073,0.0214711891411944,0.0026844827552642,0.71308088190511,1.2019949935527074,0.006508069538087693,0.012001418434097343
1868,2022-07-01,356.94850998659183,361.8208293565842,354.33224330989844,361.384765625,74839700.0,0.010521079931869,0.0100432226694985,-0.0229225865962398,0.0433319419774162,-0.0862816573066372,0.0113319492971453,0.0153904480850783,0.0188159056457025,0.0207219195688412,0.0124282789094001,-0.3348072986615209,0.8016007658724068,0.009439266912218388,0.012018543071921822
1869,2022-07-05,356.3039239194396,362.0862376429184,353.4791138897527,362.0672607421875,81438000.0,0.0018867742290623,0.0130997880995638,-0.0172089771736857,0.043065244596181,-0.0678471815992319,0.0117092566487494,0.0153948754016503,0.0186357402938515,0.0237721680096739,0.0161753391861352,0.0881657729787799,0.867829672948374,0.010515429240282466,0.012235743314110288
1870,2022-07-06,362.2093972721212,365.7735827766986,359.8301397142112,363.2900390625,70426200.0,0.0033715231898417,0.0131515203106065,0.0068070575923616,0.0215748090876526,-0.0675157415092461,0.0067742277774744,0.0136022227206816,0.018641907808447,0.0163600496116682,0.0029834725396893,-0.1352169748765932,0.7453544334101059,0.010410304172332662,0.012537952730779012
1871,2022-07-07,365.06263643850446,369.5273277554807,363.3089801388069,368.7310791015625,64525900.0,0.0148660745150044,0.0127545753830048,0.0224880261919094,0.0382556302469416,-0.0621961513077222,0.0088320681220851,0.0140755459603911,0.0188725076046652,0.0168641808871257,0.0100488034021964,-0.0837799000939991,0.6810154793899517,0.004424611300262737,0.012302810670041556
1872,2022-07-08,367.1006852895569,370.29519752923926,365.5745491503481,368.42779541015625,72397800.0,-0.0008228448954623,0.0132723414629758,0.0298226069703151,0.0276775997240222,-0.0520872625830393,0.0065080695380876,0.0139775484488293,0.0187871701910469,0.0128129539565163,0.0036151120762756,0.1219959737097815,0.7608653214320151,0.012104230819813109,0.012319046550268727
1873,2022-07-11,365.7547105106273,366.7215778956689,363.5270941091934,364.2190856933594,58366900.0,-0.0114891801807851,0.0124592982105319,0.007812346857661,-0.0151102397385788,-0.0395060998903731,0.0094392669122183,0.0103522136778902,0.0182330453570942,0.0087707753710769,-0.0041985100208937,-0.1938028503628563,0.6225418848843239,0.011537466001129157,0.011884430252787105
1874,2022-07-12,363.6691716276499,366.0484579218352,359.25186497173377,360.99603271484375,62219200.0,-0.0088886017873958,0.0128078342140479,-0.002963029158797,-0.0201720063324828,-0.0189705549462756,0.0105154292402824,0.0105988389142867,0.017152112416199,0.0188273341925344,-0.0073504688363937,0.0660014494516583,0.6896230294935124,0.015780718001259058,0.01166130576308638
1875,2022-07-13,355.5645600399159,362.02937706003513,355.14747320454023,359.10028076171875,84224600.0,-0.0052652854829041,0.0143340146968021,-0.0115998378315428,-0.0047927802391812,0.0144718547131804,0.0104103041723326,0.0085045070383038,0.0147374642238032,0.0191642953909618,0.0099439626980989,0.3536753928047933,0.9801190531743148,0.014527697132969551,0.012037913094786308
1876,2022-07-14,354.1521096552973,359.3087928722651,351.715979081912,358.2281799316406,89704800.0,-0.0024315256051966,0.0141684346536933,-0.0288974379517438,-0.0064094117598344,0.0150583464878039,0.0044246113002627,0.0085269314684718,0.014730209042123,0.021195467625696,0.0115093773698274,0.0650665007610602,1.0526548012102652,0.013250160870108194,0.011969320872166964
1877,2022-07-15,362.6264957021304,365.1858892356065,360.7211976903377,365.0721435546875,79060400.0,0.0189248301512647,0.0138244396745981,-0.0091497629050168,0.0206728440652982,0.0198274029795901,0.0121042308198131,0.0100407727279968,0.014994818004767,0.0122296144038719,0.0067442613309922,-0.1186603169507094,0.9538293896680988,0.014824471600516347,0.01185000761698333
1878,2022-07-18,368.1528525900141,368.8258671021295,360.834915426236,362.0577392578125,63203600.0,-0.0082912878070094,0.0132725424925243,-0.0059518705312411,0.0018604763264198,0.045192418303836,0.0115374660011291,0.0100432226694985,0.0128259277858719,0.0220709318140091,-0.0165559312913685,-0.2005656434827043,0.796779027751733,0.013196932721465632,0.01142528323445373
1879,2022-07-19,365.9726786043327,372.40905889172745,365.318640887001,371.8403015136719,78506000.0,0.0266607652734731,0.0119809347427576,0.0295974965296277,0.0266344673708306,0.0696997119670116,0.015780718001259,0.0130997880995638,0.0139377530734328,0.0190684494818423,0.016032953420774,0.2421127910435481,1.0104580204156128,0.00962467051361513,0.010333635316665963
1880,2022-07-20,372.02991057920354,375.622533036146,370.6649043931411,374.2101135253906,71843800.0,0.0063529754409845,0.0125256592345387,0.0412157574535163,0.0296159196219734,0.051190728709626,0.0145276971329695,0.0131515203106064,0.0130284698736856,0.0132482486812012,0.0058602894127323,-0.0848623035182024,0.9276742258949326,0.015330927420290434,0.010645012578897975
1881,2022-07-21,373.6318507302927,378.068105826219,371.2336162126565,378.0207214355469,64903900.0,0.0101315721961284,0.0124869385995359,0.0537788552548413,0.0248814173030974,0.063137047550039,0.0132501608701081,0.0127545753830048,0.0130910679958107,0.018079669250956,0.0117465111624605,-0.0965970619594175,0.8518992010479437,0.015629052455204042,0.010543929174335486
1882,2022-07-22,378.1439131775614,379.3382716136925,372.2952393998938,374.5133666992188,72197300.0,-0.0093215182885904,0.0118120262303177,0.0255325068149862,0.0163827439099693,0.0440603436339915,0.0148244716005163,0.0132723414629757,0.0132786351259136,0.0188058233431629,-0.0096009650078324,0.1123722919578023,0.9520620166324334,0.01426738901914211,0.010851165255912206
1883,2022-07-25,375.13906335562353,375.8215664094441,372.73134023128426,374.9684448242188,53631500.0,0.0012143808533555,0.0119100047185611,0.0350381754753511,0.0290863049441099,0.013976065205531,0.0131969327214656,0.0124592982105319,0.0113770051731306,0.0082412966232624,-0.0004548140891501,-0.2571536608709743,0.7285738311424201,0.014900468372546877,0.01214201966719524
1884,2022-07-26,373.328540675696,373.5370840827539,369.64114957187473,370.5321960449219,52946400.0,-0.0119015354271033,0.010935453229891,-0.0035241252252253,0.0260733713044024,0.0059013649719195,0.0096246705136151,0.0128078342140479,0.0116851587830319,0.0105144291169958,-0.0074903049890398,-0.0127742091867651,0.7257061072835145,0.01327601609516418,0.01174105193057456
1885,2022-07-27,373.8214415390077,381.8977324950311,373.5275888700464,380.153564453125,82342100.0,0.025634948201742,0.0099905712372287,0.0157578475355321,0.0569736049890485,0.0521808247498672,0.0153309274202904,0.0143340146968021,0.0119006188977548,0.0220177959846982,0.0169388970521546,0.5551973316410559,1.1318794217637511,0.010518129832512156,0.0104302440813336
1886,2022-07-28,380.9593045771308,385.6135629225869,377.4140666940386,384.9216003417969,73966600.0,0.0124643900063492,0.0096752940149807,0.0180906653457529,0.0718695206005943,0.0654601088407598,0.015629052455204,0.0141684346536932,0.0120687885185634,0.0213017305894692,0.0104008373520742,-0.1017158901703988,1.0109885303498438,0.010319495232750735,0.010521246222180173
1887,2022-07-29,386.3529667558723,391.519138929218,385.5851543751429,390.5332946777344,87003700.0,0.0144735492284894,0.0099927706506326,0.0418857328628328,0.067418239677819,0.0880910837431172,0.0142673890191421,0.013824439674598,0.0120014184340973,0.0151945676205963,0.0108199710667772,0.1762565806728984,1.2102771249823685,0.008584787775086788,0.012812766771904505
1888,2022-08-01,387.8411455020427,391.8792906615118,387.1302060825981,389.3767700195313,69997500.0,-0.0029657919759684,0.0097229120318395,0.0377055600335089,0.07274373550886,0.0746042118352798,0.0149004683725468,0.0132725424925242,0.0120185430719218,0.0121966304735526,0.0039594162076352,-0.1954652503284343,0.9770004484592224,0.00842776566167211,0.012871265670814445
1889,2022-08-02,387.8127450392465,391.4906766053588,385.632542188754,386.8079528808594,63435400.0,-0.006619111254736,0.0090034446329537,0.0429879842058762,0.0394638589806509,0.0660983263514815,0.0132760160951641,0.0119809347427575,0.0122357433141102,0.0151448137841394,-0.0025909209308875,-0.0937476338440658,0.8966745154934936,0.007890535377989285,0.01300998633369074
1890,2022-08-03,388.9313454473331,394.0311568044841,388.6469811787288,392.865234375,67820600.0,0.0155383139109075,0.0089548153948025,0.0328913499150416,0.0486491974505739,0.0782651170725473,0.0105181298325121,0.0125256592345386,0.012537952730779,0.0137048920460494,0.0101146101329073,0.0691285938135488,0.9604290312667724,0.010214111105052966,0.01245909001248274
1891,2022-08-04,392.7893284721279,393.4718315474268,390.95985110646615,392.5997619628906,45656600.0,-0.0006759624514281,0.0088670580654152,0.0197509974572644,0.0378416628030174,0.0627230801061148,0.0103194952327507,0.0124869385995358,0.0123028106700415,0.0063983239021884,-0.000482616241064,-0.3268033606308408,0.65531304185137,0.010163337261988831,0.012515500911703248
1892,2022-08-05,388.3246478205913,392.58079648264055,388.2677749733455,391.9362182617188,56814900.0,-0.0016915574967054,0.0102791024068019,0.0035858907320696,0.0454716235949024,0.0618543675048717,0.0085847877750867,0.0118120262303176,0.0123190465502687,0.0110043964000667,0.0093003894071542,0.2443962099674526,0.8246917035273468,0.011409300472197133,0.012654584787235334
1893,2022-08-08,393.6235081493515,395.8700723692773,390.3816112599049,391.481201171875,53886100.0,-0.001161621198921,0.0126287383813995,0.0053900615091169,0.0430956215426259,0.0721819264867358,0.0084277656616721,0.011910004718561,0.0118844302527871,0.0140197309422343,-0.0054425280328116,-0.0515498575197703,0.7847309346022361,0.010750205588081199,0.012652079072699857
1894,2022-08-09,390.7512903773344,391.25368644325886,388.8554517997777,389.9266052246094,44931800.0,-0.0039789671554159,0.0125825554910519,0.0080302056084371,0.0510181898143133,0.0770915611187157,0.0078905353779892,0.010935453229891,0.0116613057630863,0.0061504770676001,-0.0021105116554538,-0.1661708678119218,0.6626729915751134,0.009403336415001722,0.013454470707301545
1895,2022-08-10,396.96963344138766,398.258818700046,395.01692204612334,398.1166076660156,68665700.0,0.0207864167768129,0.0104383112398135,0.0132783084743425,0.0461696583893842,0.1031432633784327,0.0102141111050529,0.0099905712372286,0.0120379130947863,0.008143083185925,0.0028893248450383,0.5282205475854518,1.024464634473208,0.008714693508996129,0.012548321937542597
1896,2022-08-11,400.96036549541424,402.8183081055924,397.3772317875,398.1166076660156,59489700.0,0.0,0.0115470625740254,0.0139542709257706,0.033705268383035,0.1055747889836293,0.0101633372619888,0.0096752940149806,0.0119693208721669,0.013667041799615,-0.0070923664135355,-0.1336329492017121,0.908029253678308,0.008547771012936576,0.013161397189688099
1897,2022-08-12,400.0503656332881,404.9605804756404,399.10244636975136,404.8563232421875,61694500.0,0.0167873002800909,0.0142590293474345,0.0324331287025669,0.0360190194346365,0.1034372591124555,0.0114093004721971,0.0099927706506325,0.0118500076169833,0.0144696618765287,0.0120133813683471,0.0370618779385338,0.954330591489443,0.007675366051947213,0.012777608651641924
1898,2022-08-15,402.6476415005727,407.0460006197272,402.5907686609456,406.5246276855469,54048300.0,0.0041122651264388,0.0138759700776275,0.0377070150279267,0.0430970765370437,0.1158408120459037,0.0107502055880811,0.0097229120318394,0.0114252832344537,0.0109593162513827,0.00962873188708,-0.1239364935285965,0.8420165286578162,0.010215608729068069,0.015822346937098917
1899,2022-08-16,405.4534599727927,409.24513649357584,404.6477229264871,407.3208618164063,59289000.0,0.0019567212577307,0.0136218114324112,0.0436427034410733,0.0516729090495104,0.0911367680301613,0.0094033364150017,0.0090034446329536,0.0103336353166659,0.011286958263289,0.0046057119446925,0.0969632717402768,0.9376976469544398,0.009369072220897383,0.015866572964566332
1900,2022-08-17,403.7283584655346,407.1313856683042,402.4297135053033,404.4298095703125,63563400.0,-0.0071230356111876,0.013620736049847,0.0157332510530728,0.0290115595274153,0.0776607569779892,0.0087146935089961,0.0089548153948024,0.0106450125788979,0.011625434257668,0.0017374333263185,0.0720943176643222,1.011926433890399,0.010716995589042018,0.015936270963197666
1901,2022-08-18,404.628809463559,406.28766820146114,403.3396531299256,405.6051940917969,49023200.0,0.0029020606297015,0.0136408160995815,0.0186353116827743,0.0325895826085449,0.0704312454115623,0.0085477710129365,0.0088670580654152,0.0105439291743354,0.0072681886585218,0.0024130378396247,-0.2287511366604052,0.7904390528152797,0.01378576480052769,0.015853697730300306
1902,2022-08-19,402.8467811218481,403.1121973862413,399.282595061536,400.1546936035156,68016900.0,-0.0135290517867736,0.0135313081633245,-0.0116810403840902,0.0207520883184767,0.0662237119133791,0.0076753660519472,0.0102791024068018,0.0108511652559122,0.0095703046494808,-0.0066826586297538,0.3874430881704989,1.1003977515723486,0.01943008186284401,0.015964098329145245
1903,2022-08-22,395.329701995395,395.5003494416631,390.92188337608326,391.8224182128906,77695600.0,-0.0210424839692085,0.012663155965691,-0.0368357894797375,0.0008712255481892,0.0439668470908151,0.010215608729068,0.0126287383813995,0.0121420196671952,0.0116850538732886,-0.0088717942638806,0.1422984581773059,1.2329816676823075,0.018057536638961938,0.015564871049050872
1904,2022-08-23,391.39585573923233,393.7846307828097,390.3247023494631,390.87451171875,49105200.0,-0.0024221558085271,0.0146848861070835,-0.0412146665459953,0.002428036895078,0.0534462267093913,0.0093690722208973,0.0125825554910518,0.0117410519305745,0.008851762725926,-0.0013320121121304,-0.3679796539314968,0.7816518773417227,0.01813056306356927,0.01587806374263292
1905,2022-08-24,390.6469519154063,393.4907094010359,389.9644778899244,392.125732421875,49177800.0,0.0031959677599266,0.014891548459901,-0.0308956631748811,-0.0151624121218082,0.0310072462675759,0.010716995589042,0.0104383112398134,0.0104302440813336,0.0089926042071569,0.0037854653651282,0.0014784584931941,0.8040301402169981,0.017235912928430807,0.015804802159639548
1906,2022-08-25,393.6139571012594,397.70897496462175,392.5238558131296,397.6615905761719,50942300.0,0.0140188343247864,0.0150771033394227,-0.0197788894797961,-0.0011435777970218,0.0325616905860131,0.0137857648005276,0.0115470625740254,0.0105212462221801,0.0130390243221112,0.0102832569879405,0.0358800108992269,0.8488556878844902,0.01395333500125581,0.015372655017584582
1907,2022-08-26,397.5479234905298,398.0882155528186,384.1443295439162,384.2012023925781,103087000.0,-0.0344349887311955,0.0108159020207031,-0.0406848264242181,-0.0523658668083082,-0.0163468473736717,0.019430081862844,0.0142590293474344,0.0128127667719045,0.0362931868043831,-0.0335726092612067,1.023603174572016,1.6950338371255111,0.005733740198810005,0.013925161054482216
1908,2022-08-29,381.2531682301508,384.70357956798847,380.30524889484775,381.6607666015625,65370800.0,-0.0066342114153497,0.0180955327551798,-0.0262765538703593,-0.0631123433500967,-0.020015266813053,0.0180575366389619,0.0138759700776274,0.0128712656708144,0.011524188646124,0.0010691015980375,-0.3658676651760163,1.0789799711945418,0.005864521114568763,0.01393179281343938
1909,2022-08-30,382.8172261577202,383.0542059895712,375.3760536519589,377.470947265625,85652400.0,-0.0110385636732043,0.0179157773130891,-0.0348929617350365,-0.0761076282810317,-0.0244347192315213,0.0181305630635692,0.0136218114324112,0.0130099863336907,0.0203410418556244,-0.0139656173410873,0.3102547314703201,1.3882841823186662,0.011309455639013439,0.014867153085500283
1910,2022-08-31,379.10134082789193,380.3431127380741,374.4660307121569,374.5987243652344,76029700.0,-0.0076382201625418,0.0181122935168067,-0.0457271496575049,-0.0766228128323859,-0.0476112533049706,0.0172359129284308,0.013620736049847,0.0124590900124827,0.0156890070458089,-0.0118770787062494,-0.1123459471071447,1.2241719115762149,0.01074445127948165,0.015366234118030382
1911,2022-09-01,372.4280160542996,376.1154069737023,369.7264403478649,375.774169921875,78740100.0,0.0031329663612663,0.0181410222830669,-0.056613017621025,-0.0763919071008211,-0.0438023244922762,0.0139533350012558,0.0136408160995815,0.0125155009117032,0.0170021442058289,0.0089846996555907,0.0356492265522552,1.2349214773493982,0.012198381294802626,0.01547400453990007
1912,2022-09-02,379.4331695900639,380.6465052435593,370.00136015495065,371.8118896484375,99632100.0,-0.0106002976510288,0.01814257767595,-0.0327783265408583,-0.0734631529650763,-0.0527110646465996,0.00573374019881,0.0135313081633244,0.0126545847872353,0.0286304590707792,-0.0200859612507266,0.2653285936898735,1.5118202642465912,0.008522394330480838,0.016883545360286894
1913,2022-09-06,372.6555302445026,373.5939611226999,368.1908383071308,370.4089660644531,76637400.0,-0.0037803444728108,0.0184602531727147,-0.0299244595983194,-0.0562010134686786,-0.0553297879204894,0.0058645211145687,0.0126631559656909,0.0126520790726998,0.0145869115237047,-0.0060285276823222,-0.2307960988476605,1.1431653613320891,0.025887349949363283,0.018484539189024513
1914,2022-09-07,370.0961115930664,377.8311362647998,369.8781086762223,377.0633239746094,70964200.0,0.0178054325287989,0.0177684519637163,-0.0010804633963162,-0.0359734251313526,-0.0335453882362746,0.0113094556390134,0.0146848861070834,0.0134544707073015,0.0210920211086692,0.0188254136244578,-0.0740265196888203,1.0383799597505254,0.02435331577086474,0.017919785270291956
1915,2022-09-08,374.7978458005912,379.9829368756566,373.59396971166063,379.5279541015625,80821700.0,0.0065151130242071,0.0173292841499298,0.0130728697904327,-0.0326542798670721,-0.0478166919888804,0.0107444512794816,0.0148915484599009,0.0125483219375425,0.0168339830965027,0.0126204255279736,0.1389080691390869,1.17219428573832,0.024178341992413897,0.017872072961894962
1916,2022-09-09,381.7650275183075,386.28662130528346,381.49961125899546,385.4240112304688,76706900.0,0.0154158016729315,0.0157621196673377,0.0253557051020979,-0.031257312518927,-0.0324008903159489,0.0121983812948026,0.0150771033394227,0.013161397189688,0.0124201137106259,0.0095843868568758,-0.0509120694071022,1.0987964820188534,0.021291372028685397,0.018132051408125037
1917,2022-09-12,387.4904302585194,390.2868036201907,387.1870891554379,389.5663757324219,69256300.0,0.0106902073131857,0.014074205067134,0.0466462100663124,0.0138678835254541,-0.0384979832828541,0.0085223943304808,0.010815902020703,0.0127776086516419,0.0079568326679248,0.0053574109495233,-0.0971307665933572,0.9867254402336352,0.020608048315404064,0.017729762268217528
1918,2022-09-13,380.9024232007864,382.1062993004574,371.5085678123265,372.6271057128906,122947100.0,-0.0444560604492218,0.0082525684865066,0.0059704940899013,-0.0239539655084179,-0.0870663088585148,0.0258873499493632,0.0180955327551797,0.0158223469370989,0.0284405812826093,-0.0217255574757359,0.7752478835860419,1.669729267282564,0.008994689615145967,0.015308557763439784
1919,2022-09-14,373.9257465690702,375.5656574561683,370.7502109658769,374.0489807128906,85023700.0,0.0038085503059402,0.0114851304751802,-0.0080263881329573,-0.0091068515292734,-0.0852144798103052,0.0243533157708647,0.017915777313089,0.0158665729645663,0.0128738393595239,0.0003295684904052,-0.3084529850643082,1.1348645462895002,0.009535593071291908,0.015187327688673778
1920,2022-09-15,372.4943639805088,375.3381219106829,368.53206820723454,369.8022766113281,87633800.0,-0.011418278046993,0.0123782684224119,-0.0259597792041574,-0.0128869094137246,-0.0895097222461107,0.0241783419924138,0.0181122935168067,0.0159362709631976,0.0184045749145068,-0.0072271895349309,0.0306984993595902,1.1512099923269132,0.00936782772784986,0.016582895465130133
1921,2022-09-16,365.6295510878898,367.6378630769438,363.69734233012485,366.9811096191406,103084800.0,-0.0076581009630008,0.0126855117528042,-0.0490336818400896,-0.0236779767379917,-0.1000698838388129,0.0212913720286853,0.0181410222830669,0.0158536977303003,0.0107376664453069,0.0036965243296921,0.1763132489975329,1.3077464384027206,0.010273607024690044,0.017158256771055543
1922,2022-09-19,363.8401119198844,369.8269958496094,363.7639505998914,369.8269958496094,73278500.0,0.0077249432019733,0.0160361155346635,-0.0519989459513021,-0.0053527358849896,-0.078815888850066,0.020608048315404,0.01814257767595,0.0159640983291452,0.0163942743979228,0.0164547111040996,-0.2891435012727386,0.9265278001329382,0.0041401291888682286,0.018201978658538096
1923,2022-09-20,366.505230286068,367.51415006942193,362.8312448574466,365.58197021484375,77274900.0,-0.0115447947453556,0.0195061912356504,-0.0190876802474359,-0.0131171861575344,-0.0693181996262131,0.0089946896151459,0.0184602531727147,0.0155648710490508,0.012809453401718,-0.0025190911204831,0.0545371425452212,0.9773179111460992,0.0062702799225943335,0.018360122940659335
1924,2022-09-21,367.504586823731,370.5504007332188,359.19527603958755,359.2048034667969,106746600.0,-0.0175978137400041,0.0186961395006929,-0.0404940442933802,-0.0485204324263374,-0.0844938575576901,0.0095355930712919,0.0177684519637162,0.0158780637426329,0.0316118397750793,-0.0225841626322749,0.3813877468621764,1.302575624855057,0.013914060877914781,0.01802947226400871
1925,2022-09-22,358.4338263970015,360.0709463739704,355.4451478506608,356.18756103515625,89472600.0,-0.0084352600670026,0.0188018798627107,-0.0375110263133898,-0.0634708055175471,-0.0961250853846193,0.0093678277278498,0.0173292841499297,0.0158048021596395,0.0129869738007302,-0.0062668899987058,-0.1618224842758457,1.065592157317182,0.01599808737438436,0.018029164599519677
1926,2022-09-23,352.722940486398,352.7610211494688,345.78424282582023,350.2196960449219,122346900.0,-0.0168967884061873,0.0202133968334966,-0.0467497137565763,-0.0957833955966659,-0.1270407081155931,0.01027360702469,0.0157621196673376,0.0153726550175845,0.0199211477893397,-0.007096914189999,0.3674230993622629,1.3976852215461464,0.015788188190305696,0.018468713748213624
1927,2022-09-26,348.7538794551558,352.3707580104209,345.53674617910787,346.75506591796875,92581200.0,-0.0099419917446535,0.020119236661258,-0.0644166487032031,-0.1164155946545051,-0.102547711129051,0.0041401291888682,0.014074205067134,0.0139251610544822,0.0197084700499508,-0.0057313012268414,-0.2432893681817847,1.0640283824570451,0.020891748032003096,0.01845001462554862
1928,2022-09-27,350.28630194167937,352.5516221250691,343.4808430109905,345.8699035644531,108294100.0,-0.0025559657084591,0.0201837194818955,-0.0554278196663066,-0.0745154999137424,-0.0984694654221604,0.0062702799225943,0.0082525684865065,0.0139317928134393,0.0262259856107667,-0.0126079676902739,0.1697202023737001,1.214655169996495,0.02433400156121231,0.018670382304957288
1929,2022-09-28,346.82173847556913,354.36008362291216,345.1275119459914,352.6753845214844,110802200.0,0.0194853401670577,0.0187807462239297,-0.0183446657592448,-0.0588387100526249,-0.0679455615818984,0.0139140608779147,0.0114851304751801,0.0148671530855002,0.0261786676420518,0.0168779675450695,0.0231600798196762,1.2255017876707677,0.023678414325320918,0.01838159307156633
1930,2022-09-29,349.1346285560483,349.4201609225776,342.36725004597866,345.308349609375,112952300.0,-0.0211102584166069,0.0198534217410636,-0.0310196641088491,-0.0685306904222388,-0.0814175998359635,0.0159980873743843,0.0123782684224118,0.0153662341180303,0.0204249647730136,-0.010959322375148,0.0194048493621967,1.224284187697208,0.02124896654796874,0.01768477197847797
1931,2022-09-30,344.36600021604005,348.2779675279083,339.8353891876637,339.9686279296875,153711200.0,-0.0155844422852128,0.0206651099491809,-0.0297073179878746,-0.0764570317444508,-0.1001350084824426,0.0157881881903056,0.0126855117528042,0.0154740045399,0.0248334041633709,-0.012769472838764,0.3608505537293176,1.601017827341715,0.024874840721812466,0.017762764208292543
1932,2022-10-03,343.6806581182504,350.79070306991537,341.9007722856018,348.9441833496094,89756500.0,0.0260586337581319,0.0205703504291619,0.0062933075149107,-0.0581233411882922,-0.0634760770732819,0.020891748032003,0.0160361155346634,0.0168835453602868,0.0254766556042766,0.0153151628031041,-0.4160705270663426,0.9397145327818576,0.02143302666852,0.017163689238447393
1933,2022-10-04,354.455289584228,359.7854502115852,348.90623047409554,359.75689697265625,103602800.0,0.0305165408385836,0.0181968329182477,0.0393658140619534,-0.016062005604353,-0.0291791917618875,0.0243340015612123,0.0195061912356503,0.0184845391890245,0.0302404758019595,0.0149570553585106,0.1542651507133188,1.0695816866547945,0.010089798911457733,0.01590448406442008
1934,2022-10-05,355.3974984990643,361.1749817964111,353.0750722691506,358.919189453125,88065700.0,-0.0023312530213465,0.018274198809856,0.0175492208735492,-0.0007954448856954,-0.0493158773120329,0.0236784143253209,0.0186961395006929,0.0179197852702919,0.0225675020040084,0.0099091607817548,-0.1499679545340473,0.9012229989585336,0.009888198563493336,0.01695143329564962
1935,2022-10-06,357.5200770483229,360.4707038397252,354.72174385776447,355.2167053222656,82333500.0,-0.0103692233716022,0.0181888388436457,0.0282902559185539,-0.002729408190295,-0.0662002137078422,0.0212489665479687,0.0188018798627106,0.0178720729618949,0.0161843739211112,-0.0064426360194197,-0.0650900407309542,0.8419110947773872,0.01944450069619817,0.01695083437804735
1936,2022-10-07,351.19054873616767,355.3023890964065,343.5474892236813,345.308349609375,107789500.0,-0.028290255918554,0.0173230842013868,0.0155844422852127,-0.0141228757026617,-0.1099062712993277,0.0248748407218124,0.0202133968334965,0.018132051408125,0.0340417481535641,-0.0167493093078984,0.3091815603612138,1.0849721649346522,0.01788106462041847,0.015890359364602778
1937,2022-10-10,346.4218681376383,346.65982139917173,340.43498499131846,342.6717224121094,76042800.0,-0.0076648734840701,0.0170844733131058,-0.0181390649569892,-0.0118457574420783,-0.1282613520965836,0.02143302666852,0.0201192366612579,0.0177297622682175,0.0181655969860479,-0.0108253723868232,-0.294524976922613,0.7628153450446189,0.021418195935142006,0.01581408651477563
1938,2022-10-11,340.9775545535183,345.5367479558779,338.56946829764377,340.50164794921875,92482800.0,-0.0063529459891206,0.0168711722283606,-0.0550085517846934,-0.0156427377227398,-0.0901582376364823,0.0100897989114577,0.0201837194818955,0.0153085577634397,0.0204618089227961,-0.0013957124096414,0.2161940380943363,0.9421271503085352,0.02080275907633563,0.015677857286051606
1939,2022-10-12,340.91094386553914,342.4814298234217,339.13102879643657,339.3785095214844,76991800.0,-0.0033039336038044,0.017219389148753,-0.0559812323671513,-0.0384320114936019,-0.0972707215462269,0.0098881985634933,0.0187807462239296,0.0151873276886737,0.0098721661301097,-0.00449511631008,-0.1675014164796048,0.7875414046683165,0.021352661979597534,0.016530880763701006
1940,2022-10-13,332.3826260098785,349.80082219820514,331.3356258487721,348.33502197265625,147254500.0,0.026048691721266,0.0161701316264839,-0.0195633172742831,0.0087269386442709,-0.0598037517779679,0.0194445006961981,0.0198534217410635,0.0165828954651301,0.0530098760809716,0.0479940728379215,0.912599783353552,1.4616809104648787,0.018925079496498694,0.019474474803931715
1941,2022-10-14,350.79069404097305,352.41831529855494,339.7591840858435,340.3969116210937,123737000.0,-0.023052399622878,0.014173458770411,-0.0143254609786071,0.0012589813066057,-0.0751980504378451,0.0178810646204184,0.0206651099491808,0.0171582567710555,0.0371893245224348,-0.0296295842405253,-0.1597064945383672,1.215779339444605,0.016306287488424498,0.018448888230246353
1942,2022-10-17,346.4695113964719,350.24821073516875,340.0637984886666,349.14410400390625,93168200.0,0.0253724185711822,0.0135780377039166,0.0187118310766451,0.000572766119656,-0.0575505750686362,0.021418195935142,0.0205703504291618,0.018201978658538,0.0291696526726633,0.0077195612296568,-0.2470465584263397,0.906566879135525,0.013905333257432321,0.01807244768921247
1943,2022-10-18,357.0536513093477,357.3582384713204,349.81033854515664,353.24639892578125,97162900.0,0.0116810849531682,0.0136697569582814,0.0367458620189339,-0.0182626897657593,-0.0343246953701124,0.0208027590763356,0.0181968329182477,0.0183601229406593,0.0213672381349586,-0.0106629700315482,0.0428762174218242,0.9363767109554684,0.014410950950369905,0.01801245023470269
1944,2022-10-19,351.2095432352664,353.9317440906568,347.93530350478727,350.7431640625,79746900.0,-0.007111598083081,0.0162392717241173,0.0329381975396573,-0.0230430348274938,-0.0238384797131893,0.0213526619795975,0.018274198809856,0.0180294722640087,0.0170963861887298,-0.0013279228362367,-0.179245370403724,0.7786660068660018,0.01452467195211714,0.018029885756170906
1945,2022-10-20,350.2958089110657,354.7122360773966,347.0405950042413,347.80206298828125,88283100.0,-0.0084206958670688,0.0163838747557874,-0.0015311900486774,-0.0210945073229604,-0.0238239155132555,0.0189250794964986,0.0181888388436457,0.0180291645995196,0.0220574915721928,-0.0071189716215462,0.1070411514428775,0.8625161990886744,0.013743602787590029,0.017882219504101838
1946,2022-10-21,347.5260408349085,356.7395859020458,346.02218871676973,356.2541809082031,131038400.0,0.0240109339579058,0.0151426292653197,0.0455321435321063,0.0312066825534993,0.0170838068508375,0.0163062874884244,0.0173230842013867,0.0184687137482136,0.0300835688663472,0.0251150677869372,0.4842976741867923,1.2748182286834295,0.013597763350779172,0.01724232928239383
1947,2022-10-24,357.77707959447656,361.74612439325887,355.13101099924324,360.6134643554688,85436900.0,0.0121621814316249,0.014939166442203,0.032321906392549,0.0510337374691943,0.0391879800271159,0.0139053332574323,0.0170844733131057,0.0184500146255486,0.0183440554718025,0.0079277989641123,-0.3480010439687908,0.8340787417840532,0.014735885743310069,0.017153724486238316
1948,2022-10-25,360.5372986706981,366.6860032724813,360.4230857441992,366.3719177246094,78846300.0,0.0158423372696835,0.0140696460226076,0.0364831587090643,0.0732290207279984,0.0575862830052585,0.0144109509503699,0.0168711722283605,0.0186703823049572,0.0170944257059289,0.016183121900074,-0.0771399711365932,0.7809636791266347,0.013325359033160162,0.017057506383858504
1949,2022-10-26,363.2308833811119,368.903680899248,362.9739043202817,363.6116027832031,104087300.0,-0.0075627134589026,0.0153478398866623,0.0360320433332427,0.0689702408729002,0.0305382293792982,0.0145246719521171,0.0172193891487529,0.0183815930715663,0.0163079960418695,0.0010481471138889,0.3201291626874056,1.0344128846527665,0.01752055981739362,0.016933368349066745
1950,2022-10-27,364.61105138754175,366.4480437002583,361.0512506396155,361.6699523925781,81971800.0,-0.0053542104174572,0.0232201569534365,0.0390985287828543,0.037567338734177,0.0462942773784479,0.01374360278759,0.0161701316264838,0.0176847719784779,0.0149218728980416,-0.0080664011246262,-0.2124706856648217,0.8273670497432286,0.01777349829928012,0.016845140966852908
1951,2022-10-28,361.5652980348159,370.75029017440346,361.3844511918501,370.2743835449219,100302000.0,0.0235122457326192,0.0223077063770291,0.0385998405575677,0.0841319840896742,0.0853909653962799,0.0135977633507791,0.0141734587704109,0.0177627642082925,0.0252943206410527,0.0240871719643497,0.2236159264527557,1.0404228368362711,0.014228932466821692,0.016615246073276732
1952,2022-10-31,367.81871998807645,369.68426585196175,366.6955873080766,367.5997924804688,96631300.0,-0.0072494819982503,0.0223735866627559,0.0191881771276925,0.0515100835202417,0.0520828496398977,0.01473588574331,0.0135780377039166,0.0171636892384473,0.0081302509006284,-0.0005952049085885,-0.0365964786345237,0.9987857727397582,0.01592000773808856,0.01651860521642418
1953,2022-11-01,371.340363735998,371.57831700264165,364.8204384205559,365.99114990234375,85407600.0,-0.0043856734416666,0.0223177947133713,-0.0010398335836575,0.0354433251254069,0.0171806353596475,0.0133253590331601,0.0136697569582813,0.01590448406442,0.0184645956162845,-0.014405150519692,-0.1161497361620924,0.8911569051497451,0.016342198990150245,0.017744831092004584
1954,2022-11-02,365.4010855031739,369.90317244332704,356.7015278683844,356.80621337890625,126990400.0,-0.0254163377815436,0.0203773438830099,-0.0188934579062985,0.0171385854269443,-0.0059044494005495,0.0175205598173936,0.0162392717241173,0.0169514332956496,0.0369994806142103,-0.0235217476500708,0.4868747043588626,1.2986662098833923,0.014692732305330605,0.016483565287342027
1955,2022-11-03,353.570119725643,356.1685807268447,351.0192668219738,353.1322937011719,87100100.0,-0.0103500583163965,0.0198779882352979,-0.0238893058052378,0.0152092229776166,-0.0058852843453438,0.0177734982992801,0.0163838747557874,0.0169508343780473,0.0145818266885224,-0.0012383004107102,-0.3141205949426098,0.8885627315386767,0.026709099779907226,0.016183087078214958
1956,2022-11-04,358.8336081280306,360.61349432188257,352.170915138916,358.2149353027344,103505200.0,0.0142904277701854,0.0196681891184592,-0.0331111237676716,0.0054887167898962,0.0366953993433955,0.0142289324668216,0.0151426292653197,0.0158903593646027,0.0235684734245701,-0.0017241217413378,0.1883476597615847,1.0582340453800103,0.02670679854664592,0.01677762934202164
1957,2022-11-07,359.50936758378657,362.2315685306912,357.43442171013305,361.6414489746094,68286900.0,0.0095200643514035,0.019779433382824,-0.0163415774180178,0.0028465997096748,0.0538803371788691,0.0159200077380885,0.014939166442203,0.0158140865147756,0.0132649253401674,0.0059305308374917,-0.3402563349474229,0.7009423067191383,0.02821116543237577,0.01714279484020236
1958,2022-11-08,362.7455236557189,366.5623039769019,359.5188919325988,363.5926513671875,84641100.0,0.0053809027998024,0.0200110921062718,-0.0065750011765488,-0.0076148347602062,0.0656141859677921,0.0163421989901502,0.0140696460226076,0.0156778572860516,0.0193717117709016,0.0023353223023438,0.2394924941679883,0.8723235004287614,0.028177934528662317,0.017137960073594367
1959,2022-11-09,361.6223724698831,362.77408732506177,355.6069062348671,356.10186767578125,78495500.0,-0.0208173162607709,0.0179148119816219,-0.0019759796557761,-0.0208694375620745,0.0481008033108256,0.0146927323053306,0.0153478398866622,0.016530880763701,0.0201267719739121,-0.0152659382117227,-0.072607752025907,0.8083596803325731,0.02521992236882896,0.016358873150376298
1960,2022-11-10,369.3510591794325,376.0042524525567,367.0572151863192,375.6711120605469,141455800.0,0.0534972235712709,0.0076095313403857,0.0618713022318912,0.0379819964266535,0.0755493351608305,0.0267090997799072,0.0232201569534365,0.0194744748039317,0.0238161439062036,0.0171112352978092,0.8020880177844589,1.4610978380512016,0.00874148815629905,0.011339511950736824
1961,2022-11-11,376.5277303971915,380.1065568499029,374.6431300540452,379.3070373535156,93839900.0,0.0096319434033757,0.0089417531768099,0.0572128178650815,0.02410169409741,0.1082336781870842,0.0267067985466459,0.0223077063770291,0.0184488882302463,0.0144037053305863,0.0073814137232131,-0.336613274252452,0.9844735431895214,0.0075144535274409485,0.011598132892727686
1962,2022-11-14,377.5462755014452,380.8966479353896,375.80444085717625,376.0804748535156,71903500.0,-0.0085428526969313,0.0085234676936478,0.0391499008167467,0.022808323398729,0.0743184069189707,0.0282111654323757,0.0223735866627559,0.0180724476892124,0.0135402059365,-0.0038824396982403,-0.233764102476665,0.7628480729395789,0.006587697597933471,0.011527984583334833
1963,2022-11-15,381.8198207261606,382.9239274120566,375.4807419701021,379.2879943847656,93194500.0,0.0084926468085264,0.0128739307784328,0.0422616448254707,0.035686643648922,0.0711299687743289,0.0281779345286623,0.0223177947133713,0.0180124502347026,0.0196240997662685,-0.0066309452887485,0.2961051965481514,0.9908171241802618,0.008336841164246718,0.011490311652147577
1964,2022-11-16,377.6604299906343,378.61224316456577,375.76633106956126,376.39453125,68508500.0,-0.0076579176489596,0.0124596505932777,0.055421043437282,0.053445063781506,0.0705836492084503,0.0252199223688289,0.0203773438830099,0.0180298857561709,0.0075609815199845,-0.0033519496354588,-0.2648868763714597,0.7327401868982951,0.007075901431282151,0.012675079974321922
1965,2022-11-17,371.6449756187588,375.9186366580597,371.3404174691277,375.2428283691406,74496300.0,-0.0030645197912283,0.0123711490940172,-0.0011406999252171,0.0607306023066742,0.0759398252842908,0.008741488156299,0.0198779882352979,0.0178822195041018,0.0122006840445947,0.0096808862931395,0.087402293146106,0.8027016075786985,0.00650894425473039,0.012911040822100744
1966,2022-11-18,378.574156087368,378.6407899797016,374.1006516739386,376.9465637207031,92922500.0,0.0045300778848883,0.0140572668994042,-0.0062425654437045,0.0509702524213771,0.0564589692112733,0.0075144535274409,0.0196681891184592,0.0172423292823938,0.0120445143761198,-0.0042992696159884,0.2473438278142672,1.022236567472124,0.011070217341441028,0.012936802101826524
1967,2022-11-21,375.6235358176049,376.7466683045898,373.73893542221714,375.575927734375,51243200.0,-0.0036427814917695,0.0148460786877546,-0.0013424942385427,0.0378074065782041,0.0406540062878789,0.0065876975979334,0.0197794333828239,0.0171537244862383,0.0080083217806755,-0.000126744143245,-0.448538298044069,0.5745301807678166,0.010947332679511746,0.012948443012258016
1968,2022-11-22,377.51758689522217,380.7918258701002,376.1088932279287,380.6300048828125,60429000.0,0.0133671323789434,0.0140607924434179,0.0035319913318742,0.0457936361573451,0.0381788013971388,0.0083368411642467,0.0200110921062718,0.0170575063838585,0.0123031095344499,0.0082444317712122,0.1792589065476004,0.684587918380997,0.017239986006903314,0.013041915459744695
1969,2022-11-23,380.29695819857307,383.51409151080327,380.06853232216565,383.0286865234375,68261600.0,0.0062820984196988,0.0141645895026385,0.0174720074005326,0.0728930508378148,0.0520236132757402,0.0070759014312821,0.0179148119816219,0.0169333683490667,0.0089955643268165,0.0071831453446389,0.1296165748233464,0.7893400197862298,0.017278494915661975,0.013208946213390473
1970,2022-11-25,382.4670560829331,383.4950305265415,382.191051189936,382.9429626464844,30545400.0,-0.0002238304182769,0.0142754092669788,0.020312696773484,0.019171996848267,0.0571539932749205,0.0065089442547303,0.0076095313403857,0.0168451409668529,0.0034051528916834,0.0012443073357097,-0.5525244061082659,0.3640343535715867,0.017319458895381182,0.013330671110901016
1971,2022-11-28,379.8590644182219,381.4961840165325,376.0708380444372,376.8323059082031,67881600.0,-0.0160857789212755,0.0142444808335829,-0.0003031600326797,-0.0065457254763841,0.0175559686210258,0.011070217341441,0.0089417531768099,0.0166152460732767,0.0143972421871305,-0.0079681092108581,1.2223182541397395,0.8249371604832574,0.017882471041045428,0.012937910348808023
1972,2022-11-29,376.96561491269216,378.15538144006086,374.34812855248094,376.1851501464844,52310000.0,-0.0017188337822567,0.0143655404223242,0.001620787676833,0.0002782934382904,0.0230866168370194,0.0109473326795117,0.0085234676936477,0.0165186052164241,0.0101206889376079,-0.0020703871529198,-0.2293935322679489,0.6532957716364728,0.019375279354218906,0.013164316595456903
1973,2022-11-30,376.4325522787015,388.03515625,374.51942770651925,388.03515625,144566700.0,0.0310145016172808,0.0101272359802808,0.0192681569151704,0.0228001482470448,0.0584867918959668,0.0172399860069033,0.0128739307784327,0.0177448310920045,0.0348311959001285,0.0308225308918241,1.7636532211814189,1.741161524691076,0.008397671663541146,0.011659664378367435
1974,2022-12-01,389.07263892248426,390.2433795179694,385.2463606338978,387.7496337890625,76398200.0,-0.0007360868052466,0.0123805502795649,0.012249971690225,0.0297219790907578,0.0831670428722638,0.0172784949156619,0.0124596505932777,0.016483565287342,0.012887230441048,-0.0034004065078586,-0.4715366678495116,0.9490545101182588,0.010626909184639148,0.011649389060561352
1975,2022-12-02,382.8668240269508,388.20648163886,382.7621385272809,387.3022766113281,85342700.0,-0.0011543929417144,0.0125263785113063,0.0113194091667875,0.0316321059402717,0.0923627082469459,0.0173194588953811,0.0123711490940172,0.0161830870782149,0.0140570903925841,0.0115848444054926,0.1170773656970975,1.0613258156601044,0.010346622349132924,0.011644942998388983
1976,2022-12-05,384.4850042087997,385.4177626770895,378.98352435280736,380.3350830078125,77289800.0,-0.018152803108832,0.0117965592951078,0.009252384979231,0.0089492249465514,0.0599194773679285,0.0178824710410454,0.0140572668994041,0.0167776293420216,0.0169172884957078,-0.0107934539853562,-0.0943595644384347,0.977107200214006,0.011567547200582834,0.011314003436634532
1977,2022-12-06,380.17323078475664,380.7157422182558,372.7681254520418,374.8525695800781,77972200.0,-0.0145198606733952,0.0113687333420409,-0.0035486419119074,-0.0019278542350742,0.0358795523431298,0.0193752793542189,0.0148460786877546,0.0171427948402023,0.0212019802214966,-0.0139953599407711,0.0088291081099964,0.9797361057185472,0.00863250197118965,0.011153252331536608
1978,2022-12-07,374.005504706076,376.5754121268759,373.0822446819997,374.21490478515625,65927900.0,-0.0017025567676541,0.0127002469781969,-0.0362657002968423,-0.0169975433816717,0.0287960927756733,0.0083976716635411,0.0140607924434178,0.0171379600735943,0.0093346561032401,0.0005598850189245,-0.1544691569559406,0.8382522196018677,0.009623337475844642,0.012407375046437625
1979,2022-12-08,376.0994825728711,378.2124799961138,374.3195674856605,377.1464538574219,60737900.0,0.0078033396692924,0.0128648177686956,-0.0277262738223033,-0.0154763021320781,0.0574167487057366,0.0106269091846391,0.0141645895026384,0.0163588731503762,0.0103220180665545,0.0027837615659252,-0.0787223618528726,0.781080732127113,0.01513182220075859,0.012255592397758449
1980,2022-12-09,375.90911499149865,378.459967446831,374.2053611965191,374.3291015625,81447700.0,-0.007498222595984,0.0130908137275549,-0.0340701034765729,-0.0227506943097852,-0.0035786974615182,0.0103466223491329,0.0142754092669787,0.0113395119507368,0.0113659510643244,-0.0042031793483762,0.3409699709736424,1.0894416744676416,0.015551677589600826,0.012269429863808697
1981,2022-12-12,375.11918006522006,379.7259826660156,374.4529280869199,379.7259826660156,75405800.0,0.014314533169955,0.0117321270217364,-0.0016027671977859,0.0076496177814452,0.001103892305061,0.0115675472005828,0.0142444808335828,0.0115981328927276,0.0138864729299643,0.0122809038983146,-0.0741813458206922,1.0212156813618771,0.011588570005109381,0.01216714279164386
1982,2022-12-13,390.4528004635384,390.7097795629701,379.8400894083029,382.600341796875,123782500.0,0.0075410560020891,0.0112354541389825,0.0204581494776983,0.016909507565791,0.0171878010040814,0.0086325019711896,0.0143655404223242,0.0115279845833348,0.0284100377527576,-0.0201111598055926,0.6415514456447646,1.6194860348644309,0.009563323845972728,0.012067226194085226
1983,2022-12-14,382.2577351529548,385.9603029263179,377.21313615399055,380.15423583984375,108111300.0,-0.0064138961978477,0.0135304845686152,0.0157468100475047,-0.0205188902493374,0.0022812579977073,0.0096233374758446,0.0101272359802808,0.0114903116521475,0.0230095207357165,-0.0055028299486716,-0.126602710399289,1.4007857573766145,0.014844692800487927,0.012016421860280783
1984,2022-12-15,375.2999318308924,376.2041659865488,369.1988348015829,370.85498046875,117705900.0,-0.0247659561946252,0.0113162083444917,-0.0168224858164128,-0.044548759638716,-0.0148267805479582,0.0151318222007585,0.0123805502795649,0.0126750799743219,0.0188896780518124,-0.0118437308007432,0.0887474297321371,1.4779948645705974,0.011972307156712327,0.010517840926229717
1985,2022-12-16,368.3029384387337,369.641590174743,364.3443519350762,366.47662353515625,119858000.0,-0.0118763616611357,0.0107751945652442,-0.0212006248815645,-0.0552707283581373,-0.0236386224178656,0.0155516775896008,0.0125263785113062,0.0129110408221007,0.0144545051429689,-0.0049587301999797,0.0182837054047417,1.463342660782513,0.011552654787462745,0.010817787118111507
1986,2022-12-19,366.66780330486046,367.0024734712642,361.70520704366805,363.3689575195313,79878100.0,-0.0085160063376289,0.0106775283268603,-0.0440311643891484,-0.0456339315869342,-0.0366847066403828,0.0115885700051093,0.0117965592951078,0.0129368021018265,0.0145782030026915,-0.0089968242523502,-0.3335605466468654,0.983057303401554,0.010891462392503357,0.010764678067618536
1987,2022-12-20,362.6136124267533,365.4821639806004,361.2940740431172,363.8662109375,74427200.0,0.0013675177357462,0.0113756334993263,-0.0502047026554913,-0.0297465531777928,-0.0316744074128671,0.0095633238459727,0.0113687333420409,0.012948443012258,0.011509972104012,0.0034543615237271,-0.0682402310520655,0.9030895548964843,0.012355552045445414,0.011442205804392216
1988,2022-12-21,366.4574464966575,370.4351746621718,365.9219858955704,369.306884765625,78167400.0,0.0148417167261565,0.012723925163217,-0.0289490897314871,-0.0132022796839822,-0.030199823065654,0.0148446928004879,0.0127002469781969,0.0130419154597446,0.0122207003247871,0.0077756320582599,0.0502531332631082,0.9383740714910688,0.013408219178430063,0.011287245830365122
1989,2022-12-22,366.2662256920997,369.28777027212345,358.34902428686854,364.038330078125,100120900.0,-0.0143687999242013,0.0116366483455492,-0.0185519334610632,-0.0353744192774759,-0.0508507214095541,0.0119723071567123,0.0128648177686956,0.0132089462133904,0.0300483357972425,-0.0060827219593202,0.2808523757986065,1.1793656219660644,0.011468563598805274,0.010656905434157354
1990,2022-12-23,363.0152466207401,366.2758375341586,361.46623322301946,366.1324157714844,59857300.0,0.005735895190626,0.0116896370496397,-0.0009396766093015,-0.0221403014908659,-0.0448909958006512,0.0115526547874627,0.0130908137275549,0.013330671110901,0.013136242801678,0.0085868821757807,-0.4021498008907231,0.6931180841750333,0.011280876997405622,0.010638506863536396
1991,2022-12-27,366.017616610939,366.36182878328543,363.0151853768708,364.6885070800781,51638200.0,-0.0039514757310368,0.0119227408580785,0.0036248539972905,-0.0404063103918577,-0.0327566926104125,0.0108914623925033,0.0117321270217364,0.012937910348808,0.0091767175039595,-0.0036312720222799,-0.1373115726903819,0.6036217280302935,0.011736092935445253,0.010703870996542254
1992,2022-12-28,364.6216127041186,366.59137848650926,359.9267751898031,360.15625,70911500.0,-0.0125056188997286,0.0105028471732311,-0.0102482826381842,-0.0604529852936754,-0.0435434777278844,0.0123555520454454,0.0112354541389824,0.0131643165954569,0.0185047553574487,-0.0122465661621164,0.3732372545905937,0.820000749329073,0.011440920032511332,0.010070438915864876
1993,2022-12-29,362.99604137114017,367.5092298344996,362.4701228008423,366.63909912109375,66970900.0,0.0178400180115558,0.0095256785768443,-0.0072499813527849,-0.0361990710842719,-0.0567179613336094,0.01340821917843,0.0135304845686151,0.0116596643783674,0.0137440525185039,0.010036081209571,-0.0555706761244649,0.8108095674001063,0.013236290367918301,0.010124824315043073
1994,2022-12-30,363.9617919629837,365.8167615683377,361.848604892548,365.67333984375,84022200.0,-0.0026375622912712,0.0094680236446725,0.0044812562801451,-0.0140706771809179,-0.058619436819634,0.0114685635988052,0.0113162083444917,0.0116493890605613,0.0108516433751645,0.0047025482305032,0.2546075982254978,1.0125746621696128,0.013070409221150861,0.010421547229581071
1995,2023-01-03,367.5284134560836,369.49815002254616,361.274962367188,364.1339721679688,74850700.0,-0.0042185654579352,0.0111582847160931,-0.005473204368416,-0.0064128809777174,-0.0616836093358548,0.0112808769974056,0.0107751945652441,0.0116449429983889,0.0225828631324872,-0.0092358608581984,-0.1091556755238496,0.9077855007211884,0.012510607652457735,0.010403413044793131
1996,2023-01-04,366.3905568832152,368.9722652057651,363.34989894273167,366.9451599121094,85934100.0,0.007690553529218,0.0114270492805362,0.0061688248918387,0.0097936788891294,-0.0358402526978048,0.0117360929354452,0.0106775283268602,0.0113140034366345,0.0153220886313913,0.0015136935668103,0.1480734315109946,1.0367697903582114,0.012949422745977646,0.01064395883078533
1997,2023-01-05,364.9945163658359,365.1092537639918,362.16422021646383,362.7570495605469,76970500.0,-0.0114790836201712,0.0116372364454842,0.0071953601713961,-0.0030529224667879,-0.0327994756445808,0.0114409200325113,0.0113756334993263,0.0111532523315366,0.0081184736481224,-0.0061301381389697,-0.104307835888198,0.9291880492006525,0.009000488062654272,0.010584067849038025
1998,2023-01-06,365.84547897836046,372.1945535777828,362.785708249104,371.0758056640625,104189600.0,0.0226730444342852,0.0101487310191306,0.0120283865941255,0.0047784052413407,-0.0084238744426415,0.0132362903679183,0.012723925163217,0.0124073750464376,0.0253555882250019,0.0142965459086933,0.3536302869281087,1.2293847324083826,0.004871293580611792,0.009868846110463566
1999,2023-01-09,373.26550947515705,376.4496182467044,370.6838304181261,370.865478515625,73978100.0,-0.0005669644176875,0.0101707839123953,0.0140989844677092,0.0185802407478545,-0.0167941785296214,0.0130704092211508,0.0116366483455491,0.0122555923977584,0.0155468442402772,-0.0064298224684801,-0.2899665609619386,0.8661385287056839,0.005269244282851255,0.010093931684607652
2000,2023-01-10,370.2821684139384,373.5331874264222,369.3450978055792,373.46624755859375,65358100.0,0.006988227253977,0.0101069969113964,0.0253057771796214,0.0198325728112055,-0.0023077286796604,0.0125106076524577,0.0116896370496396,0.0122694298638086,0.0112141047503521,0.0085990615165023,-0.1165209703952926,0.7724912319519037,0.010508377063894465,0.010548614413507929
2001,2023-01-11,375.0439955334967,378.26633038365287,374.2312334389066,378.1898193359375,68881100.0,0.0125686046239522,0.009936995181143,0.0301838282743556,0.0363526531661945,-0.0040536572256632,0.0129494227459776,0.0119227408580784,0.0121671427916438,0.0106695017645675,0.0083878793952317,0.0539030357369629,0.8172822051269638,0.008315908938669887,0.010553158900526194
2002,2023-01-12,379.2894696301709,381.0297021014003,375.2256881711222,379.5667419433594,90157700.0,0.0036342123401011,0.0099261367768996,0.0452971242346279,0.0524924844060242,-0.0079605008876512,0.0090004880626542,0.010502847173231,0.0120672261940852,0.0152911551221844,0.0007310308758606,0.3088887953299235,1.091504978726248,0.012885892020255238,0.010542927260312624
2003,2023-01-13,376.3730941204777,381.61299228704434,376.1053638013344,381.0392761230469,63903900.0,0.0038720072795914,0.010932416535895,0.0264960870799341,0.0385244736740598,0.0023254025897878,0.0048712935806117,0.0095256785768442,0.0120164218602807,0.014454227768193,0.0123977565757544,-0.2911986441535221,0.7949326942083047,0.01402904330309957,0.010781589824638407
2004,2023-01-17,381.0202202604648,382.6935423019026,379.6624261074559,380.34130859375,62677300.0,-0.0018334266431863,0.0117433914313012,0.0252296248544353,0.0393286093221447,0.0252579321412267,0.0052692442828512,0.0094680236446725,0.0105178409262297,0.007969463547501,-0.0017818258208204,-0.0191944466613148,0.8073055801284016,0.013993865196610883,0.01076181313870273
2005,2023-01-18,381.52697849057256,382.5883286998047,374.1356658339176,374.3364562988281,99632300.0,-0.0159140213324962,0.010081794545898,0.0023273762679621,0.0276331534475837,0.0212202724698662,0.0105083770638944,0.0111582847160931,0.0108177871181115,0.0225803891757191,-0.0188466939354908,0.5896074017227928,1.3002354085614538,0.010457670717475415,0.00991839656660655
2006,2023-01-19,372.2997830998825,373.944420724422,370.2918200719056,371.6113586425781,86958900.0,-0.0073064354495204,0.0095067208573276,-0.0175476638055104,0.0126361644688453,0.0224298433579747,0.0083159089386698,0.0114270492805361,0.0107646780676185,0.0098290877487131,-0.0018491132376504,-0.1272017207271135,1.129623977637423,0.00827309006074095,0.010368069887993166
2007,2023-01-20,373.0072861994072,378.687020001049,371.3626489844468,378.5340270996094,91806400.0,0.0184573953780845,0.0100522851263076,-0.002724480767527,0.042572643467101,0.039519721000313,0.0128858920202552,0.0116372364454841,0.0114422058043922,0.0193493067788984,0.014816710302135,0.0557447253817608,1.179282731372662,0.006097210731998368,0.009704542888935496
2008,2023-01-23,379.3373059432333,385.0074698849866,378.3811219727352,383.0759887695313,84178800.0,0.0119274048955285,0.0101069629169987,0.00533091684841,0.0318270039283443,0.036605409169685,0.0140290433030995,0.0101487310191305,0.0112872458303651,0.0172977375416709,0.0098558269058237,-0.0830835323027588,1.077144987663136,0.00844769163658789,0.0105061467504962
2009,2023-01-24,381.40265563212273,383.57318267652687,380.2169968812223,382.6648254394531,59524900.0,-0.0010738969686956,0.0105586828001797,0.0060904465229007,0.0313200713773362,0.0499003121251907,0.0139938651966108,0.0101707839123953,0.0106569054341573,0.0087705625711751,0.0033092842660954,-0.2928754033081964,0.781986366943039,0.010593223911045722,0.010507715831732508
2010,2023-01-25,378.6009940622238,383.1428671935605,376.31570073269967,382.8081970214844,84800300.0,0.0003745960458457,0.0115219855635259,0.0223790639012426,0.0247064401692049,0.0445390129804104,0.0104576707174754,0.0101069969113963,0.0106385068635363,0.017834431221643,0.0111124984488792,0.4246189409810013,1.0960745353898014,0.010910815572589279,0.010579698224862495
2011,2023-01-26,385.4664286118992,387.17800600043023,382.5022526217131,387.0154418945313,72287400.0,0.0109305210936941,0.0116062643360435,0.0406160204444571,0.0230683566389468,0.0594210098051413,0.0082730900607409,0.0099369951811429,0.0107038709965422,0.0120815680010807,0.0040185426476963,-0.1475572610002559,0.9220362798420172,0.011475992796288324,0.010514994832072758
2012,2023-01-27,385.97318218490153,390.2760095744735,385.762820567528,387.9046630859375,68346200.0,0.0022950019646867,0.0116068638860341,0.0244536270310593,0.0217291462635324,0.0742216306695566,0.0060972107319983,0.0099261367768995,0.0100704389158648,0.0116347892573428,0.0050041842029083,-0.0545212581999076,0.8731942813901412,0.013730413259567769,0.010536348389463329
2013,2023-01-30,385.1508780562935,387.3788029699873,382.7413050405992,383.0377197265625,74202000.0,-0.0126261264776052,0.0110656350114165,-9.990434207431294e-05,0.0052310125063358,0.0437554861803956,0.0084476916365878,0.010932416535895,0.010124824315043,0.0121071573125975,-0.0054865727955633,0.0856785015114227,0.9436493127410523,0.012056569551406873,0.010201258436160354
2014,2023-01-31,383.554027333468,388.7174142189188,383.20978597821664,388.6696166992188,86811800.0,0.0145961990916594,0.0103126653994729,0.0155701917182806,0.0216606382411815,0.0609892475633262,0.0105932239110457,0.0117433914313011,0.010421547229581,0.0141704625318432,0.0133373371186198,0.1699388156653458,1.1020571200573093,0.01174026473163946,0.009574994383852946
2015,2023-02-01,387.4553193407529,395.5446571758706,384.7206470447407,392.8003845214844,101459200.0,0.0105718870554465,0.009846506526201,0.0257674827278814,0.0481465466291242,0.0757797000767079,0.0109108155725892,0.0100817945458979,0.0104034130447931,0.0275560069634755,0.0137953072623341,0.1687259105328999,1.266610347461697,0.012750787855404474,0.009407462181461098
2016,2023-02-02,396.6825158155469,399.9813625836192,394.78929000119456,398.5184020996094,101654500.0,0.0144521201779897,0.0095419131891034,0.029289081812177,0.0699051022566343,0.0825412667254796,0.0114759927962883,0.0095067208573275,0.0106439588307853,0.0130284387247113,0.0046280998301325,0.0019249116886392,1.2567167703376048,0.010082511347603454,0.00954316941521716
2017,2023-02-03,393.5557920006054,398.70006688935706,393.0776999727351,394.2825012207031,94736800.0,-0.010686015037419,0.0090586351457168,0.0163080648100713,0.0407616918411308,0.0833343353082318,0.0137304132595677,0.0100522851263075,0.010584067849038,0.0142597424415616,0.0018465214713359,-0.0680510946391945,1.1584735684178238,0.009829423192043735,0.009305026800698358
2018,2023-02-06,391.834637420615,393.2689133762878,390.2186841761235,391.8728637695313,60295300.0,-0.0061302004782462,0.0108347270549498,0.0228039908094303,0.0227040864673561,0.0545310903957004,0.0120565695514068,0.0101069629169986,0.0098688461104635,0.0077837214111315,9.755735013096434e-05,-0.3635493282441459,0.7576447349324695,0.01114151199680397,0.00979747217098955
2019,2023-02-07,390.9548967397829,398.241013206568,389.7118693730586,396.99798583984375,90990700.0,0.0129937471565399,0.009384341542295,0.0212015388743108,0.0367717305925916,0.0680918019699278,0.0117402647316394,0.0105586828001797,0.0100939316846076,0.0214840985035884,0.0154572538941316,0.5090844560023751,1.1312582692863815,0.009096092756600142,0.009230025476423147
2020,2023-02-08,395.0283294198983,396.3669812815154,391.9685287244116,392.656982421875,76227500.0,-0.0109947947463811,0.0094675608944806,-0.0003651429275167,0.0254023398003648,0.0501087799695697,0.0127507878554044,0.0115219855635258,0.0105486144135079,0.0112017683474632,-0.0060029795875795,-0.1622495485802395,0.9413516118535404,0.0073336032446802545,0.00976345966169672
2021,2023-02-09,396.2521723000143,396.40516522520073,388.028984948847,389.2528991699219,78694900.0,-0.0087071536980084,0.009636838550419,-0.0235244168035148,0.0057646650086623,0.0288330216476091,0.0100825113476034,0.0116062643360435,0.0105531589005261,0.0215186072967365,-0.0176636839350702,0.0323688957397265,0.965968693712106,0.009258503411656304,0.01004510591723056
2022,2023-02-10,388.0768430374244,390.54381421799513,387.26410994237983,390.1613464355469,70769700.0,0.002331103600237,0.0097041177196579,-0.0105072981658588,0.0058007666442126,0.027529912907745,0.0098294231920437,0.0116068638860341,0.0105429272603126,0.0084060204978739,0.0053713676441174,-0.1007079238934162,0.8791492055573099,0.009282703643430009,0.009981554989371286
2023,2023-02-13,390.8114921464456,394.875273798094,390.3525133608386,394.7413940429688,64913500.0,0.0116704894881013,0.0083181133499835,0.0072933918004886,0.0300973826099191,0.0353283951162549,0.0111415119968039,0.0110656350114165,0.0107815898246384,0.0114575276510349,0.0100557480409266,-0.0827501035047485,0.805894144168191,0.009883321194110836,0.010391027115595971
2024,2023-02-14,393.2210725630297,396.86413102531327,390.61070909281807,394.5597534179688,88389300.0,-0.0004602568456686,0.008222031442165,-0.0061606122017198,0.0150409266725911,0.0367015649137726,0.0090960927566001,0.0103126653994729,0.0107618131387027,0.0158491125319382,0.0034043975471954,0.3616474231092146,1.0801045824218338,0.009744236470072292,0.010408639379648345
2025,2023-02-15,392.3701118499811,395.9175463340548,391.5286652576529,395.841064453125,61555700.0,0.0032421832786286,0.0087930004899279,0.0080763658232898,0.0077112228957732,0.0558577695248974,0.0073336032446802,0.0098465065262009,0.0099183965666065,0.0110874830090338,0.0088461187494092,-0.3035842573705188,0.77011827445925,0.010311126872668157,0.01129255369587703
2026,2023-02-16,390.8784407346895,394.8179138959173,390.2569270102,390.3907775878906,76431500.0,-0.0138645470218813,0.0100298714133493,0.0029189724994169,-0.0206054443040977,0.0492996579525365,0.0092585034116563,0.0095419131891034,0.0103680698879931,0.0116831317427585,-0.0012476081972755,0.2416640538569132,0.9625670402255206,0.009840232600854716,0.011187586034069651
2027,2023-02-17,388.26803395095567,389.6545122847336,386.3460949650578,389.41546630859375,89257800.0,-0.002501420822115,0.0100278436072571,-0.001913551922935,-0.0124208500887937,0.028340841752337,0.00928270364343,0.0090586351457167,0.0097045428889354,0.0084958549567572,0.0029552583712905,0.1678143173953148,1.1259064647116248,0.010671030116389134,0.011486480092183863
2028,2023-02-21,385.39950609313314,386.4513142893378,381.3452954245831,381.60345458984375,82655900.0,-0.020264818014408,0.009051017154062,-0.0338488594254443,-0.0265554676249555,-0.0038513811575994,0.0098833211941108,0.0108347270549497,0.0105061467504962,0.0133804314487738,-0.0098496532644026,-0.0739644042313388,1.0436318726034244,0.006335138833340457,0.011027832679848587
2029,2023-02-22,382.0145867260471,383.5540580010402,379.624126941612,381.0775451660156,83742300.0,-0.0013791074049317,0.0090577077211138,-0.0347677099847074,-0.0409283221864271,-0.0041565915938355,0.0097442364700722,0.009384341542295,0.0105077158317325,0.0103126807372396,-0.0024528947129013,0.0131436473379396,1.0414269221363242,0.0064260511123249466,0.01169159320333474
2030,2023-02-23,383.9652350352112,384.5772067863999,378.88790045752,383.1046752929688,96242400.0,0.0053053704403866,0.0105637148566369,-0.0327045228229494,-0.0246281569996594,0.0007741828007053,0.0103111268726681,0.0094675608944806,0.0105796982248624,0.0148505270120475,-0.0022412439036661,0.1492686491772974,1.1884239722747505,0.0071626394210991436,0.011636445426570373
2031,2023-02-24,378.0942481460913,379.84405183245593,376.3922419822525,379.0121765136719,108194400.0,-0.0107399229062602,0.0109613482717761,-0.0295798987073283,-0.0266609262079112,-0.0208962611992489,0.0098402326008547,0.009636838550419,0.0105149948320727,0.0091073851029135,0.0024277765982462,0.124186429266103,1.3070339340242287,0.00832263935826255,0.011496590153660566
2032,2023-02-27,382.3492272761536,383.707021167783,379.3659383654355,380.3030090332031,80444700.0,0.0033999945940746,0.010768607452311,-0.0236784832911387,-0.0255920352140736,-0.019791268569861,0.0106710301163891,0.0097041177196579,0.0105363483894633,0.0114148000390091,-0.0053516996948776,-0.2564800026618753,0.9647556749690092,0.00845058474931483,0.0114786114132476
2033,2023-02-28,379.82499112745273,381.785156708453,378.7922960384065,378.8974914550781,96438600.0,-0.0037026297610764,0.0124068098976494,-0.0071162950378071,-0.0409651544632513,-0.0108677718533322,0.0063351388333404,0.0083181133499835,0.0102012584361603,0.0078988664151694,-0.0024419132338329,0.1988185672890818,1.1413483527047206,0.011852507678743,0.01145826875119448
2034,2023-03-01,378.0846868266854,379.3086010755079,376.1436346387775,377.4440307617188,99706800.0,-0.0038434025895548,0.0124889778141713,-0.0095805902224302,-0.0443483002071375,-0.0293073735345464,0.0064260511123249,0.0082220314421649,0.0095749943838529,0.0083852602738032,-0.0016944776852607,0.0338889199967646,1.171091286917471,0.011540620861291383,0.011848604366106732
2035,2023-03-02,375.4742885040699,381.2209631061389,375.1396183015111,380.3795166015625,85127800.0,0.0077471874081989,0.0135967067795671,-0.0071387732546179,-0.0398432960775672,-0.032132073181794,0.0071626394210991,0.0087930004899279,0.009407462181461,0.0159875717256296,0.0130640852055025,-0.1462187132672997,1.009538206458567,0.0140672600748805,0.011799153580937841
2036,2023-03-03,382.1962660076362,386.7285976253681,381.5460679461616,386.47998046875,90120000.0,0.0159105874875132,0.0126874546583994,0.0195117371391554,-0.0100681615681727,-0.0306736058722705,0.0083226393582625,0.0100298714133492,0.0095431694152171,0.0134095682599671,0.0112081536166242,0.0586435923399877,1.076101075169696,0.009636225962957608,0.011678333024339698
2037,2023-03-06,387.3023155770407,389.5971805098177,386.3079052319517,386.7477416992188,72795900.0,0.0006925805516156,0.0132861626451219,0.0168043230966964,-0.0068741601944421,-0.0192950102832359,0.0084505847493148,0.010027843607257,0.0093050268006983,0.0085049631147533,-0.001431888877286,-0.192233688415446,0.8807759637704827,0.009122201097839315,0.011697113736744128
2038,2023-03-07,386.6998590400402,386.9389049862105,380.207362971541,380.8193054199219,108310600.0,-0.0154476516232574,0.0132101342593323,0.0050593012345154,-0.0020569938032915,-0.0286124614282471,0.011852507678743,0.0090510171540619,0.0097974721709895,0.0176764725917631,-0.0152070229213852,0.4878667617269654,1.2734857525822894,0.013934716910293868,0.01116289118875779
2039,2023-03-08,380.93414163742426,382.1962822868647,379.21299300204765,381.44091796875,74746600.0,0.0016309723833132,0.0143313220966913,0.0105336762073834,0.0009530859849533,-0.0399752362014738,0.0115406208612913,0.0090577077211137,0.0092300254764231,0.0078211045126035,0.0013303515645706,-0.3098865669657448,0.8873232773763999,0.013679883247647646,0.011200292100738965
2040,2023-03-09,382.2249278212765,383.8887075845493,373.4184826190144,374.4033508300781,111945300.0,-0.0186222765915223,0.0129987200326629,-0.0158357877923377,-0.0229745610469555,-0.047602718046615,0.0140672600748805,0.0105637148566369,0.0097634596616967,0.0279650941753637,-0.0204632833232049,0.4976641077988832,1.3013235754572974,0.014117961723957894,0.010181156733856944
2041,2023-03-10,373.8583166785041,375.9332484862883,367.48058669730784,369.00091552734375,189253000.0,-0.014534569288687,0.0118998469757921,-0.0462809445685379,-0.0267692074293823,-0.0534301336372936,0.0096362259629576,0.010961348271776,0.0100451059172305,0.0229068856831984,-0.0129926256404171,0.6905845980134941,2.0671619839590774,0.01332285114371577,0.0093827897254711
2042,2023-03-13,365.0805347641921,373.28460811867615,363.9713580532645,368.4749755859375,157790000.0,-0.0014263246755815,0.0118120846209533,-0.048399849795735,-0.0315955266990384,-0.0571875619131121,0.0091222010978393,0.010768607452311,0.0099815549893712,0.025275122280969,0.0092977863745539,-0.1662483553761367,1.6453064788673943,0.013344889943248582,0.009346669886485286
2043,2023-03-14,373.38980130348455,376.21055539266825,370.0909552792131,374.56591796875,149752400.0,0.0163950029404234,0.0109422256465291,-0.0165571952320542,-0.0114978939975386,-0.05246304846079,0.0139347169102938,0.0124068098976494,0.0103910271155959,0.0163378455430258,0.0031498360725432,-0.0509385892642119,1.4953549875905,0.012702459031234011,0.008944547576063108
2044,2023-03-15,368.98181836154816,372.4240570496017,366.8973152870415,372.2232666015625,172996900.0,-0.0062739501320046,0.0112896983105738,-0.024462117747372,-0.0139284415399884,-0.058276741747126,0.0136798832476476,0.0124889778141712,0.0104086393796483,0.0148479212839645,0.0087848454279072,0.1552195490689965,1.657448501050487,0.015602830855462779,0.009029226389578947
2045,2023-03-16,369.8710404113854,379.0982086417623,369.3642641428275,378.75396728515625,143254200.0,0.0173929781748012,0.0102453325127926,0.0115531370189514,-0.0042826507733861,-0.0441259468509534,0.0141179617239578,0.013596706779567,0.011292553695877,0.0256999142971519,0.0240162810905413,-0.1719262021458187,1.3207978159392897,0.013232051509773475,0.00846029816243455
2046,2023-03-17,377.4256197444262,378.55821591341066,372.94318572096427,374.3253479003906,140553400.0,-0.0117614980183414,0.0095365651543643,0.014326208289297,-0.0319547362792407,-0.0420228978474135,0.0133228511437157,0.0126874546583993,0.0111875860340696,0.0150004006513087,-0.0082142591330576,-0.0188531994175389,1.2586896064126691,0.01187910476679094,0.007796010608015497
2047,2023-03-20,375.10286177523193,378.33752477252494,374.4022021758944,377.9247741699219,93055800.0,0.0095698322513029,0.0093930372835715,0.0253223652161814,-0.0230774845795534,-0.0299516447739956,0.0133448899432485,0.0132861626451218,0.0114864800921838,0.0104129786285488,0.007523036164893,-0.3379327714591038,0.8319223718635553,0.011287882444300287,0.007652985675981649
2048,2023-03-21,381.28421132599215,383.36706269720565,379.69088436328576,382.88714599609375,91524200.0,0.0130451221048482,0.0093061104802311,0.0219724843806062,0.0054152891485521,0.0033582953452605,0.012702459031234,0.0132101342593323,0.0110278326798485,0.0096012059228475,0.0042040415587287,-0.0164589418391976,0.8149990340585308,0.009224168266732112,0.007257989685791989
2049,2023-03-22,382.71431965042825,386.3232727268631,376.3218267349629,376.3601989746094,111746600.0,-0.0171936269667786,0.0066583750246496,0.0110528075458322,-0.0134093102015396,-0.0124562242165863,0.0156028308554627,0.0143313220966913,0.0116915932033347,0.0265741330224318,-0.0166027774493066,0.2209513986464781,0.9828198738469436,0.006291740134938035,0.006001863335028365
2050,2023-03-23,379.2205184817109,383.25182988301947,374.6709182110407,377.3776550292969,119351300.0,0.0026997627020548,0.0066456652369989,-0.0036404079269141,0.0079127290920374,-0.0150618319549181,0.0132320515097734,0.0129987200326629,0.0116364454265703,0.0227382611493322,-0.0048596090206096,0.0680530772300902,1.0391437757511237,0.006203436901407343,0.006013207635762442
2051,2023-03-24,376.10105243097433,379.94038538264834,373.7590569871103,379.85400390625,107682400.0,0.0065405551278103,0.0066396450377069,0.0146616452192375,0.0289878535085347,0.0022186460791523,0.0118791047667909,0.0118998469757921,0.0114965901536605,0.0162729057268635,0.0099785721178337,-0.097769358188809,0.937756371221501,0.0073672677749327484,0.005937384238973641
2052,2023-03-27,382.1287415933862,382.8966256334002,379.6715712489034,380.564208984375,74010400.0,0.0018679333887276,0.0067007609921769,0.0069597463566622,0.0322821115728438,0.0006865848738053,0.0112878824443002,0.0118120846209532,0.0114786114132476,0.0084744027640004,-0.0040942552567166,-0.3126973395838132,0.6463332597140936,0.00709048341962073,0.007185586961396664
2053,2023-03-28,379.8731161528176,380.5641971213973,377.8766762945765,379.7099609375,62871700.0,-0.0022472114407251,0.0068916880716036,-0.008332587188911,0.0136398971916953,0.0021420031941566,0.0092241682667321,0.0109422256465291,0.0114582687511944,0.0070778254544213,-0.0004294992416677,-0.1505018213656459,0.5572261893836259,0.008251137961203189,0.00724953625769088
2054,2023-03-29,383.8660584843338,385.46899270747423,382.6662670661032,385.2290344238281,77497900.0,0.0144303514175803,0.0066736735669635,0.0232913911954478,0.0343441987412802,0.0204157572012917,0.006291740134938,0.0112896983105738,0.0118486043661067,0.0072754787176489,0.0035506549989752,0.2326356691484403,0.6936839572600334,0.007656969803533378,0.007833590104924237
2055,2023-03-30,387.8589998974814,388.10856590647154,385.6226013974357,387.4846801757813,69840000.0,0.0058382609661503,0.0067918847006415,0.0264298894595433,0.0227894815326293,0.0185068307592431,0.0062034369014073,0.0102453325127926,0.0117991535809378,0.0064156459241384,-0.0009650922675483,-0.0988142904517412,0.6294447664470609,0.007530842356052424,0.007935591470579213
2056,2023-03-31,388.4060846284512,393.2436518891425,388.3004877505952,392.9461059570313,112062600.0,0.0139961545143856,0.0054362213519884,0.0338854888461186,0.0485471340653563,0.0165923977861155,0.0073672677749327,0.0095365651543643,0.0116783330243396,0.0125797509215877,0.0116888522303225,0.6045618556701031,1.0000940634201638,0.004136640631869318,0.007381177921998066
2057,2023-04-03,392.42785614585927,394.846625551224,392.0343209722465,394.4435119628906,67391100.0,0.0038034735966902,0.0053531370593931,0.0358210290540812,0.0427807754107436,0.0197032908311901,0.0070904834196207,0.0093930372835715,0.0116971137367441,0.0071298031116862,0.0051363729293523,-0.3986298729460141,0.6028806831021359,0.003616406041946788,0.00781175595167497
2058,2023-04-04,395.0865256835199,395.3744932102715,390.8824517022873,392.2550354003906,66601500.0,-0.0055637123398043,0.0048937894060212,0.032504528155002,0.0241719409660911,0.0295872301146432,0.0082511379612031,0.009306110480231,0.0111628911887577,0.0114518389888838,-0.0071667599350057,-0.0117166806892898,0.6071440926962347,0.003137580141591504,0.007866680936124493
2059,2023-04-05,391.5255427585898,392.2838191469049,389.577082640603,391.2279968261719,65200200.0,-0.0026217266239317,0.0052215412623032,0.01545245011349,0.038743841308938,0.0253345311073983,0.0076569698035333,0.0066583750246496,0.0112002921007389,0.0069185654612149,-0.0007599655703724,-0.0210400666651652,0.5969673146290557,0.006445762473481409,0.00800572595878116
2060,2023-04-06,390.4313108155922,393.03247968178334,389.3850962213968,392.7541198730469,63743300.0,0.0038932647621746,0.0051247320006424,0.0135074539095143,0.0399373433690578,0.0478500724610952,0.0075308423560524,0.0066456652369988,0.0101811567338569,0.0092866841513095,0.0059493411340459,-0.022345023481523,0.5967973937014358,0.006805056097462445,0.008995334219161513
2061,2023-04-10,390.277787817443,393.2340906618624,389.6635097627265,393.15728759765625,63681000.0,0.0010259878050965,0.0051248408847498,0.0005372872002252,0.034422776046344,0.0634106295548787,0.0041366406318693,0.0066396450377068,0.0093827897254711,0.0090818128310772,0.0073780775388635,-0.0009773576203302,0.6334505268036233,0.006847782843991661,0.00899423808690267
2062,2023-04-11,393.7812271299072,394.6642573806665,392.4950539964702,393.2629089355469,59297900.0,0.0002686129857581,0.0073769605530647,-0.0029975734107068,0.0328234556433745,0.0651055672162183,0.0036164060419467,0.0067007609921769,0.0093466698864852,0.0055159114549291,-0.0013162592796465,-0.0688290070821752,0.6202336805300602,0.0068242168189016975,0.009057523063796593
2063,2023-04-12,395.3264818376402,395.61444936283374,391.0744279375137,391.659912109375,86420400.0,-0.0040844755987492,0.0073848210770065,-0.0015183366696517,0.0309861914853504,0.0446260886770457,0.0031375801415915,0.0068916880716035,0.0089445475760631,0.0115917439721331,-0.0092747890584548,0.4573939380652603,0.9348897014835924,0.00611327661871677,0.009053575593155767
2064,2023-04-13,392.7445509263928,397.2173772579594,391.60234704835096,396.86224365234375,85814800.0,0.0131953350687954,0.0088998933379764,0.0142987250230753,0.0297511751365655,0.0640953738778457,0.0064457624734814,0.0066736735669635,0.0090292263895789,0.014148562377547,0.0104844044716554,-0.0070076046859306,0.9742820833347762,0.0034000340142237647,0.00856128929818856
2065,2023-04-14,396.22873922494233,398.4171577397506,393.58919793642514,395.8927917480469,78161500.0,-0.002445780459953,0.0092662156018637,0.0079596798009477,0.0214671337104622,0.0442566152430915,0.0068050560974624,0.0067918847006415,0.0084602981624345,0.012195119244298,-0.000847862468413,-0.0891839169933391,0.9214398045868336,0.0033072440079362606,0.008549114144091709
2066,2023-04-17,395.8064701519047,397.3326016491202,394.5778846470639,397.31341552734375,66436400.0,0.003581982302258,0.0092288232937695,0.0105156742981092,0.0110529614983346,0.0596000955636909,0.0068477828439916,0.0054362213519883,0.0077960106080154,0.0069333601494427,0.003807278276327,-0.1500111947698035,0.8189936951080227,0.00274216870603782,0.008546041331817973
2067,2023-04-18,398.8874765900454,399.0218673008723,396.1999552913603,397.572509765625,63560000.0,0.0006519029692505,0.0099366274403192,0.0108989642816016,0.0079013908708949,0.0506821662816385,0.0068242168189016,0.005353137059393,0.0076529856759816,0.0070978549577674,-0.0032965858834717,-0.0432955428048479,0.7980437131080563,0.007230352732193402,0.008668857157516833
2068,2023-04-19,395.6624782963843,398.4075874340768,395.60489064257166,397.50537109375,55227300.0,-0.0001688857749683,0.010113514258045,0.0148145541053825,0.0132962174357309,0.037468158401822,0.0061132766187167,0.0048937894060211,0.0072579896857919,0.0070507142678183,0.004657739610035,-0.1310997482693517,0.7095896224478724,0.006918467271190194,0.009112316447046862
2069,2023-04-20,394.69301944461137,397.0830241368381,393.79077385332334,395.3361206054688,75840400.0,-0.0054721048885071,0.0101979948463565,-0.0038528858519199,0.0104458391711555,0.0491896804800935,0.0034000340142237,0.0052215412623032,0.0060018633350283,0.0083277244651275,0.0016293704959929,0.3732411325558193,0.9974458340383304,0.012884014656090508,0.009246114790242555
2070,2023-04-21,395.63361128968654,396.1039201394264,393.6947589557848,395.6432189941406,73457400.0,0.0007765017080163,0.0120141716518202,-0.0006306036839506,0.0073290761169972,0.047266419486055,0.0033072440079362,0.0051247320006423,0.0060132076357624,0.0060892265252682,2.4284348396902463e-05,-0.0314212477782289,0.9961688317764424,0.013413820678282045,0.009260948628361458
2071,2023-04-24,395.4416619438188,396.4782981802782,394.1075090570705,396.0559692382813,64332100.0,0.0010426947195884,0.0120099419325216,-0.0031698912666202,0.0073457830314891,0.0417685590778331,0.0027421687060378,0.0051248408847497,0.0059373842389736,0.0059859951808512,0.0015534713551496,-0.1242257417224133,0.8988395595815957,0.013474147405423942,0.009261066110207881
2072,2023-04-25,394.0882614021865,394.6449810037149,389.7114248085009,389.7690124511719,97766700.0,-0.0160012498348414,0.0107875138485451,-0.0198230440707121,-0.0089240797891103,0.0238993758542641,0.0072303527321934,0.0073769605530646,0.0071855869613966,0.0126576409042575,-0.0109601055754528,0.5197187718106513,1.3436835874992663,0.012046141690244266,0.008863941956200654
2073,2023-04-26,390.3833857943013,391.4583943618871,387.56147365849546,388.1181640625,80447000.0,-0.0042444480816684,0.0106560779648212,-0.0238986063774122,-0.0090840522720295,0.0219021392133208,0.0069184672711901,0.0073848210770064,0.0072495362576908,0.010040552244713,-0.0058025567025408,-0.1771533661256848,1.0924513818938952,0.012457792478420788,0.008982817887308958
2074,2023-04-27,390.652086810784,396.11353970438057,390.4025208217605,395.84478759765625,92968400.0,0.0197123440996125,0.0086894997084694,0.0012858426107073,-0.0025670432412124,0.027184131895353,0.0128840146560905,0.0088998933379764,0.0078335901049242,0.0144274196896204,0.0132923922901949,0.1556478178179423,1.2493653620023517,0.007673583015448535,0.008049380649944263
2075,2023-04-28,394.9617574024191,399.23302689490464,394.9041697532796,399.2234191894531,89433100.0,0.0084990241099755,0.0081520040537247,0.0090083650126665,0.008377761328716,0.0298448950391782,0.013413820678282,0.0092662156018636,0.0079355914705792,0.0108431943957946,0.0107900618405743,-0.038026899462613,1.1862388069421812,0.011731674604485239,0.008338499691450405
2076,2023-05-01,398.781880454679,400.845515871164,398.5899021077479,398.8202819824219,62122300.0,-0.0010103136976849,0.0082751240169248,0.0069553565953932,0.0037854653287731,0.0148384268271077,0.0134741474054239,0.0092288232937694,0.007381177921998,0.0056557147801112,9.62970727232256e-05,-0.3053768682959664,0.8522145646472453,0.01176139330808954,0.008331131220041338
2077,2023-05-02,398.1099974743272,398.1580067083917,391.43917444922255,394.3378601074219,103998500.0,-0.0113028395163814,0.0077239694545606,0.0116537669138532,-0.0081692771568587,-0.0002678862859638,0.0120461416902442,0.0099366274403191,0.0078117559516749,0.017038263222656,-0.0094751133878484,0.674092878080818,1.3917402504178291,0.010651536438430155,0.00799292426585403
2078,2023-05-03,394.83697342513307,397.2461641447407,391.3911757317852,391.6311340332031,91531800.0,-0.0068876426294009,0.0081962147606718,0.0090105723661207,-0.0148880340112913,-0.0015918165755604,0.0124577924784207,0.0101135142580449,0.0078666809361244,0.0149502628982993,-0.0081194001770399,-0.1198738443342932,1.2048092702544126,0.01000526359941573,0.007996129069797549
2079,2023-05-04,390.584896203044,390.9112359586152,387.5230261150929,388.8572082519531,94901900.0,-0.0071082098494452,0.007885464858357,-0.0178099815829369,-0.0165241389722294,-0.0060782998010739,0.0076735830154485,0.0101979948463564,0.0080057259587811,0.0087132494180922,-0.0044233352796949,0.036818897913075,1.225218704906496,0.008971389580018791,0.008194983360307832
2080,2023-05-05,392.485388641624,397.1021838881152,392.22624422840113,396.0559692382813,87891800.0,0.0183433353998343,0.0059771610071975,-0.0079656702930781,0.0010426947195885,0.0083717708365857,0.0117316746044852,0.0120141716518202,0.0089953342191615,0.012311238911742,0.0090973592902781,-0.0738668035097295,1.1172989200279388,0.003339395708469492,0.007375487761883755
2081,2023-05-08,396.3823322476967,396.6414766761157,394.76021173712985,396.16156005859375,50046800.0,0.0002665702715047,0.0059742777976466,-0.0066887863238885,0.0002665702715048,0.0076123533029939,0.0117613933080895,0.0120099419325215,0.0089942380869026,0.0047487316505609,-0.000556967783733,-0.430586243540353,0.6417669531720607,0.003794272889109101,0.007367990055228738
2082,2023-05-09,394.6162642629288,395.5376960174301,394.19393527299343,394.4242858886719,49220100.0,-0.0043949103696924,0.0070285016283035,0.0002191428228004,0.0118729097366538,0.0029488299475434,0.0106515364384301,0.010787513848545,0.0090575230637965,0.0034068914935323,-0.0004864938210681,-0.0165185386478255,0.6352707352004774,0.004548756872638452,0.007329502571264687
2083,2023-05-10,397.2557473304781,397.8892407221348,392.44697389350114,396.2671203613281,96142900.0,0.0046613325877849,0.007301325028003,0.0117681180399862,0.0207786904061071,0.0116946381340775,0.0100052635994157,0.0106560779648211,0.0090535755931557,0.0137338339443131,-0.0024886410726425,0.953325978614428,1.2331536716575349,0.007080893830771491,0.007363303326492148
2084,2023-05-11,395.40337837653095,395.8640796589068,393.5028977113591,395.5761413574219,70157100.0,-0.0017452423041208,0.0078116483963076,0.0171310855853106,-0.0006788959976261,-0.0032459392388386,0.0089713895800187,0.0086894997084694,0.0085612892981885,0.0059689695628389,0.0004369284390038,-0.2702830890268548,0.9089806033582236,0.00770846002008913,0.007312589313242081
2085,2023-05-12,396.8142197460938,397.0253842033069,392.6389398327061,395.0577087402344,70481500.0,-0.0013114356068267,0.0086645048686175,-0.0025236854213503,-0.0104893557144283,-0.0021115943857123,0.0033393957084694,0.0081520040537247,0.0085491141440917,0.011103300286402,-0.0044265324135393,0.0046239083428476,0.9177496730879348,0.007730849522608142,0.007422709224860795
2086,2023-05-15,395.6624389099318,396.8238288685914,393.75238023444746,396.4207153320313,54289400.0,0.0034442074420169,0.0086630035896748,0.0006539517491618,-0.0060348345747265,-0.0022493692459534,0.0037942728891091,0.0082751240169247,0.0085460413318179,0.0077479518989601,0.0019164731031548,-0.229735462497251,0.7125451128794051,0.007843820643785334,0.007473574886116377
2087,2023-05-16,395.31692397910456,396.2383850257728,393.7619987390595,393.7716064453125,57705500.0,-0.0067049976021454,0.0085461187347055,-0.0016561354832911,-0.0014369926604905,-0.0096062698173493,0.0045487568726384,0.0077239694545606,0.0086688571575168,0.0062888899203991,-0.0039090598961397,0.0629238856940765,0.7603023000575772,0.009351387690997059,0.007147368139922723
2088,2023-05-17,395.7871593165039,399.1561533635068,394.1458530222317,398.5514831542969,87287000.0,0.0120656200964855,0.0082331676098719,0.0057481520254094,0.0175162700653958,0.0026282360541044,0.0070808938307714,0.0081962147606717,0.0091123164470468,0.0125712751126193,0.0069843696863909,0.5126287788858948,1.126268103214297,0.00797438850890622,0.007164317067916986
2089,2023-05-18,398.23468451704434,402.8131064286181,398.0139416856029,402.3907775878906,97177200.0,0.0095870177610004,0.008863125967308,0.0170804120905306,0.0342114976758414,0.0176873587036119,0.0077084600200891,0.007885464858357,0.0092461147902425,0.0119266270757583,0.0104362910425206,0.1133066779703735,1.236855879800822,0.007628073359360547,0.007143208152308578
2090,2023-05-19,403.29311788250186,403.82101441184767,400.5863812999512,401.8053588867188,103793300.0,-0.0014559105124437,0.0088846223190312,0.0169359371849136,0.0144122517635634,0.0154549464831519,0.0077308495226081,0.0059771610071974,0.0092609486283614,0.0080502488091713,-0.0036890264916856,0.0680828424774535,1.2960437396796791,0.010223876386103234,0.007300898884414292
2091,2023-05-22,401.8245672616326,403.50427528786696,400.586374286309,401.9685363769531,60745400.0,0.0004060283456272,0.0088668309514561,0.0138977580885239,0.0145517098376859,0.0148182801091907,0.0078438206437853,0.0059742777976465,0.0092610661102078,0.0072590283504717,0.0003582884847028,-0.4147464239021208,0.7602165986685377,0.010224043804481648,0.007481720530891624
2092,2023-05-23,400.3272283937197,401.9013689419868,397.0638012887145,397.4573364257813,86383500.0,-0.0112862192492462,0.0078311586837013,0.0093165364414231,0.0076604009581321,0.0195333106947859,0.009351387690997,0.0070285016283034,0.0088639419562006,0.0121712878589061,-0.0071688652791706,0.4220582957721901,1.088827959737182,0.008768178277441151,0.00679088473176323
2093,2023-05-24,395.85441436146,396.2383417764392,393.4164298740769,394.5778198242188,89213700.0,-0.007271215843484,0.0069831284276393,-0.0100202994985463,-0.0042721474731367,0.0165065429329703,0.0079743885089062,0.0073013250280029,0.0089828178873089,0.0071517246043363,-0.0032249091861219,0.032763201305805,1.1183226833216002,0.007543744533167608,0.0068160457118193055
2094,2023-05-25,398.0811934806872,399.4441694496832,395.8447951170828,397.9948120117188,90961600.0,0.0086225873088533,0.0068454523723147,-0.0109847299506934,0.0060956821398373,0.0054167861422111,0.0076280733593605,0.0078116483963076,0.0080493806499442,0.0090437719889032,-0.0002169945990492,0.0195922823512533,1.141669162245956,0.008569378487101407,0.006837981522846871
2095,2023-05-26,398.6475494260872,403.8690448929482,398.5707756508926,403.149169921875,93830000.0,0.0128676720950287,0.0063592909498192,0.0033388526567789,0.0202747898416927,0.0097854341272643,0.0102238763861032,0.0086645048686174,0.0083384996914504,0.0131422055093957,0.0112922317025867,0.0315341858542506,1.1744301657451026,0.0082828678688256,0.0066887401405848765
2096,2023-05-30,405.078431774124,405.6063283533129,401.920572129655,403.302734375,72216000.0,0.0003808397107449,0.0063526329812039,0.0033136640218966,0.0172114221104207,0.0111765875356941,0.0102240438044816,0.0086630035896747,0.0083311312200413,0.0091389318978204,-0.0043835891023547,-0.2303527656399872,0.8982229201324647,0.008160406700676377,0.0066871546842297335
2097,2023-05-31,401.4789748516719,402.3812202796991,399.5017210732584,401.0662536621094,110811800.0,-0.0055608470972346,0.0055497285376021,0.0090390361739082,0.0183555726153315,0.0169185799548409,0.0087681782774411,0.0085461187347054,0.007992924265854,0.0071796098029893,-0.0010280020011384,0.5344494294893098,1.3724622602232133,0.007599960791997251,0.0064490945970612865
2098,2023-06-01,401.2966428186588,405.93265339027886,400.048871425913,404.8768310546875,88865000.0,0.0094562652382077,0.0058959224157345,0.0257665172555999,0.0157462177570537,0.0332624878224495,0.0075437445331676,0.0082331676098718,0.0079961290697975,0.0145322762703878,0.0089215504293329,-0.1980547198042085,1.1024603294478734,0.007139215453330654,0.006595712017521572
2099,2023-06-02,407.4491692853337,411.51885243910056,406.92127277329087,410.7318115234375,91426200.0,0.0143575748012683,0.0053508541573094,0.0315015047480149,0.0205167747973216,0.054728272473163,0.0085693784871014,0.0088631259673079,0.0081949833603078,0.0111936293630554,0.0080565687343566,0.0288212457097845,1.136685279009214,0.0037324268880140894,0.005997643532745202
2100,2023-06-05,411.0773899248413,412.3635629860605,409.2441048720611,409.9447937011719,65460200.0,-0.0019179736781019,0.0057724913626651,0.0167158589748843,0.0200547116316634,0.0344669633952268,0.0082828678688256,0.0088846223190312,0.0073754877618837,0.0076094590343141,-0.0027551897803878,-0.2840104915221239,0.8253639388677771,0.004727823083093734,0.0059835953584517305
2101,2023-06-06,409.53204325524,411.3652988856477,408.8793344192004,410.83740234375,64022200.0,0.0021750203617206,0.0062870213729959,0.01851003962586,0.0218237036477568,0.0363754134854427,0.0081604067006763,0.0088668309514561,0.0073679900552287,0.0060509691967316,0.0031874406655315,-0.021967546692494,0.8001826783526153,0.004914871542502071,0.006378438273112399
2102,2023-06-07,411.2309077542299,412.36350381538136,408.99448016231673,409.4168090820313,85373300.0,-0.0034637912546352,0.0059986549988591,0.0206070954684594,0.0296461316423678,0.0373065326004999,0.0075999607919972,0.0078311586837012,0.0073295025712646,0.0082288356958729,-0.0044113869798979,0.3334952563329594,1.0434647312286889,0.0033373278631658268,0.006343243050764606
2103,2023-06-08,409.4839979895144,412.3443112113528,408.716143215812,411.8931884765625,61952800.0,0.0060303342375841,0.0066624998539012,0.0171811644678358,0.0429476817234359,0.0386755342502991,0.0071392154533306,0.0069831284276392,0.0073633033264921,0.0088085166180097,0.0058834789610258,-0.2743304991138916,0.7733694797006553,0.004747229583745636,0.006261519144573795
2104,2023-06-09,412.6898813507892,414.6383416076032,411.64366666036057,412.6322937011719,85742800.0,0.0017928018928481,0.0068725606869416,0.0046163915594156,0.0361178963074307,0.042213578447268,0.003732426888014,0.0068454523723146,0.007312589313242,0.007257490489611,-0.0001395421894737,0.384002014436797,1.060032944757941,0.0062749872745839486,0.006358761118699276
2105,2023-06-12,413.61131547404943,416.4524134072559,412.8914406087862,416.3756103515625,76104300.0,0.0090308960221528,0.0071440922618408,0.0155652612596703,0.0322811202345548,0.0525559100762475,0.0047278230830937,0.0063592909498191,0.0074227092248607,0.0085523088046945,0.0066833154077151,-0.1124117710175082,0.93761388408199,0.00722509305485496,0.006300212795354614
2106,2023-06-13,417.8346155400201,419.76386044542505,417.1723282571571,419.1207885742188,95899700.0,0.0065713942154198,0.006862482531786,0.0199616351133695,0.0384716747392297,0.0556830968496504,0.004914871542502,0.0063526329812038,0.0074735748861163,0.0061832585233576,0.0030781868863029,0.2601088243371268,1.1519680667206615,0.007387642093387867,0.006362655658904906
2107,2023-06-14,419.456717805613,421.4243641568749,416.1740753599218,419.619873046875,100612100.0,0.001190080687386,0.006955823013903,0.0246155070553907,0.0452226025238503,0.0635781751391818,0.0033373278631658,0.005549728537602,0.0071473681399227,0.012512011785406,0.000388968001551,0.0491388398503853,1.178211723658732,0.007565406863440968,0.006382306017952546
2108,2023-06-15,418.8040012480244,426.0699454976172,418.7080413628314,424.8221740722656,110303100.0,0.0123214301318314,0.0068469298696583,0.030906602949638,0.048087767417474,0.0638339851745277,0.0047472295837456,0.0058959224157345,0.0071643170679169,0.0173293782295212,0.0143699028813173,0.0963204226926979,1.2745215738778255,0.004264489042340812,0.005883421873928126
2109,2023-06-16,426.8047878199797,427.3731894001626,422.90303570152577,423.3750915527344,114165800.0,-0.0034121400343357,0.0067060387939822,0.0257016610224542,0.03031805258187,0.0508348273791916,0.0062749872745839,0.0053508541573093,0.0071432081523085,0.0105583766920308,-0.0080357492819221,0.0350189613891178,1.3063324383076484,0.004269990488828147,0.005942856516779923
2110,2023-06-20,421.4387253030806,422.32503554227975,419.1072877770987,421.1785888671875,76160400.0,-0.005201582063836,0.0064224926973861,0.0114691829364654,0.0270344441961359,0.0470891558277993,0.0072250930548549,0.005772491362665,0.0073008988844142,0.0076398654875491,-0.0006172580265518,-0.3328965416963749,0.8854573977885423,0.007608219258748535,0.005720156234276273
2111,2023-06-21,420.1959468611093,420.9955547817965,418.4329109170005,419.0205993652344,76982300.0,-0.0051368634425744,0.0067764207954488,-0.0002390747215287,0.0197225603918409,0.0415462640395977,0.0073876420933878,0.0062870213729958,0.0074817205308916,0.0061157944709116,-0.0027971414399754,0.010791697522597,0.8866442290261003,0.0071460028001927405,0.005829274345196824
2112,2023-06-22,418.0668136298408,420.6390713007603,417.72961825633774,420.5331115722656,70637200.0,0.0036031377711472,0.0068000237953321,0.0021739823622324,0.0267894894176233,0.0564356210599911,0.0075654068634409,0.005998654998859,0.0067908847317632,0.0069184874255081,0.0058992913620943,-0.0824228426534411,0.8210093270891223,0.007181388299848944,0.00583096468414107
2113,2023-06-23,417.0841314152319,419.13617505158805,416.6409763099136,417.3538818359375,92074500.0,-0.0075887202418165,0.0061940498853294,-0.0177361680114154,0.0131704349382227,0.0561181166616586,0.0042644890423408,0.0066624998539012,0.0068160457118193,0.005978616349986,0.0006467530178869,0.3034845662059084,1.068396734209936,0.006771389187284129,0.005421889724793578
2114,2023-06-26,416.7854848977608,418.7026386450145,415.4078319979814,415.648681640625,72823600.0,-0.0040941112354796,0.0060283174812992,-0.0184181392125593,0.007283521809895,0.0434014181173257,0.0042699904888281,0.0068725606869416,0.0068379815228468,0.0079269026766258,-0.0027275500187216,-0.2090796040163128,0.8540037185203575,0.005344795075392129,0.005204325575051923
2115,2023-06-27,416.5253768197751,420.82212620155866,416.0725783167209,420.20556640625,72813700.0,0.010903647192888,0.0056385464267671,-0.0023129099558353,0.0091562729806302,0.041437393215185,0.0076082192587485,0.0071440922618407,0.0066887401405848,0.0113029152028079,0.0088354510704092,-0.0001359449409257,0.8645413004980269,0.005166589890426268,0.004856718504100067
2116,2023-06-28,419.1265310456325,421.4290677123489,418.509971256602,420.4175109863281,75636000.0,0.000504255926988,0.0058674886546566,0.003328209413727,0.0030891346921984,0.0415608094314281,0.0071460028001927,0.006862482531786,0.0066871546842297,0.0069433274767706,0.0030801675510135,0.0387605629160445,0.8962317528573045,0.007199060874821122,0.0052347502974216375
2117,2023-06-29,420.003162191216,422.23825355642686,419.59855132372985,422.074462890625,67882300.0,0.0039334595273331,0.0059608176668522,0.0036585311699129,0.0058325135321455,0.0510551160559958,0.0071813882998489,0.0069558230139029,0.0064490945970612,0.006254115007619,0.0049316312015431,-0.1025133534295837,0.8253480755347847,0.007231335897559087,0.005512493788650132
2118,2023-06-30,425.2827088718478,428.0380149404403,424.9647708481831,427.0553588867188,104964000.0,0.0117319001124423,0.0050436698724056,0.0229791515241717,0.0052429835127564,0.0533307509302304,0.0067713891872841,0.0068469298696582,0.0065957120175215,0.0071963599760667,0.0041681685568015,0.5462646374680882,1.263837369016274,0.004021047581795337,0.005025391285850309
2119,2023-07-03,426.7085093216887,427.82602579498047,426.4291155030701,427.5466613769531,32793400.0,0.0011497809102013,0.0053475982204804,0.0282230436698526,0.0098049044572934,0.0401229570391634,0.0053447950753921,0.0067060387939822,0.0059976435327452,0.0032672697932232,0.0019642262503664,-0.6875747875462064,0.4093025995883559,0.005368919489289244,0.005124012093474569
2120,2023-07-05,425.7355410321933,427.6430811230002,425.72589763659545,426.910888671875,58418400.0,-0.0014881320256817,0.0051804089453976,0.0158312644512829,0.0135183544954477,0.0405527986915836,0.0051665898904262,0.006422492697386,0.0059835953584517,0.0044908282671568,0.002760745877199,0.7814072343825282,0.732352953897169,0.006531803442976159,0.0061573067913406835
2121,2023-07-06,423.3366038147622,423.9917077726785,421.06296794825374,423.56781005859375,80658300.0,-0.0078616803378736,0.0049149491661098,0.0074653281864213,0.0107935376001485,0.0305160979919894,0.0071990608748211,0.0067764207954488,0.0063784382731123,0.0069144532584278,0.000546152262167,0.3807002588225627,1.0007245666557898,0.004489716495644957,0.0058835072754368205
2122,2023-07-07,422.5755014325792,426.43873894163033,422.25756345371417,422.4984130859375,86134200.0,-0.002527928696109,0.0046688667583569,0.0010039399629792,0.0046624711328923,0.0314519605505156,0.007231335897559,0.006800023795332,0.0063432430507646,0.0098963105148177,-0.0001824250255406,0.0678900993450146,1.0681596610627913,0.0037727646772684528,0.005963912793575362
2123,2023-07-10,422.1419696202549,423.7412147414674,421.5735680037754,423.56781005859375,62443500.0,0.002527928696109,0.0046842438435502,-0.008200031453354,0.0147791200708178,0.0279495550090405,0.0040210475817953,0.0061940498853293,0.0062615191445737,0.0051175908230423,0.0033776325050586,-0.2750440591542036,0.7741331533570502,0.0036507084771349126,0.006204975782208163
2124,2023-07-11,424.3289087055748,426.7566624993896,423.3558667490492,426.2653198242188,64463800.0,0.0063483494117817,0.0045566543523403,-0.0030014629517736,0.0252215807180791,0.0325051025279741,0.0053689194892892,0.0060283174812991,0.0063587611186992,0.0079781197113169,0.004563467345534,0.0323540480594457,0.8098616896568316,0.00377486068048752,0.006203003433402626
2125,2023-07-12,430.0515200243212,431.1016209821125,428.6256794960012,429.6950378417969,91924500.0,0.008013773866307,0.004241934674324,0.006500442940215,0.0223317073914981,0.0314879803721283,0.0065318034429761,0.0056385464267671,0.0063002127953546,0.0057620900128309,-0.0008289290141426,0.4259863675427138,1.1434883195002732,0.0035925866165173047,0.006163504481758568
2126,2023-07-13,431.5061931540125,433.8954320784897,431.0726814584312,433.1054382324219,72425200.0,0.0079054619153261,0.0045191692074808,0.0222675851934147,0.0297329133798362,0.0328220480720346,0.0044897164956449,0.0058674886546565,0.0063626556589049,0.006517467505323,0.0037061926428447,-0.2121229922381955,0.9142770291513128,0.0052368621709873876,0.005876424303310958
2127,2023-07-14,433.9917833635624,434.83954937929775,432.0746002832751,432.835693359375,69815800.0,-0.0006230097449602,0.005313772981989,0.0241725041445635,0.0251764441075429,0.0310089576396884,0.0037727646772684,0.0059608176668522,0.0063823060179525,0.0063879877247714,-0.0026638522859288,-0.0360288960196174,0.8988078685823163,0.00519097702102119,0.0058763543356834995
2128,2023-07-17,432.6912196663996,435.3887239970372,432.6430320958501,434.338623046875,52680200.0,0.0034662723834858,0.0052784583402886,0.0251108478319403,0.0169108163785864,0.0221537998913428,0.0036507084771349,0.0050436698724056,0.0058834218739281,0.006321546727588,0.0038073418308453,-0.2454401439215765,0.7043291948356608,0.0053124891755216945,0.005964075180280803
2129,2023-07-18,434.0110663595222,438.2114701147798,433.5775252322227,437.5660095214844,80668200.0,0.0074031060142327,0.0050004393560657,0.0261656044343913,0.0231641414826178,0.0329690459399112,0.0037748606804875,0.0053475982204803,0.0059428565167799,0.0105902761679882,0.0081909044204355,0.5312812024251996,1.1032306835444077,0.0043310790402465915,0.006191794540777293
2130,2023-07-19,438.3560144106052,439.724023983291,437.4889321342748,438.5390625,65891700.0,0.0022213166198832,0.0067191662252633,0.0203731471879675,0.0268735901281827,0.0403919446236304,0.0035925866165173,0.0051804089453975,0.0057201562342762,0.0050966767618703,0.0004175785967962,-0.1831762702031283,0.9075174219843006,0.004229077735834705,0.006278591492841964
2131,2023-07-20,437.5467915202886,438.442745236727,434.9167025391431,435.6296081542969,70591600.0,-0.0066565302243809,0.0064747422092134,0.0058111550482605,0.0280787402416754,0.0388722778418239,0.0052368621709873,0.0049149491661097,0.0058292743451968,0.0080941300397905,-0.0043816647799663,0.0713276482470477,0.9765461994171704,0.00422728086524977,0.006323268680758593
2132,2023-07-21,437.3444566290197,437.5467915202886,435.6199941598992,435.6296081542969,71275600.0,0.0,0.0065749690743792,0.0064341647932207,0.0306066689377844,0.0352691400706767,0.0051909770210211,0.0046688667583569,0.005830964684141,0.0044230174541004,-0.0039210476975988,0.0096895381320156,0.9855732783638584,0.006015514055092915,0.006331342786627915
2133,2023-07-24,436.7760157789645,438.38490436691495,435.7451722274282,437.5756530761719,54023400.0,0.0044572524471219,0.0070950057905225,0.0074251448568568,0.0325359926887973,0.0473151127596151,0.0053124891755216,0.0046842438435501,0.0054218897247935,0.0060326302913092,0.0018307719936985,-0.2420491725078427,0.7671994452426332,0.005870453178895512,0.006451339794997202
2134,2023-07-25,437.3059083742901,440.0226701000181,437.2577208036124,438.770263671875,55191200.0,0.0027263465552375,0.007060556903621,0.0027483853978616,0.0289139898322531,0.0541355705503322,0.0043310790402465,0.0045566543523402,0.0052043255750519,0.0063015876993738,0.003348583381891,0.0216165587504673,0.7937211250489863,0.006123412133678505,0.0063706959656145735
2135,2023-07-26,437.83576473919794,440.263518637083,436.7856637889011,438.8377075195313,71052900.0,0.0001536992598128,0.0072158709620673,0.0006807680377912,0.0210539152257589,0.043385622617257,0.0042290777358347,0.004241934674324,0.0048567185041,0.0079251504339496,0.0022883986668612,0.2873954543477945,1.0231283814596832,0.008930341666611004,0.0069966054434726236
2136,2023-07-27,442.2192143317386,442.6238546795818,435.02262562113657,435.92822265625,92194400.0,-0.0066520551191897,0.0070707019812267,0.0006852431429824,0.0064963981912431,0.0362293115710793,0.0042272808652497,0.0045191692074808,0.0052347502974216,0.0174368821824119,-0.0142259573342946,0.2975459129746991,1.3119158364832373,0.008632850251976304,0.007460978649829328
2137,2023-07-28,439.1941631701477,441.0246146496096,435.9282277689279,440.1961059570313,80011800.0,0.0097427201151955,0.0059109910105102,0.0104279632581779,0.0168621280513988,0.0420385721589417,0.0060155140550929,0.0053137729819889,0.0055124937886501,0.0115775374014306,0.0022813208164049,-0.1321403469191187,1.128817052160798,0.005846456126433984,0.0072626787941254085
2138,2023-07-31,440.6681750532694,441.39072403261815,439.357937615742,441.0342712402344,62040400.0,0.0019022620137487,0.0063055525389974,0.0078729728248047,0.0152981176816617,0.0322089340602481,0.0058704531788955,0.0052784583402886,0.0050253912858503,0.0046091348211098,0.0008307751902453,-0.2246093701179076,0.9026037345643426,0.008064861973190606,0.007448955713380965
2139,2023-08-01,439.5698514127993,440.51399258801536,438.8184017102693,439.7721862792969,55291500.0,-0.0028657506173008,0.0070019921904359,0.0022808756522664,0.0050292610501282,0.028193402532746,0.0061234121336785,0.0050004393560656,0.0051240120934745,0.0038556119069094,0.0004603019653127,-0.1087823418288728,0.7914634203948105,0.00808082046642883,0.008254686088063316
2140,2023-08-02,436.6604316074864,436.9205386548979,432.9031828085776,433.6546325683594,93933400.0,-0.0140083945638121,0.0061010540447202,-0.0118812181713584,-0.011200450133567,0.0156731399946156,0.008930341666611,0.0067191662252632,0.0061573067913406,0.0092639523358188,-0.0068836075392993,0.698875957425644,1.3112673897524108,0.0061068177961432326,0.0077057438411388835
2141,2023-08-03,431.6411275781037,434.2904737931767,430.9956375639887,432.4118347167969,64276100.0,-0.0028699845833213,0.0063285476562334,-0.00809914763549,-0.0074139044925074,0.0206648357491679,0.0086328502519763,0.0064747422092133,0.0058835072754368,0.0076196717218573,0.0017855275817148,-0.3157268873478444,0.9076433773103912,0.006156477342108293,0.007683630979211959
2142,2023-08-04,434.2230692550645,436.32327139401457,429.9359332204392,430.4561767578125,100128900.0,-0.0045329326887305,0.0063775995978719,-0.022374800439416,-0.0119468371812379,0.0186598317565464,0.0058464561264339,0.0065749690743792,0.0059639127935753,0.0148385329760735,-0.0086750169762153,0.5577936433604405,1.4000868754151594,0.005887036154550281,0.0076104376209575894
2143,2023-08-07,432.2865513057545,434.3674956833761,431.5929031798807,434.2133483886719,58357500.0,0.0086904769234251,0.0059797471668674,-0.0155865855297396,-0.0077136127049347,0.0248223799838625,0.0080648619731906,0.0070950057905224,0.0062049757822081,0.0063899290839207,0.0044572218985239,-0.4171762598011164,0.8183416219213328,0.004692161306092324,0.007426542100099752
2144,2023-08-08,431.67967473239247,434.20380401220746,428.9725267488997,432.3251647949219,71361300.0,-0.004357998065661,0.0059471718771784,-0.0170788329780998,-0.0147979573258332,0.0141160325064198,0.0080808204664288,0.0070605569036209,0.0062030034334026,0.0121003302358983,0.0014952987140975,0.2228299704408174,0.9958764543983136,0.006680279989716292,0.007516150857544998
2145,2023-08-09,432.5948520910791,432.7586427817327,428.67381291504086,429.4349060058594,78789600.0,-0.0067078290680787,0.0070663951070966,-0.0097782674823664,-0.0216594856537247,-0.0006055704279658,0.0061068177961432,0.0072158709620672,0.0061635044817585,0.0095121048837984,-0.0073046317355491,0.1040942359514189,1.1097121290151477,0.0067862691138014675,0.007395630439811328
2146,2023-08-10,431.7855978075418,435.1671361209915,428.4233462814403,429.5890502929688,93005500.0,0.0003588823981765,0.0082058918349129,-0.0065494005008686,-0.0146485481363585,-0.0081521499451154,0.0061564773421082,0.0070707019812266,0.0058764243033109,0.0156982349409327,-0.0050871254755284,0.1804286352513529,1.2912220833122192,0.00681097169265722,0.007403817674177681
2147,2023-08-11,427.7200594884635,430.3501481391964,427.1227570858758,429.3385620117188,68690900.0,-0.0005832582042135,0.0086944902972736,-0.0025997260163516,-0.0249745264557675,-0.0081123984043687,0.0058870361545502,0.0059109910105101,0.0058763543356834,0.0075171236382734,0.0037840229546188,-0.2614318508045223,0.9544007628992646,0.006973311039045852,0.007547114797633079
2148,2023-08-14,428.4233633029166,431.7085266113281,428.1150686990038,431.7085266113281,47867400.0,0.005504857087987,0.0087688239614913,-0.0057853458517897,-0.0213719313815292,-0.0060738136998675,0.0046921613060923,0.0063055525389973,0.0059640751802808,0.0083238057411813,0.0076680302471944,-0.303147869659591,0.6673073369526766,0.007317916729402611,0.007549880522488759
2149,2023-08-15,429.9358890851779,430.2923712690211,426.1111954097984,426.67962646484375,75707500.0,-0.0117172112975075,0.0091613004964375,-0.0131445590836362,-0.0302233920617359,-0.0251941310116077,0.0066802799897162,0.0070019921904358,0.0061917945407772,0.0097993332699403,-0.0075738329899903,0.5816087775814021,1.0590812254412274,0.005900140151191258,0.007052022963475405
2150,2023-08-16,426.2653150386881,427.9223617239687,423.4425643377815,423.5485534667969,80107200.0,-0.007365286699105,0.0086447060400567,-0.0138020167146625,-0.0235802841970288,-0.0347807343305959,0.0067862691138014,0.0061010540447201,0.0062785914928419,0.0105768213573615,-0.0063734051916577,0.0581144536538651,1.1095963073848494,0.007399972640924553,0.007028686997284478
2151,2023-08-17,425.012913286652,425.273020314269,419.8009235363625,420.3211669921875,95711300.0,-0.007649053241307,0.0080333105761509,-0.021809952354146,-0.0283593528550145,-0.035773257347522,0.0068109716926572,0.0063285476562334,0.0063232686807585,0.0130188465574187,-0.0110390676325171,0.1947902310903388,1.3030652181341846,0.00957498171304069,0.007387184825577682
2152,2023-08-18,417.5080258452247,421.5543115245304,417.1612164787308,420.5234680175781,98852000.0,0.0004811852769724,0.0079936647090571,-0.0207455088729601,-0.0233452348893116,-0.0352920720705496,0.0069733110390458,0.0063775995978718,0.0063313427866279,0.0104467298020475,0.0072224771398077,0.0328143071925677,1.321026100461969,0.010045872527692934,0.007386847853226961
2153,2023-08-21,421.5350602162778,424.00135836533855,419.3867000805202,423.2595520019531,68719000.0,0.0064853013374973,0.0082441645114026,-0.0197650646234498,-0.0255504104752394,-0.0332640231801742,0.0073179167294026,0.0059797471668674,0.0064513397949972,0.0109026677909375,0.0040909806761755,-0.3048294419940922,0.9094086388990384,0.01002611356422774,0.0072989457976773255
2154,2023-08-22,425.0321640493009,425.0321640493009,421.5543094057689,422.1130676269531,64994200.0,-0.0027123780715612,0.0086035129880828,-0.0107602313975035,-0.0239047904811396,-0.038702747806973,0.0059001401511912,0.0059471718771784,0.0063706959656145,0.0082391541751689,-0.0068679424035522,-0.054203349874125,0.8545724494915761,0.011062742481585732,0.0075926451621118754
2155,2023-08-23,423.1728380844883,427.43107286328376,423.0283341735705,426.8144836425781,68441000.0,0.011076243370544,0.0080593863442852,0.0076812986721454,-0.0061207180425169,-0.0277802036962417,0.0073999726409245,0.0070663951070966,0.0069966054434726,0.0103153450935844,0.0086055749101806,0.0530324244317186,0.901440380316934,0.010526108601926792,0.0080288536633927
2156,2023-08-24,428.4137593836846,428.9243595057039,420.87033128977225,420.8992614746094,88517300.0,-0.0139559331431463,0.0062848969365043,0.0013744187703061,-0.0204355335838397,-0.0350840817201984,0.0095749817130406,0.0082058918349129,0.0074609786498293,0.0191352871176693,-0.0175402814323366,0.2933373270408088,1.168696566512442,0.005704485361367536,0.007452583726037981
2157,2023-08-25,422.6236931625658,425.1477928046301,419.0783933508206,423.8664855957031,102325100.0,0.0070249920388232,0.0062444154377979,0.0079182255321569,-0.012827283340803,-0.0378018097965706,0.0100458725276929,0.0086944902972736,0.0072626787941254,0.0143191303395444,0.0029406596299352,0.1559898460526925,1.331389781559258,0.005949918885025502,0.007326641865747265
2158,2023-08-28,426.0533657437924,427.1709115909124,423.8664616174519,426.5543518066406,61595400.0,0.0063212824592241,0.0064325387189567,0.0077542066538837,-0.0120108579695659,-0.0333827893510953,0.0100261135642277,0.0087688239614912,0.0074489557133809,0.0077468438886269,0.0011758763176852,-0.3980421226072586,0.8016726535218541,0.007159157985046552,0.007768525157134084
2159,2023-08-29,426.44841900560834,432.9995476574254,426.2653709047112,432.72015380859375,83081900.0,0.0143514273699342,0.0043406867197649,0.0248180120953791,0.0140577806978757,-0.0161656113638603,0.0110627424815857,0.0091613004964374,0.0082546860880633,0.0155624291899585,0.0147069012885774,0.3488328673894478,1.0621143044336314,0.004419929254405532,0.006812496142893544
2160,2023-08-30,433.057282576268,435.13822692888783,432.3539910652405,434.50238037109375,69053900.0,0.0041102000958155,0.0050517752314734,0.0178519688206506,0.0255332674927962,0.0019529832957673,0.0105261086019267,0.0086447060400567,0.0077057438411388,0.0064078725213643,0.0033369668470388,-0.1688454404629649,0.8970467977367897,0.0032211997216910365,0.006906938920602068
2161,2023-08-31,435.11898360214246,436.2557869248091,433.6835290574293,433.8665771484375,66084600.0,-0.0014643621948166,0.0063248658861542,0.0303435397689803,0.0317179585392866,0.003358605684272,0.0057044853613675,0.0080333105761508,0.0076836309792119,0.0059286840767634,-0.0028783080051734,-0.0429997436784888,0.8574667759618501,0.003748197446980044,0.006903564265016499
2162,2023-09-01,436.5833515582069,437.0650508527564,433.2210704898494,434.6758117675781,58944100.0,0.0018634320296438,0.0062685570560284,0.0251819797598009,0.033100205291958,0.0097549704026463,0.0059499188850255,0.007993664709057,0.0076104376209575,0.00884332704706,-0.0043692453773617,-0.1080508923410294,0.7858130482952782,0.0052803120065234065,0.006847845925159426
2163,2023-09-05,434.2326334717444,434.5505420529184,432.7297341050141,432.7971496582031,55166200.0,-0.0043313512466276,0.0061889480115318,0.0145293460539492,0.0222835527078331,-0.0032668577674063,0.0071591579850465,0.0082441645114026,0.0074265421000997,0.0042070701004899,-0.0033057944126962,-0.0640929287239944,0.7370157982342733,0.0054750061191162535,0.007266109346131897
2164,2023-09-06,431.9878663952489,432.0938555148443,427.5658709631412,429.8876647949219,70758500.0,-0.0067452117988203,0.0064839277485803,-0.0065672931148052,0.018250718980574,-0.0056540715005656,0.0044199292544055,0.0086035129880827,0.0075161508575449,0.0105329483083985,-0.0048617143297386,0.2826422700856683,0.9457084229309484,0.004642799589347056,0.007555005286269
2165,2023-09-07,426.8915375451562,429.24223247025344,426.5447281630559,428.56787109375,70355400.0,-0.0030748121150726,0.0081049365437436,-0.0137523053256933,0.0040996634949574,-0.0020210545475595,0.003221199721691,0.0080593863442852,0.0073956304398113,0.006294228963812,0.0039268371498614,-0.0056968420755103,0.9456508239635736,0.0054830388049160505,0.007564524916345896
2166,2023-09-08,428.6160459403085,430.74514868706615,428.25959315019446,429.2133483886719,61659700.0,0.00150499311968,0.0079733298707002,-0.0107829500111967,0.0195605897577837,-0.000874943826056,0.00374819744698,0.0062848969365043,0.0074038176741776,0.0057909558176669,0.0013935606331606,-0.1235967672701739,0.8466060693684873,0.008586001553190316,0.008154922447620333
2167,2023-09-11,431.8337979292306,432.3443980335229,430.1285929169173,432.0361328125,60180100.0,0.0065551146171801,0.0076858077640956,-0.0060912674236604,0.0190907123361406,0.0062634289953375,0.0052803120065234,0.0062444154377978,0.007547114797633,0.0051287495381023,0.0004685480484381,-0.0239962244383283,0.83114693805452,0.007777916924149153,0.008145830678861292
2168,2023-09-12,430.59096036501694,432.1131170199776,429.0880610953536,429.66607666015625,67565400.0,-0.0055008844185958,0.0084971881692014,-0.0072608005956286,0.0072685454583207,-0.0047423125112452,0.0054750061191162,0.0064325387189566,0.0075498805224887,0.0070404811758426,-0.0021479403656701,0.1227199688933717,0.9206225450835314,0.0074777772606105675,0.008230837102451807
2169,2023-09-13,429.8876899365114,431.3231443270165,428.78940150844926,430.1670837402344,60199300.0,0.0011653589553225,0.0084461125201589,0.0006497701585141,-0.0059175229562909,0.0081402577415847,0.004642799589347,0.0043406867197648,0.0070520229634754,0.0058901364477652,0.000649922782772,-0.1090217774186196,0.8290135532898036,0.008214538488221889,0.008299282967772685
2170,2023-09-14,432.6333966988673,434.5698078044724,431.3328027678492,433.8761596679688,83430800.0,0.0085854469413906,0.0080042642043471,0.0123100292149773,-0.0014422761107158,0.0240909913820803,0.005483038804916,0.0050517752314733,0.0070286869972844,0.0074606658247836,0.0028725544042235,0.385909802937908,1.146314681040964,0.007113163022485697,0.008055075903384806
2171,2023-09-15,432.2935859212208,432.62229333118586,428.21370176743056,428.6487426757813,111848900.0,-0.0121213450925,0.0075698693864828,-0.0013163089972026,-0.0120992590083992,0.0196186995308873,0.0085860015531903,0.0063248658861542,0.0073871848255776,0.0102848582646837,-0.0084314071828577,0.3406188122372073,1.5199207377660464,0.0070186745542737405,0.007721093080929316
2172,2023-09-18,428.3393877167999,430.1956508895868,427.86566664070887,428.900146484375,55752200.0,0.0005863311560986,0.0075148842135522,-0.0072850924582841,-0.0133763598819444,0.0197238454100135,0.0077779169241491,0.0062685570560283,0.0073868478532269,0.00543246316882,0.0013091459334715,-0.5015400240860661,0.7804753082055866,0.007976716617252116,0.008155783312876898
2173,2023-09-19,427.981617392204,428.57137880593234,425.3326034960519,428.0106201171875,66514600.0,-0.0020761244259427,0.0080767855519139,-0.003860332465631,-0.0111211330612595,0.0111624196465735,0.0074777772606105,0.0061889480115317,0.0072989457976773,0.0075670442686531,6.776628669295207e-05,0.193039915913632,0.9325771348910168,0.008723115956257833,0.008152521895196866
2174,2023-09-20,429.267438505262,429.6831540306982,423.872696066376,424.0757446289063,82562600.0,-0.0092359263619633,0.0087463072749721,-0.0142616177829168,-0.0136118476244025,0.0046388713561714,0.0082145384882218,0.0064839277485802,0.0075926451621118,0.0137014626229252,-0.0120943109368684,0.2412703376401572,1.143497015658186,0.009354581324221182,0.00842996475506476
2175,2023-09-21,421.2334205936458,421.4944451347644,416.9118372759941,417.0665283203125,104095800.0,-0.0166663328598256,0.0073774820540453,-0.039513397584133,-0.0272033683691555,-0.0231037048741981,0.0071131630224856,0.0081049365437435,0.0080288536633927,0.0109877143035818,-0.009892121730182,0.2608105849379742,1.406992996784871,0.008160758413481035,0.00782197101793198
2176,2023-09-22,418.0913196169548,419.6865285568745,415.712978065788,416.1287231445313,100829700.0,-0.0022511063767063,0.0084956785880578,-0.0296431588683393,-0.0309594678655418,-0.0113988781077581,0.0070186745542737,0.0079733298707001,0.0074525837260379,0.0095488493585828,-0.0046941813434959,-0.031375905656136,1.3516007528665137,0.008166165504164793,0.00825091522789038
2177,2023-09-25,414.9202354602061,417.9172822244127,414.4851650567311,417.8786315917969,70874500.0,0.0041963922866513,0.0086482078462157,-0.0260330977377866,-0.0333181901960706,-0.01422747785993,0.0079767166172521,0.0076858077640956,0.0073266418657472,0.0082131913627836,0.0071300357966622,-0.297087068591893,0.9705155634137632,0.007623601926123351,0.008157199189480418
2178,2023-09-26,414.8428197503268,415.54859200929735,410.90794984146544,411.7394104003906,96168400.0,-0.014800385110568,0.0069960341424849,-0.0387573584224119,-0.0426176908880428,-0.0353491454297221,0.0087231159562578,0.0084971881692013,0.007768525157134,0.0112708233669426,-0.0074809282026478,0.3568829409731284,1.286424841882955,0.007084378681386073,0.007740290322143104
2179,2023-09-27,412.9092550416893,413.4700137261174,408.2686420542666,411.9037780761719,104705800.0,0.000399123504602,0.0069987278104642,-0.0291223085558466,-0.0433839263387633,-0.0493014492950543,0.0093545813242211,0.0084461125201589,0.0068124961428935,0.0126276376879672,-0.0024351039683425,0.0887755229368483,1.3806595086007882,0.008240184287949603,0.008361083167282507
2180,2023-09-28,411.35270706101295,415.964317107926,410.762945679416,414.291748046875,92258300.0,0.0057806573502168,0.0073585535769102,-0.0066753183458042,-0.0461887159299371,-0.047630992040653,0.008160758413481,0.0080042642043471,0.006906938920602,0.0125548516305988,0.0071448198478152,-0.1188807114792113,1.1981948302511976,0.007461518417790276,0.008547509960329084
2181,2023-09-29,417.3371661441051,417.5111824781116,411.7684074215334,413.2862854003906,115111300.0,-0.0024298932561456,0.0075411368995954,-0.0068541052252435,-0.0364972640935827,-0.048596523101982,0.0081661655041647,0.0075698693864828,0.0069035642650164,0.0138953922727307,-0.0097064941067714,0.2477067103989558,1.4488688855805505,0.009607871256367136,0.008567456354811563
2182,2023-10-02,412.4548865420046,414.36915501527096,410.3666017087048,413.1219787597656,83798600.0,-0.0003976403671542,0.0080902052567991,-0.011448137879049,-0.0374812356168355,-0.05085759549878,0.0076236019261233,0.0075148842135522,0.0068478459251594,0.0096885508696056,0.0016173701404143,-0.2720210787298901,1.0385019891425158,0.009843589769991385,0.009111643271123947
2183,2023-10-03,410.94667474306095,413.1799731499237,406.2287013020404,407.5918884277344,103760600.0,-0.0134764971056019,0.0061017854224661,-0.0101242498740829,-0.0488816082964947,-0.0600027413577543,0.007084378681386,0.0080767855519139,0.0072661093461318,0.0170544901536128,-0.0081635562994252,0.2382140035752387,1.248300004120473,0.0043789443215487365,0.008797159765689722
2184,2023-10-04,408.0559666596498,411.3043900178651,406.59609392791054,410.5599670410156,87453000.0,0.0072556008137795,0.0078796360776653,-0.0032677725649054,-0.0323900811207519,-0.0460019287451545,0.0082401842879496,0.008746307274972,0.007555005286269,0.0114679863306891,0.0061364140852138,-0.1571656293429297,1.041649668726271,0.004390225349198085,0.008980810585732083
2185,2023-10-05,410.2699077129364,411.2463819980621,407.1858528256416,410.4052734375,70142700.0,-0.0003768578685652,0.0085071364655084,-0.0094252877836874,-0.0161006061294915,-0.0433039744986471,0.0074615184177902,0.0073774820540453,0.0075645249163458,0.0098939497984761,0.0003299430984792,-0.1979383211553634,0.8355731267201986,0.006517920718491971,0.00995532650170168
2186,2023-10-06,407.9592644123595,416.81512702154566,406.6347574601129,415.2779235839844,113273300.0,0.011802848187323,0.0083561390851475,0.0048074536597811,-0.0020466515654622,-0.0330061194310041,0.0096078712563671,0.0084956785880578,0.0081549224476203,0.0245145936811975,0.0179396812624587,0.6148979152499119,1.30911996174111,0.005970080880997404,0.009813663620023371
2187,2023-10-09,413.3829806224,418.5070215863633,412.8319288458573,417.9366149902344,80374400.0,0.0063817907791831,0.0078333550297605,0.0115868848061184,0.0001387469270695,-0.0331794432690011,0.0098435897699913,0.0086482078462156,0.0081458306788612,0.0135788359692739,0.0110155342171521,-0.2904382586187566,0.9181866982513824,0.007081801938349767,0.009729059437577322
2188,2023-10-10,418.5650271110164,422.70291641435927,418.16863686530417,420.1119079589844,78607300.0,0.005191341060878,0.0081243952606494,0.0302547229725983,0.0201304730985155,-0.0224872177895273,0.0043789443215487,0.0069960341424848,0.0082308371024518,0.0107930279126907,0.0036956762934656,-0.0219858561930166,0.8923713366293894,0.006824000032417166,0.009682131134030955
2189,2023-10-11,421.1753489650396,422.0841107631383,418.79700772466646,421.832763671875,62451700.0,0.0040878175661694,0.0085480831188363,0.0270869397249882,0.0238191671600829,-0.0195647591786804,0.004390225349198,0.0069987278104642,0.0082992829677726,0.0077924317918291,0.0015609049970538,-0.2055228967284209,0.7080633407491832,0.008832404731315135,0.00964155711568412
2190,2023-10-12,422.4419089154139,422.8189443567332,416.91182957643576,419.2611389160156,81154200.0,-0.006114971851094,0.008879909689625,0.0213488257424594,0.0119235379587721,-0.034265177971165,0.0065179207184919,0.0073585535769101,0.0080550759033848,0.0140893448783974,-0.0075294849593986,0.2994714315222804,0.921297089652212,0.009162143208770266,0.009707173839926314
2191,2023-10-13,420.7596904875113,421.9585387631344,415.6066757486928,417.1728820800781,95143100.0,-0.0049932478170641,0.0088810341204031,0.0045527297380723,0.0093601833978536,-0.0271370806957291,0.0059700808809974,0.0075411368995953,0.0077210930809293,0.0152259729414107,-0.008524600831599,0.1723743195053366,1.090445270319096,0.010040935032023246,0.010217027798266073
2192,2023-10-16,419.4157523775379,422.62552450947527,419.1740532020178,421.5620422363281,75433200.0,0.0104662393217099,0.0091614742619083,0.0086371782805991,0.0202240630867177,-0.0172571725301178,0.0070818019383497,0.0080902052567991,0.0081557833128768,0.008187338900694,0.0051173324955573,-0.2071605823228379,0.854906103434037,0.006102266209491398,0.009979110947339661
2193,2023-10-17,418.43931518310666,423.5923585822175,418.0912825017143,421.542724609375,75324700.0,-4.58249738731252e-05,0.0097250814425976,0.003400012245848,0.0336547352184465,-0.0152268730780483,0.0068240000324171,0.006101785422466,0.0081525218951968,0.0130498660262747,0.0074166296369888,-0.0014383587067763,0.8494357446240343,0.008716678434521934,0.010820271393685611
2194,2023-10-18,419.77352121429993,420.7306406420036,414.8428514424272,415.9256591796875,93559800.0,-0.0134145951569791,0.0101464411903089,-0.0141024004773004,0.0129845392476879,-0.0194055418730641,0.0088324047313151,0.0078796360776653,0.0084299647550647,0.0141558691310091,-0.0091665191827286,0.2420865931095643,1.048570809277383,0.008954368980085337,0.010240088769993253
2195,2023-10-19,416.64111990263626,418.4490253157197,411.59443909771255,412.2711791992188,121323000.0,-0.0088252056273527,0.0116912609110032,-0.0168126342535591,0.0045361914889004,-0.0115644146405912,0.0091621432087702,0.0085071364655083,0.0078219710179319,0.0166264016595127,-0.0104885007616114,0.296742831857272,1.3467258122058827,0.00931930613668127,0.009911232045587753
2196,2023-10-20,411.8361966032146,412.3776005627674,407.0988677006733,407.2052307128906,123919900.0,-0.0123640240535668,0.0109059527884858,-0.0241834104900618,-0.0196306807519894,-0.0216773323174517,0.0100409350320232,0.0083561390851475,0.0082509152278903,0.0129633228258209,-0.011244679143115,0.0214048449181112,1.3581470090108831,0.008752933168871163,0.009267760118840597
2197,2023-10-23,405.6776368923659,410.3569598965053,403.92773684712256,406.4994201660156,92035100.0,-0.0017348081349356,0.0107788777536034,-0.0363844579467073,-0.0277472796661081,-0.0276085327390386,0.0061022662094913,0.0078333550297605,0.0081571991894804,0.0158160694220843,0.0020257051385549,-0.257301692464245,0.9971308750863488,0.011675449114626646,0.009232218878835859
2198,2023-10-24,408.61664598235126,410.7146079399578,406.7700606245001,409.5641174316406,78564200.0,0.0075109633802089,0.0106893818119152,-0.0288276695926253,-0.0254276573467771,-0.0052971842482617,0.0087166784345219,0.0081243952606494,0.0077402903221431,0.0096310861903473,0.0023187294463042,-0.1463669839007074,0.8593792301463219,0.011422626763751576,0.009285060988436932
2199,2023-10-25,407.881928845422,407.91093157015536,403.17360349885,403.6860046386719,94223200.0,-0.0144561064300826,0.0088377564529455,-0.0298691808657288,-0.0439715813430292,-0.0201524141829463,0.0089543689800853,0.0085480831188362,0.0083610831672825,0.011735180355201,-0.0102871049438924,0.1993147005888178,1.03660926086835,0.010358005052296707,0.008282256765867108
2200,2023-10-26,402.6225823087564,403.4733388003184,397.9336114254036,398.85205078125,115156800.0,-0.0120468114515738,0.0080170626851689,-0.0330907866899499,-0.049903420943509,-0.0379798829847369,0.0093193061366812,0.0088799096896249,0.008547509960329,0.013889178616642,-0.0093649280819895,0.2221703359682116,1.2511535002985914,0.008672372219795927,0.007404632578083184
2201,2023-10-27,400.4375948467834,400.8339851009318,395.6229358498949,397.0441284179688,107367700.0,-0.0045431188643598,0.0078593284768497,-0.0252698815007429,-0.0494532919908047,-0.0400931085929511,0.0087529331688711,0.008881034120403,0.0085674563548115,0.0131246097802792,-0.0084743951928714,-0.0676390799327525,1.171454499877664,0.004747264970304338,0.0072437110392043575
2202,2023-10-30,399.8285107141757,402.8449122242464,398.53300645045545,401.7911071777344,86562700.0,0.0118848904611368,0.0080258081048388,-0.0116501829046705,-0.0480346408513778,-0.0278105777646601,0.0116754491146266,0.0091614742619083,0.0091116432711239,0.0107317103259917,0.004908595587776,-0.1937733601446245,0.9430358116919938,0.00619851793989035,0.00711248352074627
2203,2023-10-31,402.361504611754,404.63348310254605,400.4569136434261,404.314453125,79665200.0,0.006260604847404,0.009091908008415,-0.0129005414374754,-0.0417282110301006,-0.0080734758116542,0.0114226267637515,0.0097250814425976,0.0087971597656897,0.010330002864945,0.0048537161007249,-0.0796821263662062,0.8794353611940641,0.006797346642633768,0.007192920381327169
2204,2023-11-01,405.2812038082296,409.4384179741357,404.7494479004914,408.6263122558594,98068100.0,0.0106081519094685,0.0091188539387102,0.0121637169020756,-0.017705463963653,-0.0047209247159652,0.0103580050522967,0.0101464411903088,0.008980810585732,0.0114749587410521,0.0082537961696655,0.2310029975447247,1.0762815469671223,0.007523169944908013,0.007031715080408247
2205,2023-11-02,412.4161946501383,416.61211901779166,412.39686933434086,416.4574279785156,94938900.0,0.0189831662124757,0.008014512776598,0.0431936945661251,0.0101029078761753,0.0146390993650756,0.0086723722197959,0.0116912609110031,0.0099553265017016,0.0101216820742317,0.0097989200734601,-0.0319084391356618,1.0279520330412342,0.006072934354452246,0.006094941882881161
2206,2023-11-03,418.7584345746445,421.8038389898476,418.63274625361095,420.2569580078125,100167800.0,0.0090820863360139,0.0078903360972212,0.0568188997664988,0.031549018265756,0.0119183375137665,0.0047472649703043,0.0109059527884858,0.0098136636200233,0.0075456043637418,0.0035784913435596,0.0550764755016119,1.092318001615013,0.008341974803368169,0.006207588292111562
2207,2023-11-06,421.0109668724997,421.6683815579989,419.2803924905788,421.2236633300781,67831700.0,0.0022976304457419,0.0079714069893706,0.0472316397511039,0.0355814568464335,0.0078341771803253,0.0061985179398903,0.0107788777536034,0.0097290594375773,0.0056691712154567,0.0005052040785503,-0.3228193091991638,0.7447901543471108,0.00850677805137574,0.006236204019331164
2208,2023-11-07,421.2237277176419,423.0606358569916,420.0829145000172,422.4225463867188,64256100.0,0.0028421484026388,0.0082191206328302,0.0438131833063387,0.0309126418688634,0.0054849845220861,0.0067973466426337,0.0106893818119151,0.0096821311340309,0.0070491534659903,0.0028460378421049,-0.0527128171636565,0.7111330339406239,0.011507458030485154,0.006395000616338349
2209,2023-11-08,423.0219303160148,423.544008852029,420.4309219590949,422.7319030761719,61746000.0,0.0007320714065122,0.0081540998365579,0.0339371028033824,0.0461008197054582,0.0021292383624289,0.007523169944908,0.0088377564529455,0.0096415571156841,0.0073642109106989,-0.0006856080478528,-0.0390639954805847,0.6836202934675877,0.011385309626648165,0.006506816626741486
2210,2023-11-09,423.8727442351021,423.91142437106953,419.00975716373983,419.4351501464844,83174400.0,-0.0078292537263296,0.007173065610823,0.0071246828645771,0.0503183774307024,0.0004149564871933,0.0060729343544522,0.0080170626851689,0.0097071738399263,0.0116863529573471,-0.0104691659206009,0.3470411038771741,0.919835953387122,0.009230669617975262,0.006058484453315472
2211,2023-11-10,421.5040416459852,426.2896676737884,419.42540510915256,425.9802856445313,89462200.0,0.0154841418585423,0.0063561560732668,0.0135267383871055,0.0703456381536045,0.0208923461627997,0.0083419748033681,0.0078593284768497,0.010217027798266,0.0161140381279613,0.0106196941340497,0.0755977800861804,0.992491210938746,0.008265679370530925,0.005303503062111215
2212,2023-11-13,424.64619358239656,426.6764433760795,423.86309048956497,425.5743103027344,52236100.0,-0.0009534922939447,0.0062472573158036,0.0102756156474189,0.057507255398523,0.0094726145471451,0.0085067780513757,0.0080258081048388,0.0099791109473396,0.0066107206624225,0.0021856235481779,-0.4161098206840431,0.5870598043272595,0.0077061286504464775,0.005264795545772013
2213,2023-11-14,431.5007656250588,435.1165763059157,431.2783917339626,433.8307495117188,97176900.0,0.0192149048807442,0.0028688688699575,0.0266483721255243,0.0704615554318632,0.0287333444017625,0.0115074580304851,0.0090919080084149,0.0108202713936856,0.0088471934649007,0.0053997213267625,0.8603398798914927,1.0788827445307794,0.003563831693161303,0.004428839627591735
2214,2023-11-15,435.1649221132853,436.3927730128096,433.8984205823122,434.7492065429688,77327600.0,0.0021148481890942,0.0029812299995168,0.0280311489081063,0.0619682517114889,0.0442627877478358,0.0113853096266481,0.0091188539387102,0.0102400887699932,0.0057374513695652,-0.0009553057914172,-0.2042594484903305,0.8663168727645407,0.003659735831423674,0.004432249936523996
2215,2023-11-16,434.3044705903049,435.59997479434537,433.24098818272,435.2809448242188,66665800.0,0.0012223446431629,0.0032867877119815,0.0370827472775988,0.0442074301421761,0.0543103380183514,0.0092306696179752,0.008014512776598,0.0099112320455877,0.0054194575702779,0.0022483633027923,-0.1378783254620601,0.770459549654375,0.003716599572047342,0.004518797933207787
2216,2023-11-17,435.29057073108856,436.4314133493685,434.3721314970017,435.82232666015625,83133200.0,0.001242979847195,0.0040074379941934,0.0228415852662515,0.0363683236533572,0.0679173419191132,0.0082656793705309,0.0078903360972212,0.0092677601188405,0.0047250490082683,0.0012216114127502,0.2470142111847453,0.983964761379976,0.004145580185030514,0.004571249289948401
2217,2023-11-20,435.57093106914016,440.0182019431349,435.5612536604329,439.1770935058594,69936200.0,0.0076680811588641,0.0033340669786685,0.0314631587190603,0.0417387743664794,0.0773202312129129,0.0077061286504464,0.0079714069893706,0.0092322188788358,0.0101484078942348,0.0082791623120202,-0.1587452425745671,0.8387341118769477,0.0024382882491515642,0.00448902985589297
2218,2023-11-21,438.13299304399567,439.0514618608499,436.9534996970191,438.2200012207031,49244600.0,-0.002181663628767,0.003545746117516,0.0100665902095491,0.0367149623350736,0.067627604203937,0.0035638316931613,0.0082191206328302,0.0092850609884369,0.0047874632786881,0.0001985885064326,-0.2958639445666192,0.601151945638674,0.002133555674917268,0.005725434190923281
2219,2023-11-22,439.8732451207241,441.22675482120695,438.8194400859089,439.9118957519531,59394900.0,0.003853399769709,0.0041125481175018,0.0118051417901639,0.0398362906982704,0.0859371104037286,0.0036597358314236,0.0081540998365578,0.0082822567658671,0.0054722656026001,8.786765655276504e-05,0.2061200618951113,0.7408097558803549,0.0021628526465340627,0.005960651505859273
2220,2023-11-24,439.9602422808771,440.3759578384197,439.6315348978691,440.1825866699219,29737400.0,0.0006151406057212,0.0042651840349839,0.0111979377527222,0.0482806850303212,0.0985990624610236,0.0037165995720473,0.007173065610823,0.0074046325780831,0.0016911685357259,0.0005053738217164,-0.4993273833275248,0.3917729705054398,0.003207068943924172,0.005950416099688108
2221,2023-11-27,439.55417048077294,440.36627627306393,439.00308920962266,439.3898315429688,50506000.0,-0.0018025925442835,0.0042182731370584,0.0081523653612437,0.0309939506274954,0.1013395887810999,0.0041455801850305,0.0063561560732667,0.0072437110392043,0.0031024547351364,-0.0003738764157882,0.69839999461957,0.6912797818936051,0.0043215374956451095,0.005890362525572775
2222,2023-11-28,439.00310690168646,441.1203943936042,438.4423777026132,439.8248901367188,62115000.0,0.0009896527401799,0.0043071580003615,0.0014739369425595,0.03293709566162,0.090444351060143,0.0024382882491515,0.0062472573158036,0.0071124835207462,0.0060888247824231,0.0018719303397011,0.2298538787470796,0.8646393010613077,0.004352681067116264,0.005882321270773717
2223,2023-11-29,441.9711751961111,443.10234049536746,439.1191421839662,439.5155029296875,63146000.0,-0.0007036802181209,0.0055361399034765,0.0029519203532056,0.0130185105627549,0.0834800659946181,0.0021335556749172,0.0028688688699575,0.0071929203813271,0.0090627026460964,-0.0055561819508568,0.0165982451903727,0.8892143993701457,0.004854255183905937,0.005856044358659604
2224,2023-11-30,440.3566875915756,441.5941865135412,438.2877279462496,441.2461242675781,79752700.0,0.0039298341610287,0.0055336972557124,0.0030283547445253,0.0148334965346894,0.0768017482461783,0.002162852646534,0.0029812299995167,0.0070317150804082,0.0074934563397694,0.0020198096249362,0.262988946251544,1.137739982788253,0.0057751847483111535,0.005970776495323356
2225,2023-12-01,440.6369649429203,444.388141230824,440.0472330596215,443.8564147949219,89183400.0,0.0058982953494792,0.005662576933519,0.0083115094882833,0.0195094472410057,0.0637168773831818,0.0032070689439241,0.0032867877119814,0.0060949418828811,0.0097799829550918,0.0073063544553476,0.1182492881118757,1.2775216051637523,0.005456244713550149,0.006150820653265113
2226,2023-12-04,440.4726537072012,443.8757680204174,439.2544802266773,441.5264587402344,72430900.0,-0.0052631725840563,0.0049867100049135,0.0048509294485105,0.0130032948097544,0.0493716184631116,0.0043215374956451,0.0040074379941933,0.0062075882921115,0.0104666157650565,0.0023924414470772,-0.1878432533408683,1.058577576162234,0.004499153932089224,0.006356360900997284
2227,2023-12-05,440.143918442316,442.3965419933345,439.7668535301099,441.4394226074219,69793500.0,-0.0001971449518787,0.0048343051376751,0.0036641317564519,0.0051380686990116,0.046876843065491,0.0043526810671162,0.0033340669786684,0.0062362040193311,0.0059570766192379,0.0029433649104835,-0.0364126360434565,1.0185717666328158,0.004336878590706278,0.006434776324363164
2228,2023-12-06,443.5760992801804,443.60510200805135,439.2255130737281,439.66058349609375,69124700.0,-0.0040377744088039,0.0071850652743483,0.0003300375657689,0.0032819579189747,0.0399969202540483,0.0048542551839059,0.003545746117516,0.0063950006163383,0.0099612953690267,-0.0088271568067815,-0.0095825542493211,1.0052399952737154,0.004124397955239038,0.006308477554575106
2229,2023-12-07,441.7391409339485,443.6630571746833,441.1397316230239,443.0153198242188,66995400.0,0.0076013233590679,0.0073283560845508,0.0040015267638081,0.0070298815083336,0.046866172206604,0.0057751847483111,0.0041125481175018,0.0065068166267414,0.0056957975012253,0.0028889875766321,-0.0308037503236904,0.9705702180072115,0.004373479928202997,0.0067889833159662655
2230,2023-12-08,442.2709087807209,445.4516788944759,442.02920955180366,444.9199523925781,83194400.0,0.0042900322784445,0.0073370200366219,0.0023932636927734,0.0107047731810569,0.0589854582113781,0.0054562447135501,0.0042651840349838,0.0060584844533154,0.007692326056109,0.0059896401939713,0.2417927200972007,1.2052295707623495,0.0055709351455949935,0.006808148009058754
2231,2023-12-11,444.4268307846884,446.8244975103325,444.2141343049595,446.65045166015625,65002200.0,0.0038819176429071,0.0073407640643718,0.0115383539197368,0.0163892833682475,0.0473832339957429,0.0044991539320892,0.0042182731370583,0.0053035030621112,0.0058443088900291,0.0050033452560499,-0.2186709682382468,0.9586660068318128,0.005558106841226127,0.006849458398564894
2232,2023-12-12,446.3024099023236,448.7870847504341,445.30661038207074,448.6903991699219,68327600.0,0.0045568143970134,0.0073407389440062,0.0162923132686289,0.019956445025081,0.052893540686701,0.0043368785907062,0.0043071580003614,0.005264795545772,0.0077569619826994,0.005350608050987,0.0511582684893741,0.9958924007811172,0.005563207629360632,0.00683299668902972
2233,2023-12-13,449.0674408996175,455.1292757819329,448.709730800554,454.8778991699219,93278000.0,0.0136959137034787,0.0063322149484688,0.0340260013809115,0.0343560389466806,0.0473745495094355,0.004124397955239,0.0055361399034765,0.0044288396275917,0.014112677254915,0.0129389435552581,0.36515844256201,1.3634249184839904,0.008303815434120307,0.006201414154015289
2234,2023-12-14,456.81145899765846,458.0006296077065,453.6693695971455,456.3377380371094,119026000.0,0.0032041594910104,0.0064651237328888,0.029628837512854,0.0336303642766623,0.0484638608113517,0.0043734799282029,0.0055336972557124,0.0044322499365239,0.0094913474156038,-0.0010370163690475,0.2760350779390639,1.688326545213615,0.00933605462863291,0.006254894603223137
2235,2023-12-15,455.7417134699126,456.9163018501235,453.7420397034311,455.5863952636719,141553700.0,-0.0016478189709235,0.0067669091627617,0.023690986263486,0.0260842499562596,0.0455936971972653,0.0055709351455949,0.005662576933519,0.0045187979332077,0.0069674208441963,-0.0003408031383789,0.1892670508964427,1.9066065996900208,0.00920921157492597,0.006386452070433365
2236,2023-12-18,457.1881393985243,459.12957270241793,456.1300618027728,458.1491394042969,70375300.0,0.0056093930096377,0.0070576779361133,0.0254184616302166,0.0369568155499536,0.049960110359708,0.0055581068412261,0.0049867100049135,0.0045712492899484,0.0065470185179114,0.0021019793012059,-0.5028367326322095,0.956109561605086,0.009086432356479504,0.006566674892631965
2237,2023-12-19,458.6927056575324,461.012732509764,458.6150613654376,460.93505859375,55761800.0,0.0060623993493029,0.0066730476936529,0.0269240465825061,0.0432163598511352,0.0483544285501468,0.0055632076293606,0.004834305137675,0.0044890298558929,0.0052017547800364,0.0048885733489117,-0.2076509798182032,0.7649377359273525,0.008751612643086838,0.006988744673175936
2238,2023-12-20,460.0808267995912,461.9640193545055,454.1206423401612,454.5477600097656,102921000.0,-0.0139541717175541,0.005094935772522,-0.0007260388385266,0.033299962542385,0.0365819204613597,0.0083038154341203,0.0071850652743483,0.0057254341909232,0.0172553419120925,-0.0120262929196911,0.8457259270683515,1.3617312129854866,0.003555950965558759,0.006067022942020415
2239,2023-12-21,457.5278204873464,459.1295265010188,455.1107457468796,458.8577270507813,86667500.0,0.0094372085333141,0.0061818374123783,0.005507010203777,0.0351358477166312,0.0421657292249647,0.0093360546286329,0.0073283560845508,0.0059606515058592,0.0087582283510165,0.0029067228349487,-0.157922095587878,1.1263619778509546,0.002623583416144827,0.005792411136068087
2240,2023-12-22,459.9838104781131,461.4593188510491,457.887088433067,459.7799682617188,67160400.0,0.0020078460212852,0.0061805696447332,0.0091626751959857,0.0328536614594719,0.0435584346405288,0.0092092115749259,0.0073370200366219,0.0059504160996881,0.007769434652596,-0.0004431508495536,-0.2250797588484726,0.8521187541453472,0.0038783353238544455,0.005789889687712699
2241,2023-12-26,460.1876248035588,462.6241033206968,460.1099508863103,461.7213439941406,55387000.0,0.0042135124037603,0.0063025775917324,0.0077667945901083,0.0331852562203251,0.0495745395885726,0.0090864323564795,0.0073407640643717,0.0058903625255727,0.0054451726503213,0.0033328127657421,-0.1753027081434893,0.7005707386779568,0.004133448488733835,0.005828984303473602
2242,2023-12-27,461.51747852635486,462.7017539013479,460.98359627385656,462.55615234375,68000300.0,0.0018064024709496,0.006278601650796,0.003510797711755,0.0304348442942613,0.0503912893193423,0.0087516126430868,0.0073407389440061,0.0058823212707737,0.0037144844334801,0.0022505622554354,0.2277303338328489,0.8569224346218324,0.003208478641189703,0.005855052668072076
2243,2023-12-28,462.91536504878167,463.5657286208665,462.3135254600746,462.7309265136719,77158100.0,0.0003777728577302,0.0062816804826779,0.0178427422870393,0.0171167034485128,0.0514727423951934,0.0035559509655587,0.0063322149484687,0.0058560443586596,0.0027061151287775,-0.0003984281988357,0.1346729352664619,0.9638173001595972,0.0035519321076099863,0.006042064950983219
2244,2023-12-29,462.5367348441508,463.060930093317,459.44014657654174,461.3912963867188,122283100.0,-0.002899250839615,0.0063262479318993,0.0055062829141102,0.0110132931178874,0.0446436573945497,0.0026235834161448,0.0064651237328888,0.0059707764953233,0.0078475332004105,-0.0024764269973453,0.5848381440185801,1.487968996321118,0.008824705802767296,0.005978858368644965
